time,open,high,low,close
2024-01-01T00:00:00Z,122.94,123.44,122.44,122.94
2024-01-01T01:00:00Z,122.94,125.07,122.17,124.30
2024-01-01T02:00:00Z,124.30,126.33,123.46,125.49
2024-01-01T03:00:00Z,125.49,127.11,124.84,126.46
2024-01-01T04:00:00Z,126.46,127.84,125.80,127.18
2024-01-01T05:00:00Z,127.18,128.49,126.34,127.65
2024-01-01T06:00:00Z,127.65,128.65,126.88,127.88
2024-01-01T07:00:00Z,127.88,128.40,127.37,127.90
2024-01-01T08:00:00Z,127.90,128.67,126.98,127.76
2024-01-01T09:00:00Z,127.76,128.60,126.69,127.53
2024-01-01T10:00:00Z,127.53,128.17,126.62,127.26
2024-01-01T11:00:00Z,127.26,127.92,126.38,127.04
2024-01-01T12:00:00Z,127.04,127.88,126.05,126.89
2024-01-01T13:00:00Z,126.89,127.66,126.09,126.86
2024-01-01T14:00:00Z,126.86,127.46,126.35,126.95
2024-01-01T15:00:00Z,126.95,127.93,126.17,127.15
2024-01-01T16:00:00Z,127.15,128.27,126.31,127.43
2024-01-01T17:00:00Z,127.43,128.37,126.79,127.73
2024-01-01T18:00:00Z,127.73,128.66,127.07,128.00
2024-01-01T19:00:00Z,128.00,129.02,127.15,128.17
2024-01-01T20:00:00Z,128.17,128.96,127.41,128.19
2024-01-01T21:00:00Z,128.19,128.71,127.51,128.03
2024-01-01T22:00:00Z,128.03,128.81,126.85,127.64
2024-01-01T23:00:00Z,127.64,128.47,126.19,127.03
2024-01-02T00:00:00Z,127.03,127.66,125.58,126.22
2024-01-02T01:00:00Z,126.22,126.89,124.56,125.23
2024-01-02T02:00:00Z,125.23,126.08,123.28,124.12
2024-01-02T03:00:00Z,124.12,124.88,122.19,122.95
2024-01-02T04:00:00Z,122.95,123.47,121.23,121.75
2024-01-02T05:00:00Z,121.75,122.54,119.80,120.59
2024-01-02T06:00:00Z,120.59,121.42,118.65,119.48
2024-01-02T07:00:00Z,119.48,120.11,117.83,118.46
2024-01-02T08:00:00Z,118.46,119.14,116.85,117.52
2024-01-02T09:00:00Z,117.52,118.37,115.81,116.65
2024-01-02T10:00:00Z,116.65,117.41,115.07,115.83
2024-01-02T11:00:00Z,115.83,116.36,114.49,115.02
2024-01-02T12:00:00Z,115.02,115.81,113.41,114.20
2024-01-02T13:00:00Z,114.20,115.03,112.52,113.35
2024-01-02T14:00:00Z,113.35,113.97,111.85,112.47
2024-01-02T15:00:00Z,112.47,113.15,110.88,111.56
2024-01-02T16:00:00Z,111.56,112.41,109.81,110.66
2024-01-02T17:00:00Z,110.66,111.41,109.06,109.81
2024-01-02T18:00:00Z,109.81,110.35,108.54,109.07
2024-01-02T19:00:00Z,109.07,109.87,107.71,108.50
2024-01-02T20:00:00Z,108.50,109.33,107.34,108.17
2024-01-02T21:00:00Z,108.17,108.79,107.51,108.12
2024-01-02T22:00:00Z,108.12,109.09,107.44,108.40
2024-01-02T23:00:00Z,108.40,109.86,107.55,109.01
2024-01-03T00:00:00Z,109.01,110.70,108.27,109.95
2024-01-03T01:00:00Z,109.95,111.73,109.41,111.19
2024-01-03T02:00:00Z,111.19,113.45,110.39,112.66
2024-01-03T03:00:00Z,112.66,115.11,111.83,114.28
2024-01-03T04:00:00Z,114.28,116.60,113.67,115.99
2024-01-03T05:00:00Z,115.99,118.38,115.30,117.68
2024-01-03T06:00:00Z,117.68,120.14,116.84,119.29
2024-01-03T07:00:00Z,119.29,121.49,118.55,120.75
2024-01-03T08:00:00Z,120.75,122.56,120.21,122.01
2024-01-03T09:00:00Z,122.01,123.86,121.21,123.06
2024-01-03T10:00:00Z,123.06,124.71,122.23,123.88
2024-01-03T11:00:00Z,123.88,125.11,123.28,124.51
2024-01-03T12:00:00Z,124.51,125.66,123.81,124.96
2024-01-03T13:00:00Z,124.96,126.15,124.11,125.30
2024-01-03T14:00:00Z,125.30,126.29,124.56,125.55
2024-01-03T15:00:00Z,125.55,126.31,125.00,125.76
2024-01-03T16:00:00Z,125.76,126.75,124.95,125.94
2024-01-03T17:00:00Z,125.94,126.95,125.12,126.12
2024-01-03T18:00:00Z,126.12,126.89,125.52,126.29
2024-01-03T19:00:00Z,126.29,127.13,125.59,126.43
2024-01-03T20:00:00Z,126.43,127.35,125.58,126.50
2024-01-03T21:00:00Z,126.50,127.24,125.75,126.48
2024-01-03T22:00:00Z,126.48,127.04,125.78,126.34
2024-01-03T23:00:00Z,126.34,127.15,125.24,126.05
2024-01-04T00:00:00Z,126.05,126.87,124.78,125.60
2024-01-04T01:00:00Z,125.60,126.19,124.41,125.00
2024-01-04T02:00:00Z,125.00,125.71,123.57,124.28
2024-01-04T03:00:00Z,124.28,125.13,122.63,123.48
2024-01-04T04:00:00Z,123.48,124.21,121.92,122.65
2024-01-04T05:00:00Z,122.65,123.21,121.30,121.86
2024-01-04T06:00:00Z,121.86,122.67,120.36,121.17
2024-01-04T07:00:00Z,121.17,121.99,119.81,120.63
2024-01-04T08:00:00Z,120.63,121.22,119.69,120.28
2024-01-04T09:00:00Z,120.28,120.99,119.43,120.14
2024-01-04T10:00:00Z,120.14,121.06,119.29,120.21
2024-01-04T11:00:00Z,120.21,121.19,119.49,120.46
2024-01-04T12:00:00Z,120.46,121.42,119.89,120.85
2024-01-04T13:00:00Z,120.85,122.13,120.04,121.32
2024-01-04T14:00:00Z,121.32,122.62,120.50,121.80
2024-01-04T15:00:00Z,121.80,122.81,121.22,122.23
2024-01-04T16:00:00Z,122.23,123.27,121.52,122.55
2024-01-04T17:00:00Z,122.55,123.58,121.70,122.73
2024-01-04T18:00:00Z,122.73,123.46,122.01,122.74
2024-01-04T19:00:00Z,122.74,123.31,122.01,122.58
2024-01-04T20:00:00Z,122.58,123.40,121.48,122.29
2024-01-04T21:00:00Z,122.29,123.11,121.09,121.91
2024-01-04T22:00:00Z,121.91,122.48,120.91,121.48
2024-01-04T23:00:00Z,121.48,122.20,120.37,121.09
2024-01-05T00:00:00Z,121.09,121.94,119.93,120.78
2024-01-05T01:00:00Z,120.78,121.49,119.89,120.61
2024-01-05T02:00:00Z,120.61,121.19,120.02,120.61
2024-01-05T03:00:00Z,120.61,121.61,119.79,120.80
2024-01-05T04:00:00Z,120.80,121.99,119.98,121.17
2024-01-05T05:00:00Z,121.17,122.29,120.60,121.72
2024-01-05T06:00:00Z,121.72,123.11,120.99,122.39
2024-01-05T07:00:00Z,122.39,123.99,121.54,123.14
2024-01-05T08:00:00Z,123.14,124.64,122.43,123.93
2024-01-05T09:00:00Z,123.93,125.30,123.34,124.72
2024-01-05T10:00:00Z,124.72,126.28,123.90,125.46
2024-01-05T11:00:00Z,125.46,126.96,124.65,126.15
2024-01-05T12:00:00Z,126.15,127.35,125.59,126.79
2024-01-05T13:00:00Z,126.79,128.10,126.06,127.37
2024-01-05T14:00:00Z,127.37,128.79,126.53,127.94
2024-01-05T15:00:00Z,127.94,129.23,127.24,128.52
2024-01-05T16:00:00Z,128.52,129.74,127.93,129.15
2024-01-05T17:00:00Z,129.15,130.66,128.32,129.84
2024-01-05T18:00:00Z,129.84,131.42,129.03,130.61
2024-01-05T19:00:00Z,130.61,132.02,130.05,131.46
2024-01-05T20:00:00Z,131.46,133.09,130.72,132.36
2024-01-05T21:00:00Z,132.36,134.11,131.51,133.26
2024-01-05T22:00:00Z,133.26,134.82,132.56,134.12
2024-01-05T23:00:00Z,134.12,135.46,133.52,134.86
2024-01-06T00:00:00Z,134.86,136.24,134.04,135.42
2024-01-06T01:00:00Z,135.42,136.53,134.62,135.73
2024-01-06T02:00:00Z,135.73,136.28,135.17,135.73
2024-01-06T03:00:00Z,135.73,136.47,134.66,135.40
2024-01-06T04:00:00Z,135.40,136.25,133.88,134.73
2024-01-06T05:00:00Z,134.73,135.42,133.04,133.73
2024-01-06T06:00:00Z,133.73,134.34,131.85,132.46
2024-01-06T07:00:00Z,132.46,133.29,130.14,130.96
2024-01-06T08:00:00Z,130.96,131.77,128.53,129.33
2024-01-06T09:00:00Z,129.33,129.88,127.08,127.63
2024-01-06T10:00:00Z,127.63,128.37,125.21,125.95
2024-01-06T11:00:00Z,125.95,126.80,123.51,124.36
2024-01-06T12:00:00Z,124.36,125.05,122.21,122.91
2024-01-06T13:00:00Z,122.91,123.52,121.02,121.63
2024-01-06T14:00:00Z,121.63,122.46,119.72,120.55
2024-01-06T15:00:00Z,120.55,121.35,118.84,119.64
2024-01-06T16:00:00Z,119.64,120.18,118.35,118.89
2024-01-06T17:00:00Z,118.89,119.64,117.52,118.27
2024-01-06T18:00:00Z,118.27,119.12,116.89,117.73
2024-01-06T19:00:00Z,117.73,118.42,116.57,117.25
2024-01-06T20:00:00Z,117.25,117.87,116.19,116.80
2024-01-06T21:00:00Z,116.80,117.63,115.54,116.37
2024-01-06T22:00:00Z,116.37,117.17,115.18,115.97
2024-01-06T23:00:00Z,115.97,116.51,115.08,115.62
2024-01-07T00:00:00Z,115.62,116.37,114.60,115.35
2024-01-07T01:00:00Z,115.35,116.19,114.34,115.19
2024-01-07T02:00:00Z,115.19,115.87,114.51,115.19
2024-01-07T03:00:00Z,115.19,116.00,114.57,115.37
2024-01-07T04:00:00Z,115.37,116.60,114.54,115.77
2024-01-07T05:00:00Z,115.77,117.16,114.97,116.37
2024-01-07T06:00:00Z,116.37,117.69,115.84,117.16
2024-01-07T07:00:00Z,117.16,118.86,116.40,118.10
2024-01-07T08:00:00Z,118.10,120.00,117.25,119.15
2024-01-07T09:00:00Z,119.15,120.92,118.47,120.24
2024-01-07T10:00:00Z,120.24,121.94,119.61,121.31
2024-01-07T11:00:00Z,121.31,123.13,120.48,122.30
2024-01-07T12:00:00Z,122.30,123.94,121.51,123.15
2024-01-07T13:00:00Z,123.15,124.37,122.63,123.85
2024-01-07T14:00:00Z,123.85,125.13,123.09,124.37
2024-01-07T15:00:00Z,124.37,125.59,123.53,124.74
2024-01-07T16:00:00Z,124.74,125.66,124.07,124.99
2024-01-07T17:00:00Z,124.99,125.79,124.36,125.16
2024-01-07T18:00:00Z,125.16,126.16,124.33,125.32
2024-01-07T19:00:00Z,125.32,126.33,124.54,125.54
2024-01-07T20:00:00Z,125.54,126.39,125.02,125.87
2024-01-07T21:00:00Z,125.87,127.12,125.11,126.36
2024-01-07T22:00:00Z,126.36,127.87,125.51,127.03
2024-01-07T23:00:00Z,127.03,128.55,126.36,127.88
2024-01-08T00:00:00Z,127.88,129.55,127.25,128.91
2024-01-08T01:00:00Z,128.91,130.91,128.07,130.07
2024-01-08T02:00:00Z,130.07,132.09,129.29,131.31
2024-01-08T03:00:00Z,131.31,133.07,130.79,132.55
2024-01-08T04:00:00Z,132.55,134.51,131.79,133.75
2024-01-08T05:00:00Z,133.75,135.67,132.90,134.83
2024-01-08T06:00:00Z,134.83,136.41,134.16,135.75
2024-01-08T07:00:00Z,135.75,137.12,135.10,136.47
2024-01-08T08:00:00Z,136.47,137.84,135.64,137.00
2024-01-08T09:00:00Z,137.00,138.11,136.22,137.33
2024-01-08T10:00:00Z,137.33,138.00,136.82,137.49
2024-01-08T11:00:00Z,137.49,138.28,136.72,137.51
2024-01-08T12:00:00Z,137.51,138.35,136.59,137.43
2024-01-08T13:00:00Z,137.43,138.09,136.64,137.29
2024-01-08T14:00:00Z,137.29,137.94,136.47,137.12
2024-01-08T15:00:00Z,137.12,137.96,136.08,136.92
2024-01-08T16:00:00Z,136.92,137.70,135.94,136.71
2024-01-08T17:00:00Z,136.71,137.21,135.97,136.47
2024-01-08T18:00:00Z,136.47,137.24,135.39,136.16
2024-01-08T19:00:00Z,136.16,137.00,134.92,135.76
2024-01-08T20:00:00Z,135.76,136.41,134.58,135.23
2024-01-08T21:00:00Z,135.23,135.88,133.88,134.53
2024-01-08T22:00:00Z,134.53,135.38,132.81,133.66
2024-01-08T23:00:00Z,133.66,134.43,131.82,132.59
2024-01-09T00:00:00Z,132.59,133.10,130.86,131.36
2024-01-09T01:00:00Z,131.36,132.14,129.23,130.01
2024-01-09T02:00:00Z,130.01,130.85,127.74,128.58
2024-01-09T03:00:00Z,128.58,129.23,126.51,127.16
2024-01-09T04:00:00Z,127.16,127.81,125.15,125.81
2024-01-09T05:00:00Z,125.81,126.65,123.78,124.62
2024-01-09T06:00:00Z,124.62,125.39,122.89,123.66
2024-01-09T07:00:00Z,123.66,124.17,122.47,122.98
2024-01-09T08:00:00Z,122.98,123.76,121.82,122.60
2024-01-09T09:00:00Z,122.60,123.44,121.71,122.55
2024-01-09T10:00:00Z,122.55,123.42,121.91,122.78
2024-01-09T11:00:00Z,122.78,123.94,122.12,123.28
2024-01-09T12:00:00Z,123.28,124.81,122.43,123.96
2024-01-09T13:00:00Z,123.96,125.54,123.20,124.78
2024-01-09T14:00:00Z,124.78,126.16,124.26,125.65
2024-01-09T15:00:00Z,125.65,127.29,124.86,126.51
2024-01-09T16:00:00Z,126.51,128.14,125.67,127.30
2024-01-09T17:00:00Z,127.30,128.64,126.67,128.00
2024-01-09T18:00:00Z,128.00,129.26,127.34,128.59
2024-01-09T19:00:00Z,128.59,129.91,127.74,129.06
2024-01-09T20:00:00Z,129.06,130.21,128.30,129.45
2024-01-09T21:00:00Z,129.45,130.29,128.93,129.77
2024-01-09T22:00:00Z,129.77,130.86,128.98,130.07
2024-01-09T23:00:00Z,130.07,131.21,129.23,130.38
2024-01-10T00:00:00Z,130.38,131.35,129.75,130.72
2024-01-10T01:00:00Z,130.72,131.78,130.04,131.11
2024-01-10T02:00:00Z,131.11,132.39,130.26,131.54
2024-01-10T03:00:00Z,131.54,132.76,130.79,132.00
2024-01-10T04:00:00Z,132.00,132.98,131.47,132.45
2024-01-10T05:00:00Z,132.45,133.65,131.66,132.86
2024-01-10T06:00:00Z,132.86,134.00,132.02,133.17
2024-01-10T07:00:00Z,133.17,133.97,132.54,133.35
2024-01-10T08:00:00Z,133.35,134.05,132.67,133.37
2024-01-10T09:00:00Z,133.37,134.22,132.37,133.22
2024-01-10T10:00:00Z,133.22,133.97,132.14,132.90
2024-01-10T11:00:00Z,132.90,133.43,131.90,132.43
2024-01-10T12:00:00Z,132.43,133.23,131.08,131.87
2024-01-10T13:00:00Z,131.87,132.70,130.43,131.26
2024-01-10T14:00:00Z,131.26,131.88,130.05,130.67
2024-01-10T15:00:00Z,130.67,131.35,129.47,130.15
2024-01-10T16:00:00Z,130.15,131.00,128.92,129.77
2024-01-10T17:00:00Z,129.77,130.52,128.80,129.55
2024-01-10T18:00:00Z,129.55,130.09,128.98,129.51
2024-01-10T19:00:00Z,129.51,130.45,128.72,129.66
2024-01-10T20:00:00Z,129.66,130.77,128.83,129.95
2024-01-10T21:00:00Z,129.95,130.95,129.33,130.33
2024-01-10T22:00:00Z,130.33,131.45,129.65,130.76
2024-01-10T23:00:00Z,130.76,132.01,129.91,131.16
2024-01-11T00:00:00Z,131.16,132.21,130.42,131.47
2024-01-11T01:00:00Z,131.47,132.17,130.92,131.63
2024-01-11T02:00:00Z,131.63,132.43,130.79,131.59
2024-01-11T03:00:00Z,131.59,132.42,130.52,131.35
2024-01-11T04:00:00Z,131.35,131.96,130.30,130.91
2024-01-11T05:00:00Z,130.91,131.60,129.59,130.29
2024-01-11T06:00:00Z,130.29,131.14,128.69,129.53
2024-01-11T07:00:00Z,129.53,130.27,127.97,128.71
2024-01-11T08:00:00Z,128.71,129.26,127.32,127.87
2024-01-11T09:00:00Z,127.87,128.67,126.27,127.08
2024-01-11T10:00:00Z,127.08,127.90,125.56,126.39
2024-01-11T11:00:00Z,126.39,126.99,125.23,125.84
2024-01-11T12:00:00Z,125.84,126.54,124.74,125.44
2024-01-11T13:00:00Z,125.44,126.29,124.36,125.21
2024-01-11T14:00:00Z,125.21,125.95,124.39,125.13
2024-01-11T15:00:00Z,125.13,125.72,124.57,125.16
2024-01-11T16:00:00Z,125.16,126.09,124.35,125.28
2024-01-11T17:00:00Z,125.28,126.28,124.46,125.46
2024-01-11T18:00:00Z,125.46,126.26,124.86,125.66
2024-01-11T19:00:00Z,125.66,126.59,124.96,125.89
2024-01-11T20:00:00Z,125.89,126.97,125.04,126.12
2024-01-11T21:00:00Z,126.12,127.12,125.39,126.39
2024-01-11T22:00:00Z,126.39,127.28,125.83,126.72
2024-01-11T23:00:00Z,126.72,127.96,125.91,127.15
2024-01-12T00:00:00Z,127.15,128.54,126.33,127.72
2024-01-12T01:00:00Z,127.72,129.07,127.13,128.48
2024-01-12T02:00:00Z,128.48,130.16,127.77,129.46
2024-01-12T03:00:00Z,129.46,131.51,128.61,130.66
2024-01-12T04:00:00Z,130.66,132.80,129.93,132.08
2024-01-12T05:00:00Z,132.08,134.26,131.51,133.69
2024-01-12T06:00:00Z,133.69,136.25,132.88,135.44
2024-01-12T07:00:00Z,135.44,138.08,134.62,137.26
2024-01-12T08:00:00Z,137.26,139.65,136.67,139.07
2024-01-12T09:00:00Z,139.07,141.50,138.35,140.78
2024-01-12T10:00:00Z,140.78,143.17,139.93,142.32
2024-01-12T11:00:00Z,142.32,144.35,141.60,143.62
2024-01-12T12:00:00Z,143.62,145.21,143.05,144.63
2024-01-12T13:00:00Z,144.63,146.14,143.82,145.33
2024-01-12T14:00:00Z,145.33,146.52,144.51,145.70
2024-01-12T15:00:00Z,145.70,146.37,145.13,145.79
2024-01-12T16:00:00Z,145.79,146.51,144.90,145.62
2024-01-12T17:00:00Z,145.62,146.47,144.41,145.26
2024-01-12T18:00:00Z,145.26,145.97,144.05,144.76
2024-01-12T19:00:00Z,144.76,145.34,143.62,144.20
2024-01-12T20:00:00Z,144.20,145.02,142.80,143.61
2024-01-12T21:00:00Z,143.61,144.43,142.24,143.05
2024-01-12T22:00:00Z,143.05,143.62,141.95,142.52
2024-01-12T23:00:00Z,142.52,143.24,141.31,142.04
2024-01-13T00:00:00Z,142.04,142.89,140.72,141.57
2024-01-13T01:00:00Z,141.57,142.29,140.40,141.11
2024-01-13T02:00:00Z,141.11,141.70,140.03,140.61
2024-01-13T03:00:00Z,140.61,141.43,139.23,140.05
2024-01-13T04:00:00Z,140.05,140.86,138.58,139.39
2024-01-13T05:00:00Z,139.39,139.96,138.06,138.63
2024-01-13T06:00:00Z,138.63,139.35,137.03,137.76
2024-01-13T07:00:00Z,137.76,138.61,135.95,136.80
2024-01-13T08:00:00Z,136.80,137.51,135.08,135.79
2024-01-13T09:00:00Z,135.79,136.38,134.18,134.77
2024-01-13T10:00:00Z,134.77,135.60,132.98,133.80
2024-01-13T11:00:00Z,133.80,134.61,132.11,132.92
2024-01-13T12:00:00Z,132.92,133.48,131.61,132.17
2024-01-13T13:00:00Z,132.17,132.91,130.86,131.59
2024-01-13T14:00:00Z,131.59,132.44,130.32,131.17
2024-01-13T15:00:00Z,131.17,131.87,130.21,130.91
2024-01-13T16:00:00Z,130.91,131.51,130.18,130.78
2024-01-13T17:00:00Z,130.78,131.60,129.91,130.73
2024-01-13T18:00:00Z,130.73,131.54,129.90,130.71
2024-01-13T19:00:00Z,130.71,131.26,130.10,130.66
2024-01-13T20:00:00Z,130.66,131.39,129.78,130.52
2024-01-13T21:00:00Z,130.52,131.37,129.41,130.26
2024-01-13T22:00:00Z,130.26,130.96,129.15,129.85
2024-01-13T23:00:00Z,129.85,130.45,128.69,129.30
2024-01-14T00:00:00Z,129.30,130.12,127.79,128.62
2024-01-14T01:00:00Z,128.62,129.42,127.06,127.86
2024-01-14T02:00:00Z,127.86,128.41,126.54,127.09
2024-01-14T03:00:00Z,127.09,127.83,125.62,126.36
2024-01-14T04:00:00Z,126.36,127.21,124.91,125.76
2024-01-14T05:00:00Z,125.76,126.45,124.65,125.34
2024-01-14T06:00:00Z,125.34,125.95,124.56,125.16
2024-01-14T07:00:00Z,125.16,126.08,124.34,125.26
2024-01-14T08:00:00Z,125.26,126.43,124.46,125.63
2024-01-14T09:00:00Z,125.63,126.81,125.08,126.26
2024-01-14T10:00:00Z,126.26,127.88,125.52,127.13
2024-01-14T11:00:00Z,127.13,129.03,126.28,128.18
2024-01-14T12:00:00Z,128.18,130.04,127.49,129.36
2024-01-14T13:00:00Z,129.36,131.21,128.74,130.59
2024-01-14T14:00:00Z,130.59,132.66,129.76,131.83
2024-01-14T15:00:00Z,131.83,133.83,131.04,133.04
2024-01-14T16:00:00Z,133.04,134.71,132.50,134.18
2024-01-14T17:00:00Z,134.18,135.98,133.43,135.23
2024-01-14T18:00:00Z,135.23,137.06,134.38,136.21
2024-01-14T19:00:00Z,136.21,137.82,135.53,137.13
2024-01-14T20:00:00Z,137.13,138.64,136.51,138.02
2024-01-14T21:00:00Z,138.02,139.72,137.19,138.89
2024-01-14T22:00:00Z,138.89,140.56,138.10,139.77
2024-01-14T23:00:00Z,139.77,141.20,139.24,140.67
2024-01-15T00:00:00Z,140.67,142.33,139.91,141.57
2024-01-15T01:00:00Z,141.57,143.32,140.73,142.47
2024-01-15T02:00:00Z,142.47,144.00,141.79,143.32
2024-01-15T03:00:00Z,143.32,144.69,142.69,144.07
2024-01-15T04:00:00Z,144.07,145.50,143.23,144.67
2024-01-15T05:00:00Z,144.67,145.85,143.88,145.06
2024-01-15T06:00:00Z,145.06,145.73,144.53,145.20
2024-01-15T07:00:00Z,145.20,145.96,144.30,145.05
2024-01-15T08:00:00Z,145.05,145.90,143.77,144.61
2024-01-15T09:00:00Z,144.61,145.29,143.22,143.89
2024-01-15T10:00:00Z,143.89,144.52,142.29,142.92
2024-01-15T11:00:00Z,142.92,143.75,140.92,141.76
2024-01-15T12:00:00Z,141.76,142.54,139.69,140.48
2024-01-15T13:00:00Z,140.48,141.00,138.64,139.16
2024-01-15T14:00:00Z,139.16,139.92,137.14,137.90
2024-01-15T15:00:00Z,137.90,138.74,135.91,136.76
2024-01-15T16:00:00Z,136.76,137.42,135.13,135.80
2024-01-15T17:00:00Z,135.80,136.43,134.43,135.06
2024-01-15T18:00:00Z,135.06,135.90,133.73,134.57
2024-01-15T19:00:00Z,134.57,135.35,133.53,134.31
2024-01-15T20:00:00Z,134.31,134.83,133.75,134.26
2024-01-15T21:00:00Z,134.26,135.14,133.50,134.37
2024-01-15T22:00:00Z,134.37,135.44,133.53,134.60
2024-01-15T23:00:00Z,134.60,135.54,133.93,134.88
2024-01-16T00:00:00Z,134.88,135.81,134.23,135.16
2024-01-16T01:00:00Z,135.16,136.26,134.33,135.42
2024-01-16T02:00:00Z,135.42,136.42,134.64,135.64
2024-01-16T03:00:00Z,135.64,136.31,135.13,135.80
2024-01-16T04:00:00Z,135.80,136.69,135.03,135.92
2024-01-16T05:00:00Z,135.92,136.88,135.08,136.04
2024-01-16T06:00:00Z,136.04,136.84,135.38,136.18
2024-01-16T07:00:00Z,136.18,137.03,135.53,136.38
2024-01-16T08:00:00Z,136.38,137.52,135.54,136.68
2024-01-16T09:00:00Z,136.68,137.87,135.90,137.09
2024-01-16T10:00:00Z,137.09,138.13,136.59,137.62
2024-01-16T11:00:00Z,137.62,139.04,136.85,138.27
2024-01-16T12:00:00Z,138.27,139.83,137.42,138.99
2024-01-16T13:00:00Z,138.99,140.40,138.33,139.75
2024-01-16T14:00:00Z,139.75,141.15,139.09,140.50
2024-01-16T15:00:00Z,140.50,142.02,139.65,141.18
2024-01-16T16:00:00Z,141.18,142.53,140.41,141.76
2024-01-16T17:00:00Z,141.76,142.70,141.26,142.20
2024-01-16T18:00:00Z,142.20,143.25,141.42,142.47
2024-01-16T19:00:00Z,142.47,143.43,141.63,142.59
2024-01-16T20:00:00Z,142.59,143.24,141.94,142.58
2024-01-16T21:00:00Z,142.58,143.24,141.82,142.48
2024-01-16T22:00:00Z,142.48,143.32,141.49,142.34
2024-01-16T23:00:00Z,142.34,143.10,141.44,142.21
2024-01-17T00:00:00Z,142.21,142.72,141.66,142.17
2024-01-17T01:00:00Z,142.17,143.03,141.39,142.25
2024-01-17T02:00:00Z,142.25,143.33,141.41,142.49
2024-01-17T03:00:00Z,142.49,143.54,141.85,142.90
2024-01-17T04:00:00Z,142.90,144.13,142.24,143.46
2024-01-17T05:00:00Z,143.46,144.99,142.62,144.15
2024-01-17T06:00:00Z,144.15,145.67,143.39,144.91
2024-01-17T07:00:00Z,144.91,146.18,144.39,145.66
2024-01-17T08:00:00Z,145.66,147.13,144.88,146.35
2024-01-17T09:00:00Z,146.35,147.72,145.51,146.89
2024-01-17T10:00:00Z,146.89,147.86,146.25,147.23
2024-01-17T11:00:00Z,147.23,147.99,146.56,147.32
2024-01-17T12:00:00Z,147.32,148.17,146.31,147.15
2024-01-17T13:00:00Z,147.15,147.91,145.95,146.71
2024-01-17T14:00:00Z,146.71,147.23,145.50,146.02
2024-01-17T15:00:00Z,146.02,146.81,144.34,145.13
2024-01-17T16:00:00Z,145.13,145.96,143.24,144.08
2024-01-17T17:00:00Z,144.08,144.71,142.30,142.93
2024-01-17T18:00:00Z,142.93,143.60,141.06,141.73
2024-01-17T19:00:00Z,141.73,142.58,139.69,140.54
2024-01-17T20:00:00Z,140.54,141.30,138.62,139.38
2024-01-17T21:00:00Z,139.38,139.91,137.75,138.27
2024-01-17T22:00:00Z,138.27,139.06,136.43,137.22
2024-01-17T23:00:00Z,137.22,138.05,135.37,136.21
2024-01-18T00:00:00Z,136.21,136.83,134.59,135.22
2024-01-18T01:00:00Z,135.22,135.90,133.55,134.23
2024-01-18T02:00:00Z,134.23,135.08,132.37,133.22
2024-01-18T03:00:00Z,133.22,133.97,131.43,132.18
2024-01-18T04:00:00Z,132.18,132.71,130.59,131.12
2024-01-18T05:00:00Z,131.12,131.91,129.27,130.06
2024-01-18T06:00:00Z,130.06,130.89,128.20,129.03
2024-01-18T07:00:00Z,129.03,129.65,127.48,128.10
2024-01-18T08:00:00Z,128.10,128.78,126.63,127.31
2024-01-18T09:00:00Z,127.31,128.16,125.89,126.74
2024-01-18T10:00:00Z,126.74,127.49,125.70,126.45
2024-01-18T11:00:00Z,126.45,127.01,125.91,126.47
2024-01-18T12:00:00Z,126.47,127.64,125.68,126.85
2024-01-18T13:00:00Z,126.85,128.40,126.02,127.57
2024-01-18T14:00:00Z,127.57,129.24,126.96,128.63
2024-01-18T15:00:00Z,128.63,130.66,127.94,129.97
2024-01-18T16:00:00Z,129.97,132.39,129.13,131.54
2024-01-18T17:00:00Z,131.54,133.99,130.80,133.25
2024-01-18T18:00:00Z,133.25,135.56,132.71,135.02
2024-01-18T19:00:00Z,135.02,137.57,134.22,136.77
2024-01-18T20:00:00Z,136.77,139.25,135.94,138.43
2024-01-18T21:00:00Z,138.43,140.55,137.82,139.94
2024-01-18T22:00:00Z,139.94,141.96,139.24,141.27
2024-01-18T23:00:00Z,141.27,143.26,140.42,142.41
2024-01-19T00:00:00Z,142.41,144.12,141.67,143.38
2024-01-19T01:00:00Z,143.38,144.75,142.83,144.20
2024-01-19T02:00:00Z,144.20,145.71,143.40,144.91
2024-01-19T03:00:00Z,144.91,146.38,144.08,145.55
2024-01-19T04:00:00Z,145.55,146.78,144.95,146.18
2024-01-19T05:00:00Z,146.18,147.51,145.48,146.81
2024-01-19T06:00:00Z,146.81,148.33,145.96,147.48
2024-01-19T07:00:00Z,147.48,148.91,146.74,148.17
2024-01-19T08:00:00Z,148.17,149.44,147.62,148.89
2024-01-19T09:00:00Z,148.89,150.39,148.08,149.59
2024-01-19T10:00:00Z,149.59,151.06,148.76,150.24
2024-01-19T11:00:00Z,150.24,151.39,149.64,150.79
2024-01-19T12:00:00Z,150.79,151.91,150.09,151.21
2024-01-19T13:00:00Z,151.21,152.32,150.36,151.47
2024-01-19T14:00:00Z,151.47,152.29,150.74,151.55
2024-01-19T15:00:00Z,151.55,152.12,150.90,151.46
2024-01-19T16:00:00Z,151.46,152.27,150.41,151.22
2024-01-19T17:00:00Z,151.22,152.04,150.04,150.86
2024-01-19T18:00:00Z,150.86,151.45,149.84,150.43
2024-01-19T19:00:00Z,150.43,151.14,149.28,149.99
2024-01-19T20:00:00Z,149.99,150.84,148.72,149.57
2024-01-19T21:00:00Z,149.57,150.30,148.50,149.23
2024-01-19T22:00:00Z,149.23,149.79,148.41,148.98
2024-01-19T23:00:00Z,148.98,149.79,148.02,148.83
2024-01-20T00:00:00Z,148.83,149.65,147.96,148.78
2024-01-20T01:00:00Z,148.78,149.36,148.19,148.78
2024-01-20T02:00:00Z,148.78,149.49,148.06,148.78
2024-01-20T03:00:00Z,148.78,149.63,147.88,148.73
2024-01-20T04:00:00Z,148.73,149.45,147.84,148.57
2024-01-20T05:00:00Z,148.57,149.14,147.67,148.24
2024-01-20T06:00:00Z,148.24,149.05,146.90,147.71
2024-01-20T07:00:00Z,147.71,148.53,146.14,146.96
2024-01-20T08:00:00Z,146.96,147.54,145.40,145.98
2024-01-20T09:00:00Z,145.98,146.70,144.10,144.81
2024-01-20T10:00:00Z,144.81,145.66,142.65,143.50
2024-01-20T11:00:00Z,143.50,144.22,141.39,142.10
2024-01-20T12:00:00Z,142.10,142.68,140.13,140.71
2024-01-20T13:00:00Z,140.71,141.52,138.56,139.38
2024-01-20T14:00:00Z,139.38,140.19,137.38,138.19
2024-01-20T15:00:00Z,138.19,138.77,136.64,137.21
2024-01-20T16:00:00Z,137.21,137.93,135.74,136.46
2024-01-20T17:00:00Z,136.46,137.31,135.13,135.98
2024-01-20T18:00:00Z,135.98,136.69,135.03,135.74
2024-01-20T19:00:00Z,135.74,136.33,135.15,135.74
2024-01-20T20:00:00Z,135.74,136.75,134.92,135.93
2024-01-20T21:00:00Z,135.93,137.08,135.12,136.27
2024-01-20T22:00:00Z,136.27,137.28,135.70,136.71
2024-01-20T23:00:00Z,136.71,137.94,135.98,137.21
2024-01-21T00:00:00Z,137.21,138.60,136.36,137.75
2024-01-21T01:00:00Z,137.75,139.01,137.04,138.30
2024-01-21T02:00:00Z,138.30,139.47,137.71,138.88
2024-01-21T03:00:00Z,138.88,140.30,138.06,139.48
2024-01-21T04:00:00Z,139.48,140.95,138.67,140.14
2024-01-21T05:00:00Z,140.14,141.44,139.57,140.88
2024-01-21T06:00:00Z,140.88,142.45,140.15,141.72
2024-01-21T07:00:00Z,141.72,143.53,140.87,142.68
2024-01-21T08:00:00Z,142.68,144.46,141.97,143.76
2024-01-21T09:00:00Z,143.76,145.54,143.16,144.94
2024-01-21T10:00:00Z,144.94,147.01,144.12,146.19
2024-01-21T11:00:00Z,146.19,148.26,145.39,147.46
2024-01-21T12:00:00Z,147.46,149.23,146.90,148.67
2024-01-21T13:00:00Z,148.67,150.50,147.94,149.77
2024-01-21T14:00:00Z,149.77,151.52,148.92,150.67
2024-01-21T15:00:00Z,150.67,152.02,149.97,151.32
2024-01-21T16:00:00Z,151.32,152.27,150.72,151.67
2024-01-21T17:00:00Z,151.67,152.53,150.84,151.70
2024-01-21T18:00:00Z,151.70,152.50,150.61,151.41
2024-01-21T19:00:00Z,151.41,151.96,150.28,150.83
2024-01-21T20:00:00Z,150.83,151.57,149.26,150.00
2024-01-21T21:00:00Z,150.00,150.85,148.15,149.00
2024-01-21T22:00:00Z,149.00,149.69,147.19,147.89
2024-01-21T23:00:00Z,147.89,148.49,146.15,146.75
2024-01-22T00:00:00Z,146.75,147.58,144.84,145.67
2024-01-22T01:00:00Z,145.67,146.47,143.88,144.68
2024-01-22T02:00:00Z,144.68,145.23,143.30,143.84
2024-01-22T03:00:00Z,143.84,144.59,142.43,143.17
2024-01-22T04:00:00Z,143.17,144.02,141.80,142.65
2024-01-22T05:00:00Z,142.65,143.34,141.59,142.28
2024-01-22T06:00:00Z,142.28,142.89,141.39,142.00
2024-01-22T07:00:00Z,142.00,142.83,140.95,141.78
2024-01-22T08:00:00Z,141.78,142.58,140.79,141.59
2024-01-22T09:00:00Z,141.59,142.13,140.83,141.37
2024-01-22T10:00:00Z,141.37,142.12,140.37,141.12
2024-01-22T11:00:00Z,141.12,141.97,139.97,140.82
2024-01-22T12:00:00Z,140.82,141.50,139.80,140.48
2024-01-22T13:00:00Z,140.48,141.10,139.51,140.13
2024-01-22T14:00:00Z,140.13,140.96,138.98,139.81
2024-01-22T15:00:00Z,139.81,140.60,138.76,139.56
2024-01-22T16:00:00Z,139.56,140.09,138.87,139.41
2024-01-22T17:00:00Z,139.41,140.16,138.65,139.40
2024-01-22T18:00:00Z,139.40,140.41,138.56,139.56
2024-01-22T19:00:00Z,139.56,140.56,138.88,139.88
2024-01-22T20:00:00Z,139.88,140.98,139.26,140.36
2024-01-22T21:00:00Z,140.36,141.78,139.52,140.95
2024-01-22T22:00:00Z,140.95,142.40,140.16,141.61
2024-01-22T23:00:00Z,141.61,142.83,141.09,142.30
2024-01-23T00:00:00Z,142.30,143.71,141.55,142.96
2024-01-23T01:00:00Z,142.96,144.38,142.11,143.54
2024-01-23T02:00:00Z,143.54,144.68,142.86,144.01
2024-01-23T03:00:00Z,144.01,144.98,143.38,144.35
2024-01-23T04:00:00Z,144.35,145.42,143.52,144.58
2024-01-23T05:00:00Z,144.58,145.51,143.80,144.72
2024-01-23T06:00:00Z,144.72,145.34,144.20,144.82
2024-01-23T07:00:00Z,144.82,145.69,144.06,144.93
2024-01-23T08:00:00Z,144.93,145.96,144.08,145.11
2024-01-23T09:00:00Z,145.11,146.10,144.44,145.43
2024-01-23T10:00:00Z,145.43,146.57,144.80,145.94
2024-01-23T11:00:00Z,145.94,147.49,145.10,146.66
2024-01-23T12:00:00Z,146.66,148.39,145.87,147.61
2024-01-23T13:00:00Z,147.61,149.29,147.09,148.77
2024-01-23T14:00:00Z,148.77,150.87,148.01,150.11
2024-01-23T15:00:00Z,150.11,152.42,149.27,151.57
2024-01-23T16:00:00Z,151.57,153.75,150.91,153.09
2024-01-23T17:00:00Z,153.09,155.22,152.45,154.58
2024-01-23T18:00:00Z,154.58,156.81,153.74,155.97
2024-01-23T19:00:00Z,155.97,157.98,155.19,157.20
2024-01-23T20:00:00Z,157.20,158.73,156.69,158.22
2024-01-23T21:00:00Z,158.22,159.77,157.46,159.00
2024-01-23T22:00:00Z,159.00,160.38,158.16,159.53
2024-01-23T23:00:00Z,159.53,160.48,158.87,159.83
2024-01-24T00:00:00Z,159.83,160.55,159.18,159.90
2024-01-24T01:00:00Z,159.90,160.74,158.97,159.81
2024-01-24T02:00:00Z,159.81,160.58,158.80,159.57
2024-01-24T03:00:00Z,159.57,160.08,158.73,159.24
2024-01-24T04:00:00Z,159.24,160.01,158.06,158.83
2024-01-24T05:00:00Z,158.83,159.67,157.52,158.36
2024-01-24T06:00:00Z,158.36,159.01,157.18,157.83
2024-01-24T07:00:00Z,157.83,158.48,156.58,157.23
2024-01-24T08:00:00Z,157.23,158.07,155.69,156.53
2024-01-24T09:00:00Z,156.53,157.30,154.93,155.70
2024-01-24T10:00:00Z,155.70,156.20,154.21,154.72
2024-01-24T11:00:00Z,154.72,155.49,152.78,153.55
2024-01-24T12:00:00Z,153.55,154.39,151.36,152.20
2024-01-24T13:00:00Z,152.20,152.85,150.02,150.67
2024-01-24T14:00:00Z,150.67,151.33,148.34,149.00
2024-01-24T15:00:00Z,149.00,149.84,146.39,147.23
2024-01-24T16:00:00Z,147.23,148.00,144.66,145.43
2024-01-24T17:00:00Z,145.43,145.94,143.18,143.68
2024-01-24T18:00:00Z,143.68,144.46,141.28,142.06
2024-01-24T19:00:00Z,142.06,142.90,139.79,140.63
2024-01-24T20:00:00Z,140.63,141.28,138.83,139.47
2024-01-24T21:00:00Z,139.47,140.13,137.95,138.61
2024-01-24T22:00:00Z,138.61,139.46,137.24,138.08
2024-01-24T23:00:00Z,138.08,138.85,137.10,137.87
2024-01-25T00:00:00Z,137.87,138.46,137.36,137.94
2024-01-25T01:00:00Z,137.94,139.04,137.16,138.26
2024-01-25T02:00:00Z,138.26,139.59,137.42,138.75
2024-01-25T03:00:00Z,138.75,139.98,138.11,139.34
2024-01-25T04:00:00Z,139.34,140.64,138.68,139.97
2024-01-25T05:00:00Z,139.97,141.43,139.13,140.58
2024-01-25T06:00:00Z,140.58,141.89,139.82,141.13
2024-01-25T07:00:00Z,141.13,142.10,140.61,141.58
2024-01-25T08:00:00Z,141.58,142.73,140.80,141.95
2024-01-25T09:00:00Z,141.95,143.07,141.11,142.24
2024-01-25T10:00:00Z,142.24,143.11,141.60,142.48
2024-01-25T11:00:00Z,142.48,143.39,141.81,142.72
2024-01-25T12:00:00Z,142.72,143.84,141.87,143.00
2024-01-25T13:00:00Z,143.00,144.11,142.24,143.35
2024-01-25T14:00:00Z,143.35,144.32,142.82,143.80
2024-01-25T15:00:00Z,143.80,145.15,143.01,144.36
2024-01-25T16:00:00Z,144.36,145.87,143.53,145.03
2024-01-25T17:00:00Z,145.03,146.41,144.40,145.78
2024-01-25T18:00:00Z,145.78,147.26,145.11,146.58
2024-01-25T19:00:00Z,146.58,148.23,145.74,147.39
2024-01-25T20:00:00Z,147.39,148.91,146.63,148.15
2024-01-25T21:00:00Z,148.15,149.36,147.62,148.83
2024-01-25T22:00:00Z,148.83,150.20,148.04,149.41
2024-01-25T23:00:00Z,149.41,150.69,148.58,149.86
2024-01-26T00:00:00Z,149.86,150.81,149.24,150.19
2024-01-26T01:00:00Z,150.19,151.11,149.51,150.43
2024-01-26T02:00:00Z,150.43,151.46,149.58,150.61
2024-01-26T03:00:00Z,150.61,151.53,149.86,150.78
2024-01-26T04:00:00Z,150.78,151.53,150.25,150.99
2024-01-26T05:00:00Z,150.99,152.08,150.20,151.29
2024-01-26T06:00:00Z,151.29,152.54,150.46,151.71
2024-01-26T07:00:00Z,151.71,152.88,151.09,152.26
2024-01-26T08:00:00Z,152.26,153.64,151.58,152.95
2024-01-26T09:00:00Z,152.95,154.60,152.11,153.76
2024-01-26T10:00:00Z,153.76,155.37,153.01,154.62
2024-01-26T11:00:00Z,154.62,156.04,154.08,155.50
2024-01-26T12:00:00Z,155.50,157.11,154.70,156.31
2024-01-26T13:00:00Z,156.31,157.81,155.48,156.98
2024-01-26T14:00:00Z,156.98,158.07,156.37,157.46
2024-01-26T15:00:00Z,157.46,158.38,156.77,157.69
2024-01-26T16:00:00Z,157.69,158.53,156.79,157.64
2024-01-26T17:00:00Z,157.64,158.38,156.57,157.31
2024-01-26T18:00:00Z,157.31,157.86,156.17,156.71
2024-01-26T19:00:00Z,156.71,157.52,155.10,155.90
2024-01-26T20:00:00Z,155.90,156.72,154.09,154.91
2024-01-26T21:00:00Z,154.91,155.52,153.23,153.84
2024-01-26T22:00:00Z,153.84,154.53,152.03,152.73
2024-01-26T23:00:00Z,152.73,153.58,150.81,151.66
2024-01-27T00:00:00Z,151.66,152.40,149.95,150.69
2024-01-27T01:00:00Z,150.69,151.24,149.29,149.85
2024-01-27T02:00:00Z,149.85,150.65,148.35,149.15
2024-01-27T03:00:00Z,149.15,149.98,147.78,148.61
2024-01-27T04:00:00Z,148.61,149.21,147.60,148.20
2024-01-27T05:00:00Z,148.20,148.90,147.20,147.90
2024-01-27T06:00:00Z,147.90,148.75,146.82,147.67
2024-01-27T07:00:00Z,147.67,148.40,146.76,147.49
2024-01-27T08:00:00Z,147.49,148.05,146.78,147.34
2024-01-27T09:00:00Z,147.34,148.14,146.39,147.20
2024-01-27T10:00:00Z,147.20,148.02,146.26,147.08
2024-01-27T11:00:00Z,147.08,147.67,146.41,147.00
2024-01-27T12:00:00Z,147.00,147.71,146.29,146.99
2024-01-27T13:00:00Z,146.99,147.95,146.14,147.10
2024-01-27T14:00:00Z,147.10,148.09,146.37,147.36
2024-01-27T15:00:00Z,147.36,148.37,146.80,147.81
2024-01-27T16:00:00Z,147.81,149.28,147.00,148.47
2024-01-27T17:00:00Z,148.47,150.16,147.65,149.34
2024-01-27T18:00:00Z,149.34,151.01,148.76,150.42
2024-01-27T19:00:00Z,150.42,152.37,149.71,151.66
2024-01-27T20:00:00Z,151.66,153.85,150.81,153.00
2024-01-27T21:00:00Z,153.00,155.11,152.28,154.39
2024-01-27T22:00:00Z,154.39,156.30,153.82,155.73
2024-01-27T23:00:00Z,155.73,157.77,154.92,156.95
2024-01-28T00:00:00Z,156.95,158.81,156.14,157.99
2024-01-28T01:00:00Z,157.99,159.36,157.41,158.78
2024-01-28T02:00:00Z,158.78,160.02,158.07,159.30
2024-01-28T03:00:00Z,159.30,160.38,158.45,159.53
2024-01-28T04:00:00Z,159.53,160.25,158.78,159.50
2024-01-28T05:00:00Z,159.50,160.07,158.65,159.23
2024-01-28T06:00:00Z,159.23,160.05,157.97,158.79
2024-01-28T07:00:00Z,158.79,159.60,157.42,158.23
2024-01-28T08:00:00Z,158.23,158.81,157.05,157.63
2024-01-28T09:00:00Z,157.63,158.35,156.32,157.04
2024-01-28T10:00:00Z,157.04,157.89,155.66,156.51
2024-01-28T11:00:00Z,156.51,157.23,155.35,156.07
2024-01-28T12:00:00Z,156.07,156.65,155.14,155.72
2024-01-28T13:00:00Z,155.72,156.54,154.65,155.47
2024-01-28T14:00:00Z,155.47,156.28,154.46,155.27
2024-01-28T15:00:00Z,155.27,155.84,154.53,155.10
2024-01-28T16:00:00Z,155.10,155.82,154.18,154.91
2024-01-28T17:00:00Z,154.91,155.76,153.81,154.66
2024-01-28T18:00:00Z,154.66,155.37,153.61,154.32
2024-01-28T19:00:00Z,154.32,154.91,153.29,153.88
2024-01-28T20:00:00Z,153.88,154.70,152.51,153.33
2024-01-28T21:00:00Z,153.33,154.14,151.88,152.69
2024-01-28T22:00:00Z,152.69,153.25,151.43,151.99
2024-01-28T23:00:00Z,151.99,152.72,150.55,151.28
2024-01-29T00:00:00Z,151.28,152.13,149.74,150.59
2024-01-29T01:00:00Z,150.59,151.29,149.26,149.97
2024-01-29T02:00:00Z,149.97,150.56,148.86,149.45
2024-01-29T03:00:00Z,149.45,150.28,148.24,149.06
2024-01-29T04:00:00Z,149.06,149.87,147.98,148.79
2024-01-29T05:00:00Z,148.79,149.35,148.06,148.62
2024-01-29T06:00:00Z,148.62,149.36,147.79,148.53
2024-01-29T07:00:00Z,148.53,149.38,147.61,148.46
2024-01-29T08:00:00Z,148.46,149.16,147.67,148.37
2024-01-29T09:00:00Z,148.37,148.97,147.60,148.20
2024-01-29T10:00:00Z,148.20,149.03,147.09,147.92
2024-01-29T11:00:00Z,147.92,148.72,146.69,147.49
2024-01-29T12:00:00Z,147.49,148.04,146.36,146.92
2024-01-29T13:00:00Z,146.92,147.65,145.47,146.21
2024-01-29T14:00:00Z,146.21,147.06,144.56,145.41
2024-01-29T15:00:00Z,145.41,146.11,143.88,144.58
2024-01-29T16:00:00Z,144.58,145.19,143.18,143.78
2024-01-29T17:00:00Z,143.78,144.61,142.27,143.10
2024-01-29T18:00:00Z,143.10,143.90,141.79,142.59
2024-01-29T19:00:00Z,142.59,143.14,141.78,142.33
2024-01-29T20:00:00Z,142.33,143.10,141.59,142.36
2024-01-29T21:00:00Z,142.36,143.55,141.51,142.70
2024-01-29T22:00:00Z,142.70,144.04,142.01,143.34
2024-01-29T23:00:00Z,143.34,144.89,142.73,144.27
2024-01-30T00:00:00Z,144.27,146.27,143.45,145.44
2024-01-30T01:00:00Z,145.44,147.58,144.64,146.79
2024-01-30T02:00:00Z,146.79,148.78,146.24,148.24
2024-01-30T03:00:00Z,148.24,150.49,147.49,149.74
2024-01-30T04:00:00Z,149.74,152.09,148.90,151.24
2024-01-30T05:00:00Z,151.24,153.36,150.55,152.68
2024-01-30T06:00:00Z,152.68,154.65,152.06,154.03
2024-01-30T07:00:00Z,154.03,156.13,153.20,155.30
2024-01-30T08:00:00Z,155.30,157.27,154.50,156.48
2024-01-30T09:00:00Z,156.48,158.13,155.94,157.59
2024-01-30T10:00:00Z,157.59,159.41,156.84,158.66
2024-01-30T11:00:00Z,158.66,160.56,157.81,159.71
2024-01-30T12:00:00Z,159.71,161.43,159.03,160.75
2024-01-30T13:00:00Z,160.75,162.42,160.13,161.80
2024-01-30T14:00:00Z,161.80,163.66,160.96,162.83
2024-01-30T15:00:00Z,162.83,164.62,162.04,163.83
2024-01-30T16:00:00Z,163.83,165.28,163.30,164.75
2024-01-30T17:00:00Z,164.75,166.31,164.00,165.55
2024-01-30T18:00:00Z,165.55,167.02,164.71,166.18
2024-01-30T19:00:00Z,166.18,167.25,165.50,166.57
2024-01-30T20:00:00Z,166.57,167.33,165.94,166.70
2024-01-30T21:00:00Z,166.70,167.54,165.71,166.54
2024-01-30T22:00:00Z,166.54,167.33,165.31,166.09
2024-01-30T23:00:00Z,166.09,166.62,164.85,165.38
2024-01-31T00:00:00Z,165.38,166.14,163.68,164.44
2024-01-31T01:00:00Z,164.44,165.28,162.48,163.33
2024-01-31T02:00:00Z,163.33,164.00,161.46,162.13
2024-01-31T03:00:00Z,162.13,162.77,160.29,160.92
2024-01-31T04:00:00Z,160.92,161.76,158.94,159.78
2024-01-31T05:00:00Z,159.78,160.56,157.97,158.76
2024-01-31T06:00:00Z,158.76,159.27,157.39,157.91
2024-01-31T07:00:00Z,157.91,158.67,156.49,157.26
2024-01-31T08:00:00Z,157.26,158.10,155.95,156.80
2024-01-31T09:00:00Z,156.80,157.46,155.85,156.52
2024-01-31T10:00:00Z,156.52,157.15,155.73,156.37
2024-01-31T11:00:00Z,156.37,157.20,155.46,156.29
2024-01-31T12:00:00Z,156.29,157.08,155.46,156.24
2024-01-31T13:00:00Z,156.24,156.76,155.65,156.16
2024-01-31T14:00:00Z,156.16,156.93,155.23,156.00
2024-01-31T15:00:00Z,156.00,156.84,154.88,155.73
2024-01-31T16:00:00Z,155.73,156.39,154.68,155.34
2024-01-31T17:00:00Z,155.34,155.98,154.19,154.84
2024-01-31T18:00:00Z,154.84,155.68,153.42,154.26
2024-01-31T19:00:00Z,154.26,155.03,152.85,153.63
2024-01-31T20:00:00Z,153.63,154.14,152.50,153.01
2024-01-31T21:00:00Z,153.01,153.78,151.66,152.43
2024-01-31T22:00:00Z,152.43,153.27,151.10,151.95
2024-01-31T23:00:00Z,151.95,152.60,150.92,151.58
2024-02-01T00:00:00Z,151.58,152.23,150.69,151.33
2024-02-01T01:00:00Z,151.33,152.18,150.38,151.22
2024-02-01T02:00:00Z,151.22,151.99,150.43,151.20
2024-02-01T03:00:00Z,151.20,151.75,150.70,151.25
2024-02-01T04:00:00Z,151.25,152.11,150.48,151.33
2024-02-01T05:00:00Z,151.33,152.25,150.49,151.41
2024-02-01T06:00:00Z,151.41,152.08,150.76,151.43
2024-02-01T07:00:00Z,151.43,152.09,150.74,151.40
2024-02-01T08:00:00Z,151.40,152.24,150.45,151.29
2024-02-01T09:00:00Z,151.29,152.06,150.36,151.13
2024-02-01T10:00:00Z,151.13,151.64,150.45,150.95
2024-02-01T11:00:00Z,150.95,151.73,150.02,150.80
2024-02-01T12:00:00Z,150.80,151.64,149.88,150.72
2024-02-01T13:00:00Z,150.72,151.42,150.08,150.78
2024-02-01T14:00:00Z,150.78,151.68,150.12,151.02
2024-02-01T15:00:00Z,151.02,152.32,150.18,151.48
2024-02-01T16:00:00Z,151.48,152.94,150.71,152.17
2024-02-01T17:00:00Z,152.17,153.60,151.66,153.09
2024-02-01T18:00:00Z,153.09,154.99,152.31,154.21
2024-02-01T19:00:00Z,154.21,156.31,153.37,155.47
2024-02-01T20:00:00Z,155.47,157.44,154.83,156.80
2024-02-01T21:00:00Z,156.80,158.80,156.14,158.14
2024-02-01T22:00:00Z,158.14,160.23,157.29,159.38
2024-02-01T23:00:00Z,159.38,161.24,158.62,160.47
2024-02-02T00:00:00Z,160.47,161.86,159.96,161.34
2024-02-02T01:00:00Z,161.34,162.74,160.56,161.95
2024-02-02T02:00:00Z,161.95,163.12,161.12,162.28
2024-02-02T03:00:00Z,162.28,162.97,161.65,162.34
2024-02-02T04:00:00Z,162.34,163.01,161.48,162.15
2024-02-02T05:00:00Z,162.15,163.00,160.91,161.76
2024-02-02T06:00:00Z,161.76,162.52,160.46,161.22
2024-02-02T07:00:00Z,161.22,161.74,160.05,160.58
2024-02-02T08:00:00Z,160.58,161.36,159.11,159.89
2024-02-02T09:00:00Z,159.89,160.73,158.37,159.21
2024-02-02T10:00:00Z,159.21,159.84,157.92,158.55
2024-02-02T11:00:00Z,158.55,159.22,157.24,157.92
2024-02-02T12:00:00Z,157.92,158.76,156.47,157.31
2024-02-02T13:00:00Z,157.31,158.07,155.97,156.72
2024-02-02T14:00:00Z,156.72,157.25,155.59,156.12
2024-02-02T15:00:00Z,156.12,156.91,154.69,155.48
2024-02-02T16:00:00Z,155.48,156.31,153.95,154.78
2024-02-02T17:00:00Z,154.78,155.41,153.40,154.02
2024-02-02T18:00:00Z,154.02,154.70,152.52,153.20
2024-02-02T19:00:00Z,153.20,154.05,151.51,152.35
2024-02-02T20:00:00Z,152.35,153.10,150.76,151.51
2024-02-02T21:00:00Z,151.51,152.05,150.19,150.73
2024-02-02T22:00:00Z,150.73,151.52,149.27,150.07
2024-02-02T23:00:00Z,150.07,150.90,148.76,149.59
2024-02-03T00:00:00Z,149.59,150.20,148.72,149.34
2024-02-03T01:00:00Z,149.34,150.04,148.65,149.36
2024-02-03T02:00:00Z,149.36,150.51,148.51,149.66
2024-02-03T03:00:00Z,149.66,151.00,148.92,150.25
2024-02-03T04:00:00Z,150.25,151.64,149.71,151.10
2024-02-03T05:00:00Z,151.10,152.94,150.30,152.14
2024-02-03T06:00:00Z,152.14,154.16,151.31,153.33
2024-02-03T07:00:00Z,153.33,155.19,152.72,154.58
2024-02-03T08:00:00Z,154.58,156.51,153.89,155.82
2024-02-03T09:00:00Z,155.82,157.82,154.97,156.97
2024-02-03T10:00:00Z,156.97,158.74,156.23,158.00
2024-02-03T11:00:00Z,158.00,159.39,157.45,158.85
2024-02-03T12:00:00Z,158.85,160.32,158.05,159.52
2024-02-03T13:00:00Z,159.52,160.85,158.69,160.02
2024-02-03T14:00:00Z,160.02,160.98,159.41,160.38
2024-02-03T15:00:00Z,160.38,161.34,159.68,160.64
2024-02-03T16:00:00Z,160.64,161.71,159.79,160.86
2024-02-03T17:00:00Z,160.86,161.84,160.13,161.10
2024-02-03T18:00:00Z,161.10,161.94,160.54,161.39
2024-02-03T19:00:00Z,161.39,162.57,160.58,161.77
2024-02-03T20:00:00Z,161.77,163.08,160.94,162.26
2024-02-03T21:00:00Z,162.26,163.45,161.66,162.85
2024-02-03T22:00:00Z,162.85,164.22,162.15,163.52
2024-02-03T23:00:00Z,163.52,165.09,162.67,164.24
2024-02-04T00:00:00Z,164.24,165.69,163.51,164.96
2024-02-04T01:00:00Z,164.96,166.19,164.40,165.63
2024-02-04T02:00:00Z,165.63,167.01,164.82,166.21
2024-02-04T03:00:00Z,166.21,167.48,165.38,166.66
2024-02-04T04:00:00Z,166.66,167.56,166.06,166.97
2024-02-04T05:00:00Z,166.97,167.84,166.26,167.13
2024-02-04T06:00:00Z,167.13,168.02,166.28,167.17
2024-02-04T07:00:00Z,167.17,167.90,166.38,167.10
2024-02-04T08:00:00Z,167.10,167.67,166.41,166.98
2024-02-04T09:00:00Z,166.98,167.79,166.02,166.83
2024-02-04T10:00:00Z,166.83,167.65,165.87,166.69
2024-02-04T11:00:00Z,166.69,167.28,166.00,166.59
2024-02-04T12:00:00Z,166.59,167.30,165.84,166.55
2024-02-04T13:00:00Z,166.55,167.40,165.69,166.54
2024-02-04T14:00:00Z,166.54,167.27,165.81,166.54
2024-02-04T15:00:00Z,166.54,167.11,165.94,166.51
2024-02-04T16:00:00Z,166.51,167.33,165.59,166.40
2024-02-04T17:00:00Z,166.40,167.22,165.33,166.15
2024-02-04T18:00:00Z,166.15,166.74,165.12,165.70
2024-02-04T19:00:00Z,165.70,166.42,164.30,165.01
2024-02-04T20:00:00Z,165.01,165.86,163.20,164.05
2024-02-04T21:00:00Z,164.05,164.77,162.10,162.82
2024-02-04T22:00:00Z,162.82,163.40,160.77,161.34
2024-02-04T23:00:00Z,161.34,162.16,158.84,159.66
2024-02-05T00:00:00Z,159.66,160.47,157.02,157.83
2024-02-05T01:00:00Z,157.83,158.41,155.36,155.94
2024-02-05T02:00:00Z,155.94,156.66,153.36,154.08
2024-02-05T03:00:00Z,154.08,154.93,151.47,152.32
2024-02-05T04:00:00Z,152.32,153.03,150.02,150.74
2024-02-05T05:00:00Z,150.74,151.32,148.81,149.39
2024-02-05T06:00:00Z,149.39,150.21,147.51,148.32
2024-02-05T07:00:00Z,148.32,149.14,146.73,147.54
2024-02-05T08:00:00Z,147.54,148.11,146.47,147.04
2024-02-05T09:00:00Z,147.04,147.76,146.06,146.79
2024-02-05T10:00:00Z,146.79,147.64,145.90,146.75
2024-02-05T11:00:00Z,146.75,147.59,146.04,146.88
2024-02-05T12:00:00Z,146.88,147.72,146.29,147.14
2024-02-05T13:00:00Z,147.14,148.30,146.32,147.48
2024-02-05T14:00:00Z,147.48,148.70,146.67,147.89
2024-02-05T15:00:00Z,147.89,148.92,147.32,148.35
2024-02-05T16:00:00Z,148.35,149.60,147.62,148.88
2024-02-05T17:00:00Z,148.88,150.33,148.03,149.48
2024-02-05T18:00:00Z,149.48,150.88,148.77,150.18
2024-02-05T19:00:00Z,150.18,151.60,149.59,151.01
2024-02-05T20:00:00Z,151.01,152.81,150.19,151.99
2024-02-05T21:00:00Z,151.99,153.94,151.18,153.14
2024-02-05T22:00:00Z,153.14,155.00,152.58,154.44
2024-02-05T23:00:00Z,154.44,156.61,153.71,155.88
2024-02-06T00:00:00Z,155.88,158.26,155.03,157.41
2024-02-06T01:00:00Z,157.41,159.68,156.70,158.98
2024-02-06T02:00:00Z,158.98,161.12,158.38,160.52
2024-02-06T03:00:00Z,160.52,162.79,159.69,161.96
2024-02-06T04:00:00Z,161.96,164.05,161.16,163.24
2024-02-06T05:00:00Z,163.24,164.86,162.69,164.30
2024-02-06T06:00:00Z,164.30,165.84,163.56,165.10
2024-02-06T07:00:00Z,165.10,166.49,164.26,165.64
2024-02-06T08:00:00Z,165.64,166.60,164.94,165.90
2024-02-06T09:00:00Z,165.90,166.55,165.30,165.94
2024-02-06T10:00:00Z,165.94,166.77,164.97,165.80
2024-02-06T11:00:00Z,165.80,166.60,164.73,165.54
2024-02-06T12:00:00Z,165.54,166.08,164.68,165.23
2024-02-06T13:00:00Z,165.23,165.97,164.19,164.93
2024-02-06T14:00:00Z,164.93,165.78,163.87,164.72
2024-02-06T15:00:00Z,164.72,165.41,163.92,164.61
2024-02-06T16:00:00Z,164.61,165.25,164.00,164.64
2024-02-06T17:00:00Z,164.64,165.62,163.81,164.79
2024-02-06T18:00:00Z,164.79,165.85,163.99,165.05
2024-02-06T19:00:00Z,165.05,165.91,164.51,165.37
2024-02-06T20:00:00Z,165.37,166.44,164.62,165.70
2024-02-06T21:00:00Z,165.70,166.83,164.85,165.98
2024-02-06T22:00:00Z,165.98,166.86,165.29,166.17
2024-02-06T23:00:00Z,166.17,166.84,165.56,166.23
2024-02-07T00:00:00Z,166.23,167.06,165.29,166.12
2024-02-07T01:00:00Z,166.12,166.92,165.06,165.86
2024-02-07T02:00:00Z,165.86,166.40,164.91,165.45
2024-02-07T03:00:00Z,165.45,166.20,164.17,164.92
2024-02-07T04:00:00Z,164.92,165.77,163.47,164.31
2024-02-07T05:00:00Z,164.31,164.99,163.00,163.68
2024-02-07T06:00:00Z,163.68,164.30,162.44,163.06
2024-02-07T07:00:00Z,163.06,163.89,161.66,162.50
2024-02-07T08:00:00Z,162.50,163.29,161.22,162.01
2024-02-07T09:00:00Z,162.01,162.54,161.08,161.61
2024-02-07T10:00:00Z,161.61,162.36,160.54,161.29
2024-02-07T11:00:00Z,161.29,162.14,160.18,161.03
2024-02-07T12:00:00Z,161.03,161.70,160.10,160.78
2024-02-07T13:00:00Z,160.78,161.41,159.90,160.52
2024-02-07T14:00:00Z,160.52,161.36,159.38,160.21
2024-02-07T15:00:00Z,160.21,161.00,159.03,159.82
2024-02-07T16:00:00Z,159.82,160.34,158.81,159.34
2024-02-07T17:00:00Z,159.34,160.09,158.01,158.77
2024-02-07T18:00:00Z,158.77,159.61,157.29,158.14
2024-02-07T19:00:00Z,158.14,158.81,156.82,157.50
2024-02-07T20:00:00Z,157.50,158.13,156.26,156.89
2024-02-07T21:00:00Z,156.89,157.73,155.57,156.40
2024-02-07T22:00:00Z,156.40,157.19,155.30,156.08
2024-02-07T23:00:00Z,156.08,156.60,155.48,156.00
2024-02-08T00:00:00Z,156.00,156.95,155.24,156.19
2024-02-08T01:00:00Z,156.19,157.52,155.34,156.67
2024-02-08T02:00:00Z,156.67,158.12,156.01,157.46
2024-02-08T03:00:00Z,157.46,159.14,156.82,158.51
2024-02-08T04:00:00Z,158.51,160.61,157.67,159.78
2024-02-08T05:00:00Z,159.78,161.98,158.99,161.20
2024-02-08T06:00:00Z,161.20,163.20,160.68,162.69
2024-02-08T07:00:00Z,162.69,164.93,161.92,164.17
2024-02-08T08:00:00Z,164.17,166.41,163.33,165.56
2024-02-08T09:00:00Z,165.56,167.47,164.90,166.81
2024-02-08T10:00:00Z,166.81,168.50,166.16,167.85
2024-02-08T11:00:00Z,167.85,169.52,167.01,168.68
2024-02-08T12:00:00Z,168.68,170.05,167.90,169.27
2024-02-08T13:00:00Z,169.27,170.16,168.76,169.66
2024-02-08T14:00:00Z,169.66,170.62,168.89,169.85
2024-02-08T15:00:00Z,169.85,170.75,169.01,169.91
2024-02-08T16:00:00Z,169.91,170.56,169.19,169.85
2024-02-08T17:00:00Z,169.85,170.50,169.07,169.72
2024-02-08T18:00:00Z,169.72,170.56,168.69,169.53
2024-02-08T19:00:00Z,169.53,170.31,168.52,169.30
2024-02-08T20:00:00Z,169.30,169.80,168.51,169.01
2024-02-08T21:00:00Z,169.01,169.78,167.88,168.65
2024-02-08T22:00:00Z,168.65,169.49,167.35,168.19
2024-02-08T23:00:00Z,168.19,168.84,166.95,167.60
2024-02-09T00:00:00Z,167.60,168.25,166.19,166.85
2024-02-09T01:00:00Z,166.85,167.69,165.07,165.91
2024-02-09T02:00:00Z,165.91,166.68,164.02,164.79
2024-02-09T03:00:00Z,164.79,165.30,163.00,163.51
2024-02-09T04:00:00Z,163.51,164.28,161.31,162.09
2024-02-09T05:00:00Z,162.09,162.93,159.74,160.58
2024-02-09T06:00:00Z,160.58,161.23,158.41,159.05
2024-02-09T07:00:00Z,159.05,159.71,156.93,157.58
2024-02-09T08:00:00Z,157.58,158.43,155.40,156.24
2024-02-09T09:00:00Z,156.24,157.01,154.32,155.09
2024-02-09T10:00:00Z,155.09,155.60,153.67,154.18
2024-02-09T11:00:00Z,154.18,154.96,152.77,153.55
2024-02-09T12:00:00Z,153.55,154.39,152.35,153.19
2024-02-09T13:00:00Z,153.19,153.83,152.46,153.10
2024-02-09T14:00:00Z,153.10,153.89,152.43,153.22
2024-02-09T15:00:00Z,153.22,154.36,152.38,153.52
2024-02-09T16:00:00Z,153.52,154.68,152.75,153.91
2024-02-09T17:00:00Z,153.91,154.86,153.40,154.34
2024-02-09T18:00:00Z,154.34,155.53,153.56,154.75
2024-02-09T19:00:00Z,154.75,155.92,153.91,155.09
2024-02-09T20:00:00Z,155.09,155.96,154.45,155.33
2024-02-09T21:00:00Z,155.33,156.13,154.66,155.46
2024-02-09T22:00:00Z,155.46,156.35,154.61,155.51
2024-02-09T23:00:00Z,155.51,156.27,154.74,155.50
2024-02-10T00:00:00Z,155.50,156.02,154.95,155.48
2024-02-10T01:00:00Z,155.48,156.29,154.69,155.50
2024-02-10T02:00:00Z,155.50,156.45,154.66,155.61
2024-02-10T03:00:00Z,155.61,156.49,154.98,155.86
2024-02-10T04:00:00Z,155.86,156.95,155.19,156.28
2024-02-10T05:00:00Z,156.28,157.71,155.43,156.86
2024-02-10T06:00:00Z,156.86,158.38,156.11,157.62
2024-02-10T07:00:00Z,157.62,159.04,157.09,158.51
2024-02-10T08:00:00Z,158.51,160.30,157.72,159.51
2024-02-10T09:00:00Z,159.51,161.40,158.68,160.57
2024-02-10T10:00:00Z,160.57,162.26,159.94,161.64
2024-02-10T11:00:00Z,161.64,163.35,160.96,162.67
2024-02-10T12:00:00Z,162.67,164.49,161.82,163.65
2024-02-10T13:00:00Z,163.65,165.30,162.89,164.55
2024-02-10T14:00:00Z,164.55,165.91,164.01,165.37
2024-02-10T15:00:00Z,165.37,166.94,164.58,166.15
2024-02-10T16:00:00Z,166.15,167.73,165.32,166.90
2024-02-10T17:00:00Z,166.90,168.28,166.28,167.66
2024-02-10T18:00:00Z,167.66,169.16,166.98,168.47
2024-02-10T19:00:00Z,168.47,170.21,167.62,169.36
2024-02-10T20:00:00Z,169.36,171.10,168.61,170.35
2024-02-10T21:00:00Z,170.35,171.97,169.81,171.43
2024-02-10T22:00:00Z,171.43,173.38,170.63,172.58
2024-02-10T23:00:00Z,172.58,174.60,171.75,173.77
2024-02-11T00:00:00Z,173.77,175.54,173.15,174.93
2024-02-11T01:00:00Z,174.93,176.67,174.24,175.99
2024-02-11T02:00:00Z,175.99,177.72,175.14,176.87
2024-02-11T03:00:00Z,176.87,178.26,176.13,177.52
2024-02-11T04:00:00Z,177.52,178.41,176.97,177.86
2024-02-11T05:00:00Z,177.86,178.67,177.07,177.87
2024-02-11T06:00:00Z,177.87,178.70,176.69,177.52
2024-02-11T07:00:00Z,177.52,178.13,176.21,176.82
2024-02-11T08:00:00Z,176.82,177.52,175.12,175.81
2024-02-11T09:00:00Z,175.81,176.66,173.69,174.54
2024-02-11T10:00:00Z,174.54,175.28,172.34,173.08
2024-02-11T11:00:00Z,173.08,173.63,170.96,171.51
2024-02-11T12:00:00Z,171.51,172.32,169.11,169.91
2024-02-11T13:00:00Z,169.91,170.73,167.51,168.34
2024-02-11T14:00:00Z,168.34,168.94,166.26,166.86
2024-02-11T15:00:00Z,166.86,167.56,164.81,165.50
2024-02-11T16:00:00Z,165.50,166.35,163.44,164.29
2024-02-11T17:00:00Z,164.29,165.03,162.49,163.22
2024-02-11T18:00:00Z,163.22,163.78,161.72,162.27
2024-02-11T19:00:00Z,162.27,163.08,160.62,161.42
2024-02-11T20:00:00Z,161.42,162.25,159.82,160.64
2024-02-11T21:00:00Z,160.64,161.24,159.30,159.90
2024-02-11T22:00:00Z,159.90,160.60,158.48,159.19
2024-02-11T23:00:00Z,159.19,160.03,157.64,158.49
2024-02-12T00:00:00Z,158.49,159.22,157.11,157.84
2024-02-12T01:00:00Z,157.84,158.40,156.68,157.24
2024-02-12T02:00:00Z,157.24,158.05,155.94,156.75
2024-02-12T03:00:00Z,156.75,157.57,155.57,156.39
2024-02-12T04:00:00Z,156.39,156.98,155.62,156.21
2024-02-12T05:00:00Z,156.21,156.95,155.50,156.24
2024-02-12T06:00:00Z,156.24,157.36,155.39,156.51
2024-02-12T07:00:00Z,156.51,157.73,155.78,157.01
2024-02-12T08:00:00Z,157.01,158.28,156.44,157.71
2024-02-12T09:00:00Z,157.71,159.41,156.90,158.60
2024-02-12T10:00:00Z,158.60,160.41,157.78,159.59
2024-02-12T11:00:00Z,159.59,161.22,159.01,160.64
2024-02-12T12:00:00Z,160.64,162.37,159.92,161.65
2024-02-12T13:00:00Z,161.65,163.43,160.80,162.58
2024-02-12T14:00:00Z,162.58,164.07,161.85,163.34
2024-02-12T15:00:00Z,163.34,164.49,162.77,163.92
2024-02-12T16:00:00Z,163.92,165.10,163.11,164.28
2024-02-12T17:00:00Z,164.28,165.26,163.47,164.44
2024-02-12T18:00:00Z,164.44,165.02,163.85,164.43
2024-02-12T19:00:00Z,164.43,165.14,163.56,164.28
2024-02-12T20:00:00Z,164.28,165.13,163.21,164.06
2024-02-12T21:00:00Z,164.06,164.78,163.12,163.83
2024-02-12T22:00:00Z,163.83,164.41,163.08,163.66
2024-02-12T23:00:00Z,163.66,164.48,162.78,163.60
2024-02-13T00:00:00Z,163.60,164.49,162.79,163.67
2024-02-13T01:00:00Z,163.67,164.48,163.10,163.90
2024-02-13T02:00:00Z,163.90,165.00,163.18,164.27
2024-02-13T03:00:00Z,164.27,165.61,163.42,164.76
2024-02-13T04:00:00Z,164.76,166.04,164.05,165.33
2024-02-13T05:00:00Z,165.33,166.50,164.74,165.91
2024-02-13T06:00:00Z,165.91,167.29,165.09,166.47
2024-02-13T07:00:00Z,166.47,167.75,165.66,166.94
2024-02-13T08:00:00Z,166.94,167.86,166.37,167.29
2024-02-13T09:00:00Z,167.29,168.23,166.57,167.51
2024-02-13T10:00:00Z,167.51,168.43,166.66,167.58
2024-02-13T11:00:00Z,167.58,168.28,166.81,167.52
2024-02-13T12:00:00Z,167.52,168.11,166.76,167.35
2024-02-13T13:00:00Z,167.35,168.17,166.30,167.12
2024-02-13T14:00:00Z,167.12,167.93,166.06,166.87
2024-02-13T15:00:00Z,166.87,167.43,166.06,166.62
2024-02-13T16:00:00Z,166.62,167.36,165.69,166.42
2024-02-13T17:00:00Z,166.42,167.27,165.42,166.27
2024-02-13T18:00:00Z,166.27,166.97,165.46,166.16
2024-02-13T19:00:00Z,166.16,166.76,165.49,166.09
2024-02-13T20:00:00Z,166.09,166.91,165.19,166.01
2024-02-13T21:00:00Z,166.01,166.82,165.08,165.89
2024-02-13T22:00:00Z,165.89,166.44,165.11,165.67
2024-02-13T23:00:00Z,165.67,166.41,164.59,165.32
2024-02-14T00:00:00Z,165.32,166.17,163.97,164.82
2024-02-14T01:00:00Z,164.82,165.52,163.45,164.15
2024-02-14T02:00:00Z,164.15,164.75,162.72,163.32
2024-02-14T03:00:00Z,163.32,164.14,161.54,162.37
2024-02-14T04:00:00Z,162.37,163.17,160.54,161.34
2024-02-14T05:00:00Z,161.34,161.89,159.77,160.32
2024-02-14T06:00:00Z,160.32,161.06,158.62,159.36
2024-02-14T07:00:00Z,159.36,160.21,157.71,158.56
2024-02-14T08:00:00Z,158.56,159.26,157.29,157.98
2024-02-14T09:00:00Z,157.98,158.59,157.08,157.68
2024-02-14T10:00:00Z,157.68,158.52,156.86,157.70
2024-02-14T11:00:00Z,157.70,158.83,156.90,158.03
2024-02-14T12:00:00Z,158.03,159.21,157.48,158.67
2024-02-14T13:00:00Z,158.67,160.32,157.93,159.58
2024-02-14T14:00:00Z,159.58,161.55,158.73,160.70
2024-02-14T15:00:00Z,160.70,162.66,160.02,161.98
2024-02-14T16:00:00Z,161.98,163.94,161.36,163.32
2024-02-14T17:00:00Z,163.32,165.51,162.49,164.68
2024-02-14T18:00:00Z,164.68,166.79,163.89,166.00
2024-02-14T19:00:00Z,166.00,167.76,165.46,167.23
2024-02-14T20:00:00Z,167.23,169.10,166.48,168.35
2024-02-14T21:00:00Z,168.35,170.21,167.50,169.36
2024-02-14T22:00:00Z,169.36,170.96,168.68,170.28
2024-02-14T23:00:00Z,170.28,171.74,169.66,171.12
2024-02-15T00:00:00Z,171.12,172.75,170.29,171.92
2024-02-15T01:00:00Z,171.92,173.48,171.13,172.69
2024-02-15T02:00:00Z,172.69,173.99,172.16,173.46
2024-02-15T03:00:00Z,173.46,174.97,172.70,174.22
2024-02-15T04:00:00Z,174.22,175.82,173.37,174.97
2024-02-15T05:00:00Z,174.97,176.36,174.29,175.68
2024-02-15T06:00:00Z,175.68,176.94,175.06,176.31
2024-02-15T07:00:00Z,176.31,177.65,175.48,176.82
2024-02-15T08:00:00Z,176.82,177.94,176.03,177.15
2024-02-15T09:00:00Z,177.15,177.80,176.63,177.27
2024-02-15T10:00:00Z,177.27,178.03,176.39,177.14
2024-02-15T11:00:00Z,177.14,177.99,175.91,176.76
2024-02-15T12:00:00Z,176.76,177.43,175.44,176.12
2024-02-15T13:00:00Z,176.12,176.75,174.62,175.25
2024-02-15T14:00:00Z,175.25,176.09,173.38,174.22
2024-02-15T15:00:00Z,174.22,175.01,172.29,173.07
2024-02-15T16:00:00Z,173.07,173.60,171.37,171.89
2024-02-15T17:00:00Z,171.89,172.65,169.98,170.74
2024-02-15T18:00:00Z,170.74,171.59,168.84,169.69
2024-02-15T19:00:00Z,169.69,170.36,168.12,168.79
2024-02-15T20:00:00Z,168.79,169.42,167.43,168.06
2024-02-15T21:00:00Z,168.06,168.90,166.69,167.52
2024-02-15T22:00:00Z,167.52,168.31,166.37,167.16
2024-02-15T23:00:00Z,167.16,167.67,166.41,166.92
2024-02-16T00:00:00Z,166.92,167.69,166.00,166.77
2024-02-16T01:00:00Z,166.77,167.61,165.79,166.63
2024-02-16T02:00:00Z,166.63,167.30,165.80,166.46
2024-02-16T03:00:00Z,166.46,167.10,165.55,166.19
2024-02-16T04:00:00Z,166.19,167.03,164.95,165.79
2024-02-16T05:00:00Z,165.79,166.57,164.46,165.24
2024-02-16T06:00:00Z,165.24,165.75,164.02,164.53
2024-02-16T07:00:00Z,164.53,165.30,162.92,163.69
2024-02-16T08:00:00Z,163.69,164.53,161.92,162.76
2024-02-16T09:00:00Z,162.76,163.42,161.13,161.79
2024-02-16T10:00:00Z,161.79,162.43,160.18,160.82
2024-02-16T11:00:00Z,160.82,161.66,159.09,159.93
2024-02-16T12:00:00Z,159.93,160.70,158.36,159.14
2024-02-16T13:00:00Z,159.14,159.64,157.99,158.49
2024-02-16T14:00:00Z,158.49,159.27,157.23,158.00
2024-02-16T15:00:00Z,158.00,158.84,156.82,157.66
2024-02-16T16:00:00Z,157.66,158.32,156.80,157.46
2024-02-16T17:00:00Z,157.46,158.11,156.70,157.35
2024-02-16T18:00:00Z,157.35,158.19,156.47,157.31
2024-02-16T19:00:00Z,157.31,158.09,156.54,157.31
2024-02-16T20:00:00Z,157.31,157.82,156.81,157.31
2024-02-16T21:00:00Z,157.31,158.09,156.54,157.31
2024-02-16T22:00:00Z,157.31,158.15,156.47,157.31
2024-02-16T23:00:00Z,157.31,157.97,156.66,157.32
2024-02-17T00:00:00Z,157.32,158.05,156.67,157.39
2024-02-17T01:00:00Z,157.39,158.40,156.55,157.55
2024-02-17T02:00:00Z,157.55,158.63,156.79,157.87
2024-02-17T03:00:00Z,157.87,158.88,157.36,158.37
2024-02-17T04:00:00Z,158.37,159.89,157.59,159.11
2024-02-17T05:00:00Z,159.11,160.94,158.27,160.10
2024-02-17T06:00:00Z,160.10,161.98,159.46,161.34
2024-02-17T07:00:00Z,161.34,163.48,160.68,162.81
2024-02-17T08:00:00Z,162.81,165.31,161.97,164.47
2024-02-17T09:00:00Z,164.47,167.00,163.70,166.23
2024-02-17T10:00:00Z,166.23,168.55,165.72,168.04
2024-02-17T11:00:00Z,168.04,170.58,167.26,169.80
2024-02-17T12:00:00Z,169.80,172.26,168.96,171.42
2024-02-17T13:00:00Z,171.42,173.49,170.79,172.85
2024-02-17T14:00:00Z,172.85,174.69,172.18,174.02
2024-02-17T15:00:00Z,174.02,175.74,173.17,174.90
2024-02-17T16:00:00Z,174.90,176.24,174.14,175.48
2024-02-17T17:00:00Z,175.48,176.31,174.96,175.79
2024-02-17T18:00:00Z,175.79,176.63,175.00,175.84
2024-02-17T19:00:00Z,175.84,176.68,174.87,175.70
2024-02-17T20:00:00Z,175.70,176.33,174.79,175.42
2024-02-17T21:00:00Z,175.42,176.10,174.39,175.06
2024-02-17T22:00:00Z,175.06,175.91,173.82,174.67
2024-02-17T23:00:00Z,174.67,175.43,173.52,174.28
2024-02-18T00:00:00Z,174.28,174.80,173.38,173.91
2024-02-18T01:00:00Z,173.91,174.69,172.77,173.56
2024-02-18T02:00:00Z,173.56,174.39,172.39,173.23
2024-02-18T03:00:00Z,173.23,173.85,172.26,172.88
2024-02-18T04:00:00Z,172.88,173.56,171.82,172.50
2024-02-18T05:00:00Z,172.50,173.34,171.20,172.04
2024-02-18T06:00:00Z,172.04,172.80,170.75,171.50
2024-02-18T07:00:00Z,171.50,172.03,170.33,170.86
2024-02-18T08:00:00Z,170.86,171.66,169.34,170.13
2024-02-18T09:00:00Z,170.13,170.97,168.51,169.34
2024-02-18T10:00:00Z,169.34,169.96,167.90,168.52
2024-02-18T11:00:00Z,168.52,169.21,167.05,167.73
2024-02-18T12:00:00Z,167.73,168.58,166.17,167.02
2024-02-18T13:00:00Z,167.02,167.76,165.68,166.43
2024-02-18T14:00:00Z,166.43,166.97,165.49,166.02
2024-02-18T15:00:00Z,166.02,166.82,165.02,165.82
2024-02-18T16:00:00Z,165.82,166.66,164.99,165.83
2024-02-18T17:00:00Z,165.83,166.65,165.21,166.03
2024-02-18T18:00:00Z,166.03,167.09,165.34,166.40
2024-02-18T19:00:00Z,166.40,167.73,165.55,166.88
2024-02-18T20:00:00Z,166.88,168.15,166.13,167.41
2024-02-18T21:00:00Z,167.41,168.46,166.86,167.91
2024-02-18T22:00:00Z,167.91,169.13,167.11,168.34
2024-02-18T23:00:00Z,168.34,169.45,167.51,168.62
2024-02-19T00:00:00Z,168.62,169.34,168.01,168.73
2024-02-19T01:00:00Z,168.73,169.43,167.97,168.66
2024-02-19T02:00:00Z,168.66,169.51,167.56,168.41
2024-02-19T03:00:00Z,168.41,169.15,167.28,168.02
2024-02-19T04:00:00Z,168.02,168.57,166.98,167.53
2024-02-19T05:00:00Z,167.53,168.33,166.21,167.01
2024-02-19T06:00:00Z,167.01,167.84,165.70,166.52
2024-02-19T07:00:00Z,166.52,167.13,165.53,166.13
2024-02-19T08:00:00Z,166.13,166.83,165.18,165.88
2024-02-19T09:00:00Z,165.88,166.73,164.95,165.80
2024-02-19T10:00:00Z,165.80,166.65,165.07,165.92
2024-02-19T11:00:00Z,165.92,166.77,165.36,166.21
2024-02-19T12:00:00Z,166.21,167.46,165.41,166.66
2024-02-19T13:00:00Z,166.66,168.04,165.83,167.22
2024-02-19T14:00:00Z,167.22,168.44,166.62,167.84
2024-02-19T15:00:00Z,167.84,169.17,167.14,168.47
2024-02-19T16:00:00Z,168.47,169.92,167.62,169.07
2024-02-19T17:00:00Z,169.07,170.33,168.34,169.60
2024-02-19T18:00:00Z,169.60,170.60,169.04,170.04
2024-02-19T19:00:00Z,170.04,171.19,169.23,170.38
2024-02-19T20:00:00Z,170.38,171.48,169.56,170.65
2024-02-19T21:00:00Z,170.65,171.46,170.06,170.87
2024-02-19T22:00:00Z,170.87,171.77,170.16,171.07
2024-02-19T23:00:00Z,171.07,172.12,170.22,171.27
2024-02-20T00:00:00Z,171.27,172.24,170.54,171.51
2024-02-20T01:00:00Z,171.51,172.36,170.94,171.80
2024-02-20T02:00:00Z,171.80,172.94,170.99,172.13
2024-02-20T03:00:00Z,172.13,173.31,171.31,172.49
2024-02-20T04:00:00Z,172.49,173.43,171.90,172.84
2024-02-20T05:00:00Z,172.84,173.84,172.13,173.13
2024-02-20T06:00:00Z,173.13,174.15,172.28,173.30
2024-02-20T07:00:00Z,173.30,174.02,172.56,173.29
2024-02-20T08:00:00Z,173.29,173.86,172.48,173.05
2024-02-20T09:00:00Z,173.05,173.86,171.74,172.55
2024-02-20T10:00:00Z,172.55,173.37,170.95,171.77
2024-02-20T11:00:00Z,171.77,172.35,170.14,170.72
2024-02-20T12:00:00Z,170.72,171.44,168.71,169.43
2024-02-20T13:00:00Z,169.43,170.28,167.10,167.95
2024-02-20T14:00:00Z,167.95,168.67,165.63,166.35
2024-02-20T15:00:00Z,166.35,166.93,164.15,164.73
2024-02-20T16:00:00Z,164.73,165.54,162.34,163.15
2024-02-20T17:00:00Z,163.15,163.97,160.90,161.71
2024-02-20T18:00:00Z,161.71,162.29,159.89,160.47
2024-02-20T19:00:00Z,160.47,161.19,158.74,159.46
2024-02-20T20:00:00Z,159.46,160.31,157.88,158.73
2024-02-20T21:00:00Z,158.73,159.44,157.55,158.26
2024-02-20T22:00:00Z,158.26,158.85,157.46,158.04
2024-02-20T23:00:00Z,158.04,158.86,157.22,158.04
2024-02-21T00:00:00Z,158.04,159.01,157.23,158.19
2024-02-21T01:00:00Z,158.19,159.04,157.63,158.47
2024-02-21T02:00:00Z,158.47,159.54,157.74,158.81
2024-02-21T03:00:00Z,158.81,160.05,157.96,159.20
2024-02-21T04:00:00Z,159.20,160.30,158.49,159.60
2024-02-21T05:00:00Z,159.60,160.60,159.01,160.01
2024-02-21T06:00:00Z,160.01,161.27,159.19,160.45
2024-02-21T07:00:00Z,160.45,161.74,159.64,160.93
2024-02-21T08:00:00Z,160.93,162.06,160.37,161.50
2024-02-21T09:00:00Z,161.50,162.90,160.77,162.17
2024-02-21T10:00:00Z,162.17,163.83,161.32,162.98
2024-02-21T11:00:00Z,162.98,164.64,162.27,163.93
2024-02-21T12:00:00Z,163.93,165.62,163.34,165.03
2024-02-21T13:00:00Z,165.03,167.06,164.20,166.24
2024-02-21T14:00:00Z,166.24,168.35,165.44,167.54
2024-02-21T15:00:00Z,167.54,169.43,166.98,168.87
2024-02-21T16:00:00Z,168.87,170.90,168.13,170.17
2024-02-21T17:00:00Z,170.17,172.23,169.32,171.38
2024-02-21T18:00:00Z,171.38,173.15,170.68,172.45
2024-02-21T19:00:00Z,172.45,173.93,171.85,173.33
2024-02-21T20:00:00Z,173.33,174.82,172.50,174.00
2024-02-21T21:00:00Z,174.00,175.26,173.19,174.45
2024-02-21T22:00:00Z,174.45,175.27,173.90,174.72
2024-02-21T23:00:00Z,174.72,175.57,173.98,174.83
2024-02-22T00:00:00Z,174.83,175.70,173.98,174.85
2024-02-22T01:00:00Z,174.85,175.54,174.13,174.83
2024-02-22T02:00:00Z,174.83,175.44,174.22,174.83
2024-02-22T03:00:00Z,174.83,175.75,174.01,174.92
2024-02-22T04:00:00Z,174.92,175.94,174.12,175.14
2024-02-22T05:00:00Z,175.14,176.04,174.59,175.50
2024-02-22T06:00:00Z,175.50,176.74,174.75,176.00
2024-02-22T07:00:00Z,176.00,177.46,175.15,176.61
2024-02-22T08:00:00Z,176.61,177.99,175.92,177.30
2024-02-22T09:00:00Z,177.30,178.62,176.69,178.01
2024-02-22T10:00:00Z,178.01,179.49,177.18,178.66
2024-02-22T11:00:00Z,178.66,180.00,177.86,179.20
2024-02-22T12:00:00Z,179.20,180.10,178.66,179.56
2024-02-22T13:00:00Z,179.56,180.46,178.82,179.71
2024-02-22T14:00:00Z,179.71,180.56,178.78,179.63
2024-02-22T15:00:00Z,179.63,180.31,178.62,179.30
2024-02-22T16:00:00Z,179.30,179.92,178.13,178.75
2024-02-22T17:00:00Z,178.75,179.58,177.18,178.01
2024-02-22T18:00:00Z,178.01,178.81,176.34,177.13
2024-02-22T19:00:00Z,177.13,177.67,175.63,176.16
2024-02-22T20:00:00Z,176.16,176.91,174.39,175.14
2024-02-22T21:00:00Z,175.14,175.99,173.27,174.12
2024-02-22T22:00:00Z,174.12,174.80,172.43,173.11
2024-02-22T23:00:00Z,173.11,173.74,171.51,172.14
2024-02-23T00:00:00Z,172.14,172.97,170.35,171.19
2024-02-23T01:00:00Z,171.19,171.98,169.45,170.24
2024-02-23T02:00:00Z,170.24,170.77,168.74,169.27
2024-02-23T03:00:00Z,169.27,170.03,167.50,168.26
2024-02-23T04:00:00Z,168.26,169.10,166.33,167.17
2024-02-23T05:00:00Z,167.17,167.85,165.33,166.01
2024-02-23T06:00:00Z,166.01,166.64,164.13,164.76
2024-02-23T07:00:00Z,164.76,165.60,162.62,163.46
2024-02-23T08:00:00Z,163.46,164.25,161.35,162.14
2024-02-23T09:00:00Z,162.14,162.66,160.34,160.86
2024-02-23T10:00:00Z,160.86,161.62,158.93,159.69
2024-02-23T11:00:00Z,159.69,160.54,157.85,158.70
2024-02-23T12:00:00Z,158.70,159.37,157.28,157.95
2024-02-23T13:00:00Z,157.95,158.58,156.86,157.50
2024-02-23T14:00:00Z,157.50,158.34,156.55,157.38
2024-02-23T15:00:00Z,157.38,158.40,156.60,157.62
2024-02-23T16:00:00Z,157.62,158.71,157.10,158.19
2024-02-23T17:00:00Z,158.19,159.83,157.43,159.06
2024-02-23T18:00:00Z,159.06,161.02,158.22,160.18
2024-02-23T19:00:00Z,160.18,162.12,159.51,161.46
2024-02-23T20:00:00Z,161.46,163.47,160.82,162.83
2024-02-23T21:00:00Z,162.83,165.05,161.99,164.21
2024-02-23T22:00:00Z,164.21,166.30,163.43,165.52
2024-02-23T23:00:00Z,165.52,167.23,165.01,166.72
2024-02-24T00:00:00Z,166.72,168.52,165.95,167.75
2024-02-24T01:00:00Z,167.75,169.46,166.91,168.62
2024-02-24T02:00:00Z,168.62,169.98,167.96,169.32
2024-02-24T03:00:00Z,169.32,170.52,168.67,169.88
2024-02-24T04:00:00Z,169.88,171.16,169.04,170.32
2024-02-24T05:00:00Z,170.32,171.48,169.55,170.70
2024-02-24T06:00:00Z,170.70,171.56,170.20,171.05
2024-02-24T07:00:00Z,171.05,172.17,170.28,171.40
2024-02-24T08:00:00Z,171.40,172.60,170.56,171.76
2024-02-24T09:00:00Z,171.76,172.78,171.10,172.13
2024-02-24T10:00:00Z,172.13,173.15,171.48,172.50
2024-02-24T11:00:00Z,172.50,173.69,171.66,172.84
2024-02-24T12:00:00Z,172.84,173.89,172.07,173.12
2024-02-24T13:00:00Z,173.12,173.79,172.62,173.29
2024-02-24T14:00:00Z,173.29,174.10,172.52,173.32
2024-02-24T15:00:00Z,173.32,174.16,172.35,173.19
2024-02-24T16:00:00Z,173.19,173.84,172.24,172.89
2024-02-24T17:00:00Z,172.89,173.55,171.78,172.43
2024-02-24T18:00:00Z,172.43,173.27,171.00,171.84
2024-02-24T19:00:00Z,171.84,172.61,170.39,171.16
2024-02-24T20:00:00Z,171.16,171.67,169.94,170.45
2024-02-24T21:00:00Z,170.45,171.23,168.99,169.77
2024-02-24T22:00:00Z,169.77,170.60,168.33,169.17
2024-02-24T23:00:00Z,169.17,169.82,168.07,168.71
2024-02-25T00:00:00Z,168.71,169.38,167.76,168.42
2024-02-25T01:00:00Z,168.42,169.27,167.47,168.32
2024-02-25T02:00:00Z,168.32,169.14,167.55,168.38
2024-02-25T03:00:00Z,168.38,169.09,167.86,168.57
2024-02-25T04:00:00Z,168.57,169.64,167.79,168.86
2024-02-25T05:00:00Z,168.86,170.01,168.02,169.18
2024-02-25T06:00:00Z,169.18,170.09,168.54,169.45
2024-02-25T07:00:00Z,169.45,170.30,168.79,169.64
2024-02-25T08:00:00Z,169.64,170.52,168.79,169.67
2024-02-25T09:00:00Z,169.67,170.44,168.77,169.54
2024-02-25T10:00:00Z,169.54,170.06,168.70,169.21
2024-02-25T11:00:00Z,169.21,170.00,167.94,168.72
2024-02-25T12:00:00Z,168.72,169.56,167.26,168.10
2024-02-25T13:00:00Z,168.10,168.73,166.76,167.39
2024-02-25T14:00:00Z,167.39,168.06,165.99,166.67
2024-02-25T15:00:00Z,166.67,167.51,165.14,165.99
2024-02-25T16:00:00Z,165.99,166.75,164.67,165.42
2024-02-25T17:00:00Z,165.42,165.95,164.49,165.02
2024-02-25T18:00:00Z,165.02,165.81,164.02,164.81
2024-02-25T19:00:00Z,164.81,165.64,163.97,164.81
2024-02-25T20:00:00Z,164.81,165.64,164.18,165.01
2024-02-25T21:00:00Z,165.01,166.07,164.34,165.39
2024-02-25T22:00:00Z,165.39,166.77,164.55,165.92
2024-02-25T23:00:00Z,165.92,167.30,165.17,166.55
2024-02-26T00:00:00Z,166.55,167.76,166.02,167.23
2024-02-26T01:00:00Z,167.23,168.73,166.44,167.93
2024-02-26T02:00:00Z,167.93,169.47,167.10,168.63
2024-02-26T03:00:00Z,168.63,169.94,168.01,169.32
2024-02-26T04:00:00Z,169.32,170.67,168.64,169.99
2024-02-26T05:00:00Z,169.99,171.52,169.14,170.67
2024-02-26T06:00:00Z,170.67,172.14,169.92,171.39
2024-02-26T07:00:00Z,171.39,172.70,170.85,172.17
2024-02-26T08:00:00Z,172.17,173.84,171.37,173.04
2024-02-26T09:00:00Z,173.04,174.86,172.21,174.03
2024-02-26T10:00:00Z,174.03,175.75,173.41,175.13
2024-02-26T11:00:00Z,175.13,177.02,174.44,176.33
2024-02-26T12:00:00Z,176.33,178.45,175.49,177.60
2024-02-26T13:00:00Z,177.60,179.62,176.85,178.88
2024-02-26T14:00:00Z,178.88,180.64,178.33,180.09
2024-02-26T15:00:00Z,180.09,181.98,179.30,181.18
2024-02-26T16:00:00Z,181.18,182.88,180.35,182.06
2024-02-26T17:00:00Z,182.06,183.27,181.45,182.66
2024-02-26T18:00:00Z,182.66,183.62,181.96,182.93
2024-02-26T19:00:00Z,182.93,183.78,181.99,182.84
2024-02-26T20:00:00Z,182.84,183.58,181.65,182.39
2024-02-26T21:00:00Z,182.39,182.94,181.04,181.59
2024-02-26T22:00:00Z,181.59,182.39,179.69,180.50
2024-02-26T23:00:00Z,180.50,181.32,178.33,179.16
2024-02-27T00:00:00Z,179.16,179.77,177.06,177.66
2024-02-27T01:00:00Z,177.66,178.36,175.38,176.08
2024-02-27T02:00:00Z,176.08,176.93,173.63,174.48
2024-02-27T03:00:00Z,174.48,175.22,172.20,172.94
2024-02-27T04:00:00Z,172.94,173.49,170.94,171.50
2024-02-27T05:00:00Z,171.50,172.30,169.37,170.18
2024-02-27T06:00:00Z,170.18,171.00,168.16,168.99
2024-02-27T07:00:00Z,168.99,169.59,167.32,167.92
2024-02-27T08:00:00Z,167.92,168.62,166.24,166.95
2024-02-27T09:00:00Z,166.95,167.80,165.19,166.04
2024-02-27T10:00:00Z,166.04,166.77,164.43,165.16
2024-02-27T11:00:00Z,165.16,165.72,163.73,164.29
2024-02-27T12:00:00Z,164.29,165.09,162.60,163.41
2024-02-27T13:00:00Z,163.41,164.23,161.70,162.52
2024-02-27T14:00:00Z,162.52,163.12,161.06,161.65
2024-02-27T15:00:00Z,161.65,162.36,160.11,160.82
2024-02-27T16:00:00Z,160.82,161.67,159.22,160.07
2024-02-27T17:00:00Z,160.07,160.80,158.72,159.45
2024-02-27T18:00:00Z,159.45,160.02,158.44,159.00
2024-02-27T19:00:00Z,159.00,159.81,157.95,158.76
2024-02-27T20:00:00Z,158.76,159.58,157.91,158.73
2024-02-27T21:00:00Z,158.73,159.52,158.14,158.93
2024-02-27T22:00:00Z,158.93,160.04,158.22,159.33
2024-02-27T23:00:00Z,159.33,160.75,158.48,159.90
2024-02-28T00:00:00Z,159.90,161.30,159.17,160.58
2024-02-28T01:00:00Z,160.58,161.88,160.00,161.31
2024-02-28T02:00:00Z,161.31,162.84,160.50,162.03
2024-02-28T03:00:00Z,162.03,163.51,161.21,162.69
2024-02-28T04:00:00Z,162.69,163.83,162.11,163.24
2024-02-28T05:00:00Z,163.24,164.38,162.53,163.67
2024-02-28T06:00:00Z,163.67,164.81,162.82,163.96
2024-02-28T07:00:00Z,163.96,164.87,163.24,164.15
2024-02-28T08:00:00Z,164.15,164.84,163.57,164.26
2024-02-28T09:00:00Z,164.26,165.18,163.45,164.37
2024-02-28T10:00:00Z,164.37,165.33,163.55,164.52
2024-02-28T11:00:00Z,164.52,165.35,163.94,164.77
2024-02-28T12:00:00Z,164.77,165.91,164.05,165.19
2024-02-28T13:00:00Z,165.19,166.66,164.34,165.81
2024-02-28T14:00:00Z,165.81,167.37,165.10,166.65
2024-02-28T15:00:00Z,166.65,168.28,166.07,167.70
2024-02-28T16:00:00Z,167.70,169.75,166.88,168.93
2024-02-28T17:00:00Z,168.93,171.11,168.12,170.29
2024-02-28T18:00:00Z,170.29,172.30,169.72,171.73
2024-02-28T19:00:00Z,171.73,173.90,171.01,173.18
2024-02-28T20:00:00Z,173.18,175.41,172.33,174.56
2024-02-28T21:00:00Z,174.56,176.53,173.85,175.82
2024-02-28T22:00:00Z,175.82,177.50,175.23,176.91
2024-02-28T23:00:00Z,176.91,178.62,176.09,177.80
2024-02-29T00:00:00Z,177.80,179.31,176.99,178.50
2024-02-29T01:00:00Z,178.50,179.56,177.93,179.00
2024-02-29T02:00:00Z,179.00,180.06,178.27,179.33
2024-02-29T03:00:00Z,179.33,180.38,178.48,179.53
2024-02-29T04:00:00Z,179.53,180.33,178.82,179.62
2024-02-29T05:00:00Z,179.62,180.24,179.03,179.65
2024-02-29T06:00:00Z,179.65,180.47,178.80,179.62
2024-02-29T07:00:00Z,179.62,180.43,178.75,179.56
2024-02-29T08:00:00Z,179.56,180.12,178.89,179.45
2024-02-29T09:00:00Z,179.45,180.18,178.53,179.27
2024-02-29T10:00:00Z,179.27,180.12,178.14,178.99
2024-02-29T11:00:00Z,178.99,179.69,177.86,178.57
2024-02-29T12:00:00Z,178.57,179.17,177.37,177.97
2024-02-29T13:00:00Z,177.97,178.80,176.35,177.17
2024-02-29T14:00:00Z,177.17,177.98,175.36,176.16
2024-02-29T15:00:00Z,176.16,176.71,174.38,174.94
2024-02-29T16:00:00Z,174.94,175.68,172.80,173.53
2024-02-29T17:00:00Z,173.53,174.38,171.15,171.99
2024-02-29T18:00:00Z,171.99,172.69,169.69,170.39
2024-02-29T19:00:00Z,170.39,170.99,168.18,168.79
2024-02-29T20:00:00Z,168.79,169.62,166.46,167.29
2024-02-29T21:00:00Z,167.29,168.09,165.15,165.95
2024-02-29T22:00:00Z,165.95,166.50,164.32,164.86
2024-02-29T23:00:00Z,164.86,165.61,163.32,164.06
2024-03-01T00:00:00Z,164.06,164.91,162.73,163.58
2024-03-01T01:00:00Z,163.58,164.27,162.73,163.42
2024-03-01T02:00:00Z,163.42,164.16,162.81,163.55
2024-03-01T03:00:00Z,163.55,164.76,162.72,163.93
2024-03-01T04:00:00Z,163.93,165.30,163.13,164.50
2024-03-01T05:00:00Z,164.50,165.74,163.96,165.20
2024-03-01T06:00:00Z,165.20,166.70,164.45,165.95
2024-03-01T07:00:00Z,165.95,167.55,165.10,166.70
2024-03-01T08:00:00Z,166.70,168.08,166.01,167.39
2024-03-01T09:00:00Z,167.39,168.63,166.78,168.01
2024-03-01T10:00:00Z,168.01,169.37,167.18,168.54
2024-03-01T11:00:00Z,168.54,169.78,167.74,168.99
2024-03-01T12:00:00Z,168.99,169.91,168.45,169.38
2024-03-01T13:00:00Z,169.38,170.49,168.63,169.74
2024-03-01T14:00:00Z,169.74,170.96,168.90,170.11
2024-03-01T15:00:00Z,170.11,171.20,169.43,170.52
2024-03-01T16:00:00Z,170.52,171.60,169.90,170.98
2024-03-01T17:00:00Z,170.98,172.33,170.15,171.50
2024-03-01T18:00:00Z,171.50,172.85,170.70,172.06
2024-03-01T19:00:00Z,172.06,173.16,171.53,172.63
2024-03-01T20:00:00Z,172.63,173.94,171.88,173.19
2024-03-01T21:00:00Z,173.19,174.52,172.34,173.68
2024-03-01T22:00:00Z,173.68,174.72,173.00,174.05
2024-03-01T23:00:00Z,174.05,174.89,173.42,174.26
2024-03-02T00:00:00Z,174.26,175.13,173.43,174.29
2024-03-02T01:00:00Z,174.29,175.08,173.35,174.14
2024-03-02T02:00:00Z,174.14,174.66,173.27,173.80
2024-03-02T03:00:00Z,173.80,174.55,172.55,173.31
2024-03-02T04:00:00Z,173.31,174.15,171.87,172.71
2024-03-02T05:00:00Z,172.71,173.38,171.40,172.07
2024-03-02T06:00:00Z,172.07,172.70,170.81,171.44
2024-03-02T07:00:00Z,171.44,172.28,170.06,170.89
2024-03-02T08:00:00Z,170.89,171.68,169.68,170.46
2024-03-02T09:00:00Z,170.46,170.98,169.67,170.19
2024-03-02T10:00:00Z,170.19,170.95,169.31,170.08
2024-03-02T11:00:00Z,170.08,170.96,169.23,170.12
2024-03-02T12:00:00Z,170.12,170.94,169.45,170.27
2024-03-02T13:00:00Z,170.27,171.13,169.63,170.49
2024-03-02T14:00:00Z,170.49,171.55,169.66,170.72
2024-03-02T15:00:00Z,170.72,171.66,169.93,170.88
2024-03-02T16:00:00Z,170.88,171.42,170.36,170.91
2024-03-02T17:00:00Z,170.91,171.68,170.00,170.77
2024-03-02T18:00:00Z,170.77,171.61,169.58,170.43
2024-03-02T19:00:00Z,170.43,171.09,169.20,169.87
2024-03-02T20:00:00Z,169.87,170.51,168.46,169.10
2024-03-02T21:00:00Z,169.10,169.94,167.34,168.18
2024-03-02T22:00:00Z,168.18,168.95,166.35,167.13
2024-03-02T23:00:00Z,167.13,167.64,165.53,166.03
2024-03-03T00:00:00Z,166.03,166.80,164.18,164.95
2024-03-03T01:00:00Z,164.95,165.79,163.08,163.93
2024-03-03T02:00:00Z,163.93,164.58,162.37,163.02
2024-03-03T03:00:00Z,163.02,163.67,161.62,162.27
2024-03-03T04:00:00Z,162.27,163.11,160.85,161.69
2024-03-03T05:00:00Z,161.69,162.46,160.49,161.27
2024-03-03T06:00:00Z,161.27,161.77,160.49,160.99
2024-03-03T07:00:00Z,160.99,161.77,160.06,160.84
2024-03-03T08:00:00Z,160.84,161.68,159.93,160.77
2024-03-03T09:00:00Z,160.77,161.42,160.10,160.75
2024-03-03T10:00:00Z,160.75,161.43,160.10,160.78
2024-03-03T11:00:00Z,160.78,161.67,159.94,160.83
2024-03-03T12:00:00Z,160.83,161.69,160.06,160.92
2024-03-03T13:00:00Z,160.92,161.58,160.42,161.07
2024-03-03T14:00:00Z,161.07,162.10,160.30,161.32
2024-03-03T15:00:00Z,161.32,162.54,160.48,161.70
2024-03-03T16:00:00Z,161.70,162.92,161.06,162.27
2024-03-03T17:00:00Z,162.27,163.72,161.61,163.06
2024-03-03T18:00:00Z,163.06,164.93,162.21,164.09
2024-03-03T19:00:00Z,164.09,166.14,163.32,165.37
2024-03-03T20:00:00Z,165.37,167.40,164.86,166.89
2024-03-03T21:00:00Z,166.89,169.39,166.11,168.61
2024-03-03T22:00:00Z,168.61,171.31,167.77,170.47
2024-03-03T23:00:00Z,170.47,173.03,169.83,172.39
2024-03-04T00:00:00Z,172.39,174.96,171.73,174.29
2024-03-04T01:00:00Z,174.29,176.94,173.45,176.09
2024-03-04T02:00:00Z,176.09,178.47,175.33,177.70
2024-03-04T03:00:00Z,177.70,179.58,177.19,179.07
2024-03-04T04:00:00Z,179.07,180.92,178.28,180.14
2024-03-04T05:00:00Z,180.14,181.73,179.30,180.90
2024-03-04T06:00:00Z,180.90,181.98,180.26,181.35
2024-03-04T07:00:00Z,181.35,182.19,180.68,181.52
2024-03-04T08:00:00Z,181.52,182.36,180.61,181.45
2024-03-04T09:00:00Z,181.45,182.21,180.45,181.21
2024-03-04T10:00:00Z,181.21,181.73,180.32,180.85
2024-03-04T11:00:00Z,180.85,181.63,179.64,180.42
2024-03-04T12:00:00Z,180.42,181.26,179.15,179.99
2024-03-04T13:00:00Z,179.99,180.61,178.93,179.56
2024-03-04T14:00:00Z,179.56,180.24,178.49,179.17
2024-03-04T15:00:00Z,179.17,180.01,177.95,178.79
2024-03-04T16:00:00Z,178.79,179.55,177.66,178.42
2024-03-04T17:00:00Z,178.42,178.95,177.49,178.02
2024-03-04T18:00:00Z,178.02,178.81,176.77,177.56
2024-03-04T19:00:00Z,177.56,178.39,176.18,177.01
2024-03-04T20:00:00Z,177.01,177.63,175.72,176.35
2024-03-04T21:00:00Z,176.35,177.03,174.88,175.56
2024-03-04T22:00:00Z,175.56,176.41,173.82,174.67
2024-03-04T23:00:00Z,174.67,175.42,172.94,173.69
2024-03-05T00:00:00Z,173.69,174.22,172.12,172.66
2024-03-05T01:00:00Z,172.66,173.45,170.84,171.63
2024-03-05T02:00:00Z,171.63,172.46,169.83,170.66
2024-03-05T03:00:00Z,170.66,171.28,169.17,169.79
2024-03-05T04:00:00Z,169.79,170.48,168.37,169.06
2024-03-05T05:00:00Z,169.06,169.91,167.64,168.49
2024-03-05T06:00:00Z,168.49,169.23,167.33,168.08
2024-03-05T07:00:00Z,168.08,168.62,167.27,167.81
2024-03-05T08:00:00Z,167.81,168.61,166.85,167.65
2024-03-05T09:00:00Z,167.65,168.48,166.71,167.54
2024-03-05T10:00:00Z,167.54,168.16,166.83,167.44
2024-03-05T11:00:00Z,167.44,168.13,166.58,167.27
2024-03-05T12:00:00Z,167.27,168.12,166.15,167.00
2024-03-05T13:00:00Z,167.00,167.74,165.83,166.57
2024-03-05T14:00:00Z,166.57,167.12,165.44,165.99
2024-03-05T15:00:00Z,165.99,166.79,164.45,165.25
2024-03-05T16:00:00Z,165.25,166.08,163.56,164.39
2024-03-05T17:00:00Z,164.39,164.99,162.84,163.45
2024-03-05T18:00:00Z,163.45,164.14,161.80,162.50
2024-03-05T19:00:00Z,162.50,163.34,160.76,161.60
2024-03-05T20:00:00Z,161.60,162.34,160.10,160.84
2024-03-05T21:00:00Z,160.84,161.39,159.72,160.27
2024-03-05T22:00:00Z,160.27,161.08,159.14,159.94
2024-03-05T23:00:00Z,159.94,160.77,159.05,159.88
2024-03-06T00:00:00Z,159.88,160.68,159.27,160.08
2024-03-06T01:00:00Z,160.08,161.23,159.38,160.53
2024-03-06T02:00:00Z,160.53,162.04,159.68,161.19
2024-03-06T03:00:00Z,161.19,162.74,160.45,162.01
2024-03-06T04:00:00Z,162.01,163.49,161.45,162.93
2024-03-06T05:00:00Z,162.93,164.71,162.13,163.90
2024-03-06T06:00:00Z,163.90,165.69,163.08,164.87
2024-03-06T07:00:00Z,164.87,166.39,164.27,165.80
2024-03-06T08:00:00Z,165.80,167.36,165.09,166.66
2024-03-06T09:00:00Z,166.66,168.31,165.81,167.46
2024-03-06T10:00:00Z,167.46,168.93,166.73,168.20
2024-03-06T11:00:00Z,168.20,169.48,167.64,168.91
2024-03-06T12:00:00Z,168.91,170.42,168.10,169.61
2024-03-06T13:00:00Z,169.61,171.15,168.79,170.33
2024-03-06T14:00:00Z,170.33,171.68,169.74,171.09
2024-03-06T15:00:00Z,171.09,172.59,170.38,171.88
2024-03-06T16:00:00Z,171.88,173.55,171.03,172.70
2024-03-06T17:00:00Z,172.70,174.24,171.97,173.51
2024-03-06T18:00:00Z,173.51,174.86,172.94,174.29
2024-03-06T19:00:00Z,174.29,175.78,173.48,174.96
2024-03-06T20:00:00Z,174.96,176.30,174.15,175.48
2024-03-06T21:00:00Z,175.48,176.38,174.90,175.80
2024-03-06T22:00:00Z,175.80,176.57,175.08,175.86
2024-03-06T23:00:00Z,175.86,176.71,174.79,175.64
2024-03-07T00:00:00Z,175.64,176.36,174.41,175.13
2024-03-07T01:00:00Z,175.13,175.71,173.78,174.36
2024-03-07T02:00:00Z,174.36,175.17,172.55,173.36
2024-03-07T03:00:00Z,173.36,174.18,171.39,172.20
2024-03-07T04:00:00Z,172.20,172.78,170.37,170.95
2024-03-07T05:00:00Z,170.95,171.67,168.98,169.69
2024-03-07T06:00:00Z,169.69,170.54,167.66,168.51
2024-03-07T07:00:00Z,168.51,169.23,166.75,167.47
2024-03-07T08:00:00Z,167.47,168.05,166.04,166.63
2024-03-07T09:00:00Z,166.63,167.44,165.19,166.01
2024-03-07T10:00:00Z,166.01,166.82,164.81,165.63
2024-03-07T11:00:00Z,165.63,166.20,164.90,165.47
2024-03-07T12:00:00Z,165.47,166.22,164.74,165.50
2024-03-07T13:00:00Z,165.50,166.51,164.65,165.66
2024-03-07T14:00:00Z,165.66,166.63,164.95,165.92
2024-03-07T15:00:00Z,165.92,166.79,165.33,166.20
2024-03-07T16:00:00Z,166.20,167.30,165.38,166.48
2024-03-07T17:00:00Z,166.48,167.52,165.67,166.71
2024-03-07T18:00:00Z,166.71,167.45,166.14,166.88
2024-03-07T19:00:00Z,166.88,167.73,166.15,167.00
2024-03-07T20:00:00Z,167.00,167.93,166.15,167.08
2024-03-07T21:00:00Z,167.08,167.87,166.38,167.16
2024-03-07T22:00:00Z,167.16,167.87,166.57,167.27
2024-03-07T23:00:00Z,167.27,168.28,166.45,167.45
2024-03-08T00:00:00Z,167.45,168.54,166.65,167.73
2024-03-08T01:00:00Z,167.73,168.67,167.17,168.11
2024-03-08T02:00:00Z,168.11,169.34,167.38,168.61
2024-03-08T03:00:00Z,168.61,170.05,167.76,169.20
2024-03-08T04:00:00Z,169.20,170.56,168.50,169.85
2024-03-08T05:00:00Z,169.85,171.12,169.25,170.52
2024-03-08T06:00:00Z,170.52,171.98,169.70,171.15
2024-03-08T07:00:00Z,171.15,172.51,170.35,171.71
2024-03-08T08:00:00Z,171.71,172.69,171.15,172.13
2024-03-08T09:00:00Z,172.13,173.14,171.40,172.41
2024-03-08T10:00:00Z,172.41,173.37,171.56,172.52
2024-03-08T11:00:00Z,172.52,173.22,171.79,172.49
2024-03-08T12:00:00Z,172.49,173.09,171.74,172.34
2024-03-08T13:00:00Z,172.34,173.17,171.30,172.12
2024-03-08T14:00:00Z,172.12,172.92,171.09,171.89
2024-03-08T15:00:00Z,171.89,172.44,171.17,171.72
2024-03-08T16:00:00Z,171.72,172.46,170.91,171.65
2024-03-08T17:00:00Z,171.65,172.59,170.80,171.74
2024-03-08T18:00:00Z,171.74,172.70,171.05,172.01
2024-03-08T19:00:00Z,172.01,173.07,171.40,172.46
2024-03-08T20:00:00Z,172.46,173.91,171.63,173.08
2024-03-08T21:00:00Z,173.08,174.63,172.28,173.83
2024-03-08T22:00:00Z,173.83,175.19,173.29,174.65
2024-03-08T23:00:00Z,174.65,176.20,173.90,175.46
2024-03-09T00:00:00Z,175.46,177.04,174.61,176.19
2024-03-09T01:00:00Z,176.19,177.47,175.51,176.78
2024-03-09T02:00:00Z,176.78,177.79,176.17,177.17
2024-03-09T03:00:00Z,177.17,178.15,176.34,177.32
2024-03-09T04:00:00Z,177.32,178.11,176.41,177.21
2024-03-09T05:00:00Z,177.21,177.74,176.30,176.84
2024-03-09T06:00:00Z,176.84,177.59,175.49,176.24
2024-03-09T07:00:00Z,176.24,177.09,174.60,175.45
2024-03-09T08:00:00Z,175.45,176.13,173.83,174.52
2024-03-09T09:00:00Z,174.52,175.14,172.87,173.49
2024-03-09T10:00:00Z,173.49,174.33,171.60,172.43
2024-03-09T11:00:00Z,172.43,173.22,170.57,171.36
2024-03-09T12:00:00Z,171.36,171.89,169.78,170.31
2024-03-09T13:00:00Z,170.31,171.06,168.53,169.29
2024-03-09T14:00:00Z,169.29,170.13,167.44,168.28
2024-03-09T15:00:00Z,168.28,168.96,166.60,167.28
2024-03-09T16:00:00Z,167.28,167.90,165.63,166.25
2024-03-09T17:00:00Z,166.25,167.09,164.34,165.18
2024-03-09T18:00:00Z,165.18,165.97,163.25,164.04
2024-03-09T19:00:00Z,164.04,164.56,162.30,162.83
2024-03-09T20:00:00Z,162.83,163.59,160.80,161.56
2024-03-09T21:00:00Z,161.56,162.41,159.42,160.26
2024-03-09T22:00:00Z,160.26,160.94,158.31,158.98
2024-03-09T23:00:00Z,158.98,159.61,157.14,157.77
2024-03-10T00:00:00Z,157.77,158.60,155.86,156.70
2024-03-10T01:00:00Z,156.70,157.48,155.05,155.83
2024-03-10T02:00:00Z,155.83,156.35,154.72,155.24
2024-03-10T03:00:00Z,155.24,156.00,154.19,154.95
2024-03-10T04:00:00Z,154.95,155.84,154.10,155.00
2024-03-10T05:00:00Z,155.00,156.05,154.33,155.38
2024-03-10T06:00:00Z,155.38,156.71,154.74,156.08
2024-03-10T07:00:00Z,156.08,157.88,155.24,157.04
2024-03-10T08:00:00Z,157.04,158.98,156.26,158.20
2024-03-10T09:00:00Z,158.20,160.00,157.69,159.48
2024-03-10T10:00:00Z,159.48,161.58,158.72,160.81
2024-03-10T11:00:00Z,160.81,162.96,159.97,162.12
2024-03-10T12:00:00Z,162.12,163.99,161.45,163.32
2024-03-10T13:00:00Z,163.32,165.04,162.68,164.40
2024-03-10T14:00:00Z,164.40,166.16,163.56,165.32
2024-03-10T15:00:00Z,165.32,166.86,164.54,166.09
2024-03-10T16:00:00Z,166.09,167.22,165.58,166.72
2024-03-10T17:00:00Z,166.72,168.02,165.95,167.25
2024-03-10T18:00:00Z,167.25,168.57,166.40,167.72
2024-03-10T19:00:00Z,167.72,168.85,167.07,168.19
2024-03-10T20:00:00Z,168.19,169.34,167.54,168.69
2024-03-10T21:00:00Z,168.69,170.09,167.85,169.25
2024-03-10T22:00:00Z,169.25,170.65,168.47,169.88
2024-03-10T23:00:00Z,169.88,171.08,169.38,170.58
2024-03-11T00:00:00Z,170.58,172.10,169.80,171.32
2024-03-11T01:00:00Z,171.32,172.92,170.48,172.08
2024-03-11T02:00:00Z,172.08,173.46,171.43,172.81
2024-03-11T03:00:00Z,172.81,174.12,172.16,173.47
2024-03-11T04:00:00Z,173.47,174.85,172.62,174.01
2024-03-11T05:00:00Z,174.01,175.19,173.24,174.42
2024-03-11T06:00:00Z,174.42,175.18,173.92,174.68
2024-03-11T07:00:00Z,174.68,175.57,173.90,174.80
2024-03-11T08:00:00Z,174.80,175.64,173.95,174.79
2024-03-11T09:00:00Z,174.79,175.44,174.06,174.71
2024-03-11T10:00:00Z,174.71,175.37,173.93,174.59
2024-03-11T11:00:00Z,174.59,175.43,173.63,174.47
2024-03-11T12:00:00Z,174.47,175.24,173.65,174.42
2024-03-11T13:00:00Z,174.42,174.96,173.91,174.45
2024-03-11T14:00:00Z,174.45,175.35,173.67,174.57
2024-03-11T15:00:00Z,174.57,175.64,173.74,174.80
2024-03-11T16:00:00Z,174.80,175.73,174.16,175.09
2024-03-11T17:00:00Z,175.09,176.06,174.42,175.40
2024-03-11T18:00:00Z,175.40,176.52,174.55,175.68
2024-03-11T19:00:00Z,175.68,176.62,174.91,175.86
2024-03-11T20:00:00Z,175.86,176.39,175.34,175.88
2024-03-11T21:00:00Z,175.88,176.66,174.90,175.68
2024-03-11T22:00:00Z,175.68,176.52,174.40,175.23
2024-03-11T23:00:00Z,175.23,175.87,173.89,174.52
2024-03-12T00:00:00Z,174.52,175.19,172.88,173.55
2024-03-12T01:00:00Z,173.55,174.40,171.51,172.36
2024-03-12T02:00:00Z,172.36,173.12,170.23,170.99
2024-03-12T03:00:00Z,170.99,171.52,169.01,169.53
2024-03-12T04:00:00Z,169.53,170.31,167.25,168.03
2024-03-12T05:00:00Z,168.03,168.87,165.76,166.59
2024-03-12T06:00:00Z,166.59,167.22,164.64,165.27
2024-03-12T07:00:00Z,165.27,165.94,163.44,164.12
2024-03-12T08:00:00Z,164.12,164.96,162.33,163.18
2024-03-12T09:00:00Z,163.18,163.93,161.70,162.46
2024-03-12T10:00:00Z,162.46,162.99,161.43,161.96
2024-03-12T11:00:00Z,161.96,162.75,160.87,161.66
2024-03-12T12:00:00Z,161.66,162.49,160.68,161.51
2024-03-12T13:00:00Z,161.51,162.13,160.86,161.48
2024-03-12T14:00:00Z,161.48,162.22,160.81,161.54
2024-03-12T15:00:00Z,161.54,162.49,160.69,161.65
2024-03-12T16:00:00Z,161.65,162.54,160.90,161.79
2024-03-12T17:00:00Z,161.79,162.49,161.25,161.96
2024-03-12T18:00:00Z,161.96,162.96,161.16,162.16
2024-03-12T19:00:00Z,162.16,163.27,161.33,162.44
2024-03-12T20:00:00Z,162.44,163.42,161.82,162.80
2024-03-12T21:00:00Z,162.80,163.97,162.11,163.28
2024-03-12T22:00:00Z,163.28,164.76,162.44,163.92
2024-03-12T23:00:00Z,163.92,165.46,163.17,164.71
2024-03-13T00:00:00Z,164.71,166.20,164.17,165.66
2024-03-13T01:00:00Z,165.66,167.55,164.87,166.75
2024-03-13T02:00:00Z,166.75,168.77,165.92,167.94
2024-03-13T03:00:00Z,167.94,169.77,167.32,169.15
2024-03-13T04:00:00Z,169.15,171.03,168.47,170.34
2024-03-13T05:00:00Z,170.34,172.27,169.49,171.42
2024-03-13T06:00:00Z,171.42,173.06,170.67,172.32
2024-03-13T07:00:00Z,172.32,173.52,171.77,172.98
2024-03-13T08:00:00Z,172.98,174.16,172.18,173.36
2024-03-13T09:00:00Z,173.36,174.26,172.53,173.43
2024-03-13T10:00:00Z,173.43,174.04,172.61,173.21
2024-03-13T11:00:00Z,173.21,173.91,172.03,172.73
2024-03-13T12:00:00Z,172.73,173.58,171.18,172.03
2024-03-13T13:00:00Z,172.03,172.77,170.43,171.17
2024-03-13T14:00:00Z,171.17,171.72,169.68,170.23
2024-03-13T15:00:00Z,170.23,171.04,168.49,169.29
2024-03-13T16:00:00Z,169.29,170.11,167.57,168.40
2024-03-13T17:00:00Z,168.40,169.00,167.01,167.61
2024-03-13T18:00:00Z,167.61,168.31,166.25,166.95
2024-03-13T19:00:00Z,166.95,167.80,165.58,166.43
2024-03-13T20:00:00Z,166.43,167.16,165.30,166.03
2024-03-13T21:00:00Z,166.03,166.59,165.17,165.73
2024-03-13T22:00:00Z,165.73,166.54,164.68,165.48
2024-03-13T23:00:00Z,165.48,166.31,164.42,165.25
2024-03-14T00:00:00Z,165.25,165.84,164.38,164.98
2024-03-14T01:00:00Z,164.98,165.68,163.94,164.65
2024-03-14T02:00:00Z,164.65,165.50,163.38,164.23
2024-03-14T03:00:00Z,164.23,164.97,163.01,163.74
2024-03-14T04:00:00Z,163.74,164.30,162.62,163.19
2024-03-14T05:00:00Z,163.19,164.00,161.79,162.60
2024-03-14T06:00:00Z,162.60,163.42,161.20,162.02
2024-03-14T07:00:00Z,162.02,162.61,160.90,161.49
2024-03-14T08:00:00Z,161.49,162.20,160.36,161.06
2024-03-14T09:00:00Z,161.06,161.91,159.91,160.76
2024-03-14T10:00:00Z,160.76,161.49,159.88,160.60
2024-03-14T11:00:00Z,160.60,161.17,160.02,160.59
2024-03-14T12:00:00Z,160.59,161.52,159.78,160.71
2024-03-14T13:00:00Z,160.71,161.74,159.89,160.92
2024-03-14T14:00:00Z,160.92,161.76,160.33,161.18
2024-03-14T15:00:00Z,161.18,162.16,160.47,161.44
2024-03-14T16:00:00Z,161.44,162.51,160.59,161.66
2024-03-14T17:00:00Z,161.66,162.53,160.94,161.80
2024-03-14T18:00:00Z,161.80,162.41,161.23,161.84
2024-03-14T19:00:00Z,161.84,162.65,160.95,161.76
2024-03-14T20:00:00Z,161.76,162.58,160.79,161.60
2024-03-14T21:00:00Z,161.60,162.18,160.81,161.39
2024-03-14T22:00:00Z,161.39,162.11,160.47,161.18
2024-03-14T23:00:00Z,161.18,162.03,160.19,161.04
2024-03-15T00:00:00Z,161.04,161.76,160.32,161.04
2024-03-15T01:00:00Z,161.04,161.81,160.46,161.23
2024-03-15T02:00:00Z,161.23,162.48,160.42,161.67
2024-03-15T03:00:00Z,161.67,163.19,160.85,162.37
2024-03-15T04:00:00Z,162.37,163.93,161.80,163.35
2024-03-15T05:00:00Z,163.35,165.31,162.63,164.59
2024-03-15T06:00:00Z,164.59,166.89,163.74,166.04
2024-03-15T07:00:00Z,166.04,168.35,165.32,167.63
2024-03-15T08:00:00Z,167.63,169.90,167.05,169.31
2024-03-15T09:00:00Z,169.31,171.80,168.49,170.99
2024-03-15T10:00:00Z,170.99,173.40,170.17,172.59
2024-03-15T11:00:00Z,172.59,174.62,172.02,174.05
2024-03-15T12:00:00Z,174.05,176.06,173.33,175.33
2024-03-15T13:00:00Z,175.33,177.25,174.48,176.40
2024-03-15T14:00:00Z,176.40,177.97,175.70,177.26
2024-03-15T15:00:00Z,177.26,178.49,176.67,177.90
2024-03-15T16:00:00Z,177.90,179.19,177.08,178.36
2024-03-15T17:00:00Z,178.36,179.48,177.56,178.67
2024-03-15T18:00:00Z,178.67,179.42,178.11,178.86
2024-03-15T19:00:00Z,178.86,179.69,178.13,178.95
2024-03-15T20:00:00Z,178.95,179.82,178.11,178.97
2024-03-15T21:00:00Z,178.97,179.67,178.20,178.91
2024-03-15T22:00:00Z,178.91,179.50,178.16,178.75
2024-03-15T23:00:00Z,178.75,179.58,177.66,178.48
2024-03-16T00:00:00Z,178.48,179.29,177.26,178.07
2024-03-16T01:00:00Z,178.07,178.62,176.91,177.47
2024-03-16T02:00:00Z,177.47,178.20,175.91,176.65
2024-03-16T03:00:00Z,176.65,177.50,174.75,175.60
2024-03-16T04:00:00Z,175.60,176.29,173.60,174.30
2024-03-16T05:00:00Z,174.30,174.90,172.18,172.78
2024-03-16T06:00:00Z,172.78,173.60,170.24,171.06
2024-03-16T07:00:00Z,171.06,171.87,168.41,169.22
2024-03-16T08:00:00Z,169.22,169.77,166.76,167.31
2024-03-16T09:00:00Z,167.31,168.05,164.67,165.41
2024-03-16T10:00:00Z,165.41,166.26,162.76,163.61
2024-03-16T11:00:00Z,163.61,164.31,161.30,161.99
2024-03-16T12:00:00Z,161.99,162.60,159.99,160.60
2024-03-16T13:00:00Z,160.60,161.43,158.65,159.48
2024-03-16T14:00:00Z,159.48,160.28,157.85,158.65
2024-03-16T15:00:00Z,158.65,159.19,157.56,158.10
2024-03-16T16:00:00Z,158.10,158.84,157.06,157.80
2024-03-16T17:00:00Z,157.80,158.65,156.85,157.70
2024-03-16T18:00:00Z,157.70,158.43,157.01,157.74
2024-03-16T19:00:00Z,157.74,158.47,157.13,157.86
2024-03-16T20:00:00Z,157.86,158.82,157.03,157.99
2024-03-16T21:00:00Z,157.99,158.88,157.19,158.08
2024-03-16T22:00:00Z,158.08,158.66,157.54,158.12
2024-03-16T23:00:00Z,158.12,158.87,157.33,158.08
2024-03-17T00:00:00Z,158.08,158.92,157.12,157.97
2024-03-17T01:00:00Z,157.97,158.65,157.14,157.82
2024-03-17T02:00:00Z,157.82,158.44,157.05,157.67
2024-03-17T03:00:00Z,157.67,158.50,156.72,157.55
2024-03-17T04:00:00Z,157.55,158.35,156.73,157.53
2024-03-17T05:00:00Z,157.53,158.15,156.99,157.62
2024-03-17T06:00:00Z,157.62,158.60,156.86,157.85
2024-03-17T07:00:00Z,157.85,159.08,157.00,158.23
2024-03-17T08:00:00Z,158.23,159.43,157.55,158.75
2024-03-17T09:00:00Z,158.75,160.00,158.12,159.37
2024-03-17T10:00:00Z,159.37,160.90,158.54,160.06
2024-03-17T11:00:00Z,160.06,161.57,159.27,160.78
2024-03-17T12:00:00Z,160.78,162.00,160.25,161.47
2024-03-17T13:00:00Z,161.47,162.86,160.72,162.10
2024-03-17T14:00:00Z,162.10,163.49,161.26,162.65
2024-03-17T15:00:00Z,162.65,163.77,161.97,163.10
2024-03-17T16:00:00Z,163.10,164.09,162.47,163.46
2024-03-17T17:00:00Z,163.46,164.59,162.62,163.76
2024-03-17T18:00:00Z,163.76,164.82,162.97,164.04
2024-03-17T19:00:00Z,164.04,164.86,163.51,164.34
2024-03-17T20:00:00Z,164.34,165.47,163.58,164.71
2024-03-17T21:00:00Z,164.71,166.03,163.86,165.19
2024-03-17T22:00:00Z,165.19,166.47,164.52,165.80
2024-03-17T23:00:00Z,165.80,167.20,165.17,166.56
2024-03-18T00:00:00Z,166.56,168.29,165.73,167.45
2024-03-18T01:00:00Z,167.45,169.22,166.67,168.44
2024-03-18T02:00:00Z,168.44,169.97,167.92,169.46
2024-03-18T03:00:00Z,169.46,171.22,168.70,170.46
2024-03-18T04:00:00Z,170.46,172.19,169.61,171.35
2024-03-18T05:00:00Z,171.35,172.73,170.69,172.07
2024-03-18T06:00:00Z,172.07,173.19,171.43,172.55
2024-03-18T07:00:00Z,172.55,173.59,171.71,172.75
2024-03-18T08:00:00Z,172.75,173.53,171.87,172.65
2024-03-18T09:00:00Z,172.65,173.15,171.72,172.23
2024-03-18T10:00:00Z,172.23,173.00,170.77,171.54
2024-03-18T11:00:00Z,171.54,172.39,169.77,170.62
2024-03-18T12:00:00Z,170.62,171.28,168.86,169.52
2024-03-18T13:00:00Z,169.52,170.16,167.67,168.32
2024-03-18T14:00:00Z,168.32,169.16,166.24,167.08
2024-03-18T15:00:00Z,167.08,167.86,165.10,165.87
2024-03-18T16:00:00Z,165.87,166.38,164.25,164.75
2024-03-18T17:00:00Z,164.75,165.52,162.97,163.74
2024-03-18T18:00:00Z,163.74,164.58,162.02,162.86
2024-03-18T19:00:00Z,162.86,163.51,161.45,162.11
2024-03-18T20:00:00Z,162.11,162.76,160.81,161.46
2024-03-18T21:00:00Z,161.46,162.30,160.06,160.91
2024-03-18T22:00:00Z,160.91,161.68,159.64,160.41
2024-03-18T23:00:00Z,160.41,160.91,159.45,159.95
2024-03-19T00:00:00Z,159.95,160.72,158.74,159.51
2024-03-19T01:00:00Z,159.51,160.35,158.26,159.10
2024-03-19T02:00:00Z,159.10,159.75,158.08,158.73
2024-03-19T03:00:00Z,158.73,159.39,157.77,158.43
2024-03-19T04:00:00Z,158.43,159.27,157.39,158.23
2024-03-19T05:00:00Z,158.23,159.00,157.43,158.20
2024-03-19T06:00:00Z,158.20,158.86,157.69,158.35
2024-03-19T07:00:00Z,158.35,159.52,157.58,158.75
2024-03-19T08:00:00Z,158.75,160.23,157.91,159.39
2024-03-19T09:00:00Z,159.39,160.92,158.75,160.28
2024-03-19T10:00:00Z,160.28,162.06,159.62,161.40
2024-03-19T11:00:00Z,161.40,163.55,160.56,162.71
2024-03-19T12:00:00Z,162.71,164.90,161.94,164.14
2024-03-19T13:00:00Z,164.14,166.13,163.62,165.61
2024-03-19T14:00:00Z,165.61,167.84,164.83,167.06
2024-03-19T15:00:00Z,167.06,169.22,166.22,168.38
2024-03-19T16:00:00Z,168.38,170.17,167.75,169.53
2024-03-19T17:00:00Z,169.53,171.11,168.86,170.44
2024-03-19T18:00:00Z,170.44,171.94,169.60,171.09
2024-03-19T19:00:00Z,171.09,172.24,170.33,171.48
2024-03-19T20:00:00Z,171.48,172.13,170.96,171.61
2024-03-19T21:00:00Z,171.61,172.40,170.75,171.53
2024-03-19T22:00:00Z,171.53,172.37,170.47,171.30
2024-03-19T23:00:00Z,171.30,171.93,170.34,170.97
2024-03-20T00:00:00Z,170.97,171.64,169.93,170.61
2024-03-20T01:00:00Z,170.61,171.45,169.41,170.26
2024-03-20T02:00:00Z,170.26,171.01,169.20,169.96
2024-03-20T03:00:00Z,169.96,170.48,169.20,169.73
2024-03-20T04:00:00Z,169.73,170.52,168.78,169.57
2024-03-20T05:00:00Z,169.57,170.40,168.63,169.46
2024-03-20T06:00:00Z,169.46,170.09,168.75,169.37
2024-03-20T07:00:00Z,169.37,170.05,168.58,169.26
2024-03-20T08:00:00Z,169.26,170.11,168.24,169.08
2024-03-20T09:00:00Z,169.08,169.84,168.05,168.80
2024-03-20T10:00:00Z,168.80,169.33,167.86,168.39
2024-03-20T11:00:00Z,168.39,169.18,167.05,167.84
2024-03-20T12:00:00Z,167.84,168.67,166.32,167.15
2024-03-20T13:00:00Z,167.15,167.77,165.73,166.35
2024-03-20T14:00:00Z,166.35,167.04,164.80,165.48
2024-03-20T15:00:00Z,165.48,166.33,163.73,164.58
2024-03-20T16:00:00Z,164.58,165.33,162.94,163.69
2024-03-20T17:00:00Z,163.69,164.23,162.32,162.86
2024-03-20T18:00:00Z,162.86,163.66,161.32,162.12
2024-03-20T19:00:00Z,162.12,162.95,160.65,161.48
2024-03-20T20:00:00Z,161.48,162.10,160.33,160.95
2024-03-20T21:00:00Z,160.95,161.64,159.81,160.49
2024-03-20T22:00:00Z,160.49,161.34,159.23,160.08
2024-03-20T23:00:00Z,160.08,160.83,158.92,159.67
2024-03-21T00:00:00Z,159.67,160.21,158.66,159.20
2024-03-21T01:00:00Z,159.20,160.00,157.84,158.64
2024-03-21T02:00:00Z,158.64,159.47,157.12,157.94
2024-03-21T03:00:00Z,157.94,158.55,156.49,157.10
2024-03-21T04:00:00Z,157.10,157.79,155.42,156.11
2024-03-21T05:00:00Z,156.11,156.96,154.15,155.00
2024-03-21T06:00:00Z,155.00,155.74,153.08,153.82
2024-03-21T07:00:00Z,153.82,154.37,152.09,152.64
2024-03-21T08:00:00Z,152.64,153.44,150.72,151.53
2024-03-21T09:00:00Z,151.53,152.35,149.73,150.56
2024-03-21T10:00:00Z,150.56,151.16,149.21,149.81
2024-03-21T11:00:00Z,149.81,150.51,148.65,149.34
2024-03-21T12:00:00Z,149.34,150.19,148.34,149.19
2024-03-21T13:00:00Z,149.19,150.11,148.46,149.38
2024-03-21T14:00:00Z,149.38,150.44,148.82,149.88
2024-03-21T15:00:00Z,149.88,151.49,149.08,150.68
2024-03-21T16:00:00Z,150.68,152.55,149.86,151.73
2024-03-21T17:00:00Z,151.73,153.55,151.13,152.96
2024-03-21T18:00:00Z,152.96,155.01,152.25,154.30
2024-03-21T19:00:00Z,154.30,156.56,153.45,155.71
2024-03-21T20:00:00Z,155.71,157.84,154.97,157.11
2024-03-21T21:00:00Z,157.11,159.04,156.55,158.48
2024-03-21T22:00:00Z,158.48,160.60,157.67,159.79
2024-03-21T23:00:00Z,159.79,161.86,158.97,161.04
2024-03-22T00:00:00Z,161.04,162.83,160.45,162.24
2024-03-22T01:00:00Z,162.24,164.10,161.53,163.40
2024-03-22T02:00:00Z,163.40,165.39,162.55,164.54
2024-03-22T03:00:00Z,164.54,166.42,163.82,165.70
2024-03-22T04:00:00Z,165.70,167.43,165.13,166.86
2024-03-22T05:00:00Z,166.86,168.85,166.05,168.04
2024-03-22T06:00:00Z,168.04,170.03,167.22,169.21
2024-03-22T07:00:00Z,169.21,170.93,168.63,170.35
2024-03-22T08:00:00Z,170.35,172.10,169.63,171.39
2024-03-22T09:00:00Z,171.39,173.14,170.54,172.29
2024-03-22T10:00:00Z,172.29,173.71,171.56,172.99
2024-03-22T11:00:00Z,172.99,174.01,172.42,173.44
2024-03-22T12:00:00Z,173.44,174.42,172.63,173.61
2024-03-22T13:00:00Z,173.61,174.43,172.66,173.47
2024-03-22T14:00:00Z,173.47,174.06,172.46,173.04
2024-03-22T15:00:00Z,173.04,173.76,171.62,172.34
2024-03-22T16:00:00Z,172.34,173.19,170.56,171.41
2024-03-22T17:00:00Z,171.41,172.13,169.61,170.33
2024-03-22T18:00:00Z,170.33,170.91,168.59,169.17
2024-03-22T19:00:00Z,169.17,169.98,167.19,168.00
2024-03-22T20:00:00Z,168.00,168.82,166.10,166.91
2024-03-22T21:00:00Z,166.91,167.49,165.37,165.95
2024-03-22T22:00:00Z,165.95,166.67,164.44,165.16
2024-03-22T23:00:00Z,165.16,166.01,163.70,164.55
2024-03-23T00:00:00Z,164.55,165.27,163.42,164.13
2024-03-23T01:00:00Z,164.13,164.71,163.28,163.86
2024-03-23T02:00:00Z,163.86,164.68,162.88,163.70
2024-03-23T03:00:00Z,163.70,164.51,162.79,163.60
2024-03-23T04:00:00Z,163.60,164.17,162.93,163.50
2024-03-23T05:00:00Z,163.50,164.22,162.61,163.34
2024-03-23T06:00:00Z,163.34,164.19,162.24,163.09
2024-03-23T07:00:00Z,163.09,163.80,162.03,162.74
2024-03-23T08:00:00Z,162.74,163.33,161.67,162.26
2024-03-23T09:00:00Z,162.26,163.08,160.87,161.69
2024-03-23T10:00:00Z,161.69,162.50,160.23,161.04
2024-03-23T11:00:00Z,161.04,161.61,159.81,160.37
2024-03-23T12:00:00Z,160.37,161.10,158.99,159.72
2024-03-23T13:00:00Z,159.72,160.57,158.28,159.13
2024-03-23T14:00:00Z,159.13,159.83,157.94,158.64
2024-03-23T15:00:00Z,158.64,159.24,157.67,158.27
2024-03-23T16:00:00Z,158.27,159.09,157.20,158.02
2024-03-23T17:00:00Z,158.02,158.83,157.08,157.89
2024-03-23T18:00:00Z,157.89,158.45,157.28,157.84
2024-03-23T19:00:00Z,157.84,158.57,157.10,157.84
2024-03-23T20:00:00Z,157.84,158.69,156.99,157.84
2024-03-23T21:00:00Z,157.84,158.54,157.12,157.82
2024-03-23T22:00:00Z,157.82,158.42,157.12,157.73
2024-03-23T23:00:00Z,157.73,158.55,156.73,157.56
2024-03-24T00:00:00Z,157.56,158.36,156.51,157.31
2024-03-24T01:00:00Z,157.31,157.87,156.46,157.02
2024-03-24T02:00:00Z,157.02,157.76,155.96,156.70
2024-03-24T03:00:00Z,156.70,157.55,155.58,156.42
2024-03-24T04:00:00Z,156.42,157.12,155.54,156.24
2024-03-24T05:00:00Z,156.24,156.84,155.59,156.19
2024-03-24T06:00:00Z,156.19,157.17,155.37,156.35
2024-03-24T07:00:00Z,156.35,157.52,155.55,156.72
2024-03-24T08:00:00Z,156.72,157.88,156.17,157.33
2024-03-24T09:00:00Z,157.33,158.90,156.59,158.16
2024-03-24T10:00:00Z,158.16,160.02,157.31,159.17
2024-03-24T11:00:00Z,159.17,161.00,158.48,160.31
2024-03-24T12:00:00Z,160.31,162.11,159.70,161.50
2024-03-24T13:00:00Z,161.50,163.50,160.67,162.67
2024-03-24T14:00:00Z,162.67,164.53,161.87,163.73
2024-03-24T15:00:00Z,163.73,165.16,163.19,164.62
2024-03-24T16:00:00Z,164.62,166.02,163.87,165.28
2024-03-24T17:00:00Z,165.28,166.52,164.43,165.67
2024-03-24T18:00:00Z,165.67,166.48,164.99,165.80
2024-03-24T19:00:00Z,165.80,166.41,165.04,165.66
2024-03-24T20:00:00Z,165.66,166.49,164.46,165.30
2024-03-24T21:00:00Z,165.30,166.09,163.96,164.75
2024-03-24T22:00:00Z,164.75,165.28,163.54,164.07
2024-03-24T23:00:00Z,164.07,164.82,162.57,163.32
2024-03-25T00:00:00Z,163.32,164.17,161.70,162.54
2024-03-25T01:00:00Z,162.54,163.22,161.09,161.77
2024-03-25T02:00:00Z,161.77,162.39,160.40,161.03
2024-03-25T03:00:00Z,161.03,161.86,159.48,160.31
2024-03-25T04:00:00Z,160.31,161.10,158.82,159.61
2024-03-25T05:00:00Z,159.61,160.14,158.39,158.91
2024-03-25T06:00:00Z,158.91,159.67,157.43,158.19
2024-03-25T07:00:00Z,158.19,159.04,156.57,157.42
2024-03-25T08:00:00Z,157.42,158.09,155.90,156.57
2024-03-25T09:00:00Z,156.57,157.20,155.04,155.67
2024-03-25T10:00:00Z,155.67,156.50,153.87,154.70
2024-03-25T11:00:00Z,154.70,155.49,152.93,153.71
2024-03-25T12:00:00Z,153.71,154.24,152.23,152.75
2024-03-25T13:00:00Z,152.75,153.51,151.11,151.86
2024-03-25T14:00:00Z,151.86,152.71,150.27,151.12
2024-03-25T15:00:00Z,151.12,151.79,149.90,150.57
2024-03-25T16:00:00Z,150.57,151.21,149.64,150.28
2024-03-25T17:00:00Z,150.28,151.11,149.42,150.26
2024-03-25T18:00:00Z,150.26,151.32,149.47,150.53
2024-03-25T19:00:00Z,150.53,151.60,150.02,151.09
2024-03-25T20:00:00Z,151.09,152.65,150.32,151.88
2024-03-25T21:00:00Z,151.88,153.71,151.04,152.87
2024-03-25T22:00:00Z,152.87,154.64,152.20,153.97
2024-03-25T23:00:00Z,153.97,155.76,153.33,155.12
2024-03-26T00:00:00Z,155.12,157.07,154.28,156.24
2024-03-26T01:00:00Z,156.24,158.04,155.46,157.26
2024-03-26T02:00:00Z,157.26,158.64,156.75,158.13
2024-03-26T03:00:00Z,158.13,159.61,157.37,158.84
2024-03-26T04:00:00Z,158.84,160.21,158.00,159.37
2024-03-26T05:00:00Z,159.37,160.40,158.71,159.74
2024-03-26T06:00:00Z,159.74,160.64,159.10,159.99
2024-03-26T07:00:00Z,159.99,161.01,159.15,160.17
2024-03-26T08:00:00Z,160.17,161.10,159.39,160.32
2024-03-26T09:00:00Z,160.32,161.02,159.82,160.51
2024-03-26T10:00:00Z,160.51,161.55,159.74,160.78
2024-03-26T11:00:00Z,160.78,161.99,159.93,161.14
2024-03-26T12:00:00Z,161.14,162.28,160.49,161.63
2024-03-26T13:00:00Z,161.63,162.86,160.98,162.21
2024-03-26T14:00:00Z,162.21,163.72,161.37,162.87
2024-03-26T15:00:00Z,162.87,164.35,162.10,163.58
2024-03-26T16:00:00Z,163.58,164.77,163.08,164.27
2024-03-26T17:00:00Z,164.27,165.69,163.50,164.92
2024-03-26T18:00:00Z,164.92,166.31,164.08,165.47
2024-03-26T19:00:00Z,165.47,166.55,164.82,165.90
2024-03-26T20:00:00Z,165.90,166.86,165.25,166.21
2024-03-26T21:00:00Z,166.21,167.23,165.37,166.39
2024-03-26T22:00:00Z,166.39,167.24,165.62,166.47
2024-03-26T23:00:00Z,166.47,166.98,165.96,166.47
2024-03-27T00:00:00Z,166.47,167.25,165.67,166.45
2024-03-27T01:00:00Z,166.45,167.29,165.59,166.43
2024-03-27T02:00:00Z,166.43,167.10,165.79,166.45
2024-03-27T03:00:00Z,166.45,167.19,165.79,166.53
2024-03-27T04:00:00Z,166.53,167.52,165.69,166.68
2024-03-27T05:00:00Z,166.68,167.63,165.91,166.86
2024-03-27T06:00:00Z,166.86,167.57,166.35,167.05
2024-03-27T07:00:00Z,167.05,167.98,166.27,167.20
2024-03-27T08:00:00Z,167.20,168.09,166.36,167.25
2024-03-27T09:00:00Z,167.25,167.89,166.49,167.13
2024-03-27T10:00:00Z,167.13,167.79,166.12,166.79
2024-03-27T11:00:00Z,166.79,167.63,165.33,166.18
2024-03-27T12:00:00Z,166.18,166.94,164.52,165.29
2024-03-27T13:00:00Z,165.29,165.80,163.59,164.10
2024-03-27T14:00:00Z,164.10,164.89,161.88,162.66
2024-03-27T15:00:00Z,162.66,163.50,160.17,161.01
2024-03-27T16:00:00Z,161.01,161.64,158.57,159.20
2024-03-27T17:00:00Z,159.20,159.87,156.66,157.33
2024-03-27T18:00:00Z,157.33,158.18,154.63,155.47
2024-03-27T19:00:00Z,155.47,156.23,152.95,153.71
2024-03-27T20:00:00Z,153.71,154.24,151.59,152.11
2024-03-27T21:00:00Z,152.11,152.90,149.94,150.73
2024-03-27T22:00:00Z,150.73,151.56,148.74,149.58
2024-03-27T23:00:00Z,149.58,150.21,148.05,148.68
2024-03-28T00:00:00Z,148.68,149.36,147.34,148.01
2024-03-28T01:00:00Z,148.01,148.86,146.71,147.55
2024-03-28T02:00:00Z,147.55,148.31,146.50,147.26
2024-03-28T03:00:00Z,147.26,147.79,146.56,147.09
2024-03-28T04:00:00Z,147.09,147.88,146.21,147.00
2024-03-28T05:00:00Z,147.00,147.83,146.14,146.97
2024-03-28T06:00:00Z,146.97,147.60,146.35,146.98
2024-03-28T07:00:00Z,146.98,147.72,146.30,147.04
2024-03-28T08:00:00Z,147.04,147.99,146.19,147.15
2024-03-28T09:00:00Z,147.15,148.09,146.40,147.34
2024-03-28T10:00:00Z,147.34,148.18,146.80,147.65
2024-03-28T11:00:00Z,147.65,148.89,146.85,148.09
2024-03-28T12:00:00Z,148.09,149.54,147.26,148.71
2024-03-28T13:00:00Z,148.71,150.11,148.09,149.50
2024-03-28T14:00:00Z,149.50,151.14,148.81,150.45
2024-03-28T15:00:00Z,150.45,152.40,149.61,151.55
2024-03-28T16:00:00Z,151.55,153.50,150.81,152.75
2024-03-28T17:00:00Z,152.75,154.54,152.21,154.00
2024-03-28T18:00:00Z,154.00,156.01,153.20,155.21
2024-03-28T19:00:00Z,155.21,157.17,154.38,156.34
2024-03-28T20:00:00Z,156.34,157.92,155.73,157.31
2024-03-28T21:00:00Z,157.31,158.76,156.62,158.07
2024-03-28T22:00:00Z,158.07,159.46,157.23,158.61
2024-03-28T23:00:00Z,158.61,159.64,157.87,158.90
2024-03-29T00:00:00Z,158.90,159.52,158.35,158.97
2024-03-29T01:00:00Z,158.97,159.77,158.06,158.86
2024-03-29T02:00:00Z,158.86,159.69,157.79,158.62
2024-03-29T03:00:00Z,158.62,159.22,157.71,158.31
2024-03-29T04:00:00Z,158.31,159.01,157.32,158.01
2024-03-29T05:00:00Z,158.01,158.86,156.93,157.78
2024-03-29T06:00:00Z,157.78,158.52,156.93,157.67
2024-03-29T07:00:00Z,157.67,158.25,157.11,157.70
2024-03-29T08:00:00Z,157.70,158.69,156.89,157.88
2024-03-29T09:00:00Z,157.88,159.04,157.06,158.21
2024-03-29T10:00:00Z,158.21,159.25,157.61,158.65
2024-03-29T11:00:00Z,158.65,159.86,157.95,159.16
2024-03-29T12:00:00Z,159.16,160.51,158.31,159.66
2024-03-29T13:00:00Z,159.66,160.85,158.93,160.12
2024-03-29T14:00:00Z,160.12,161.04,159.56,160.48
2024-03-29T15:00:00Z,160.48,161.50,159.67,160.69
2024-03-29T16:00:00Z,160.69,161.57,159.87,160.75
2024-03-29T17:00:00Z,160.75,161.34,160.05,160.64
2024-03-29T18:00:00Z,160.64,161.35,159.69,160.39
2024-03-29T19:00:00Z,160.39,161.24,159.18,160.03
2024-03-29T20:00:00Z,160.03,160.76,158.86,159.59
2024-03-29T21:00:00Z,159.59,160.16,158.56,159.13
2024-03-29T22:00:00Z,159.13,159.94,157.86,158.67
2024-03-29T23:00:00Z,158.67,159.49,157.43,158.25
2024-03-30T00:00:00Z,158.25,158.84,157.30,157.89
2024-03-30T01:00:00Z,157.89,158.60,156.87,157.58
2024-03-30T02:00:00Z,157.58,158.43,156.46,157.31
2024-03-30T03:00:00Z,157.31,158.04,156.33,157.06
2024-03-30T04:00:00Z,157.06,157.63,156.20,156.77
2024-03-30T05:00:00Z,156.77,157.59,155.61,156.43
2024-03-30T06:00:00Z,156.43,157.24,155.16,155.98
2024-03-30T07:00:00Z,155.98,156.56,154.83,155.41
2024-03-30T08:00:00Z,155.41,156.13,154.00,154.72
2024-03-30T09:00:00Z,154.72,155.57,153.07,153.92
2024-03-30T10:00:00Z,153.92,154.64,152.32,153.04
2024-03-30T11:00:00Z,153.04,153.62,151.57,152.15
2024-03-30T12:00:00Z,152.15,152.96,150.48,151.29
2024-03-30T13:00:00Z,151.29,152.11,149.74,150.56
2024-03-30T14:00:00Z,150.56,151.14,149.43,150.01
2024-03-30T15:00:00Z,150.01,150.73,148.98,149.70
2024-03-30T16:00:00Z,149.70,150.55,148.83,149.68
2024-03-30T17:00:00Z,149.68,150.69,148.97,149.97
2024-03-30T18:00:00Z,149.97,151.14,149.39,150.56
2024-03-30T19:00:00Z,150.56,152.23,149.74,151.42
2024-03-30T20:00:00Z,151.42,153.31,150.60,152.50
2024-03-30T21:00:00Z,152.50,154.30,151.92,153.73
2024-03-30T22:00:00Z,153.73,155.75,153.00,155.03
2024-03-30T23:00:00Z,155.03,157.18,154.18,156.33
2024-03-31T00:00:00Z,156.33,158.27,155.62,157.56
2024-03-31T01:00:00Z,157.56,159.24,156.97,158.66
2024-03-31T02:00:00Z,158.66,160.41,157.84,159.59
2024-03-31T03:00:00Z,159.59,161.14,158.78,160.33
2024-03-31T04:00:00Z,160.33,161.45,159.76,160.89
2024-03-31T05:00:00Z,160.89,162.01,160.16,161.28
2024-03-31T06:00:00Z,161.28,162.38,160.43,161.53
2024-03-31T07:00:00Z,161.53,162.39,160.83,161.69
2024-03-31T08:00:00Z,161.69,162.37,161.09,161.77
2024-03-31T09:00:00Z,161.77,162.64,160.95,161.82
2024-03-31T10:00:00Z,161.82,162.64,161.01,161.83
2024-03-31T11:00:00Z,161.83,162.39,161.25,161.81
2024-03-31T12:00:00Z,161.81,162.55,161.01,161.75
2024-03-31T13:00:00Z,161.75,162.59,160.75,161.60
2024-03-31T14:00:00Z,161.60,162.30,160.64,161.34
2024-03-31T15:00:00Z,161.34,161.94,160.33,160.93
2024-03-31T16:00:00Z,160.93,161.75,159.51,160.34
2024-03-31T17:00:00Z,160.34,161.14,158.74,159.54
2024-03-31T18:00:00Z,159.54,160.10,157.99,158.55
2024-03-31T19:00:00Z,158.55,159.28,156.62,157.36
2024-03-31T20:00:00Z,157.36,158.21,155.17,156.02
2024-03-31T21:00:00Z,156.02,156.72,153.89,154.59
2024-03-31T22:00:00Z,154.59,155.20,152.52,153.13
2024-03-31T23:00:00Z,153.13,153.95,150.87,151.70
2024-04-01T00:00:00Z,151.70,152.50,149.59,150.39
2024-04-01T01:00:00Z,150.39,150.94,148.70,149.24
2024-04-01T02:00:00Z,149.24,149.99,147.57,148.31
2024-04-01T03:00:00Z,148.31,149.16,146.77,147.62
2024-04-01T04:00:00Z,147.62,148.31,146.47,147.16
2024-04-01T05:00:00Z,147.16,147.77,146.30,146.91
2024-04-01T06:00:00Z,146.91,147.74,145.99,146.82
2024-04-01T07:00:00Z,146.82,147.64,146.02,146.84
2024-04-01T08:00:00Z,146.84,147.45,146.30,146.91
2024-04-01T09:00:00Z,146.91,147.70,146.16,146.96
2024-04-01T10:00:00Z,146.96,147.81,146.09,146.94
2024-04-01T11:00:00Z,146.94,147.62,146.12,146.81
2024-04-01T12:00:00Z,146.81,147.42,145.94,146.55
2024-04-01T13:00:00Z,146.55,147.38,145.35,146.18
2024-04-01T14:00:00Z,146.18,146.98,144.92,145.72
2024-04-01T15:00:00Z,145.72,146.25,144.67,145.20
2024-04-01T16:00:00Z,145.20,145.95,143.94,144.69
2024-04-01T17:00:00Z,144.69,145.54,143.39,144.24
2024-04-01T18:00:00Z,144.24,144.92,143.22,143.90
2024-04-01T19:00:00Z,143.90,144.52,143.09,143.71
2024-04-01T20:00:00Z,143.71,144.54,142.88,143.71
2024-04-01T21:00:00Z,143.71,144.69,142.92,143.90
2024-04-01T22:00:00Z,143.90,144.80,143.37,144.27
2024-04-01T23:00:00Z,144.27,145.56,143.52,144.81
2024-04-02T00:00:00Z,144.81,146.30,143.96,145.46
2024-04-02T01:00:00Z,145.46,146.86,144.78,146.18
2024-04-02T02:00:00Z,146.18,147.58,145.56,146.95
2024-04-02T03:00:00Z,146.95,148.55,146.11,147.72
2024-04-02T04:00:00Z,147.72,149.25,146.93,148.46
2024-04-02T05:00:00Z,148.46,149.71,147.94,149.18
2024-04-02T06:00:00Z,149.18,150.65,148.43,149.89
2024-04-02T07:00:00Z,149.89,151.45,149.05,150.61
2024-04-02T08:00:00Z,150.61,152.04,149.93,151.36
2024-04-02T09:00:00Z,151.36,152.84,150.73,152.20
2024-04-02T10:00:00Z,152.20,154.00,151.37,153.16
2024-04-02T11:00:00Z,153.16,155.04,152.37,154.25
2024-04-02T12:00:00Z,154.25,156.01,153.74,155.50
2024-04-02T13:00:00Z,155.50,157.64,154.73,156.88
2024-04-02T14:00:00Z,156.88,159.20,156.03,158.36
2024-04-02T15:00:00Z,158.36,160.56,157.69,159.90
2024-04-02T16:00:00Z,159.90,162.05,159.26,161.41
2024-04-02T17:00:00Z,161.41,163.67,160.58,162.83
2024-04-02T18:00:00Z,162.83,164.86,162.05,164.08
2024-04-02T19:00:00Z,164.08,165.59,163.57,165.08
2024-04-02T20:00:00Z,165.08,166.53,164.31,165.76
2024-04-02T21:00:00Z,165.76,166.94,164.92,166.10
2024-04-02T22:00:00Z,166.10,166.76,165.41,166.07
2024-04-02T23:00:00Z,166.07,166.71,165.04,165.68
2024-04-03T00:00:00Z,165.68,166.52,164.14,164.98
2024-04-03T01:00:00Z,164.98,165.76,163.23,164.01
2024-04-03T02:00:00Z,164.01,164.52,162.34,162.84
2024-04-03T03:00:00Z,162.84,163.61,160.78,161.55
2024-04-03T04:00:00Z,161.55,162.39,159.36,160.20
2024-04-03T05:00:00Z,160.20,160.85,158.20,158.85
2024-04-03T06:00:00Z,158.85,159.50,156.91,157.56
2024-04-03T07:00:00Z,157.56,158.40,155.50,156.34
2024-04-03T08:00:00Z,156.34,157.12,154.44,155.21
2024-04-03T09:00:00Z,155.21,155.71,153.66,154.16
2024-04-03T10:00:00Z,154.16,154.94,152.40,153.17
2024-04-03T11:00:00Z,153.17,154.01,151.37,152.22
2024-04-03T12:00:00Z,152.22,152.87,150.61,151.27
2024-04-03T13:00:00Z,151.27,151.92,149.65,150.30
2024-04-03T14:00:00Z,150.30,151.14,148.48,149.32
2024-04-03T15:00:00Z,149.32,150.09,147.55,148.33
2024-04-03T16:00:00Z,148.33,148.83,146.84,147.34
2024-04-03T17:00:00Z,147.34,148.12,145.62,146.40
2024-04-03T18:00:00Z,146.40,147.24,144.71,145.55
2024-04-03T19:00:00Z,145.55,146.20,144.19,144.84
2024-04-03T20:00:00Z,144.84,145.50,143.65,144.31
2024-04-03T21:00:00Z,144.31,145.16,143.16,144.00
2024-04-03T22:00:00Z,144.00,144.77,143.16,143.93
2024-04-03T23:00:00Z,143.93,144.61,143.42,144.09
2024-04-04T00:00:00Z,144.09,145.25,143.31,144.47
2024-04-04T01:00:00Z,144.47,145.86,143.63,145.02
2024-04-04T02:00:00Z,145.02,146.32,144.38,145.68
2024-04-04T03:00:00Z,145.68,147.06,145.02,146.39
2024-04-04T04:00:00Z,146.39,147.93,145.55,147.08
2024-04-04T05:00:00Z,147.08,148.45,146.32,147.68
2024-04-04T06:00:00Z,147.68,148.67,147.17,148.15
2024-04-04T07:00:00Z,148.15,149.23,147.37,148.45
2024-04-04T08:00:00Z,148.45,149.40,147.61,148.56
2024-04-04T09:00:00Z,148.56,149.20,147.88,148.52
2024-04-04T10:00:00Z,148.52,149.19,147.67,148.34
2024-04-04T11:00:00Z,148.34,149.19,147.25,148.09
2024-04-04T12:00:00Z,148.09,148.85,147.06,147.82
2024-04-04T13:00:00Z,147.82,148.34,147.07,147.59
2024-04-04T14:00:00Z,147.59,148.38,146.68,147.47
2024-04-04T15:00:00Z,147.47,148.33,146.64,147.49
2024-04-04T16:00:00Z,147.49,148.31,146.86,147.68
2024-04-04T17:00:00Z,147.68,148.72,147.01,148.04
2024-04-04T18:00:00Z,148.04,149.40,147.19,148.56
2024-04-04T19:00:00Z,148.56,149.95,147.80,149.19
2024-04-04T20:00:00Z,149.19,150.42,148.66,149.89
2024-04-04T21:00:00Z,149.89,151.39,149.10,150.60
2024-04-04T22:00:00Z,150.60,152.10,149.77,151.27
2024-04-04T23:00:00Z,151.27,152.47,150.65,151.84
2024-04-05T00:00:00Z,151.84,152.96,151.16,152.28
2024-04-05T01:00:00Z,152.28,153.42,151.44,152.58
2024-04-05T02:00:00Z,152.58,153.47,151.82,152.72
2024-04-05T03:00:00Z,152.72,153.26,152.18,152.72
2024-04-05T04:00:00Z,152.72,153.52,151.83,152.62
2024-04-05T05:00:00Z,152.62,153.45,151.62,152.45
2024-04-05T06:00:00Z,152.45,153.07,151.62,152.24
2024-04-05T07:00:00Z,152.24,152.93,151.35,152.03
2024-04-05T08:00:00Z,152.03,152.88,150.99,151.84
2024-04-05T09:00:00Z,151.84,152.58,150.92,151.67
2024-04-05T10:00:00Z,151.67,152.21,150.97,151.51
2024-04-05T11:00:00Z,151.51,152.31,150.54,151.34
2024-04-05T12:00:00Z,151.34,152.16,150.28,151.11
2024-04-05T13:00:00Z,151.11,151.72,150.17,150.79
2024-04-05T14:00:00Z,150.79,151.48,149.63,150.32
2024-04-05T15:00:00Z,150.32,151.17,148.84,149.68
2024-04-05T16:00:00Z,149.68,150.43,148.11,148.85
2024-04-05T17:00:00Z,148.85,149.40,147.27,147.82
2024-04-05T18:00:00Z,147.82,148.62,145.81,146.61
2024-04-05T19:00:00Z,146.61,147.44,144.44,145.27
2024-04-05T20:00:00Z,145.27,145.88,143.26,143.86
2024-04-05T21:00:00Z,143.86,144.56,141.77,142.46
2024-04-05T22:00:00Z,142.46,143.31,140.30,141.15
2024-04-05T23:00:00Z,141.15,141.89,139.27,140.01
2024-04-06T00:00:00Z,140.01,140.56,138.56,139.11
2024-04-06T01:00:00Z,139.11,139.92,137.71,138.52
2024-04-06T02:00:00Z,138.52,139.34,137.42,138.25
2024-04-06T03:00:00Z,138.25,138.92,137.65,138.32
2024-04-06T04:00:00Z,138.32,139.41,137.62,138.71
2024-04-06T05:00:00Z,138.71,140.23,137.86,139.38
2024-04-06T06:00:00Z,139.38,141.01,138.64,140.28
2024-04-06T07:00:00Z,140.28,141.89,139.72,141.34
2024-04-06T08:00:00Z,141.34,143.30,140.53,142.49
2024-04-06T09:00:00Z,142.49,144.51,141.67,143.68
2024-04-06T10:00:00Z,143.68,145.46,143.09,144.86
2024-04-06T11:00:00Z,144.86,146.70,144.16,146.00
2024-04-06T12:00:00Z,146.00,147.93,145.15,147.08
2024-04-06T13:00:00Z,147.08,148.83,146.35,148.10
2024-04-06T14:00:00Z,148.10,149.64,147.54,149.08
2024-04-06T15:00:00Z,149.08,150.85,148.27,150.04
2024-04-06T16:00:00Z,150.04,151.84,149.22,151.01
2024-04-06T17:00:00Z,151.01,152.60,150.42,152.01
2024-04-06T18:00:00Z,152.01,153.75,151.30,153.04
2024-04-06T19:00:00Z,153.04,154.95,152.19,154.10
2024-04-06T20:00:00Z,154.10,155.88,153.37,155.16
2024-04-06T21:00:00Z,155.16,156.76,154.59,156.19
2024-04-06T22:00:00Z,156.19,157.96,155.38,157.14
2024-04-06T23:00:00Z,157.14,158.78,156.33,157.96
2024-04-07T00:00:00Z,157.96,159.18,157.38,158.60
2024-04-07T01:00:00Z,158.60,159.72,157.88,159.00
2024-04-07T02:00:00Z,159.00,159.99,158.15,159.14
2024-04-07T03:00:00Z,159.14,159.86,158.29,159.01
2024-04-07T04:00:00Z,159.01,159.59,158.04,158.62
2024-04-07T05:00:00Z,158.62,159.43,157.18,157.99
2024-04-07T06:00:00Z,157.99,158.81,156.37,157.18
2024-04-07T07:00:00Z,157.18,157.76,155.68,156.26
2024-04-07T08:00:00Z,156.26,156.97,154.56,155.28
2024-04-07T09:00:00Z,155.28,156.13,153.48,154.33
2024-04-07T10:00:00Z,154.33,155.05,152.74,153.46
2024-04-07T11:00:00Z,153.46,154.04,152.12,152.70
2024-04-07T12:00:00Z,152.70,153.52,151.28,152.10
2024-04-07T13:00:00Z,152.10,152.91,150.82,151.63
2024-04-07T14:00:00Z,151.63,152.21,150.72,151.29
2024-04-07T15:00:00Z,151.29,152.01,150.30,151.02
2024-04-07T16:00:00Z,151.02,151.87,149.93,150.78
2024-04-07T17:00:00Z,150.78,151.49,149.79,150.50
2024-04-07T18:00:00Z,150.50,151.09,149.54,150.13
2024-04-07T19:00:00Z,150.13,150.95,148.80,149.62
2024-04-07T20:00:00Z,149.62,150.43,148.12,148.93
2024-04-07T21:00:00Z,148.93,149.50,147.50,148.06
2024-04-07T22:00:00Z,148.06,148.79,146.30,147.03
2024-04-07T23:00:00Z,147.03,147.88,145.00,145.85
2024-04-08T00:00:00Z,145.85,146.55,143.86,144.57
2024-04-08T01:00:00Z,144.57,145.16,142.66,143.25
2024-04-08T02:00:00Z,143.25,144.07,141.13,141.95
2024-04-08T03:00:00Z,141.95,142.76,139.91,140.72
2024-04-08T04:00:00Z,140.72,141.28,139.05,139.61
2024-04-08T05:00:00Z,139.61,140.34,137.90,138.64
2024-04-08T06:00:00Z,138.64,139.49,136.97,137.82
2024-04-08T07:00:00Z,137.82,138.52,136.44,137.14
2024-04-08T08:00:00Z,137.14,137.74,136.00,136.60
2024-04-08T09:00:00Z,136.60,137.42,135.32,136.15
2024-04-08T10:00:00Z,136.15,136.95,134.96,135.76
2024-04-08T11:00:00Z,135.76,136.32,134.86,135.41
2024-04-08T12:00:00Z,135.41,136.15,134.34,135.08
2024-04-08T13:00:00Z,135.08,135.93,133.91,134.76
2024-04-08T14:00:00Z,134.76,135.45,133.76,134.46
2024-04-08T15:00:00Z,134.46,135.06,133.60,134.21
2024-04-08T16:00:00Z,134.21,135.03,133.22,134.05
2024-04-08T17:00:00Z,134.05,134.85,133.22,134.03
2024-04-08T18:00:00Z,134.03,134.75,133.48,134.20
2024-04-08T19:00:00Z,134.20,135.35,133.46,134.61
2024-04-08T20:00:00Z,134.61,136.14,133.76,135.29
2024-04-08T21:00:00Z,135.29,136.95,134.60,136.26
2024-04-08T22:00:00Z,136.26,138.11,135.65,137.50
2024-04-08T23:00:00Z,137.50,139.81,136.67,138.99
2024-04-09T00:00:00Z,138.99,141.46,138.19,140.66
2024-04-09T01:00:00Z,140.66,143.00,140.12,142.45
2024-04-09T02:00:00Z,142.45,145.02,141.71,144.28
2024-04-09T03:00:00Z,144.28,146.90,143.43,146.05
2024-04-09T04:00:00Z,146.05,148.37,145.36,147.68
2024-04-09T05:00:00Z,147.68,149.72,147.07,149.10
2024-04-09T06:00:00Z,149.10,151.10,148.27,150.27
2024-04-09T07:00:00Z,150.27,151.95,149.48,151.15
2024-04-09T08:00:00Z,151.15,152.28,150.62,151.75
2024-04-09T09:00:00Z,151.75,152.82,151.00,152.07
2024-04-09T10:00:00Z,152.07,153.01,151.22,152.16
2024-04-09T11:00:00Z,152.16,152.84,151.38,152.07
2024-04-09T12:00:00Z,152.07,152.69,151.22,151.84
2024-04-09T13:00:00Z,151.84,152.68,150.71,151.55
2024-04-09T14:00:00Z,151.55,152.34,150.42,151.21
2024-04-09T15:00:00Z,151.21,151.75,150.34,150.88
2024-04-09T16:00:00Z,150.88,151.63,149.79,150.54
2024-04-09T17:00:00Z,150.54,151.39,149.37,150.21
2024-04-09T18:00:00Z,150.21,150.89,149.19,149.87
2024-04-09T19:00:00Z,149.87,150.50,148.86,149.48
2024-04-09T20:00:00Z,149.48,150.32,148.20,149.03
2024-04-09T21:00:00Z,149.03,149.82,147.69,148.48
2024-04-09T22:00:00Z,148.48,149.01,147.30,147.82
2024-04-09T23:00:00Z,147.82,148.58,146.30,147.06
2024-04-10T00:00:00Z,147.06,147.90,145.35,146.19
2024-04-10T01:00:00Z,146.19,146.87,144.60,145.27
2024-04-10T02:00:00Z,145.27,145.90,143.70,144.33
2024-04-10T03:00:00Z,144.33,145.16,142.59,143.43
2024-04-10T04:00:00Z,143.43,144.21,141.84,142.63
2024-04-10T05:00:00Z,142.63,143.15,141.45,141.97
2024-04-10T06:00:00Z,141.97,142.73,140.75,141.51
2024-04-10T07:00:00Z,141.51,142.36,140.42,141.27
2024-04-10T08:00:00Z,141.27,141.94,140.58,141.24
2024-04-10T09:00:00Z,141.24,142.06,140.61,141.42
2024-04-10T10:00:00Z,141.42,142.59,140.58,141.75
2024-04-10T11:00:00Z,141.75,142.97,140.97,142.19
2024-04-10T12:00:00Z,142.19,143.18,141.68,142.67
2024-04-10T13:00:00Z,142.67,143.88,141.90,143.12
2024-04-10T14:00:00Z,143.12,144.32,142.27,143.47
2024-04-10T15:00:00Z,143.47,144.36,142.81,143.69
2024-04-10T16:00:00Z,143.69,144.39,143.05,143.74
2024-04-10T17:00:00Z,143.74,144.58,142.78,143.62
2024-04-10T18:00:00Z,143.62,144.40,142.56,143.34
2024-04-10T19:00:00Z,143.34,143.85,142.43,142.94
2024-04-10T20:00:00Z,142.94,143.71,141.70,142.47
2024-04-10T21:00:00Z,142.47,143.31,141.15,142.00
2024-04-10T22:00:00Z,142.00,142.65,140.92,141.58
2024-04-10T23:00:00Z,141.58,142.23,140.63,141.27
2024-04-11T00:00:00Z,141.27,142.11,140.29,141.13
2024-04-11T01:00:00Z,141.13,141.93,140.35,141.16
2024-04-11T02:00:00Z,141.16,141.88,140.66,141.38
2024-04-11T03:00:00Z,141.38,142.53,140.60,141.76
2024-04-11T04:00:00Z,141.76,143.13,140.92,142.28
2024-04-11T05:00:00Z,142.28,143.55,141.63,142.90
2024-04-11T06:00:00Z,142.90,144.20,142.24,143.55
2024-04-11T07:00:00Z,143.55,145.03,142.71,144.19
2024-04-11T08:00:00Z,144.19,145.54,143.41,144.77
2024-04-11T09:00:00Z,144.77,145.78,144.27,145.28
2024-04-11T10:00:00Z,145.28,146.46,144.50,145.68
2024-04-11T11:00:00Z,145.68,146.83,144.84,145.99
2024-04-11T12:00:00Z,145.99,146.88,145.35,146.23
2024-04-11T13:00:00Z,146.23,147.08,145.57,146.42
2024-04-11T14:00:00Z,146.42,147.44,145.58,146.60
2024-04-11T15:00:00Z,146.60,147.55,145.83,146.78
2024-04-11T16:00:00Z,146.78,147.52,146.28,147.01
2024-04-11T17:00:00Z,147.01,148.06,146.23,147.28
2024-04-11T18:00:00Z,147.28,148.42,146.44,147.58
2024-04-11T19:00:00Z,147.58,148.54,146.94,147.90
2024-04-11T20:00:00Z,147.90,148.84,147.23,148.17
2024-04-11T21:00:00Z,148.17,149.21,147.33,148.36
2024-04-11T22:00:00Z,148.36,149.17,147.60,148.40
2024-04-11T23:00:00Z,148.40,148.92,147.72,148.24
2024-04-12T00:00:00Z,148.24,149.02,147.03,147.82
2024-04-12T01:00:00Z,147.82,148.65,146.27,147.11
2024-04-12T02:00:00Z,147.11,147.75,145.48,146.11
2024-04-12T03:00:00Z,146.11,146.78,144.17,144.84
2024-04-12T04:00:00Z,144.84,145.68,142.48,143.32
2024-04-12T05:00:00Z,143.32,144.08,140.87,141.63
2024-04-12T06:00:00Z,141.63,142.15,139.32,139.84
2024-04-12T07:00:00Z,139.84,140.63,137.24,138.03
2024-04-12T08:00:00Z,138.03,138.87,135.45,136.29
2024-04-12T09:00:00Z,136.29,136.92,134.06,134.69
2024-04-12T10:00:00Z,134.69,135.36,132.62,133.30
2024-04-12T11:00:00Z,133.30,134.14,131.30,132.15
2024-04-12T12:00:00Z,132.15,132.91,130.51,131.26
2024-04-12T13:00:00Z,131.26,131.79,130.11,130.64
2024-04-12T14:00:00Z,130.64,131.43,129.45,130.24
2024-04-12T15:00:00Z,130.24,131.08,129.21,130.04
2024-04-12T16:00:00Z,130.04,130.67,129.37,129.99
2024-04-12T17:00:00Z,129.99,130.72,129.31,130.04
2024-04-12T18:00:00Z,130.04,131.01,129.20,130.16
2024-04-12T19:00:00Z,130.16,131.06,129.41,130.31
2024-04-12T20:00:00Z,130.31,131.02,129.78,130.48
2024-04-12T21:00:00Z,130.48,131.48,129.69,130.68
2024-04-12T22:00:00Z,130.68,131.76,129.85,130.93
2024-04-12T23:00:00Z,130.93,131.86,130.31,131.24
2024-04-13T00:00:00Z,131.24,132.34,130.56,131.66
2024-04-13T01:00:00Z,131.66,133.05,130.81,132.21
2024-04-13T02:00:00Z,132.21,133.65,131.46,132.91
2024-04-13T03:00:00Z,132.91,134.30,132.37,133.77
2024-04-13T04:00:00Z,133.77,135.57,132.97,134.78
2024-04-13T05:00:00Z,134.78,136.74,133.95,135.91
2024-04-13T06:00:00Z,135.91,137.73,135.29,137.12
2024-04-13T07:00:00Z,137.12,139.04,136.43,138.35
2024-04-13T08:00:00Z,138.35,140.39,137.50,139.54
2024-04-13T09:00:00Z,139.54,141.38,138.80,140.63
2024-04-13T10:00:00Z,140.63,142.12,140.09,141.57
2024-04-13T11:00:00Z,141.57,143.12,140.77,142.32
2024-04-13T12:00:00Z,142.32,143.70,141.50,142.87
2024-04-13T13:00:00Z,142.87,143.83,142.26,143.22
2024-04-13T14:00:00Z,143.22,144.09,142.52,143.39
2024-04-13T15:00:00Z,143.39,144.29,142.54,143.44
2024-04-13T16:00:00Z,143.44,144.18,142.68,143.42
2024-04-13T17:00:00Z,143.42,143.97,142.85,143.40
2024-04-13T18:00:00Z,143.40,144.24,142.60,143.43
2024-04-13T19:00:00Z,143.43,144.41,142.61,143.58
2024-04-13T20:00:00Z,143.58,144.47,142.98,143.87
2024-04-13T21:00:00Z,143.87,145.02,143.17,144.32
2024-04-13T22:00:00Z,144.32,145.77,143.47,144.92
2024-04-13T23:00:00Z,144.92,146.38,144.19,145.64
2024-04-14T00:00:00Z,145.64,146.99,145.09,146.43
2024-04-14T01:00:00Z,146.43,148.04,145.63,147.23
2024-04-14T02:00:00Z,147.23,148.80,146.41,147.97
2024-04-14T03:00:00Z,147.97,149.19,147.38,148.59
2024-04-14T04:00:00Z,148.59,149.74,147.89,149.04
2024-04-14T05:00:00Z,149.04,150.13,148.19,149.28
2024-04-14T06:00:00Z,149.28,150.01,148.54,149.28
2024-04-14T07:00:00Z,149.28,149.85,148.50,149.06
2024-04-14T08:00:00Z,149.06,149.87,147.83,148.64
2024-04-14T09:00:00Z,148.64,149.46,147.23,148.05
2024-04-14T10:00:00Z,148.05,148.64,146.75,147.34
2024-04-14T11:00:00Z,147.34,148.05,145.84,146.55
2024-04-14T12:00:00Z,146.55,147.40,144.88,145.73
2024-04-14T13:00:00Z,145.73,146.45,144.17,144.90
2024-04-14T14:00:00Z,144.90,145.47,143.51,144.08
2024-04-14T15:00:00Z,144.08,144.89,142.47,143.28
2024-04-14T16:00:00Z,143.28,144.10,141.65,142.47
2024-04-14T17:00:00Z,142.47,143.06,141.06,141.65
2024-04-14T18:00:00Z,141.65,142.36,140.05,140.76
2024-04-14T19:00:00Z,140.76,141.61,138.94,139.79
2024-04-14T20:00:00Z,139.79,140.52,138.00,138.72
2024-04-14T21:00:00Z,138.72,139.29,136.96,137.53
2024-04-14T22:00:00Z,137.53,138.35,135.42,136.24
2024-04-14T23:00:00Z,136.24,137.05,134.05,134.86
2024-04-15T00:00:00Z,134.86,135.44,132.88,133.46
2024-04-15T01:00:00Z,133.46,134.18,131.37,132.09
2024-04-15T02:00:00Z,132.09,132.94,129.96,130.81
2024-04-15T03:00:00Z,130.81,131.53,128.99,129.71
2024-04-15T04:00:00Z,129.71,130.29,128.27,128.85
2024-04-15T05:00:00Z,128.85,129.66,127.46,128.27
2024-04-15T06:00:00Z,128.27,129.09,127.20,128.02
2024-04-15T07:00:00Z,128.02,128.67,127.44,128.09
2024-04-15T08:00:00Z,128.09,129.20,127.37,128.48
2024-04-15T09:00:00Z,128.48,129.99,127.63,129.14
2024-04-15T10:00:00Z,129.14,130.72,128.43,130.01
2024-04-15T11:00:00Z,130.01,131.60,129.42,131.01
2024-04-15T12:00:00Z,131.01,132.90,130.19,132.08
2024-04-15T13:00:00Z,132.08,133.94,131.27,133.13
2024-04-15T14:00:00Z,133.13,134.66,132.56,134.09
2024-04-15T15:00:00Z,134.09,135.66,133.37,134.93
2024-04-15T16:00:00Z,134.93,136.47,134.08,135.62
2024-04-15T17:00:00Z,135.62,136.86,134.91,136.15
2024-04-15T18:00:00Z,136.15,137.12,135.56,136.53
2024-04-15T19:00:00Z,136.53,137.62,135.71,136.80
2024-04-15T20:00:00Z,136.80,137.79,135.99,136.99
2024-04-15T21:00:00Z,136.99,137.70,136.42,137.14
2024-04-15T22:00:00Z,137.14,138.02,136.41,137.29
2024-04-15T23:00:00Z,137.29,138.31,136.44,137.46
2024-04-16T00:00:00Z,137.46,138.37,136.76,137.67
2024-04-16T01:00:00Z,137.67,138.50,137.07,137.91
2024-04-16T02:00:00Z,137.91,138.98,137.08,138.15
2024-04-16T03:00:00Z,138.15,139.18,137.35,138.38
2024-04-16T04:00:00Z,138.38,139.10,137.82,138.54
2024-04-16T05:00:00Z,138.54,139.34,137.81,138.60
2024-04-16T06:00:00Z,138.60,139.45,137.69,138.54
2024-04-16T07:00:00Z,138.54,139.24,137.62,138.32
2024-04-16T08:00:00Z,138.32,138.92,137.34,137.95
2024-04-16T09:00:00Z,137.95,138.77,136.61,137.44
2024-04-16T10:00:00Z,137.44,138.24,136.02,136.82
2024-04-16T11:00:00Z,136.82,137.37,135.60,136.15
2024-04-16T12:00:00Z,136.15,136.89,134.75,135.49
2024-04-16T13:00:00Z,135.49,136.33,134.03,134.88
2024-04-16T14:00:00Z,134.88,135.57,133.69,134.38
2024-04-16T15:00:00Z,134.38,134.99,133.44,134.05
2024-04-16T16:00:00Z,134.05,134.87,133.06,133.89
2024-04-16T17:00:00Z,133.89,134.71,133.09,133.91
2024-04-16T18:00:00Z,133.91,134.65,133.37,134.10
2024-04-16T19:00:00Z,134.10,135.15,133.36,134.41
2024-04-16T20:00:00Z,134.41,135.63,133.56,134.78
2024-04-16T21:00:00Z,134.78,135.84,134.09,135.15
2024-04-16T22:00:00Z,135.15,136.07,134.54,135.46
2024-04-16T23:00:00Z,135.46,136.46,134.63,135.63
2024-04-17T00:00:00Z,135.63,136.43,134.84,135.64
2024-04-17T01:00:00Z,135.64,136.18,134.91,135.44
2024-04-17T02:00:00Z,135.44,136.19,134.30,135.05
2024-04-17T03:00:00Z,135.05,135.90,133.63,134.47
2024-04-17T04:00:00Z,134.47,135.16,133.08,133.76
2024-04-17T05:00:00Z,133.76,134.38,132.34,132.96
2024-04-17T06:00:00Z,132.96,133.79,131.31,132.14
2024-04-17T07:00:00Z,132.14,132.93,130.57,131.37
2024-04-17T08:00:00Z,131.37,131.90,130.17,130.70
2024-04-17T09:00:00Z,130.70,131.45,129.43,130.18
2024-04-17T10:00:00Z,130.18,131.03,129.00,129.85
2024-04-17T11:00:00Z,129.85,130.53,129.03,129.70
2024-04-17T12:00:00Z,129.70,130.36,129.08,129.74
2024-04-17T13:00:00Z,129.74,130.76,128.91,129.93
2024-04-17T14:00:00Z,129.93,131.03,129.14,130.24
2024-04-17T15:00:00Z,130.24,131.16,129.71,130.63
2024-04-17T16:00:00Z,130.63,131.82,129.88,131.07
2024-04-17T17:00:00Z,131.07,132.36,130.22,131.52
2024-04-17T18:00:00Z,131.52,132.64,130.84,131.96
2024-04-17T19:00:00Z,131.96,133.04,131.33,132.41
2024-04-17T20:00:00Z,132.41,133.71,131.58,132.87
2024-04-17T21:00:00Z,132.87,134.16,132.08,133.37
2024-04-17T22:00:00Z,133.37,134.47,132.85,133.95
2024-04-17T23:00:00Z,133.95,135.39,133.19,134.63
2024-04-18T00:00:00Z,134.63,136.29,133.78,135.45
2024-04-18T01:00:00Z,135.45,137.09,134.78,136.42
2024-04-18T02:00:00Z,136.42,138.18,135.78,137.54
2024-04-18T03:00:00Z,137.54,139.63,136.70,138.79
2024-04-18T04:00:00Z,138.79,140.92,138.01,140.14
2024-04-18T05:00:00Z,140.14,142.02,139.62,141.51
2024-04-18T06:00:00Z,141.51,143.60,140.74,142.84
2024-04-18T07:00:00Z,142.84,144.88,141.99,144.04
2024-04-18T08:00:00Z,144.04,145.71,143.38,145.04
2024-04-18T09:00:00Z,145.04,146.43,144.40,145.78
2024-04-18T10:00:00Z,145.78,147.05,144.95,146.21
2024-04-18T11:00:00Z,146.21,147.07,145.43,146.29
2024-04-18T12:00:00Z,146.29,146.80,145.52,146.03
2024-04-18T13:00:00Z,146.03,146.80,144.68,145.45
2024-04-18T14:00:00Z,145.45,146.29,143.75,144.59
2024-04-18T15:00:00Z,144.59,145.25,142.86,143.52
2024-04-18T16:00:00Z,143.52,144.16,141.66,142.30
2024-04-18T17:00:00Z,142.30,143.14,140.18,141.02
2024-04-18T18:00:00Z,141.02,141.79,138.95,139.73
2024-04-18T19:00:00Z,139.73,140.23,137.98,138.48
2024-04-18T20:00:00Z,138.48,139.26,136.55,137.32
2024-04-18T21:00:00Z,137.32,138.17,135.42,136.26
2024-04-18T22:00:00Z,136.26,136.92,134.64,135.30
2024-04-18T23:00:00Z,135.30,135.95,133.75,134.40
2024-04-19T00:00:00Z,134.40,135.25,132.71,133.56
2024-04-19T01:00:00Z,133.56,134.33,131.94,132.72
2024-04-19T02:00:00Z,132.72,133.22,131.35,131.86
2024-04-19T03:00:00Z,131.86,132.63,130.17,130.95
2024-04-19T04:00:00Z,130.95,131.79,129.15,129.99
2024-04-19T05:00:00Z,129.99,130.64,128.34,128.98
2024-04-19T06:00:00Z,128.98,129.64,127.30,127.95
2024-04-19T07:00:00Z,127.95,128.80,126.09,126.94
2024-04-19T08:00:00Z,126.94,127.71,125.21,125.98
2024-04-19T09:00:00Z,125.98,126.48,124.61,125.12
2024-04-19T10:00:00Z,125.12,125.90,123.63,124.41
2024-04-19T11:00:00Z,124.41,125.25,123.04,123.88
2024-04-19T12:00:00Z,123.88,124.52,122.89,123.54
2024-04-19T13:00:00Z,123.54,124.20,122.72,123.39
2024-04-19T14:00:00Z,123.39,124.25,122.54,123.41
2024-04-19T15:00:00Z,123.41,124.32,122.64,123.55
2024-04-19T16:00:00Z,123.55,124.29,123.04,123.78
2024-04-19T17:00:00Z,123.78,124.80,122.99,124.02
2024-04-19T18:00:00Z,124.02,125.06,123.18,124.23
2024-04-19T19:00:00Z,124.23,124.99,123.59,124.35
2024-04-19T20:00:00Z,124.35,125.02,123.68,124.36
2024-04-19T21:00:00Z,124.36,125.20,123.39,124.24
2024-04-19T22:00:00Z,124.24,125.00,123.24,124.00
2024-04-19T23:00:00Z,124.00,124.52,123.17,123.69
2024-04-20T00:00:00Z,123.69,124.48,122.56,123.34
2024-04-20T01:00:00Z,123.34,124.18,122.19,123.03
2024-04-20T02:00:00Z,123.03,123.66,122.18,122.81
2024-04-20T03:00:00Z,122.81,123.48,122.08,122.75
2024-04-20T04:00:00Z,122.75,123.75,121.91,122.91
2024-04-20T05:00:00Z,122.91,124.07,122.15,123.31
2024-04-20T06:00:00Z,123.31,124.51,122.79,123.98
2024-04-20T07:00:00Z,123.98,125.69,123.19,124.90
2024-04-20T08:00:00Z,124.90,126.87,124.07,126.03
2024-04-20T09:00:00Z,126.03,127.96,125.41,127.33
2024-04-20T10:00:00Z,127.33,129.41,126.66,128.74
2024-04-20T11:00:00Z,128.74,131.02,127.89,130.17
2024-04-20T12:00:00Z,130.17,132.33,129.42,131.57
2024-04-20T13:00:00Z,131.57,133.42,131.04,132.89
2024-04-20T14:00:00Z,132.89,134.86,132.10,134.07
2024-04-20T15:00:00Z,134.07,135.93,133.24,135.10
2024-04-20T16:00:00Z,135.10,136.59,134.48,135.97
2024-04-20T17:00:00Z,135.97,137.37,135.29,136.69
2024-04-20T18:00:00Z,136.69,138.13,135.84,137.28
2024-04-20T19:00:00Z,137.28,138.53,136.54,137.78
2024-04-20T20:00:00Z,137.78,138.75,137.24,138.21
2024-04-20T21:00:00Z,138.21,139.39,137.41,138.59
2024-04-20T22:00:00Z,138.59,139.77,137.76,138.94
2024-04-20T23:00:00Z,138.94,139.86,138.32,139.24
2024-04-21T00:00:00Z,139.24,140.17,138.56,139.49
2024-04-21T01:00:00Z,139.49,140.49,138.64,139.64
2024-04-21T02:00:00Z,139.64,140.40,138.89,139.66
2024-04-21T03:00:00Z,139.66,140.20,138.95,139.49
2024-04-21T04:00:00Z,139.49,140.29,138.32,139.12
2024-04-21T05:00:00Z,139.12,139.95,137.67,138.49
2024-04-21T06:00:00Z,138.49,139.10,137.00,137.61
2024-04-21T07:00:00Z,137.61,138.31,135.79,136.49
2024-04-21T08:00:00Z,136.49,137.33,134.29,135.14
2024-04-21T09:00:00Z,135.14,135.88,132.90,133.64
2024-04-21T10:00:00Z,133.64,134.19,131.49,132.04
2024-04-21T11:00:00Z,132.04,132.84,129.63,130.43
2024-04-21T12:00:00Z,130.43,131.26,128.07,128.90
2024-04-21T13:00:00Z,128.90,129.50,126.91,127.51
2024-04-21T14:00:00Z,127.51,128.21,125.65,126.35
2024-04-21T15:00:00Z,126.35,127.20,124.59,125.44
2024-04-21T16:00:00Z,125.44,126.18,124.09,124.83
2024-04-21T17:00:00Z,124.83,125.38,123.94,124.49
2024-04-21T18:00:00Z,124.49,125.30,123.61,124.42
2024-04-21T19:00:00Z,124.42,125.38,123.59,124.55
2024-04-21T20:00:00Z,124.55,125.44,123.96,124.85
2024-04-21T21:00:00Z,124.85,125.93,124.14,125.23
2024-04-21T22:00:00Z,125.23,126.50,124.38,125.65
2024-04-21T23:00:00Z,125.65,126.78,124.92,126.05
2024-04-22T00:00:00Z,126.05,126.96,125.49,126.40
2024-04-22T01:00:00Z,126.40,127.48,125.59,126.67
2024-04-22T02:00:00Z,126.67,127.71,125.85,126.88
2024-04-22T03:00:00Z,126.88,127.64,126.29,127.04
2024-04-22T04:00:00Z,127.04,127.89,126.34,127.18
2024-04-22T05:00:00Z,127.18,128.19,126.33,127.34
2024-04-22T06:00:00Z,127.34,128.27,126.61,127.54
2024-04-22T07:00:00Z,127.54,128.39,126.98,127.83
2024-04-22T08:00:00Z,127.83,129.01,127.02,128.20
2024-04-22T09:00:00Z,128.20,129.48,127.38,128.66
2024-04-22T10:00:00Z,128.66,129.78,128.08,129.20
2024-04-22T11:00:00Z,129.20,130.48,128.49,129.77
2024-04-22T12:00:00Z,129.77,131.19,128.92,130.34
2024-04-22T13:00:00Z,130.34,131.58,129.61,130.85
2024-04-22T14:00:00Z,130.85,131.84,130.28,131.26
2024-04-22T15:00:00Z,131.26,132.35,130.45,131.54
2024-04-22T16:00:00Z,131.54,132.47,130.72,131.65
2024-04-22T17:00:00Z,131.65,132.23,131.01,131.59
2024-04-22T18:00:00Z,131.59,132.31,130.66,131.37
2024-04-22T19:00:00Z,131.37,132.22,130.19,131.04
2024-04-22T20:00:00Z,131.04,131.76,129.91,130.63
2024-04-22T21:00:00Z,130.63,131.20,129.62,130.19
2024-04-22T22:00:00Z,130.19,131.01,128.99,129.80
2024-04-22T23:00:00Z,129.80,130.62,128.69,129.50
2024-04-23T00:00:00Z,129.50,130.08,128.76,129.34
2024-04-23T01:00:00Z,129.34,130.06,128.60,129.32
2024-04-23T02:00:00Z,129.32,130.30,128.47,129.45
2024-04-23T03:00:00Z,129.45,130.42,128.74,129.71
2024-04-23T04:00:00Z,129.71,130.63,129.12,130.04
2024-04-23T05:00:00Z,130.04,131.22,129.23,130.40
2024-04-23T06:00:00Z,130.40,131.53,129.59,130.72
2024-04-23T07:00:00Z,130.72,131.48,130.15,130.91
2024-04-23T08:00:00Z,130.91,131.66,130.19,130.93
2024-04-23T09:00:00Z,130.93,131.78,129.88,130.73
2024-04-23T10:00:00Z,130.73,131.44,129.56,130.27
2024-04-23T11:00:00Z,130.27,130.86,128.98,129.57
2024-04-23T12:00:00Z,129.57,130.39,127.81,128.63
2024-04-23T13:00:00Z,128.63,129.44,126.69,127.50
2024-04-23T14:00:00Z,127.50,128.06,125.66,126.23
2024-04-23T15:00:00Z,126.23,126.96,124.15,124.88
2024-04-23T16:00:00Z,124.88,125.73,122.68,123.53
2024-04-23T17:00:00Z,123.53,124.23,121.51,122.22
2024-04-23T18:00:00Z,122.22,122.81,120.41,121.00
2024-04-23T19:00:00Z,121.00,121.83,119.09,119.91
2024-04-23T20:00:00Z,119.91,120.72,118.15,118.96
2024-04-23T21:00:00Z,118.96,119.51,117.57,118.13
2024-04-23T22:00:00Z,118.13,118.86,116.69,117.42
2024-04-23T23:00:00Z,117.42,118.27,115.95,116.80
2024-04-24T00:00:00Z,116.80,117.50,115.54,116.25
2024-04-24T01:00:00Z,116.25,116.85,115.13,115.73
2024-04-24T02:00:00Z,115.73,116.56,114.43,115.26
2024-04-24T03:00:00Z,115.26,116.06,114.02,114.82
2024-04-24T04:00:00Z,114.82,115.37,113.89,114.44
2024-04-24T05:00:00Z,114.44,115.18,113.41,114.15
2024-04-24T06:00:00Z,114.15,115.00,113.16,114.00
2024-04-24T07:00:00Z,114.00,114.74,113.31,114.04
2024-04-24T08:00:00Z,114.04,114.92,113.44,114.32
2024-04-24T09:00:00Z,114.32,115.70,113.49,114.87
2024-04-24T10:00:00Z,114.87,116.52,114.07,115.72
2024-04-24T11:00:00Z,115.72,117.42,115.17,116.87
2024-04-24T12:00:00Z,116.87,119.05,116.13,118.31
2024-04-24T13:00:00Z,118.31,120.83,117.46,119.98
2024-04-24T14:00:00Z,119.98,122.52,119.29,121.83
2024-04-24T15:00:00Z,121.83,124.39,121.22,123.78
2024-04-24T16:00:00Z,123.78,126.56,122.95,125.73
2024-04-24T17:00:00Z,125.73,128.40,124.93,127.60
2024-04-24T18:00:00Z,127.60,129.86,127.06,129.32
2024-04-24T19:00:00Z,129.32,131.57,128.57,130.82
2024-04-24T20:00:00Z,130.82,132.91,129.97,132.06
2024-04-24T21:00:00Z,132.06,133.71,131.38,133.03
2024-04-24T22:00:00Z,133.03,134.35,132.41,133.73
2024-04-24T23:00:00Z,133.73,135.02,132.90,134.19
2024-04-25T00:00:00Z,134.19,135.25,133.40,134.46
2024-04-25T01:00:00Z,134.46,135.11,133.92,134.58
2024-04-25T02:00:00Z,134.58,135.36,133.83,134.61
2024-04-25T03:00:00Z,134.61,135.46,133.75,134.60
2024-04-25T04:00:00Z,134.60,135.28,133.90,134.58
2024-04-25T05:00:00Z,134.58,135.21,133.95,134.57
2024-04-25T06:00:00Z,134.57,135.41,133.74,134.58
2024-04-25T07:00:00Z,134.58,135.37,133.78,134.57
2024-04-25T08:00:00Z,134.57,135.10,134.01,134.53
2024-04-25T09:00:00Z,134.53,135.29,133.67,134.43
2024-04-25T10:00:00Z,134.43,135.27,133.37,134.22
2024-04-25T11:00:00Z,134.22,134.89,133.19,133.87
2024-04-25T12:00:00Z,133.87,134.50,132.73,133.36
2024-04-25T13:00:00Z,133.36,134.20,131.86,132.70
2024-04-25T14:00:00Z,132.70,133.49,131.10,131.89
2024-04-25T15:00:00Z,131.89,132.41,130.45,130.97
2024-04-25T16:00:00Z,130.97,131.73,129.22,129.98
2024-04-25T17:00:00Z,129.98,130.82,128.12,128.96
2024-04-25T18:00:00Z,128.96,129.63,127.31,127.98
2024-04-25T19:00:00Z,127.98,128.61,126.45,127.08
2024-04-25T20:00:00Z,127.08,127.92,125.45,126.29
2024-04-25T21:00:00Z,126.29,127.08,124.85,125.63
2024-04-25T22:00:00Z,125.63,126.15,124.59,125.10
2024-04-25T23:00:00Z,125.10,125.87,123.91,124.68
2024-04-26T00:00:00Z,124.68,125.52,123.48,124.32
2024-04-26T01:00:00Z,124.32,124.98,123.31,123.98
2024-04-26T02:00:00Z,123.98,124.62,122.95,123.59
2024-04-26T03:00:00Z,123.59,124.43,122.27,123.11
2024-04-26T04:00:00Z,123.11,123.89,121.71,122.50
2024-04-26T05:00:00Z,122.50,123.01,121.20,121.71
2024-04-26T06:00:00Z,121.71,122.48,120.00,120.77
2024-04-26T07:00:00Z,120.77,121.61,118.82,119.66
2024-04-26T08:00:00Z,119.66,120.32,117.79,118.45
2024-04-26T09:00:00Z,118.45,119.10,116.54,117.19
2024-04-26T10:00:00Z,117.19,118.03,115.10,115.94
2024-04-26T11:00:00Z,115.94,116.72,114.01,114.79
2024-04-26T12:00:00Z,114.79,115.29,113.29,113.80
2024-04-26T13:00:00Z,113.80,114.57,112.26,113.03
2024-04-26T14:00:00Z,113.03,113.87,111.69,112.53
2024-04-26T15:00:00Z,112.53,113.18,111.66,112.31
2024-04-26T16:00:00Z,112.31,113.03,111.66,112.38
2024-04-26T17:00:00Z,112.38,113.55,111.54,112.71
2024-04-26T18:00:00Z,112.71,114.03,111.94,113.26
2024-04-26T19:00:00Z,113.26,114.48,112.76,113.98
2024-04-26T20:00:00Z,113.98,115.58,113.20,114.80
2024-04-26T21:00:00Z,114.80,116.52,113.96,115.68
2024-04-26T22:00:00Z,115.68,117.22,115.03,116.57
2024-04-26T23:00:00Z,116.57,118.10,115.92,117.44
2024-04-27T00:00:00Z,117.44,119.11,116.60,118.27
2024-04-27T01:00:00Z,118.27,119.83,117.50,119.06
2024-04-27T02:00:00Z,119.06,120.33,118.56,119.83
2024-04-27T03:00:00Z,119.83,121.37,119.05,120.59
2024-04-27T04:00:00Z,120.59,122.21,119.75,121.37
2024-04-27T05:00:00Z,121.37,122.83,120.72,122.19
2024-04-27T06:00:00Z,122.19,123.72,121.53,123.06
2024-04-27T07:00:00Z,123.06,124.81,122.21,123.97
2024-04-27T08:00:00Z,123.97,125.67,123.20,124.90
2024-04-27T09:00:00Z,124.90,126.33,124.39,125.82
2024-04-27T10:00:00Z,125.82,127.46,125.04,126.67
2024-04-27T11:00:00Z,126.67,128.24,125.84,127.40
2024-04-27T12:00:00Z,127.40,128.58,126.76,127.94
2024-04-27T13:00:00Z,127.94,128.91,127.28,128.24
2024-04-27T14:00:00Z,128.24,129.10,127.40,128.25
2024-04-27T15:00:00Z,128.25,129.02,127.20,127.96
2024-04-27T16:00:00Z,127.96,128.48,126.84,127.36
2024-04-27T17:00:00Z,127.36,128.14,125.69,126.48
2024-04-27T18:00:00Z,126.48,127.31,124.53,125.36
2024-04-27T19:00:00Z,125.36,125.99,123.44,124.08
2024-04-27T20:00:00Z,124.08,124.75,122.03,122.71
2024-04-27T21:00:00Z,122.71,123.55,120.48,121.33
2024-04-27T22:00:00Z,121.33,122.09,119.26,120.02
2024-04-27T23:00:00Z,120.02,120.54,118.33,118.86
2024-04-28T00:00:00Z,118.86,119.64,117.09,117.88
2024-04-28T01:00:00Z,117.88,118.71,116.28,117.12
2024-04-28T02:00:00Z,117.12,117.75,115.95,116.58
2024-04-28T03:00:00Z,116.58,117.25,115.56,116.24
2024-04-28T04:00:00Z,116.24,117.08,115.22,116.06
2024-04-28T05:00:00Z,116.06,116.82,115.25,116.01
2024-04-28T06:00:00Z,116.01,116.56,115.48,116.03
2024-04-28T07:00:00Z,116.03,116.86,115.23,116.07
2024-04-28T08:00:00Z,116.07,116.92,115.23,116.09
2024-04-28T09:00:00Z,116.09,116.71,115.46,116.08
2024-04-28T10:00:00Z,116.08,116.76,115.35,116.03
2024-04-28T11:00:00Z,116.03,116.88,115.11,115.95
2024-04-28T12:00:00Z,115.95,116.70,115.12,115.87
2024-04-28T13:00:00Z,115.87,116.41,115.29,115.82
2024-04-28T14:00:00Z,115.82,116.64,115.03,115.85
2024-04-28T15:00:00Z,115.85,116.81,115.02,115.98
2024-04-28T16:00:00Z,115.98,116.85,115.36,116.24
2024-04-28T17:00:00Z,116.24,117.32,115.55,116.64
2024-04-28T18:00:00Z,116.64,118.02,115.79,117.17
2024-04-28T19:00:00Z,117.17,118.56,116.42,117.81
2024-04-28T20:00:00Z,117.81,119.07,117.27,118.53
2024-04-28T21:00:00Z,118.53,120.06,117.73,119.26
2024-04-28T22:00:00Z,119.26,120.80,118.44,119.97
2024-04-28T23:00:00Z,119.97,121.21,119.36,120.60
2024-04-29T00:00:00Z,120.60,121.79,119.90,121.10
2024-04-29T01:00:00Z,121.10,122.31,120.25,121.46
2024-04-29T02:00:00Z,121.46,122.42,120.72,121.68
2024-04-29T03:00:00Z,121.68,122.31,121.13,121.77
2024-04-29T04:00:00Z,121.77,122.57,120.96,121.76
2024-04-29T05:00:00Z,121.76,122.58,120.88,121.70
2024-04-29T06:00:00Z,121.70,122.31,121.06,121.67
2024-04-29T07:00:00Z,121.67,122.40,120.97,121.70
2024-04-29T08:00:00Z,121.70,122.71,120.85,121.86
2024-04-29T09:00:00Z,121.86,122.93,121.13,122.19
2024-04-29T10:00:00Z,122.19,123.25,121.64,122.70
2024-04-29T11:00:00Z,122.70,124.19,121.89,123.39
2024-04-29T12:00:00Z,123.39,125.05,122.56,124.22
2024-04-29T13:00:00Z,124.22,125.76,123.62,125.16
2024-04-29T14:00:00Z,125.16,126.83,124.46,126.13
2024-04-29T15:00:00Z,126.13,127.92,125.28,127.07
2024-04-29T16:00:00Z,127.07,128.63,126.34,127.89
2024-04-29T17:00:00Z,127.89,129.10,127.34,128.54
2024-04-29T18:00:00Z,128.54,129.77,127.74,128.96
2024-04-29T19:00:00Z,128.96,129.94,128.14,129.11
2024-04-29T20:00:00Z,129.11,129.71,128.40,128.99
2024-04-29T21:00:00Z,128.99,129.70,127.90,128.60
2024-04-29T22:00:00Z,128.60,129.45,127.13,127.98
2024-04-29T23:00:00Z,127.98,128.71,126.44,127.16
