time,open,high,low,close,volume
2022-01-01T00:00:00Z,4766.00,4773.62,4755.20,4765.02,61675172
2022-01-01T01:00:00Z,4765.02,4783.77,4758.37,4776.70,75980175
2022-01-01T02:00:00Z,4776.70,4802.75,4775.30,4793.81,82577452
2022-01-01T03:00:00Z,4793.81,4805.93,4790.63,4802.78,68265816
2022-01-01T04:00:00Z,4802.78,4808.07,4796.74,4800.62,73385021
2022-01-01T05:00:00Z,4800.62,4802.27,4799.92,4800.92,68815227
2022-01-01T06:00:00Z,4800.92,4801.43,4769.99,4777.00,109640218
2022-01-01T07:00:00Z,4777.00,4782.90,4767.41,4773.18,62293127
2022-01-01T08:00:00Z,4773.18,4775.52,4758.15,4760.50,75288878
2022-01-01T09:00:00Z,4760.50,4761.59,4752.68,4760.10,64503087
2022-01-01T10:00:00Z,4760.10,4773.26,4759.08,4772.75,89472437
2022-01-01T11:00:00Z,4772.75,4779.21,4768.72,4776.01,67286503
2022-01-01T12:00:00Z,4776.01,4791.04,4775.11,4785.14,67834434
2022-01-01T13:00:00Z,4785.14,4787.99,4778.47,4780.47,76402567
2022-01-01T14:00:00Z,4780.47,4799.75,4773.65,4799.67,92664274
2022-01-01T15:00:00Z,4799.67,4815.14,4798.84,4815.10,91603471
2022-01-01T16:00:00Z,4815.10,4841.13,4813.85,4837.05,94625179
2022-01-01T17:00:00Z,4837.05,4838.83,4811.41,4818.62,93376829
2022-01-01T18:00:00Z,4818.62,4824.72,4803.42,4809.71,83965340
2022-01-01T19:00:00Z,4809.71,4821.19,4806.62,4814.83,73953072
2022-01-01T20:00:00Z,4814.83,4821.92,4800.98,4806.85,75880571
2022-01-01T21:00:00Z,4806.85,4812.43,4794.65,4796.85,72564682
2022-01-01T22:00:00Z,4796.85,4800.42,4789.16,4792.52,64408082
2022-01-01T23:00:00Z,4792.52,4797.35,4790.08,4793.64,64832940
2022-01-02T00:00:00Z,4793.64,4808.92,4792.56,4803.96,82983567
2022-01-02T01:00:00Z,4803.96,4823.74,4797.30,4820.01,77129028
2022-01-02T02:00:00Z,4820.01,4820.23,4785.39,4785.44,113800381
2022-01-02T03:00:00Z,4785.44,4791.75,4784.16,4788.79,67298740
2022-01-02T04:00:00Z,4788.79,4794.57,4780.85,4788.26,64668965
2022-01-02T05:00:00Z,4788.26,4802.35,4781.67,4797.20,75555685
2022-01-02T06:00:00Z,4797.20,4803.09,4793.87,4799.29,62024838
2022-01-02T07:00:00Z,4799.29,4802.08,4793.77,4800.72,56157599
2022-01-02T08:00:00Z,4800.72,4806.67,4798.08,4806.54,61746382
2022-01-02T09:00:00Z,4806.54,4810.97,4803.17,4804.94,54417421
2022-01-02T10:00:00Z,4804.94,4810.96,4797.97,4804.72,69643325
2022-01-02T11:00:00Z,4804.72,4818.21,4802.96,4815.58,75520669
2022-01-02T12:00:00Z,4815.58,4818.57,4800.97,4806.69,83061260
2022-01-02T13:00:00Z,4806.69,4811.83,4797.40,4804.09,65521719
2022-01-02T14:00:00Z,4804.09,4819.65,4799.51,4817.49,78156244
2022-01-02T15:00:00Z,4817.49,4821.76,4802.61,4807.47,83826731
2022-01-02T16:00:00Z,4807.47,4809.76,4801.02,4809.03,54616322
2022-01-02T17:00:00Z,4809.03,4809.20,4787.15,4787.70,96949560
2022-01-02T18:00:00Z,4787.70,4790.29,4781.00,4786.12,63428911
2022-01-02T19:00:00Z,4786.12,4796.32,4785.99,4790.21,62231789
2022-01-02T20:00:00Z,4790.21,4796.07,4777.09,4781.70,65249298
2022-01-02T21:00:00Z,4781.70,4788.18,4777.61,4780.54,68110430
2022-01-02T22:00:00Z,4780.54,4782.63,4771.03,4774.48,64248376
2022-01-02T23:00:00Z,4774.48,4782.69,4772.30,4780.02,65422578
2022-01-03T00:00:00Z,4780.02,4784.26,4758.80,4761.04,84235982
2022-01-03T01:00:00Z,4761.04,4765.84,4744.15,4746.77,87989856
2022-01-03T02:00:00Z,4746.77,4757.29,4740.46,4755.23,79610351
2022-01-03T03:00:00Z,4755.23,4767.63,4751.21,4763.96,77474049
2022-01-03T04:00:00Z,4763.96,4782.30,4763.77,4775.54,71849708
2022-01-03T05:00:00Z,4775.54,4794.82,4768.54,4788.45,85562505
2022-01-03T06:00:00Z,4788.45,4791.14,4769.09,4772.68,77451725
2022-01-03T07:00:00Z,4772.68,4773.26,4762.54,4764.54,71813491
2022-01-03T08:00:00Z,4764.54,4771.08,4759.12,4761.13,64773945
2022-01-03T09:00:00Z,4761.13,4776.34,4754.65,4776.29,88118358
2022-01-03T10:00:00Z,4776.29,4782.12,4771.61,4779.89,75254742
2022-01-03T11:00:00Z,4779.89,4780.74,4755.41,4759.26,87742677
2022-01-03T12:00:00Z,4759.26,4761.12,4737.24,4744.02,86945537
2022-01-03T13:00:00Z,4744.02,4744.52,4737.00,4740.21,57268007
2022-01-03T14:00:00Z,4740.21,4744.08,4739.26,4741.37,71891120
2022-01-03T15:00:00Z,4741.37,4745.01,4721.07,4727.52,86760005
2022-01-03T16:00:00Z,4727.52,4734.20,4723.02,4727.21,57911673
2022-01-03T17:00:00Z,4727.21,4734.15,4707.08,4713.16,78693178
2022-01-03T18:00:00Z,4713.16,4719.02,4692.29,4698.54,93113613
2022-01-03T19:00:00Z,4698.54,4708.85,4692.83,4705.69,77897315
2022-01-03T20:00:00Z,4705.69,4719.76,4704.57,4717.67,76079611
2022-01-03T21:00:00Z,4717.67,4720.13,4698.99,4705.75,89282422
2022-01-03T22:00:00Z,4705.75,4722.40,4704.93,4715.45,82737876
2022-01-03T23:00:00Z,4715.45,4716.27,4691.49,4697.41,87132766
2022-01-04T00:00:00Z,4697.41,4713.63,4695.90,4711.59,92309549
2022-01-04T01:00:00Z,4711.59,4711.84,4702.08,4706.83,65740147
2022-01-04T02:00:00Z,4706.83,4707.45,4675.83,4682.52,99075716
2022-01-04T03:00:00Z,4682.52,4684.01,4672.15,4676.30,71569771
2022-01-04T04:00:00Z,4676.30,4681.11,4674.91,4679.77,74356200
2022-01-04T05:00:00Z,4679.77,4682.30,4658.18,4662.06,81167433
2022-01-04T06:00:00Z,4662.06,4666.27,4658.30,4665.32,63924417
2022-01-04T07:00:00Z,4665.32,4668.47,4659.19,4668.01,56842266
2022-01-04T08:00:00Z,4668.01,4673.59,4662.37,4665.87,73579106
2022-01-04T09:00:00Z,4665.87,4668.88,4657.30,4661.25,63705158
2022-01-04T10:00:00Z,4661.25,4685.78,4658.84,4681.72,103630740
2022-01-04T11:00:00Z,4681.72,4697.96,4681.69,4696.13,89207887
2022-01-04T12:00:00Z,4696.13,4706.39,4690.52,4703.22,78115379
2022-01-04T13:00:00Z,4703.22,4708.49,4699.16,4706.39,72133616
2022-01-04T14:00:00Z,4706.39,4723.06,4701.86,4716.35,78659741
2022-01-04T15:00:00Z,4716.35,4716.79,4710.72,4712.15,70267948
2022-01-04T16:00:00Z,4712.15,4718.16,4701.49,4704.25,73747016
2022-01-04T17:00:00Z,4704.25,4706.72,4694.59,4695.75,80945764
2022-01-04T18:00:00Z,4695.75,4706.22,4694.09,4703.62,81370142
2022-01-04T19:00:00Z,4703.62,4706.61,4699.80,4702.69,71260900
2022-01-04T20:00:00Z,4702.69,4708.94,4696.42,4696.45,66403043
2022-01-04T21:00:00Z,4696.45,4699.86,4686.61,4688.24,83659968
2022-01-04T22:00:00Z,4688.24,4695.51,4681.47,4691.86,68610916
2022-01-04T23:00:00Z,4691.86,4702.39,4690.03,4695.74,62349026
2022-01-05T00:00:00Z,4695.74,4697.69,4666.43,4669.94,98793781
2022-01-05T01:00:00Z,4669.94,4673.67,4656.93,4663.05,69338027
2022-01-05T02:00:00Z,4663.05,4666.14,4639.50,4641.34,105808602
2022-01-05T03:00:00Z,4641.34,4644.01,4633.52,4637.54,58501829
2022-01-05T04:00:00Z,4637.54,4639.90,4632.85,4633.25,65185646
2022-01-05T05:00:00Z,4633.25,4654.40,4632.76,4651.00,85061765
2022-01-05T06:00:00Z,4651.00,4666.72,4646.47,4660.48,81862361
2022-01-05T07:00:00Z,4660.48,4662.11,4647.04,4653.18,76542892
2022-01-05T08:00:00Z,4653.18,4663.25,4650.54,4660.54,65755788
2022-01-05T09:00:00Z,4660.54,4675.97,4655.25,4669.11,70904985
2022-01-05T10:00:00Z,4669.11,4672.58,4647.36,4648.46,87325893
2022-01-05T11:00:00Z,4648.46,4661.70,4645.10,4656.63,79523502
2022-01-05T12:00:00Z,4656.63,4661.92,4646.83,4650.29,71175746
2022-01-05T13:00:00Z,4650.29,4653.63,4630.84,4637.25,85856008
2022-01-05T14:00:00Z,4637.25,4637.85,4626.44,4632.74,70813278
2022-01-05T15:00:00Z,4632.74,4650.71,4631.98,4648.22,91167572
2022-01-05T16:00:00Z,4648.22,4664.81,4646.06,4657.81,67538787
2022-01-05T17:00:00Z,4657.81,4667.55,4655.09,4663.34,64163053
2022-01-05T18:00:00Z,4663.34,4670.14,4643.34,4649.48,76997588
2022-01-05T19:00:00Z,4649.48,4657.15,4643.22,4657.00,81377050
2022-01-05T20:00:00Z,4657.00,4661.41,4653.52,4660.28,69727219
2022-01-05T21:00:00Z,4660.28,4664.23,4649.10,4651.84,68904494
2022-01-05T22:00:00Z,4651.84,4654.87,4648.51,4653.64,54459859
2022-01-05T23:00:00Z,4653.64,4659.97,4640.27,4645.25,69352679
2022-01-06T00:00:00Z,4645.25,4645.60,4635.34,4640.82,74193977
2022-01-06T01:00:00Z,4640.82,4643.04,4631.75,4634.14,71464041
2022-01-06T02:00:00Z,4634.14,4658.80,4633.19,4656.49,100906416
2022-01-06T03:00:00Z,4656.49,4660.72,4650.12,4655.04,58668662
2022-01-06T04:00:00Z,4655.04,4656.18,4647.98,4653.50,56938931
2022-01-06T05:00:00Z,4653.50,4674.51,4648.86,4670.31,78995826
2022-01-06T06:00:00Z,4670.31,4679.34,4666.58,4676.75,67068079
2022-01-06T07:00:00Z,4676.75,4681.49,4665.38,4669.15,66689012
2022-01-06T08:00:00Z,4669.15,4683.65,4665.94,4681.55,91057167
2022-01-06T09:00:00Z,4681.55,4690.90,4681.39,4686.21,75212518
2022-01-06T10:00:00Z,4686.21,4696.41,4683.31,4695.21,83465784
2022-01-06T11:00:00Z,4695.21,4699.18,4689.98,4692.75,67726800
2022-01-06T12:00:00Z,4692.75,4704.41,4692.59,4700.62,81712368
2022-01-06T13:00:00Z,4700.62,4706.98,4694.95,4695.14,70562814
2022-01-06T14:00:00Z,4695.14,4702.86,4689.63,4699.34,74261712
2022-01-06T15:00:00Z,4699.34,4703.69,4681.96,4685.28,82743033
2022-01-06T16:00:00Z,4685.28,4686.93,4681.58,4686.65,68266666
2022-01-06T17:00:00Z,4686.65,4691.67,4669.11,4674.08,88727412
2022-01-06T18:00:00Z,4674.08,4680.62,4669.96,4677.88,67935329
2022-01-06T19:00:00Z,4677.88,4678.13,4670.26,4674.12,66236045
2022-01-06T20:00:00Z,4674.12,4675.01,4655.43,4660.17,84332811
2022-01-06T21:00:00Z,4660.17,4666.33,4656.49,4660.05,62314751
2022-01-06T22:00:00Z,4660.05,4682.95,4653.82,4678.11,94700384
2022-01-06T23:00:00Z,4678.11,4679.29,4667.87,4672.40,71239508
2022-01-07T00:00:00Z,4672.40,4674.35,4638.02,4643.83,117470458
2022-01-07T01:00:00Z,4643.83,4647.12,4638.37,4639.95,57661695
2022-01-07T02:00:00Z,4639.95,4645.40,4632.44,4635.35,69922200
2022-01-07T03:00:00Z,4635.35,4640.90,4623.68,4625.07,87492068
2022-01-07T04:00:00Z,4625.07,4625.66,4612.00,4618.53,80146757
2022-01-07T05:00:00Z,4618.53,4637.78,4613.65,4631.75,87863021
2022-01-07T06:00:00Z,4631.75,4638.29,4614.14,4616.34,78076250
2022-01-07T07:00:00Z,4616.34,4633.83,4615.15,4630.10,91244233
2022-01-07T08:00:00Z,4630.10,4642.03,4624.26,4640.17,74407016
2022-01-07T09:00:00Z,4640.17,4642.47,4631.25,4637.35,60052995
2022-01-07T10:00:00Z,4637.35,4655.63,4634.97,4651.10,87544084
2022-01-07T11:00:00Z,4651.10,4673.91,4650.86,4667.45,79049070
2022-01-07T12:00:00Z,4667.45,4680.15,4667.34,4676.76,80436621
2022-01-07T13:00:00Z,4676.76,4680.35,4674.51,4677.25,52594675
2022-01-07T14:00:00Z,4677.25,4683.57,4649.98,4656.41,92444220
2022-01-07T15:00:00Z,4656.41,4660.99,4654.50,4658.63,56197434
2022-01-07T16:00:00Z,4658.63,4663.60,4652.13,4659.41,62812083
2022-01-07T17:00:00Z,4659.41,4679.92,4655.16,4675.99,78742729
2022-01-07T18:00:00Z,4675.99,4678.01,4669.55,4675.04,58876766
2022-01-07T19:00:00Z,4675.04,4681.96,4672.12,4674.54,59805603
2022-01-07T20:00:00Z,4674.54,4679.71,4661.47,4665.79,68781520
2022-01-07T21:00:00Z,4665.79,4670.72,4655.16,4655.70,77920514
2022-01-07T22:00:00Z,4655.70,4662.70,4636.87,4640.26,85183617
2022-01-07T23:00:00Z,4640.26,4644.83,4628.94,4629.51,69911405
2022-01-08T00:00:00Z,4629.51,4633.20,4627.10,4631.72,57879434
2022-01-08T01:00:00Z,4631.72,4632.98,4621.36,4622.93,74672314
2022-01-08T02:00:00Z,4622.93,4629.04,4617.54,4623.34,61191221
2022-01-08T03:00:00Z,4623.34,4636.04,4618.34,4632.89,71349635
2022-01-08T04:00:00Z,4632.89,4644.65,4627.82,4637.92,78111639
2022-01-08T05:00:00Z,4637.92,4638.19,4631.85,4633.71,61717680
2022-01-08T06:00:00Z,4633.71,4644.24,4626.96,4640.60,65510965
2022-01-08T07:00:00Z,4640.60,4648.10,4634.07,4647.57,79108737
2022-01-08T08:00:00Z,4647.57,4652.49,4622.28,4628.71,93152977
2022-01-08T09:00:00Z,4628.71,4643.40,4622.62,4637.88,68556665
2022-01-08T10:00:00Z,4637.88,4645.37,4631.71,4640.47,68126407
2022-01-08T11:00:00Z,4640.47,4641.74,4640.02,4640.05,66905100
2022-01-08T12:00:00Z,4640.05,4646.43,4624.07,4628.32,87162496
2022-01-08T13:00:00Z,4628.32,4639.61,4622.86,4634.47,70653052
2022-01-08T14:00:00Z,4634.47,4638.53,4625.63,4630.95,74826713
2022-01-08T15:00:00Z,4630.95,4633.00,4616.38,4619.46,86399377
2022-01-08T16:00:00Z,4619.46,4626.03,4609.43,4614.42,58987873
2022-01-08T17:00:00Z,4614.42,4626.83,4610.06,4622.44,76957280
2022-01-08T18:00:00Z,4622.44,4626.76,4610.40,4612.24,69893944
2022-01-08T19:00:00Z,4612.24,4616.92,4611.77,4616.50,67503197
2022-01-08T20:00:00Z,4616.50,4621.44,4611.64,4621.14,59738263
2022-01-08T21:00:00Z,4621.14,4625.21,4618.32,4621.27,52744357
2022-01-08T22:00:00Z,4621.27,4628.29,4615.65,4623.97,60891766
2022-01-08T23:00:00Z,4623.97,4629.91,4622.79,4623.46,64870095
2022-01-09T00:00:00Z,4623.46,4635.62,4617.42,4629.27,70514426
2022-01-09T01:00:00Z,4629.27,4632.26,4612.27,4613.75,92068875
2022-01-09T02:00:00Z,4613.75,4617.56,4609.97,4610.70,75112033
2022-01-09T03:00:00Z,4610.70,4610.77,4595.08,4600.88,70266873
2022-01-09T04:00:00Z,4600.88,4610.52,4600.44,4604.68,70112101
2022-01-09T05:00:00Z,4604.68,4605.31,4590.71,4593.61,76330247
2022-01-09T06:00:00Z,4593.61,4594.26,4573.11,4579.07,85685821
2022-01-09T07:00:00Z,4579.07,4586.31,4575.39,4582.49,67332564
2022-01-09T08:00:00Z,4582.49,4588.73,4576.25,4577.43,73200112
2022-01-09T09:00:00Z,4577.43,4584.30,4570.83,4582.46,77808494
2022-01-09T10:00:00Z,4582.46,4598.63,4580.80,4596.86,75604812
2022-01-09T11:00:00Z,4596.86,4611.75,4593.80,4611.51,90821721
2022-01-09T12:00:00Z,4611.51,4614.23,4603.38,4604.68,79434524
2022-01-09T13:00:00Z,4604.68,4607.38,4591.62,4595.32,79978566
2022-01-09T14:00:00Z,4595.32,4599.59,4591.18,4592.87,60057028
2022-01-09T15:00:00Z,4592.87,4593.81,4580.23,4583.19,81772261
2022-01-09T16:00:00Z,4583.19,4587.35,4577.13,4577.28,61007491
2022-01-09T17:00:00Z,4577.28,4579.21,4559.85,4564.37,78458097
2022-01-09T18:00:00Z,4564.37,4575.09,4564.05,4570.84,77694644
2022-01-09T19:00:00Z,4570.84,4589.16,4567.52,4585.29,78757170
2022-01-09T20:00:00Z,4585.29,4604.36,4578.70,4602.65,100014608
2022-01-09T21:00:00Z,4602.65,4604.40,4594.09,4600.55,64674491
2022-01-09T22:00:00Z,4600.55,4605.56,4582.68,4589.11,85884749
2022-01-09T23:00:00Z,4589.11,4595.21,4587.36,4589.00,56941184
2022-01-10T00:00:00Z,4589.00,4595.85,4578.90,4585.39,68578053
2022-01-10T01:00:00Z,4585.39,4588.44,4576.42,4580.88,57970886
2022-01-10T02:00:00Z,4580.88,4585.13,4564.62,4566.52,93018046
2022-01-10T03:00:00Z,4566.52,4569.69,4554.83,4560.67,79834356
2022-01-10T04:00:00Z,4560.67,4564.62,4551.12,4556.50,62602116
2022-01-10T05:00:00Z,4556.50,4557.05,4530.79,4537.01,93317821
2022-01-10T06:00:00Z,4537.01,4547.23,4533.47,4546.40,76184560
2022-01-10T07:00:00Z,4546.40,4548.23,4545.53,4546.21,53741177
2022-01-10T08:00:00Z,4546.21,4558.30,4541.49,4553.58,63694594
2022-01-10T09:00:00Z,4553.58,4554.01,4548.75,4552.26,71656677
2022-01-10T10:00:00Z,4552.26,4557.31,4538.09,4541.55,76168338
2022-01-10T11:00:00Z,4541.55,4548.69,4537.06,4545.40,60428904
2022-01-10T12:00:00Z,4545.40,4551.77,4535.93,4539.88,77954845
2022-01-10T13:00:00Z,4539.88,4547.03,4537.49,4544.01,61671381
2022-01-10T14:00:00Z,4544.01,4548.52,4530.36,4530.84,85479230
2022-01-10T15:00:00Z,4530.84,4532.73,4526.77,4529.75,53544251
2022-01-10T16:00:00Z,4529.75,4533.88,4516.27,4518.77,85179612
2022-01-10T17:00:00Z,4518.77,4523.27,4516.03,4519.54,63568972
2022-01-10T18:00:00Z,4519.54,4526.39,4506.91,4507.05,90960227
2022-01-10T19:00:00Z,4507.05,4528.35,4503.57,4524.85,85307545
2022-01-10T20:00:00Z,4524.85,4529.59,4521.16,4527.74,73272574
2022-01-10T21:00:00Z,4527.74,4528.85,4508.94,4514.32,77964968
2022-01-10T22:00:00Z,4514.32,4521.01,4500.57,4506.27,75236786
2022-01-10T23:00:00Z,4506.27,4517.92,4505.60,4515.92,75313400
2022-01-11T00:00:00Z,4515.92,4516.11,4513.42,4514.77,69437784
2022-01-11T01:00:00Z,4514.77,4516.48,4511.59,4515.06,55680076
2022-01-11T02:00:00Z,4515.06,4522.83,4512.19,4521.18,74692315
2022-01-11T03:00:00Z,4521.18,4526.43,4514.85,4524.18,66360568
2022-01-11T04:00:00Z,4524.18,4530.45,4521.43,4525.77,62585075
2022-01-11T05:00:00Z,4525.77,4528.13,4519.83,4521.46,72411409
2022-01-11T06:00:00Z,4521.46,4523.83,4511.20,4511.95,68963161
2022-01-11T07:00:00Z,4511.95,4512.43,4499.41,4501.43,87431457
2022-01-11T08:00:00Z,4501.43,4504.93,4500.97,4501.08,56590618
2022-01-11T09:00:00Z,4501.08,4507.10,4490.18,4492.10,78850947
2022-01-11T10:00:00Z,4492.10,4498.65,4490.02,4491.93,60283282
2022-01-11T11:00:00Z,4491.93,4495.64,4454.23,4460.68,115115205
2022-01-11T12:00:00Z,4460.68,4469.58,4456.71,4464.31,59250641
2022-01-11T13:00:00Z,4464.31,4477.93,4463.95,4474.41,85424652
2022-01-11T14:00:00Z,4474.41,4493.05,4468.43,4488.06,78560481
2022-01-11T15:00:00Z,4488.06,4494.19,4473.41,4478.56,69476264
2022-01-11T16:00:00Z,4478.56,4485.47,4474.86,4484.03,66549442
2022-01-11T17:00:00Z,4484.03,4489.04,4475.41,4476.04,67458691
2022-01-11T18:00:00Z,4476.04,4480.01,4466.82,4468.97,82486726
2022-01-11T19:00:00Z,4468.97,4490.87,4468.69,4486.97,87179628
2022-01-11T20:00:00Z,4486.97,4487.71,4477.90,4479.05,73120474
2022-01-11T21:00:00Z,4479.05,4494.15,4472.26,4493.17,92244514
2022-01-11T22:00:00Z,4493.17,4508.67,4490.15,4507.58,77235408
2022-01-11T23:00:00Z,4507.58,4510.80,4495.14,4498.84,80717477
2022-01-12T00:00:00Z,4498.84,4517.24,4498.17,4512.30,83115152
2022-01-12T01:00:00Z,4512.30,4517.83,4512.21,4516.44,67316956
2022-01-12T02:00:00Z,4516.44,4518.56,4506.66,4507.17,75749698
2022-01-12T03:00:00Z,4507.17,4513.77,4495.22,4500.36,70586364
2022-01-12T04:00:00Z,4500.36,4506.51,4496.26,4502.70,63625654
2022-01-12T05:00:00Z,4502.70,4503.42,4498.16,4500.78,61247680
2022-01-12T06:00:00Z,4500.78,4513.85,4499.80,4511.69,88194017
2022-01-12T07:00:00Z,4511.69,4515.36,4499.97,4503.90,82171868
2022-01-12T08:00:00Z,4503.90,4512.85,4501.03,4508.84,77579999
2022-01-12T09:00:00Z,4508.84,4516.68,4507.27,4511.29,70197929
2022-01-12T10:00:00Z,4511.29,4518.85,4508.62,4513.92,55947170
2022-01-12T11:00:00Z,4513.92,4520.13,4507.26,4516.33,56932050
2022-01-12T12:00:00Z,4516.33,4528.92,4509.87,4528.75,83408340
2022-01-12T13:00:00Z,4528.75,4542.36,4523.37,4536.71,71834318
2022-01-12T14:00:00Z,4536.71,4552.18,4536.51,4550.08,89423789
2022-01-12T15:00:00Z,4550.08,4553.21,4546.06,4547.38,56211233
2022-01-12T16:00:00Z,4547.38,4561.56,4544.61,4559.97,84487944
2022-01-12T17:00:00Z,4559.97,4565.53,4556.66,4557.64,73024993
2022-01-12T18:00:00Z,4557.64,4558.58,4549.74,4550.59,73542785
2022-01-12T19:00:00Z,4550.59,4554.10,4534.04,4539.84,86886824
2022-01-12T20:00:00Z,4539.84,4556.25,4535.94,4554.23,79566683
2022-01-12T21:00:00Z,4554.23,4558.48,4537.50,4543.11,69707981
2022-01-12T22:00:00Z,4543.11,4560.43,4539.69,4559.26,96202318
2022-01-12T23:00:00Z,4559.26,4569.29,4554.45,4562.64,70160092
2022-01-13T00:00:00Z,4562.64,4563.08,4555.78,4556.55,77666560
2022-01-13T01:00:00Z,4556.55,4557.85,4555.36,4556.89,58959749
2022-01-13T02:00:00Z,4556.89,4564.55,4554.80,4560.06,55689796
2022-01-13T03:00:00Z,4560.06,4566.23,4549.88,4551.68,82464350
2022-01-13T04:00:00Z,4551.68,4556.81,4550.75,4554.77,65584794
2022-01-13T05:00:00Z,4554.77,4563.83,4554.20,4557.96,70287722
2022-01-13T06:00:00Z,4557.96,4565.16,4557.84,4564.19,78404696
2022-01-13T07:00:00Z,4564.19,4573.78,4561.54,4568.46,73778315
2022-01-13T08:00:00Z,4568.46,4573.90,4564.31,4568.56,65210531
2022-01-13T09:00:00Z,4568.56,4573.81,4564.40,4566.30,63199339
2022-01-13T10:00:00Z,4566.30,4568.32,4557.29,4561.78,67689611
2022-01-13T11:00:00Z,4561.78,4568.16,4545.76,4549.30,80800334
2022-01-13T12:00:00Z,4549.30,4554.51,4547.75,4548.94,67802074
2022-01-13T13:00:00Z,4548.94,4553.67,4543.51,4546.61,73320508
2022-01-13T14:00:00Z,4546.61,4549.28,4534.78,4539.58,76823873
2022-01-13T15:00:00Z,4539.58,4556.63,4534.75,4551.99,77850430
2022-01-13T16:00:00Z,4551.99,4567.96,4551.83,4565.66,86479188
2022-01-13T17:00:00Z,4565.66,4570.47,4559.08,4569.65,57505946
2022-01-13T18:00:00Z,4569.65,4574.09,4568.50,4569.95,57472800
2022-01-13T19:00:00Z,4569.95,4575.73,4568.26,4570.30,58071545
2022-01-13T20:00:00Z,4570.30,4575.21,4562.80,4566.75,65556228
2022-01-13T21:00:00Z,4566.75,4567.67,4558.45,4563.12,66877593
2022-01-13T22:00:00Z,4563.12,4563.86,4558.77,4563.15,66108450
2022-01-13T23:00:00Z,4563.15,4569.79,4552.50,4554.96,65219547
2022-01-14T00:00:00Z,4554.96,4564.01,4552.23,4562.77,81001809
2022-01-14T01:00:00Z,4562.77,4566.86,4542.65,4544.10,102059360
2022-01-14T02:00:00Z,4544.10,4552.99,4542.02,4548.41,62106104
2022-01-14T03:00:00Z,4548.41,4554.09,4539.88,4544.68,68536503
2022-01-14T04:00:00Z,4544.68,4550.40,4539.69,4544.89,59214838
2022-01-14T05:00:00Z,4544.89,4546.05,4526.98,4529.37,97329562
2022-01-14T06:00:00Z,4529.37,4530.94,4512.14,4518.30,83710343
2022-01-14T07:00:00Z,4518.30,4524.44,4503.94,4507.18,75557747
2022-01-14T08:00:00Z,4507.18,4507.70,4479.54,4484.29,109802479
2022-01-14T09:00:00Z,4484.29,4485.47,4476.23,4477.70,64053140
2022-01-14T10:00:00Z,4477.70,4481.99,4463.49,4467.64,80341398
2022-01-14T11:00:00Z,4467.64,4486.59,4465.81,4479.91,87729183
2022-01-14T12:00:00Z,4479.91,4481.24,4469.16,4473.49,76836581
2022-01-14T13:00:00Z,4473.49,4485.77,4470.99,4484.86,71854894
2022-01-14T14:00:00Z,4484.86,4484.90,4471.46,4476.48,70558116
2022-01-14T15:00:00Z,4476.48,4484.81,4474.38,4479.98,68065349
2022-01-14T16:00:00Z,4479.98,4498.59,4473.93,4493.41,78675354
2022-01-14T17:00:00Z,4493.41,4494.88,4472.95,4479.37,80358248
2022-01-14T18:00:00Z,4479.37,4485.45,4465.47,4468.17,70827092
2022-01-14T19:00:00Z,4468.17,4473.28,4460.00,4461.94,70257037
2022-01-14T20:00:00Z,4461.94,4474.21,4456.36,4469.15,68126688
2022-01-14T21:00:00Z,4469.15,4475.77,4458.08,4464.09,59549820
2022-01-14T22:00:00Z,4464.09,4464.62,4462.78,4464.48,56243340
2022-01-14T23:00:00Z,4464.48,4477.91,4459.46,4477.15,82615381
2022-01-15T00:00:00Z,4477.15,4478.18,4476.35,4476.98,51891148
2022-01-15T01:00:00Z,4476.98,4484.44,4475.91,4478.92,55403303
2022-01-15T02:00:00Z,4478.92,4483.54,4471.50,4471.66,82290058
2022-01-15T03:00:00Z,4471.66,4472.15,4467.47,4470.27,60439074
2022-01-15T04:00:00Z,4470.27,4475.72,4462.29,4467.38,64942906
2022-01-15T05:00:00Z,4467.38,4471.74,4461.75,4470.47,56218293
2022-01-15T06:00:00Z,4470.47,4487.95,4470.41,4481.91,82909052
2022-01-15T07:00:00Z,4481.91,4487.05,4460.33,4461.11,91835407
2022-01-15T08:00:00Z,4461.11,4461.12,4450.59,4451.96,66584023
2022-01-15T09:00:00Z,4451.96,4453.98,4450.25,4453.34,57151645
2022-01-15T10:00:00Z,4453.34,4466.51,4447.81,4460.31,82057542
2022-01-15T11:00:00Z,4460.31,4472.88,4456.40,4470.11,83250975
2022-01-15T12:00:00Z,4470.11,4475.56,4461.47,4465.20,59686889
2022-01-15T13:00:00Z,4465.20,4468.66,4460.59,4463.21,54613947
2022-01-15T14:00:00Z,4463.21,4469.58,4462.09,4468.98,73381518
2022-01-15T15:00:00Z,4468.98,4475.48,4459.82,4464.60,74819687
2022-01-15T16:00:00Z,4464.60,4465.57,4453.41,4459.26,70817520
2022-01-15T17:00:00Z,4459.26,4462.75,4437.96,4442.23,85574772
2022-01-15T18:00:00Z,4442.23,4448.65,4433.56,4434.70,70168704
2022-01-15T19:00:00Z,4434.70,4436.93,4432.41,4433.84,65346835
2022-01-15T20:00:00Z,4433.84,4442.48,4432.64,4436.82,62038375
2022-01-15T21:00:00Z,4436.82,4440.84,4433.05,4435.46,69124839
2022-01-15T22:00:00Z,4435.46,4441.78,4418.47,4424.12,81935527
2022-01-15T23:00:00Z,4424.12,4426.08,4419.61,4420.06,61422616
2022-01-16T00:00:00Z,4420.06,4423.64,4419.27,4422.03,62200406
2022-01-16T01:00:00Z,4422.03,4427.15,4415.20,4417.71,61160965
2022-01-16T02:00:00Z,4417.71,4420.61,4416.22,4417.68,67408318
2022-01-16T03:00:00Z,4417.68,4422.59,4411.66,4421.71,58439555
2022-01-16T04:00:00Z,4421.71,4432.44,4419.24,4426.61,73590695
2022-01-16T05:00:00Z,4426.61,4431.65,4420.00,4426.11,60473007
2022-01-16T06:00:00Z,4426.11,4440.66,4421.11,4438.35,76257035
2022-01-16T07:00:00Z,4438.35,4439.80,4426.00,4427.87,71075576
2022-01-16T08:00:00Z,4427.87,4454.25,4423.36,4451.01,106631671
2022-01-16T09:00:00Z,4451.01,4463.93,4447.42,4460.27,78635288
2022-01-16T10:00:00Z,4460.27,4461.93,4453.58,4456.03,64618325
2022-01-16T11:00:00Z,4456.03,4462.57,4442.56,4442.73,84862060
2022-01-16T12:00:00Z,4442.73,4451.69,4437.71,4447.55,78199719
2022-01-16T13:00:00Z,4447.55,4467.49,4442.93,4462.41,90855834
2022-01-16T14:00:00Z,4462.41,4473.83,4458.70,4470.63,71418636
2022-01-16T15:00:00Z,4470.63,4476.94,4468.30,4475.56,67302092
2022-01-16T16:00:00Z,4475.56,4478.62,4458.15,4462.32,91157508
2022-01-16T17:00:00Z,4462.32,4462.95,4457.86,4458.54,62415824
2022-01-16T18:00:00Z,4458.54,4464.02,4453.78,4461.39,59634971
2022-01-16T19:00:00Z,4461.39,4461.67,4457.67,4460.30,57582871
2022-01-16T20:00:00Z,4460.30,4462.83,4450.66,4454.04,70021601
2022-01-16T21:00:00Z,4454.04,4461.17,4447.70,4456.95,56040181
2022-01-16T22:00:00Z,4456.95,4459.26,4441.64,4446.11,71794165
2022-01-16T23:00:00Z,4446.11,4447.86,4433.48,4438.59,80199022
2022-01-17T00:00:00Z,4438.59,4443.16,4425.66,4426.41,77803506
2022-01-17T01:00:00Z,4426.41,4427.46,4409.77,4411.15,80134576
2022-01-17T02:00:00Z,4411.15,4416.33,4401.84,4406.72,68000961
2022-01-17T03:00:00Z,4406.72,4424.92,4401.74,4422.60,85334208
2022-01-17T04:00:00Z,4422.60,4425.65,4408.00,4414.21,81592689
2022-01-17T05:00:00Z,4414.21,4418.57,4410.42,4415.25,64759170
2022-01-17T06:00:00Z,4415.25,4425.18,4409.98,4418.60,70023855
2022-01-17T07:00:00Z,4418.60,4424.43,4416.46,4417.25,65510646
2022-01-17T08:00:00Z,4417.25,4419.56,4402.44,4407.55,81612999
2022-01-17T09:00:00Z,4407.55,4412.74,4401.70,4402.95,69333970
2022-01-17T10:00:00Z,4402.95,4408.68,4399.05,4399.30,67556150
2022-01-17T11:00:00Z,4399.30,4404.39,4392.64,4403.93,67205641
2022-01-17T12:00:00Z,4403.93,4410.49,4388.44,4388.51,90049977
2022-01-17T13:00:00Z,4388.51,4400.12,4387.08,4396.84,81858980
2022-01-17T14:00:00Z,4396.84,4406.96,4395.52,4401.02,75674455
2022-01-17T15:00:00Z,4401.02,4402.29,4386.97,4389.19,79139387
2022-01-17T16:00:00Z,4389.19,4396.99,4388.49,4394.89,61511198
2022-01-17T17:00:00Z,4394.89,4400.78,4379.98,4385.35,79268942
2022-01-17T18:00:00Z,4385.35,4387.46,4360.14,4365.87,92115804
2022-01-17T19:00:00Z,4365.87,4368.90,4362.45,4368.09,69201595
2022-01-17T20:00:00Z,4368.09,4369.73,4366.83,4367.66,55005015
2022-01-17T21:00:00Z,4367.66,4368.23,4363.29,4366.18,72468194
2022-01-17T22:00:00Z,4366.18,4371.86,4346.58,4346.74,105689975
2022-01-17T23:00:00Z,4346.74,4354.46,4342.42,4350.28,57604307
2022-01-18T00:00:00Z,4350.28,4351.34,4340.50,4346.98,75851676
2022-01-18T01:00:00Z,4346.98,4355.69,4345.76,4353.62,73294655
2022-01-18T02:00:00Z,4353.62,4358.61,4341.43,4345.28,74558789
2022-01-18T03:00:00Z,4345.28,4347.55,4336.02,4338.25,68490174
2022-01-18T04:00:00Z,4338.25,4347.16,4335.79,4342.37,60805683
2022-01-18T05:00:00Z,4342.37,4355.54,4341.58,4350.05,76302597
2022-01-18T06:00:00Z,4350.05,4362.15,4343.92,4359.80,85115997
2022-01-18T07:00:00Z,4359.80,4362.13,4344.97,4351.33,74775146
2022-01-18T08:00:00Z,4351.33,4354.24,4339.97,4346.53,60944723
2022-01-18T09:00:00Z,4346.53,4354.53,4345.63,4351.32,61173091
2022-01-18T10:00:00Z,4351.32,4352.80,4337.66,4342.35,75458614
2022-01-18T11:00:00Z,4342.35,4344.73,4339.02,4343.62,66146658
2022-01-18T12:00:00Z,4343.62,4357.45,4341.78,4356.06,88390370
2022-01-18T13:00:00Z,4356.06,4364.08,4352.51,4357.67,55014860
2022-01-18T14:00:00Z,4357.67,4360.20,4336.70,4340.40,92881733
2022-01-18T15:00:00Z,4340.40,4345.45,4336.00,4340.96,66765179
2022-01-18T16:00:00Z,4340.96,4346.49,4337.84,4342.59,54456321
2022-01-18T17:00:00Z,4342.59,4368.19,4339.41,4362.85,97502332
2022-01-18T18:00:00Z,4362.85,4366.85,4361.70,4365.86,55620134
2022-01-18T19:00:00Z,4365.86,4371.29,4363.39,4365.18,51657772
2022-01-18T20:00:00Z,4365.18,4375.30,4362.70,4369.54,76166078
2022-01-18T21:00:00Z,4369.54,4386.98,4363.31,4384.84,85847855
2022-01-18T22:00:00Z,4384.84,4387.79,4375.80,4378.65,68674023
2022-01-18T23:00:00Z,4378.65,4380.92,4369.53,4375.36,57217193
2022-01-19T00:00:00Z,4375.36,4378.25,4374.39,4374.69,63470975
2022-01-19T01:00:00Z,4374.69,4380.08,4357.88,4361.49,92364030
2022-01-19T02:00:00Z,4361.49,4365.02,4355.92,4364.39,67796991
2022-01-19T03:00:00Z,4364.39,4368.55,4351.76,4353.56,83234905
2022-01-19T04:00:00Z,4353.56,4359.91,4351.07,4351.66,60558805
2022-01-19T05:00:00Z,4351.66,4352.00,4339.36,4342.75,75737494
2022-01-19T06:00:00Z,4342.75,4352.13,4338.29,4349.15,69781562
2022-01-19T07:00:00Z,4349.15,4365.56,4342.88,4362.52,94294622
2022-01-19T08:00:00Z,4362.52,4364.03,4356.10,4363.84,64081943
2022-01-19T09:00:00Z,4363.84,4369.30,4357.89,4365.49,66988446
2022-01-19T10:00:00Z,4365.49,4373.78,4363.34,4371.23,62617942
2022-01-19T11:00:00Z,4371.23,4377.20,4362.45,4363.39,68279226
2022-01-19T12:00:00Z,4363.39,4364.57,4358.41,4361.05,57826498
2022-01-19T13:00:00Z,4361.05,4362.90,4346.98,4348.94,78991745
2022-01-19T14:00:00Z,4348.94,4350.69,4333.42,4338.76,73657740
2022-01-19T15:00:00Z,4338.76,4343.51,4333.52,4342.21,58240520
2022-01-19T16:00:00Z,4342.21,4352.86,4339.10,4350.53,71183671
2022-01-19T17:00:00Z,4350.53,4350.96,4347.73,4350.20,58981225
2022-01-19T18:00:00Z,4350.20,4355.94,4349.03,4350.35,51031465
2022-01-19T19:00:00Z,4350.35,4356.73,4345.07,4349.43,54720269
2022-01-19T20:00:00Z,4349.43,4352.63,4336.43,4338.83,74082282
2022-01-19T21:00:00Z,4338.83,4343.91,4335.28,4337.31,71996554
2022-01-19T22:00:00Z,4337.31,4339.80,4329.21,4333.13,65671547
2022-01-19T23:00:00Z,4333.13,4348.26,4331.31,4346.96,78426905
2022-01-20T00:00:00Z,4346.96,4352.81,4337.95,4344.20,61739279
2022-01-20T01:00:00Z,4344.20,4355.35,4339.12,4351.99,69872159
2022-01-20T02:00:00Z,4351.99,4363.98,4350.58,4357.56,76362104
2022-01-20T03:00:00Z,4357.56,4371.41,4356.07,4364.90,73594646
2022-01-20T04:00:00Z,4364.90,4374.13,4362.23,4368.20,66556893
2022-01-20T05:00:00Z,4368.20,4372.68,4353.15,4358.02,84310633
2022-01-20T06:00:00Z,4358.02,4370.76,4354.55,4366.17,74680672
2022-01-20T07:00:00Z,4366.17,4372.67,4356.05,4361.39,67650826
2022-01-20T08:00:00Z,4361.39,4369.48,4359.18,4369.21,72221628
2022-01-20T09:00:00Z,4369.21,4373.09,4353.96,4359.24,70739301
2022-01-20T10:00:00Z,4359.24,4376.01,4353.30,4371.45,78646035
2022-01-20T11:00:00Z,4371.45,4377.67,4368.98,4374.49,65945595
2022-01-20T12:00:00Z,4374.49,4378.72,4371.94,4373.88,69059759
2022-01-20T13:00:00Z,4373.88,4380.23,4357.41,4360.03,84892686
2022-01-20T14:00:00Z,4360.03,4360.26,4349.12,4352.35,67967339
2022-01-20T15:00:00Z,4352.35,4370.83,4350.71,4368.68,84571227
2022-01-20T16:00:00Z,4368.68,4377.88,4366.71,4376.75,75748909
2022-01-20T17:00:00Z,4376.75,4378.56,4371.41,4373.05,68552285
2022-01-20T18:00:00Z,4373.05,4378.08,4361.18,4367.72,61266317
2022-01-20T19:00:00Z,4367.72,4373.93,4365.16,4366.39,56782140
2022-01-20T20:00:00Z,4366.39,4375.83,4364.39,4371.51,77723825
2022-01-20T21:00:00Z,4371.51,4382.31,4366.95,4382.02,82721168
2022-01-20T22:00:00Z,4382.02,4388.11,4362.00,4362.70,94811204
2022-01-20T23:00:00Z,4362.70,4373.03,4358.55,4370.59,66077525
2022-01-21T00:00:00Z,4370.59,4375.60,4364.25,4365.52,75886462
2022-01-21T01:00:00Z,4365.52,4367.31,4349.88,4353.90,78474834
2022-01-21T02:00:00Z,4353.90,4359.76,4337.41,4339.39,80910596
2022-01-21T03:00:00Z,4339.39,4345.15,4315.93,4319.85,95869328
2022-01-21T04:00:00Z,4319.85,4335.92,4319.01,4330.31,70996908
2022-01-21T05:00:00Z,4330.31,4342.29,4326.81,4338.81,72966114
2022-01-21T06:00:00Z,4338.81,4339.46,4331.45,4335.12,69636829
2022-01-21T07:00:00Z,4335.12,4339.64,4326.13,4332.59,68283345
2022-01-21T08:00:00Z,4332.59,4333.49,4326.92,4331.25,60278309
2022-01-21T09:00:00Z,4331.25,4332.12,4310.60,4316.08,97833869
2022-01-21T10:00:00Z,4316.08,4325.65,4314.88,4324.12,79839381
2022-01-21T11:00:00Z,4324.12,4330.53,4322.97,4325.00,66482305
2022-01-21T12:00:00Z,4325.00,4330.28,4311.87,4314.95,70059196
2022-01-21T13:00:00Z,4314.95,4321.36,4308.02,4314.00,67443640
2022-01-21T14:00:00Z,4314.00,4318.98,4306.76,4311.08,57411022
2022-01-21T15:00:00Z,4311.08,4327.94,4308.68,4325.53,91978303
2022-01-21T16:00:00Z,4325.53,4326.15,4311.23,4313.67,82469430
2022-01-21T17:00:00Z,4313.67,4320.65,4313.23,4318.41,74064256
2022-01-21T18:00:00Z,4318.41,4318.93,4312.76,4315.28,56883402
2022-01-21T19:00:00Z,4315.28,4317.22,4311.59,4315.36,61115847
2022-01-21T20:00:00Z,4315.36,4330.54,4314.20,4324.59,84197662
2022-01-21T21:00:00Z,4324.59,4338.61,4318.17,4337.22,86365957
2022-01-21T22:00:00Z,4337.22,4360.72,4330.96,4356.10,92851419
2022-01-21T23:00:00Z,4356.10,4358.98,4348.01,4352.31,56977351
2022-01-22T00:00:00Z,4352.31,4361.26,4350.75,4355.38,59816724
2022-01-22T01:00:00Z,4355.38,4358.73,4344.36,4348.61,65037508
2022-01-22T02:00:00Z,4348.61,4352.71,4340.95,4344.95,62108039
2022-01-22T03:00:00Z,4344.95,4346.74,4341.06,4344.27,67678649
2022-01-22T04:00:00Z,4344.27,4346.24,4328.86,4329.49,88296901
2022-01-22T05:00:00Z,4329.49,4333.83,4325.61,4330.54,54876110
2022-01-22T06:00:00Z,4330.54,4335.65,4320.16,4325.19,61214097
2022-01-22T07:00:00Z,4325.19,4329.90,4310.51,4314.91,84228616
2022-01-22T08:00:00Z,4314.91,4319.35,4305.56,4312.01,69180221
2022-01-22T09:00:00Z,4312.01,4322.73,4306.54,4319.98,74790612
2022-01-22T10:00:00Z,4319.98,4337.23,4316.43,4335.64,97768410
2022-01-22T11:00:00Z,4335.64,4349.04,4331.32,4343.38,77950319
2022-01-22T12:00:00Z,4343.38,4346.78,4334.96,4340.42,67963322
2022-01-22T13:00:00Z,4340.42,4346.55,4334.59,4340.54,61398327
2022-01-22T14:00:00Z,4340.54,4346.55,4332.80,4334.39,81132629
2022-01-22T15:00:00Z,4334.39,4350.92,4329.65,4346.59,81098293
2022-01-22T16:00:00Z,4346.59,4352.00,4344.70,4351.52,64967274
2022-01-22T17:00:00Z,4351.52,4366.89,4345.16,4361.64,77376563
2022-01-22T18:00:00Z,4361.64,4370.29,4357.34,4370.18,83830327
2022-01-22T19:00:00Z,4370.18,4372.84,4358.22,4363.08,82260923
2022-01-22T20:00:00Z,4363.08,4367.45,4356.57,4360.16,56222506
2022-01-22T21:00:00Z,4360.16,4376.31,4358.76,4373.90,90843476
2022-01-22T22:00:00Z,4373.90,4376.18,4370.57,4374.31,51524269
2022-01-22T23:00:00Z,4374.31,4378.08,4356.49,4361.20,80096384
2022-01-23T00:00:00Z,4361.20,4363.43,4350.37,4351.93,85947507
2022-01-23T01:00:00Z,4351.93,4357.16,4337.04,4341.82,86327701
2022-01-23T02:00:00Z,4341.82,4345.63,4331.93,4338.42,69283718
2022-01-23T03:00:00Z,4338.42,4360.52,4335.49,4357.13,92649783
2022-01-23T04:00:00Z,4357.13,4360.69,4355.47,4360.13,67987463
2022-01-23T05:00:00Z,4360.13,4363.04,4346.71,4352.86,82413315
2022-01-23T06:00:00Z,4352.86,4358.65,4342.04,4345.87,65202162
2022-01-23T07:00:00Z,4345.87,4352.31,4333.81,4337.08,76000969
2022-01-23T08:00:00Z,4337.08,4341.80,4319.79,4325.77,84663973
2022-01-23T09:00:00Z,4325.77,4327.62,4315.39,4316.55,82598175
2022-01-23T10:00:00Z,4316.55,4322.64,4308.72,4312.75,74253928
2022-01-23T11:00:00Z,4312.75,4318.94,4309.64,4316.09,75085042
2022-01-23T12:00:00Z,4316.09,4318.00,4315.27,4317.18,68747133
2022-01-23T13:00:00Z,4317.18,4323.45,4312.66,4315.99,60130727
2022-01-23T14:00:00Z,4315.99,4319.36,4293.60,4296.57,92616316
2022-01-23T15:00:00Z,4296.57,4302.56,4295.81,4300.68,68636395
2022-01-23T16:00:00Z,4300.68,4306.49,4297.11,4304.50,72119048
2022-01-23T17:00:00Z,4304.50,4309.85,4288.20,4294.26,87407887
2022-01-23T18:00:00Z,4294.26,4302.72,4289.36,4301.33,82935660
2022-01-23T19:00:00Z,4301.33,4308.24,4297.43,4302.30,58602944
2022-01-23T20:00:00Z,4302.30,4302.37,4291.56,4296.77,77336176
2022-01-23T21:00:00Z,4296.77,4312.55,4292.64,4312.10,85809984
2022-01-23T22:00:00Z,4312.10,4312.96,4303.77,4309.70,67793698
2022-01-23T23:00:00Z,4309.70,4314.28,4296.23,4300.21,67993571
2022-01-24T00:00:00Z,4300.21,4304.58,4292.39,4297.82,66238549
2022-01-24T01:00:00Z,4297.82,4305.79,4293.64,4304.86,72023409
2022-01-24T02:00:00Z,4304.86,4310.01,4304.37,4307.22,65970075
2022-01-24T03:00:00Z,4307.22,4312.76,4303.10,4305.80,56342419
2022-01-24T04:00:00Z,4305.80,4310.31,4302.87,4305.37,54051558
2022-01-24T05:00:00Z,4305.37,4318.58,4304.88,4317.82,73499767
2022-01-24T06:00:00Z,4317.82,4320.06,4311.00,4311.85,77749133
2022-01-24T07:00:00Z,4311.85,4318.15,4311.48,4313.96,68015289
2022-01-24T08:00:00Z,4313.96,4316.96,4311.39,4312.15,58386888
2022-01-24T09:00:00Z,4312.15,4317.66,4305.37,4307.78,75014880
2022-01-24T10:00:00Z,4307.78,4311.48,4295.11,4297.56,74427788
2022-01-24T11:00:00Z,4297.56,4300.70,4294.99,4297.26,59771748
2022-01-24T12:00:00Z,4297.26,4311.71,4294.94,4308.81,82490153
2022-01-24T13:00:00Z,4308.81,4324.88,4306.51,4324.19,90339617
2022-01-24T14:00:00Z,4324.19,4328.80,4322.27,4324.66,54779443
2022-01-24T15:00:00Z,4324.66,4332.63,4322.82,4329.49,60094764
2022-01-24T16:00:00Z,4329.49,4335.15,4326.14,4327.69,56806242
2022-01-24T17:00:00Z,4327.69,4329.91,4316.93,4321.46,72916293
2022-01-24T18:00:00Z,4321.46,4321.59,4316.82,4319.27,55062535
2022-01-24T19:00:00Z,4319.27,4323.70,4314.20,4319.36,56608723
2022-01-24T20:00:00Z,4319.36,4329.18,4313.72,4323.87,61502411
2022-01-24T21:00:00Z,4323.87,4329.20,4311.32,4313.18,80449413
2022-01-24T22:00:00Z,4313.18,4313.92,4311.71,4313.14,50819787
2022-01-24T23:00:00Z,4313.14,4316.72,4307.23,4312.42,64217951
2022-01-25T00:00:00Z,4312.42,4316.61,4307.67,4312.68,56151568
2022-01-25T01:00:00Z,4312.68,4316.58,4308.56,4310.58,66113875
2022-01-25T02:00:00Z,4310.58,4317.39,4309.79,4316.05,68859682
2022-01-25T03:00:00Z,4316.05,4319.97,4309.24,4313.01,71589731
2022-01-25T04:00:00Z,4313.01,4317.02,4309.15,4310.03,59239389
2022-01-25T05:00:00Z,4310.03,4313.76,4303.47,4308.47,55813271
2022-01-25T06:00:00Z,4308.47,4310.47,4293.18,4295.05,83900597
2022-01-25T07:00:00Z,4295.05,4305.29,4293.18,4300.53,72807838
2022-01-25T08:00:00Z,4300.53,4311.16,4298.04,4311.11,79501234
2022-01-25T09:00:00Z,4311.11,4317.91,4307.50,4317.26,64049838
2022-01-25T10:00:00Z,4317.26,4320.96,4314.21,4315.20,57741905
2022-01-25T11:00:00Z,4315.20,4317.60,4310.08,4310.16,76642342
2022-01-25T12:00:00Z,4310.16,4315.58,4304.90,4314.16,71886733
2022-01-25T13:00:00Z,4314.16,4320.88,4310.29,4319.33,67755848
2022-01-25T14:00:00Z,4319.33,4322.28,4306.80,4310.43,71964982
2022-01-25T15:00:00Z,4310.43,4316.03,4304.04,4307.90,67104676
2022-01-25T16:00:00Z,4307.90,4316.81,4306.39,4311.97,59565807
2022-01-25T17:00:00Z,4311.97,4318.95,4307.51,4315.34,64087147
2022-01-25T18:00:00Z,4315.34,4323.32,4310.64,4320.02,77896870
2022-01-25T19:00:00Z,4320.02,4321.26,4312.00,4315.20,69960093
2022-01-25T20:00:00Z,4315.20,4329.37,4314.20,4325.67,70177578
2022-01-25T21:00:00Z,4325.67,4331.44,4323.61,4330.07,75650869
2022-01-25T22:00:00Z,4330.07,4331.28,4325.48,4328.82,62572897
2022-01-25T23:00:00Z,4328.82,4332.85,4324.47,4328.04,62195256
2022-01-26T00:00:00Z,4328.04,4335.52,4324.00,4333.68,72220578
2022-01-26T01:00:00Z,4333.68,4344.43,4328.88,4344.41,73773127
2022-01-26T02:00:00Z,4344.41,4349.52,4336.55,4340.52,66368006
2022-01-26T03:00:00Z,4340.52,4344.89,4329.46,4335.10,62527260
2022-01-26T04:00:00Z,4335.10,4347.73,4333.58,4345.06,71865367
2022-01-26T05:00:00Z,4345.06,4350.29,4342.77,4345.66,65232526
2022-01-26T06:00:00Z,4345.66,4351.11,4336.41,4338.93,81939409
2022-01-26T07:00:00Z,4338.93,4353.21,4334.38,4348.71,84858345
2022-01-26T08:00:00Z,4348.71,4349.51,4345.70,4347.54,61678387
2022-01-26T09:00:00Z,4347.54,4347.59,4340.74,4341.71,71474500
2022-01-26T10:00:00Z,4341.71,4342.82,4333.27,4337.34,61701476
2022-01-26T11:00:00Z,4337.34,4346.08,4335.54,4342.33,76793897
2022-01-26T12:00:00Z,4342.33,4346.38,4331.10,4332.67,73638478
2022-01-26T13:00:00Z,4332.67,4337.53,4324.15,4325.03,81343050
2022-01-26T14:00:00Z,4325.03,4327.14,4322.13,4326.61,58816242
2022-01-26T15:00:00Z,4326.61,4333.20,4323.76,4331.01,65901964
2022-01-26T16:00:00Z,4331.01,4335.37,4330.60,4331.39,65928718
2022-01-26T17:00:00Z,4331.39,4333.92,4320.01,4322.91,85391110
2022-01-26T18:00:00Z,4322.91,4327.70,4321.85,4325.25,67986569
2022-01-26T19:00:00Z,4325.25,4326.67,4319.75,4320.18,72175600
2022-01-26T20:00:00Z,4320.18,4325.33,4314.72,4324.42,66038700
2022-01-26T21:00:00Z,4324.42,4334.99,4319.60,4330.20,71212861
2022-01-26T22:00:00Z,4330.20,4333.83,4325.57,4328.29,63195283
2022-01-26T23:00:00Z,4328.29,4336.83,4323.54,4333.20,76144718
2022-01-27T00:00:00Z,4333.20,4334.55,4316.35,4320.38,80711795
2022-01-27T01:00:00Z,4320.38,4326.40,4316.51,4324.41,71726219
2022-01-27T02:00:00Z,4324.41,4338.87,4319.42,4337.67,87557281
2022-01-27T03:00:00Z,4337.67,4339.16,4328.84,4332.83,67017059
2022-01-27T04:00:00Z,4332.83,4336.39,4327.06,4332.11,68650456
2022-01-27T05:00:00Z,4332.11,4347.71,4328.16,4342.22,84981165
2022-01-27T06:00:00Z,4342.22,4344.86,4336.92,4338.37,76993135
2022-01-27T07:00:00Z,4338.37,4341.56,4331.06,4334.78,76122294
2022-01-27T08:00:00Z,4334.78,4339.89,4328.46,4331.61,58489098
2022-01-27T09:00:00Z,4331.61,4332.12,4319.75,4324.69,69512149
2022-01-27T10:00:00Z,4324.69,4325.30,4321.09,4322.26,58076703
2022-01-27T11:00:00Z,4322.26,4323.24,4315.67,4317.55,65940029
2022-01-27T12:00:00Z,4317.55,4322.49,4316.17,4318.65,64968482
2022-01-27T13:00:00Z,4318.65,4321.62,4312.53,4317.76,54652209
2022-01-27T14:00:00Z,4317.76,4332.53,4313.68,4329.40,83066668
2022-01-27T15:00:00Z,4329.40,4334.47,4312.96,4316.77,87096154
2022-01-27T16:00:00Z,4316.77,4324.92,4312.41,4321.23,73364931
2022-01-27T17:00:00Z,4321.23,4327.00,4316.66,4323.84,59698371
2022-01-27T18:00:00Z,4323.84,4327.82,4319.66,4324.05,60056218
2022-01-27T19:00:00Z,4324.05,4328.34,4319.45,4325.80,64320151
2022-01-27T20:00:00Z,4325.80,4329.01,4324.52,4325.38,54829432
2022-01-27T21:00:00Z,4325.38,4333.78,4320.22,4332.65,69411354
2022-01-27T22:00:00Z,4332.65,4337.81,4328.64,4333.90,64127437
2022-01-27T23:00:00Z,4333.90,4335.89,4326.37,4331.99,72965066
2022-01-28T00:00:00Z,4331.99,4333.78,4324.19,4327.41,65495534
2022-01-28T01:00:00Z,4327.41,4330.84,4318.08,4319.59,77077508
2022-01-28T02:00:00Z,4319.59,4321.54,4311.99,4313.39,74214475
2022-01-28T03:00:00Z,4313.39,4315.42,4303.39,4304.25,81627067
2022-01-28T04:00:00Z,4304.25,4307.79,4303.40,4304.49,65040375
2022-01-28T05:00:00Z,4304.49,4314.33,4302.24,4312.53,82442594
2022-01-28T06:00:00Z,4312.53,4314.35,4305.59,4309.33,73071855
2022-01-28T07:00:00Z,4309.33,4313.00,4297.48,4302.91,81699028
2022-01-28T08:00:00Z,4302.91,4307.28,4296.51,4301.71,53732466
2022-01-28T09:00:00Z,4301.71,4310.20,4297.01,4305.82,74810882
2022-01-28T10:00:00Z,4305.82,4309.09,4304.76,4305.05,60819195
2022-01-28T11:00:00Z,4305.05,4314.29,4304.59,4313.91,80739435
2022-01-28T12:00:00Z,4313.91,4321.47,4308.59,4316.51,67500739
2022-01-28T13:00:00Z,4316.51,4320.73,4309.19,4310.21,62355503
2022-01-28T14:00:00Z,4310.21,4314.07,4306.43,4308.69,67756969
2022-01-28T15:00:00Z,4308.69,4312.77,4301.42,4304.94,57336464
2022-01-28T16:00:00Z,4304.94,4308.94,4301.26,4306.36,53646263
2022-01-28T17:00:00Z,4306.36,4320.25,4301.95,4314.85,67255044
2022-01-28T18:00:00Z,4314.85,4321.21,4312.94,4320.06,71370880
2022-01-28T19:00:00Z,4320.06,4323.02,4318.85,4320.45,56621161
2022-01-28T20:00:00Z,4320.45,4321.03,4317.79,4319.35,54546876
2022-01-28T21:00:00Z,4319.35,4323.24,4315.39,4321.45,56512277
2022-01-28T22:00:00Z,4321.45,4329.03,4318.05,4328.71,74805967
2022-01-28T23:00:00Z,4328.71,4332.38,4317.23,4322.89,79726400
2022-01-29T00:00:00Z,4322.89,4326.22,4310.75,4314.81,67172656
2022-01-29T01:00:00Z,4314.81,4318.58,4306.43,4307.78,82548376
2022-01-29T02:00:00Z,4307.78,4328.44,4307.17,4325.59,99071801
2022-01-29T03:00:00Z,4325.59,4331.91,4321.72,4327.99,65951843
2022-01-29T04:00:00Z,4327.99,4330.44,4322.33,4325.73,65863382
2022-01-29T05:00:00Z,4325.73,4327.98,4324.79,4326.19,66742537
2022-01-29T06:00:00Z,4326.19,4330.81,4320.19,4322.18,77131928
2022-01-29T07:00:00Z,4322.18,4322.89,4321.70,4322.15,51435710
2022-01-29T08:00:00Z,4322.15,4324.22,4318.30,4318.53,74434873
2022-01-29T09:00:00Z,4318.53,4318.84,4312.24,4315.13,61822487
2022-01-29T10:00:00Z,4315.13,4330.14,4313.59,4327.99,83559073
2022-01-29T11:00:00Z,4327.99,4347.57,4325.65,4342.93,78626504
2022-01-29T12:00:00Z,4342.93,4343.70,4333.87,4336.98,66929578
2022-01-29T13:00:00Z,4336.98,4343.37,4335.68,4341.81,72986885
2022-01-29T14:00:00Z,4341.81,4350.98,4341.55,4346.96,72786170
2022-01-29T15:00:00Z,4346.96,4364.33,4345.00,4360.37,88934784
2022-01-29T16:00:00Z,4360.37,4366.92,4358.53,4362.09,72340900
2022-01-29T17:00:00Z,4362.09,4366.94,4349.05,4354.21,81689886
2022-01-29T18:00:00Z,4354.21,4355.63,4354.04,4355.04,69536289
2022-01-29T19:00:00Z,4355.04,4358.04,4349.68,4352.53,56859049
2022-01-29T20:00:00Z,4352.53,4366.05,4352.22,4361.16,78641928
2022-01-29T21:00:00Z,4361.16,4365.36,4358.14,4358.75,56592627
2022-01-29T22:00:00Z,4358.75,4369.45,4353.09,4368.62,75716506
2022-01-29T23:00:00Z,4368.62,4378.06,4366.67,4375.22,82013449
2022-01-30T00:00:00Z,4375.22,4383.66,4374.92,4379.80,70293401
2022-01-30T01:00:00Z,4379.80,4381.47,4366.52,4371.07,66812930
2022-01-30T02:00:00Z,4371.07,4375.99,4366.76,4370.23,71406233
2022-01-30T03:00:00Z,4370.23,4375.92,4368.98,4372.70,73726951
2022-01-30T04:00:00Z,4372.70,4375.41,4362.35,4362.65,75507081
2022-01-30T05:00:00Z,4362.65,4372.70,4356.92,4366.99,69398842
2022-01-30T06:00:00Z,4366.99,4374.91,4362.64,4370.63,69919206
2022-01-30T07:00:00Z,4370.63,4387.83,4369.09,4382.60,75230008
2022-01-30T08:00:00Z,4382.60,4386.81,4370.33,4373.92,75428719
2022-01-30T09:00:00Z,4373.92,4377.11,4371.86,4374.28,57748706
2022-01-30T10:00:00Z,4374.28,4376.55,4363.21,4366.22,74753757
2022-01-30T11:00:00Z,4366.22,4370.31,4359.17,4359.32,63130860
2022-01-30T12:00:00Z,4359.32,4363.34,4357.32,4360.48,54923024
2022-01-30T13:00:00Z,4360.48,4367.78,4357.59,4365.95,77433716
2022-01-30T14:00:00Z,4365.95,4381.37,4362.60,4376.23,74534012
2022-01-30T15:00:00Z,4376.23,4377.74,4361.47,4367.19,81478839
2022-01-30T16:00:00Z,4367.19,4367.70,4362.77,4364.66,63887941
2022-01-30T17:00:00Z,4364.66,4373.18,4364.05,4371.70,71094938
2022-01-30T18:00:00Z,4371.70,4379.79,4366.19,4378.35,78733086
2022-01-30T19:00:00Z,4378.35,4382.58,4378.26,4380.08,62024674
2022-01-30T20:00:00Z,4380.08,4383.36,4375.28,4383.15,70459532
2022-01-30T21:00:00Z,4383.15,4385.29,4375.95,4378.02,67775198
2022-01-30T22:00:00Z,4378.02,4383.05,4373.04,4377.30,67892467
2022-01-30T23:00:00Z,4377.30,4382.82,4373.12,4374.09,68097067
2022-01-31T00:00:00Z,4374.09,4377.72,4355.94,4361.60,88362446
2022-01-31T01:00:00Z,4361.60,4377.45,4360.00,4372.53,85356728
2022-01-31T02:00:00Z,4372.53,4377.04,4370.57,4372.58,55968405
2022-01-31T03:00:00Z,4372.58,4394.37,4372.09,4391.42,100343423
2022-01-31T04:00:00Z,4391.42,4393.95,4382.67,4383.89,83363788
2022-01-31T05:00:00Z,4383.89,4397.97,4380.45,4392.25,73106271
2022-01-31T06:00:00Z,4392.25,4392.41,4385.28,4389.75,54687145
2022-01-31T07:00:00Z,4389.75,4390.47,4381.25,4381.70,82327884
2022-01-31T08:00:00Z,4381.70,4383.48,4376.20,4381.81,67190881
2022-01-31T09:00:00Z,4381.81,4387.52,4377.22,4383.76,71087900
2022-01-31T10:00:00Z,4383.76,4392.09,4381.19,4388.93,72552252
2022-01-31T11:00:00Z,4388.93,4391.93,4387.56,4388.72,51404725
2022-01-31T12:00:00Z,4388.72,4389.60,4379.52,4384.89,71408029
2022-01-31T13:00:00Z,4384.89,4387.03,4375.01,4378.47,73935694
2022-01-31T14:00:00Z,4378.47,4381.01,4376.61,4378.97,68999656
2022-01-31T15:00:00Z,4378.97,4384.85,4375.85,4383.53,68185418
2022-01-31T16:00:00Z,4383.53,4386.32,4379.51,4381.28,60934164
2022-01-31T17:00:00Z,4381.28,4383.92,4373.80,4375.68,71460616
2022-01-31T18:00:00Z,4375.68,4395.13,4374.43,4393.12,86278434
2022-01-31T19:00:00Z,4393.12,4396.63,4375.52,4380.73,78739625
2022-01-31T20:00:00Z,4380.73,4384.17,4374.79,4380.14,53082783
2022-01-31T21:00:00Z,4380.14,4392.67,4377.06,4390.49,70458973
2022-01-31T22:00:00Z,4390.49,4397.10,4389.22,4391.74,55523717
2022-01-31T23:00:00Z,4391.74,4397.37,4386.12,4396.06,75771311
2022-02-01T00:00:00Z,4396.06,4398.29,4392.34,4393.26,61274388
2022-02-01T01:00:00Z,4393.26,4396.48,4389.73,4393.41,56136085
2022-02-01T02:00:00Z,4393.41,4398.64,4389.99,4397.39,68820454
2022-02-01T03:00:00Z,4397.39,4400.43,4383.07,4384.49,76914879
2022-02-01T04:00:00Z,4384.49,4388.61,4383.61,4385.03,53047612
2022-02-01T05:00:00Z,4385.03,4388.28,4379.83,4381.24,73771977
2022-02-01T06:00:00Z,4381.24,4386.95,4373.51,4378.68,64658974
2022-02-01T07:00:00Z,4378.68,4388.96,4377.30,4384.45,69575855
2022-02-01T08:00:00Z,4384.45,4393.72,4381.89,4391.09,66058021
2022-02-01T09:00:00Z,4391.09,4397.90,4390.73,4396.34,61948357
2022-02-01T10:00:00Z,4396.34,4396.70,4390.62,4394.94,56382638
2022-02-01T11:00:00Z,4394.94,4402.05,4389.71,4401.46,65257775
2022-02-01T12:00:00Z,4401.46,4410.91,4401.03,4407.61,67973058
2022-02-01T13:00:00Z,4407.61,4421.75,4403.52,4421.15,80220400
2022-02-01T14:00:00Z,4421.15,4423.35,4411.32,4412.93,66602350
2022-02-01T15:00:00Z,4412.93,4418.66,4408.17,4417.27,74558238
2022-02-01T16:00:00Z,4417.27,4426.81,4412.45,4422.78,73494637
2022-02-01T17:00:00Z,4422.78,4433.52,4417.44,4432.30,77457394
2022-02-01T18:00:00Z,4432.30,4448.10,4429.73,4442.65,77158730
2022-02-01T19:00:00Z,4442.65,4465.62,4439.25,4461.40,84786874
2022-02-01T20:00:00Z,4461.40,4473.61,4459.85,4471.73,86839337
2022-02-01T21:00:00Z,4471.73,4481.42,4466.59,4476.14,62475560
2022-02-01T22:00:00Z,4476.14,4480.58,4462.13,4466.34,82196065
2022-02-01T23:00:00Z,4466.34,4473.50,4463.89,4472.82,80715860
2022-02-02T00:00:00Z,4472.82,4478.02,4467.06,4476.62,73932171
2022-02-02T01:00:00Z,4476.62,4482.70,4474.71,4478.88,63221306
2022-02-02T02:00:00Z,4478.88,4480.65,4478.49,4478.82,53289181
2022-02-02T03:00:00Z,4478.82,4479.45,4469.09,4472.80,69055518
2022-02-02T04:00:00Z,4472.80,4474.19,4451.77,4453.44,100527535
2022-02-02T05:00:00Z,4453.44,4454.66,4442.92,4446.23,66040282
2022-02-02T06:00:00Z,4446.23,4452.04,4436.55,4437.72,76804091
2022-02-02T07:00:00Z,4437.72,4442.87,4422.88,4425.54,87651025
2022-02-02T08:00:00Z,4425.54,4431.53,4421.20,4426.44,69053114
2022-02-02T09:00:00Z,4426.44,4440.35,4422.68,4435.33,76084472
2022-02-02T10:00:00Z,4435.33,4443.50,4432.87,4438.85,62599185
2022-02-02T11:00:00Z,4438.85,4441.72,4434.07,4439.01,61098666
2022-02-02T12:00:00Z,4439.01,4458.13,4437.49,4457.37,101825429
2022-02-02T13:00:00Z,4457.37,4462.57,4449.59,4451.48,79928167
2022-02-02T14:00:00Z,4451.48,4463.56,4450.03,4458.80,68126970
2022-02-02T15:00:00Z,4458.80,4459.07,4444.18,4444.85,75100342
2022-02-02T16:00:00Z,4444.85,4449.13,4442.76,4444.68,69655478
2022-02-02T17:00:00Z,4444.68,4454.29,4442.77,4453.90,74471069
2022-02-02T18:00:00Z,4453.90,4457.99,4447.26,4447.42,66735154
2022-02-02T19:00:00Z,4447.42,4451.68,4440.79,4443.95,59439039
2022-02-02T20:00:00Z,4443.95,4445.28,4440.50,4444.87,55282726
2022-02-02T21:00:00Z,4444.87,4449.50,4436.81,4439.05,75103019
2022-02-02T22:00:00Z,4439.05,4440.33,4434.34,4438.67,62356668
2022-02-02T23:00:00Z,4438.67,4448.70,4435.00,4444.17,68333014
2022-02-03T00:00:00Z,4444.17,4451.48,4439.90,4447.35,60855422
2022-02-03T01:00:00Z,4447.35,4459.12,4443.08,4455.93,66142680
2022-02-03T02:00:00Z,4455.93,4458.41,4452.12,4454.48,68318128
2022-02-03T03:00:00Z,4454.48,4456.07,4452.24,4453.26,53376743
2022-02-03T04:00:00Z,4453.26,4464.01,4453.10,4461.33,83431061
2022-02-03T05:00:00Z,4461.33,4473.31,4460.41,4468.18,73664584
2022-02-03T06:00:00Z,4468.18,4476.12,4463.42,4473.75,75107014
2022-02-03T07:00:00Z,4473.75,4476.01,4454.25,4459.65,79902739
2022-02-03T08:00:00Z,4459.65,4464.34,4453.32,4457.53,68405274
2022-02-03T09:00:00Z,4457.53,4462.90,4449.92,4452.67,73249257
2022-02-03T10:00:00Z,4452.67,4471.57,4450.28,4466.72,80103684
2022-02-03T11:00:00Z,4466.72,4484.48,4461.80,4481.80,80474007
2022-02-03T12:00:00Z,4481.80,4483.98,4478.95,4479.98,65070836
2022-02-03T13:00:00Z,4479.98,4481.89,4476.00,4481.37,67014722
2022-02-03T14:00:00Z,4481.37,4496.36,4477.03,4494.92,86160238
2022-02-03T15:00:00Z,4494.92,4499.41,4490.91,4495.74,67365566
2022-02-03T16:00:00Z,4495.74,4499.95,4492.37,4493.96,72027259
2022-02-03T17:00:00Z,4493.96,4496.48,4489.81,4493.62,67392441
2022-02-03T18:00:00Z,4493.62,4499.63,4492.88,4496.51,71377903
2022-02-03T19:00:00Z,4496.51,4498.71,4480.53,4483.47,74799833
2022-02-03T20:00:00Z,4483.47,4484.72,4476.97,4481.55,65095306
2022-02-03T21:00:00Z,4481.55,4487.16,4462.65,4467.34,80856812
2022-02-03T22:00:00Z,4467.34,4468.79,4457.90,4459.18,80624118
2022-02-03T23:00:00Z,4459.18,4471.27,4454.66,4468.14,74118687
2022-02-04T00:00:00Z,4468.14,4479.11,4465.48,4477.78,86619895
2022-02-04T01:00:00Z,4477.78,4485.94,4476.09,4480.09,59190274
2022-02-04T02:00:00Z,4480.09,4486.15,4479.34,4482.74,64200450
2022-02-04T03:00:00Z,4482.74,4488.23,4474.20,4475.38,67919805
2022-02-04T04:00:00Z,4475.38,4485.09,4473.31,4480.84,62257319
2022-02-04T05:00:00Z,4480.84,4499.52,4476.15,4497.32,97946397
2022-02-04T06:00:00Z,4497.32,4502.80,4496.12,4502.35,68316340
2022-02-04T07:00:00Z,4502.35,4512.17,4499.18,4509.85,65799648
2022-02-04T08:00:00Z,4509.85,4514.06,4506.07,4512.42,74037191
2022-02-04T09:00:00Z,4512.42,4515.99,4501.19,4505.20,76771021
2022-02-04T10:00:00Z,4505.20,4510.09,4482.00,4487.36,92654862
2022-02-04T11:00:00Z,4487.36,4493.23,4484.28,4489.93,62095125
2022-02-04T12:00:00Z,4489.93,4493.72,4486.07,4491.60,69002407
2022-02-04T13:00:00Z,4491.60,4508.26,4491.27,4507.66,83336287
2022-02-04T14:00:00Z,4507.66,4513.02,4506.81,4507.27,67195603
2022-02-04T15:00:00Z,4507.27,4514.27,4501.52,4509.38,54141692
2022-02-04T16:00:00Z,4509.38,4514.05,4494.97,4500.48,73010344
2022-02-04T17:00:00Z,4500.48,4501.77,4485.59,4488.06,81638039
2022-02-04T18:00:00Z,4488.06,4497.04,4485.71,4491.58,63278155
2022-02-04T19:00:00Z,4491.58,4491.85,4480.56,4484.24,73463620
2022-02-04T20:00:00Z,4484.24,4485.94,4479.19,4479.56,60172380
2022-02-04T21:00:00Z,4479.56,4490.17,4477.24,4487.69,70754481
2022-02-04T22:00:00Z,4487.69,4488.53,4486.22,4487.53,55093482
2022-02-04T23:00:00Z,4487.53,4489.56,4474.31,4478.50,66345904
2022-02-05T00:00:00Z,4478.50,4492.20,4473.98,4490.54,81097625
2022-02-05T01:00:00Z,4490.54,4495.17,4487.74,4491.62,67217906
2022-02-05T02:00:00Z,4491.62,4500.99,4490.41,4495.53,60482181
2022-02-05T03:00:00Z,4495.53,4496.11,4489.28,4489.63,63881423
2022-02-05T04:00:00Z,4489.63,4491.35,4467.65,4469.94,96035155
2022-02-05T05:00:00Z,4469.94,4471.08,4453.71,4454.27,85742004
2022-02-05T06:00:00Z,4454.27,4456.01,4443.77,4449.43,62735330
2022-02-05T07:00:00Z,4449.43,4453.32,4447.22,4452.59,68886452
2022-02-05T08:00:00Z,4452.59,4456.62,4439.84,4443.70,67377032
2022-02-05T09:00:00Z,4443.70,4454.35,4442.16,4450.68,71923304
2022-02-05T10:00:00Z,4450.68,4452.73,4448.01,4449.26,55225363
2022-02-05T11:00:00Z,4449.26,4465.10,4444.20,4460.14,87358455
2022-02-05T12:00:00Z,4460.14,4464.68,4455.81,4459.14,60323628
2022-02-05T13:00:00Z,4459.14,4472.80,4455.20,4467.16,75225702
2022-02-05T14:00:00Z,4467.16,4477.01,4466.37,4476.48,84371328
2022-02-05T15:00:00Z,4476.48,4483.76,4472.98,4482.60,70514960
2022-02-05T16:00:00Z,4482.60,4489.33,4480.99,4488.18,79512671
2022-02-05T17:00:00Z,4488.18,4498.71,4484.32,4497.86,84243143
2022-02-05T18:00:00Z,4497.86,4505.83,4495.61,4500.89,60448944
2022-02-05T19:00:00Z,4500.89,4504.32,4495.03,4499.39,58446296
2022-02-05T20:00:00Z,4499.39,4503.62,4489.77,4490.49,69353035
2022-02-05T21:00:00Z,4490.49,4503.55,4489.66,4502.50,76357543
2022-02-05T22:00:00Z,4502.50,4508.35,4497.88,4502.36,69166022
2022-02-05T23:00:00Z,4502.36,4511.66,4497.17,4506.67,73952708
2022-02-06T00:00:00Z,4506.67,4519.83,4503.52,4519.01,90212794
2022-02-06T01:00:00Z,4519.01,4532.33,4514.05,4528.21,80073730
2022-02-06T02:00:00Z,4528.21,4531.97,4523.57,4529.88,69989158
2022-02-06T03:00:00Z,4529.88,4532.17,4523.62,4528.41,56311564
2022-02-06T04:00:00Z,4528.41,4530.83,4526.35,4529.46,65403453
2022-02-06T05:00:00Z,4529.46,4543.90,4529.06,4539.22,80889334
2022-02-06T06:00:00Z,4539.22,4542.41,4533.84,4537.66,65614248
2022-02-06T07:00:00Z,4537.66,4549.98,4533.89,4545.88,75575901
2022-02-06T08:00:00Z,4545.88,4546.59,4537.90,4543.20,62553483
2022-02-06T09:00:00Z,4543.20,4555.22,4540.27,4549.71,76233278
2022-02-06T10:00:00Z,4549.71,4555.39,4549.29,4552.29,74302744
2022-02-06T11:00:00Z,4552.29,4555.67,4545.49,4550.38,69088683
2022-02-06T12:00:00Z,4550.38,4552.04,4526.08,4529.71,100583458
2022-02-06T13:00:00Z,4529.71,4542.65,4526.16,4541.39,83558702
2022-02-06T14:00:00Z,4541.39,4547.06,4534.95,4536.61,70647639
2022-02-06T15:00:00Z,4536.61,4541.60,4535.18,4539.00,64905858
2022-02-06T16:00:00Z,4539.00,4544.72,4533.75,4535.80,74371292
2022-02-06T17:00:00Z,4535.80,4540.39,4533.52,4539.71,66812654
2022-02-06T18:00:00Z,4539.71,4543.86,4534.07,4539.10,65102836
2022-02-06T19:00:00Z,4539.10,4544.12,4533.14,4539.60,65852677
2022-02-06T20:00:00Z,4539.60,4542.17,4530.77,4535.73,63476508
2022-02-06T21:00:00Z,4535.73,4541.68,4523.86,4525.32,87788595
2022-02-06T22:00:00Z,4525.32,4530.96,4515.57,4520.07,61021447
2022-02-06T23:00:00Z,4520.07,4522.70,4515.65,4515.78,63892774
2022-02-07T00:00:00Z,4515.78,4519.38,4509.37,4513.03,61463479
2022-02-07T01:00:00Z,4513.03,4523.20,4507.13,4518.83,65898743
2022-02-07T02:00:00Z,4518.83,4523.42,4513.94,4522.47,70297437
2022-02-07T03:00:00Z,4522.47,4533.62,4517.72,4529.16,74728349
2022-02-07T04:00:00Z,4529.16,4540.38,4524.62,4537.52,80244357
2022-02-07T05:00:00Z,4537.52,4537.80,4523.19,4526.03,82489519
2022-02-07T06:00:00Z,4526.03,4528.54,4514.53,4519.33,78083201
2022-02-07T07:00:00Z,4519.33,4521.57,4513.19,4514.12,78287523
2022-02-07T08:00:00Z,4514.12,4520.02,4494.68,4499.41,77386750
2022-02-07T09:00:00Z,4499.41,4504.20,4497.62,4503.34,61477508
2022-02-07T10:00:00Z,4503.34,4504.70,4487.60,4490.45,85912181
2022-02-07T11:00:00Z,4490.45,4500.94,4486.74,4500.24,68967062
2022-02-07T12:00:00Z,4500.24,4508.05,4497.04,4505.74,74639982
2022-02-07T13:00:00Z,4505.74,4510.87,4497.94,4502.88,74801778
2022-02-07T14:00:00Z,4502.88,4511.96,4501.98,4509.39,69362786
2022-02-07T15:00:00Z,4509.39,4513.17,4503.21,4507.94,71528644
2022-02-07T16:00:00Z,4507.94,4526.99,4506.32,4522.03,82145431
2022-02-07T17:00:00Z,4522.03,4535.33,4516.61,4531.18,84887671
2022-02-07T18:00:00Z,4531.18,4539.13,4530.94,4537.91,77067269
2022-02-07T19:00:00Z,4537.91,4540.00,4526.25,4529.95,67520320
2022-02-07T20:00:00Z,4529.95,4532.51,4524.78,4527.89,58809529
2022-02-07T21:00:00Z,4527.89,4529.56,4518.51,4521.32,80784900
2022-02-07T22:00:00Z,4521.32,4534.39,4515.79,4529.45,70012496
2022-02-07T23:00:00Z,4529.45,4530.92,4525.94,4530.63,68829958
2022-02-08T00:00:00Z,4530.63,4533.47,4526.34,4531.34,51341878
2022-02-08T01:00:00Z,4531.34,4541.57,4529.67,4537.72,79072837
2022-02-08T02:00:00Z,4537.72,4540.51,4527.06,4527.34,82596793
2022-02-08T03:00:00Z,4527.34,4534.68,4525.83,4533.28,68025165
2022-02-08T04:00:00Z,4533.28,4536.80,4526.11,4531.55,61195434
2022-02-08T05:00:00Z,4531.55,4541.38,4528.32,4537.87,80621118
2022-02-08T06:00:00Z,4537.87,4538.05,4529.53,4533.73,64349051
2022-02-08T07:00:00Z,4533.73,4546.20,4528.11,4543.06,67462886
2022-02-08T08:00:00Z,4543.06,4544.19,4538.31,4541.42,71045835
2022-02-08T09:00:00Z,4541.42,4544.71,4526.05,4526.97,90219011
2022-02-08T10:00:00Z,4526.97,4531.38,4517.87,4523.44,67583789
2022-02-08T11:00:00Z,4523.44,4539.74,4517.54,4534.27,73660145
2022-02-08T12:00:00Z,4534.27,4539.30,4529.10,4532.16,59748570
2022-02-08T13:00:00Z,4532.16,4540.39,4529.44,4540.14,75616334
2022-02-08T14:00:00Z,4540.14,4543.08,4534.64,4542.06,62063515
2022-02-08T15:00:00Z,4542.06,4544.89,4529.09,4534.84,73766508
2022-02-08T16:00:00Z,4534.84,4536.47,4529.22,4536.44,62714674
2022-02-08T17:00:00Z,4536.44,4540.08,4528.00,4531.84,69301485
2022-02-08T18:00:00Z,4531.84,4537.35,4530.71,4533.72,58652757
2022-02-08T19:00:00Z,4533.72,4541.61,4528.07,4537.56,71092902
2022-02-08T20:00:00Z,4537.56,4538.73,4535.45,4537.07,59210922
2022-02-08T21:00:00Z,4537.07,4542.51,4533.22,4541.37,65429038
2022-02-08T22:00:00Z,4541.37,4546.57,4540.88,4541.44,54029877
2022-02-08T23:00:00Z,4541.44,4546.30,4530.68,4535.15,63509208
2022-02-09T00:00:00Z,4535.15,4537.80,4531.17,4532.82,56241838
2022-02-09T01:00:00Z,4532.82,4545.72,4527.23,4542.47,84410817
2022-02-09T02:00:00Z,4542.47,4544.39,4540.00,4541.91,60129885
2022-02-09T03:00:00Z,4541.91,4545.53,4535.44,4539.93,72177549
2022-02-09T04:00:00Z,4539.93,4552.01,4538.29,4549.86,78149612
2022-02-09T05:00:00Z,4549.86,4552.50,4548.23,4550.83,61140299
2022-02-09T06:00:00Z,4550.83,4558.08,4548.22,4552.37,58468235
2022-02-09T07:00:00Z,4552.37,4560.05,4549.70,4556.24,59556486
2022-02-09T08:00:00Z,4556.24,4561.26,4548.25,4551.44,75015784
2022-02-09T09:00:00Z,4551.44,4565.38,4548.58,4561.48,76885969
2022-02-09T10:00:00Z,4561.48,4566.72,4556.92,4560.55,62404055
2022-02-09T11:00:00Z,4560.55,4576.27,4558.21,4571.64,75463948
2022-02-09T12:00:00Z,4571.64,4573.42,4566.05,4569.84,69832261
2022-02-09T13:00:00Z,4569.84,4575.53,4565.60,4575.35,66521755
2022-02-09T14:00:00Z,4575.35,4590.47,4570.33,4587.15,86031403
2022-02-09T15:00:00Z,4587.15,4593.05,4585.00,4593.05,71860407
2022-02-09T16:00:00Z,4593.05,4599.22,4591.88,4593.92,60831279
2022-02-09T17:00:00Z,4593.92,4599.14,4581.98,4585.52,64858116
2022-02-09T18:00:00Z,4585.52,4592.12,4579.88,4588.52,58674575
2022-02-09T19:00:00Z,4588.52,4590.87,4579.88,4581.00,78011444
2022-02-09T20:00:00Z,4581.00,4586.43,4580.27,4584.09,72708988
2022-02-09T21:00:00Z,4584.09,4589.98,4580.96,4582.20,54186689
2022-02-09T22:00:00Z,4582.20,4582.84,4574.74,4577.34,68426989
2022-02-09T23:00:00Z,4577.34,4585.73,4573.24,4580.09,62388846
2022-02-10T00:00:00Z,4580.09,4581.31,4576.67,4577.18,59285441
2022-02-10T01:00:00Z,4577.18,4583.01,4575.95,4581.93,65389319
2022-02-10T02:00:00Z,4581.93,4587.51,4576.80,4587.02,72613738
2022-02-10T03:00:00Z,4587.02,4597.08,4582.59,4591.78,73637239
2022-02-10T04:00:00Z,4591.78,4599.94,4590.97,4595.36,62792980
2022-02-10T05:00:00Z,4595.36,4598.86,4593.13,4598.00,72209223
2022-02-10T06:00:00Z,4598.00,4601.68,4595.66,4596.30,65455313
2022-02-10T07:00:00Z,4596.30,4596.87,4591.89,4593.84,72169921
2022-02-10T08:00:00Z,4593.84,4598.82,4583.86,4585.40,73736751
2022-02-10T09:00:00Z,4585.40,4589.06,4581.05,4584.01,64435867
2022-02-10T10:00:00Z,4584.01,4588.45,4572.00,4572.71,82192172
2022-02-10T11:00:00Z,4572.71,4576.09,4572.16,4573.71,65926931
2022-02-10T12:00:00Z,4573.71,4579.15,4564.97,4569.22,66318243
2022-02-10T13:00:00Z,4569.22,4579.27,4568.50,4576.02,74311440
2022-02-10T14:00:00Z,4576.02,4583.40,4573.09,4579.84,75829108
2022-02-10T15:00:00Z,4579.84,4580.34,4567.73,4571.99,69565266
2022-02-10T16:00:00Z,4571.99,4582.25,4571.60,4579.65,80081922
2022-02-10T17:00:00Z,4579.65,4603.07,4577.07,4599.30,101976264
2022-02-10T18:00:00Z,4599.30,4607.96,4598.81,4604.08,76234242
2022-02-10T19:00:00Z,4604.08,4604.85,4593.66,4597.10,67806555
2022-02-10T20:00:00Z,4597.10,4608.16,4591.65,4605.55,83430755
2022-02-10T21:00:00Z,4605.55,4618.14,4601.49,4615.55,81918203
2022-02-10T22:00:00Z,4615.55,4618.71,4609.26,4609.95,72291423
2022-02-10T23:00:00Z,4609.95,4611.02,4597.38,4602.26,66865843
2022-02-11T00:00:00Z,4602.26,4607.70,4594.56,4600.15,55912406
2022-02-11T01:00:00Z,4600.15,4605.15,4597.71,4603.72,58941159
2022-02-11T02:00:00Z,4603.72,4605.03,4588.21,4594.04,85823184
2022-02-11T03:00:00Z,4594.04,4611.13,4590.27,4606.75,73689455
2022-02-11T04:00:00Z,4606.75,4609.46,4600.77,4601.40,67261024
2022-02-11T05:00:00Z,4601.40,4609.73,4598.05,4608.38,75468478
2022-02-11T06:00:00Z,4608.38,4622.77,4606.81,4618.17,71740485
2022-02-11T07:00:00Z,4618.17,4623.54,4607.78,4612.31,68301240
2022-02-11T08:00:00Z,4612.31,4616.29,4600.25,4602.29,78543778
2022-02-11T09:00:00Z,4602.29,4606.09,4597.03,4603.49,62051770
2022-02-11T10:00:00Z,4603.49,4608.89,4590.17,4594.62,70555938
2022-02-11T11:00:00Z,4594.62,4596.08,4589.21,4592.11,72949552
2022-02-11T12:00:00Z,4592.11,4602.63,4591.33,4598.47,65053237
2022-02-11T13:00:00Z,4598.47,4606.16,4597.15,4605.52,64883115
2022-02-11T14:00:00Z,4605.52,4607.00,4591.63,4593.86,74714520
2022-02-11T15:00:00Z,4593.86,4595.49,4584.96,4590.33,70886749
2022-02-11T16:00:00Z,4590.33,4597.70,4585.14,4594.92,63315408
2022-02-11T17:00:00Z,4594.92,4606.23,4593.21,4604.81,75493135
2022-02-11T18:00:00Z,4604.81,4609.05,4598.26,4603.44,63927389
2022-02-11T19:00:00Z,4603.44,4607.05,4587.56,4590.77,88408717
2022-02-11T20:00:00Z,4590.77,4595.12,4586.14,4587.07,76365573
2022-02-11T21:00:00Z,4587.07,4589.81,4581.53,4588.99,66447908
2022-02-11T22:00:00Z,4588.99,4596.23,4586.62,4591.42,66196651
2022-02-11T23:00:00Z,4591.42,4594.69,4589.21,4593.48,68897686
2022-02-12T00:00:00Z,4593.48,4598.83,4587.86,4591.60,65558663
2022-02-12T01:00:00Z,4591.60,4603.80,4585.71,4601.08,85773857
2022-02-12T02:00:00Z,4601.08,4601.91,4590.64,4596.33,77422706
2022-02-12T03:00:00Z,4596.33,4603.42,4594.70,4598.53,67910345
2022-02-12T04:00:00Z,4598.53,4602.88,4594.16,4598.56,56155960
2022-02-12T05:00:00Z,4598.56,4606.77,4593.05,4604.58,79925765
2022-02-12T06:00:00Z,4604.58,4609.31,4594.77,4599.45,73139089
2022-02-12T07:00:00Z,4599.45,4608.56,4595.31,4606.27,66749299
2022-02-12T08:00:00Z,4606.27,4609.11,4600.62,4605.63,60475367
2022-02-12T09:00:00Z,4605.63,4611.13,4601.69,4602.92,62496753
2022-02-12T10:00:00Z,4602.92,4612.95,4600.98,4609.77,78354750
2022-02-12T11:00:00Z,4609.77,4614.63,4604.10,4610.54,53312224
2022-02-12T12:00:00Z,4610.54,4610.69,4601.50,4606.71,72778083
2022-02-12T13:00:00Z,4606.71,4615.48,4601.21,4609.68,66153407
2022-02-12T14:00:00Z,4609.68,4615.83,4603.83,4613.81,76867438
2022-02-12T15:00:00Z,4613.81,4615.31,4595.41,4599.86,93900281
2022-02-12T16:00:00Z,4599.86,4600.36,4594.80,4599.11,59925771
2022-02-12T17:00:00Z,4599.11,4609.27,4596.70,4604.39,62815276
2022-02-12T18:00:00Z,4604.39,4616.47,4601.90,4611.83,70368293
2022-02-12T19:00:00Z,4611.83,4613.44,4611.68,4611.79,57416611
2022-02-12T20:00:00Z,4611.79,4622.00,4609.28,4619.20,70932891
2022-02-12T21:00:00Z,4619.20,4620.56,4604.42,4609.08,72799100
2022-02-12T22:00:00Z,4609.08,4615.98,4606.51,4612.49,64124092
2022-02-12T23:00:00Z,4612.49,4613.50,4609.73,4613.48,57756109
2022-02-13T00:00:00Z,4613.48,4627.80,4607.90,4623.83,79804960
2022-02-13T01:00:00Z,4623.83,4653.70,4621.44,4647.71,95757992
2022-02-13T02:00:00Z,4647.71,4653.26,4644.35,4649.64,58475757
2022-02-13T03:00:00Z,4649.64,4655.58,4645.96,4654.32,69386082
2022-02-13T04:00:00Z,4654.32,4659.59,4645.76,4649.53,62649773
2022-02-13T05:00:00Z,4649.53,4650.60,4638.32,4641.40,78410970
2022-02-13T06:00:00Z,4641.40,4646.96,4641.28,4643.74,54777848
2022-02-13T07:00:00Z,4643.74,4657.71,4640.32,4651.63,76631930
2022-02-13T08:00:00Z,4651.63,4661.79,4650.05,4660.55,73040979
2022-02-13T09:00:00Z,4660.55,4662.53,4655.54,4659.20,60860151
2022-02-13T10:00:00Z,4659.20,4665.49,4656.94,4664.19,64530988
2022-02-13T11:00:00Z,4664.19,4681.27,4659.74,4676.49,72426288
2022-02-13T12:00:00Z,4676.49,4679.22,4672.02,4678.62,56081624
2022-02-13T13:00:00Z,4678.62,4689.01,4677.89,4686.00,71456208
2022-02-13T14:00:00Z,4686.00,4694.89,4681.83,4693.53,64131128
2022-02-13T15:00:00Z,4693.53,4696.52,4682.35,4687.56,67887815
2022-02-13T16:00:00Z,4687.56,4694.12,4683.87,4692.40,77868469
2022-02-13T17:00:00Z,4692.40,4692.42,4686.12,4689.09,67678097
2022-02-13T18:00:00Z,4689.09,4691.84,4685.61,4687.28,59220900
2022-02-13T19:00:00Z,4687.28,4692.87,4674.64,4676.25,78100363
2022-02-13T20:00:00Z,4676.25,4676.80,4671.25,4674.48,68052519
2022-02-13T21:00:00Z,4674.48,4677.20,4668.13,4669.95,60924944
2022-02-13T22:00:00Z,4669.95,4696.67,4666.54,4695.40,111812200
2022-02-13T23:00:00Z,4695.40,4705.57,4693.67,4703.15,69613570
2022-02-14T00:00:00Z,4703.15,4704.64,4689.80,4690.03,74737600
2022-02-14T01:00:00Z,4690.03,4701.27,4685.64,4696.58,65337349
2022-02-14T02:00:00Z,4696.58,4713.03,4695.96,4710.33,76867874
2022-02-14T03:00:00Z,4710.33,4719.22,4707.43,4717.98,72696291
2022-02-14T04:00:00Z,4717.98,4721.39,4717.86,4718.21,62173383
2022-02-14T05:00:00Z,4718.21,4726.52,4716.16,4725.24,80416540
2022-02-14T06:00:00Z,4725.24,4729.40,4719.51,4724.85,62841097
2022-02-14T07:00:00Z,4724.85,4727.82,4713.67,4716.42,82916285
2022-02-14T08:00:00Z,4716.42,4730.50,4714.86,4727.31,75292998
2022-02-14T09:00:00Z,4727.31,4730.18,4716.07,4719.06,73265156
2022-02-14T10:00:00Z,4719.06,4719.51,4712.26,4712.78,68286483
2022-02-14T11:00:00Z,4712.78,4713.97,4706.02,4707.96,74107266
2022-02-14T12:00:00Z,4707.96,4712.14,4695.11,4698.77,82792177
2022-02-14T13:00:00Z,4698.77,4699.08,4689.95,4695.11,66088357
2022-02-14T14:00:00Z,4695.11,4695.24,4693.57,4693.92,57713877
2022-02-14T15:00:00Z,4693.92,4705.09,4691.85,4703.45,66962040
2022-02-14T16:00:00Z,4703.45,4708.83,4696.00,4696.87,73707700
2022-02-14T17:00:00Z,4696.87,4708.17,4691.15,4705.22,70763762
2022-02-14T18:00:00Z,4705.22,4705.31,4694.60,4699.13,64398165
2022-02-14T19:00:00Z,4699.13,4703.84,4698.81,4702.83,60968896
2022-02-14T20:00:00Z,4702.83,4706.97,4700.56,4703.21,56292947
2022-02-14T21:00:00Z,4703.21,4707.75,4701.61,4701.64,71624874
2022-02-14T22:00:00Z,4701.64,4708.51,4696.32,4704.44,56548660
2022-02-14T23:00:00Z,4704.44,4714.14,4702.34,4713.64,82723179
2022-02-15T00:00:00Z,4713.64,4721.43,4712.68,4715.84,55742463
2022-02-15T01:00:00Z,4715.84,4718.24,4705.35,4709.03,76656485
2022-02-15T02:00:00Z,4709.03,4710.70,4708.54,4709.54,61850303
2022-02-15T03:00:00Z,4709.54,4714.12,4703.30,4703.58,70209522
2022-02-15T04:00:00Z,4703.58,4708.28,4691.20,4696.97,72949325
2022-02-15T05:00:00Z,4696.97,4704.29,4696.50,4699.63,58981964
2022-02-15T06:00:00Z,4699.63,4713.04,4694.24,4708.58,68253075
2022-02-15T07:00:00Z,4708.58,4719.82,4708.49,4716.47,75625729
2022-02-15T08:00:00Z,4716.47,4720.11,4711.69,4715.72,55975811
2022-02-15T09:00:00Z,4715.72,4720.05,4696.12,4701.23,78828867
2022-02-15T10:00:00Z,4701.23,4704.75,4692.06,4692.70,66059927
2022-02-15T11:00:00Z,4692.70,4711.68,4692.22,4705.91,78847801
2022-02-15T12:00:00Z,4705.91,4707.73,4701.90,4706.88,64508491
2022-02-15T13:00:00Z,4706.88,4713.30,4705.84,4708.94,59863619
2022-02-15T14:00:00Z,4708.94,4709.48,4693.43,4696.89,73708480
2022-02-15T15:00:00Z,4696.89,4698.13,4686.78,4690.71,68462062
2022-02-15T16:00:00Z,4690.71,4690.73,4688.75,4689.99,67592906
2022-02-15T17:00:00Z,4689.99,4701.88,4688.92,4698.63,67661766
2022-02-15T18:00:00Z,4698.63,4703.97,4688.03,4693.05,75742793
2022-02-15T19:00:00Z,4693.05,4703.11,4687.99,4697.62,67722319
2022-02-15T20:00:00Z,4697.62,4700.82,4696.50,4700.44,74614538
2022-02-15T21:00:00Z,4700.44,4714.04,4694.40,4708.58,82180738
2022-02-15T22:00:00Z,4708.58,4712.43,4703.12,4710.38,55081347
2022-02-15T23:00:00Z,4710.38,4711.61,4703.86,4708.33,57350656
2022-02-16T00:00:00Z,4708.33,4714.57,4705.83,4709.51,52773206
2022-02-16T01:00:00Z,4709.51,4723.32,4706.33,4721.04,80032378
2022-02-16T02:00:00Z,4721.04,4735.75,4718.01,4731.87,68981807
2022-02-16T03:00:00Z,4731.87,4738.07,4720.21,4722.52,69246400
2022-02-16T04:00:00Z,4722.52,4730.39,4721.65,4726.68,59386843
2022-02-16T05:00:00Z,4726.68,4731.55,4712.91,4717.35,79528061
2022-02-16T06:00:00Z,4717.35,4722.57,4701.46,4707.36,83998568
2022-02-16T07:00:00Z,4707.36,4733.26,4703.34,4727.23,103090933
2022-02-16T08:00:00Z,4727.23,4732.93,4724.30,4728.65,71691081
2022-02-16T09:00:00Z,4728.65,4730.25,4717.89,4721.98,76493875
2022-02-16T10:00:00Z,4721.98,4729.16,4717.33,4726.48,71975086
2022-02-16T11:00:00Z,4726.48,4740.18,4726.14,4735.08,67970837
2022-02-16T12:00:00Z,4735.08,4735.93,4729.10,4734.76,59562101
2022-02-16T13:00:00Z,4734.76,4745.01,4732.02,4741.35,64770223
2022-02-16T14:00:00Z,4741.35,4744.19,4737.43,4741.62,51846489
2022-02-16T15:00:00Z,4741.62,4751.66,4738.90,4746.72,65185034
2022-02-16T16:00:00Z,4746.72,4764.00,4741.87,4759.83,79455202
2022-02-16T17:00:00Z,4759.83,4760.80,4747.47,4747.83,88102650
2022-02-16T18:00:00Z,4747.83,4754.56,4746.23,4751.31,56398245
2022-02-16T19:00:00Z,4751.31,4762.03,4746.51,4759.77,83409018
2022-02-16T20:00:00Z,4759.77,4764.68,4751.87,4754.69,59121219
2022-02-16T21:00:00Z,4754.69,4760.95,4750.78,4758.48,74508304
2022-02-16T22:00:00Z,4758.48,4764.58,4739.32,4744.25,88254624
2022-02-16T23:00:00Z,4744.25,4748.77,4739.19,4742.66,67880149
2022-02-17T00:00:00Z,4742.66,4748.23,4737.36,4745.49,66004836
2022-02-17T01:00:00Z,4745.49,4748.73,4733.82,4734.97,67971005
2022-02-17T02:00:00Z,4734.97,4740.03,4732.25,4736.49,70448038
2022-02-17T03:00:00Z,4736.49,4737.33,4722.08,4726.14,68135136
2022-02-17T04:00:00Z,4726.14,4730.28,4715.59,4717.67,69069760
2022-02-17T05:00:00Z,4717.67,4720.55,4715.13,4718.32,65048392
2022-02-17T06:00:00Z,4718.32,4731.29,4712.22,4726.83,71897415
2022-02-17T07:00:00Z,4726.83,4727.71,4721.06,4724.01,63163422
2022-02-17T08:00:00Z,4724.01,4724.04,4704.46,4704.84,93588704
2022-02-17T09:00:00Z,4704.84,4706.00,4688.96,4695.03,86224798
2022-02-17T10:00:00Z,4695.03,4701.19,4690.49,4697.79,61950565
2022-02-17T11:00:00Z,4697.79,4716.26,4694.75,4711.59,75310843
2022-02-17T12:00:00Z,4711.59,4711.98,4700.78,4702.36,73330630
2022-02-17T13:00:00Z,4702.36,4707.58,4692.25,4698.39,71711277
2022-02-17T14:00:00Z,4698.39,4715.52,4697.20,4711.62,92377530
2022-02-17T15:00:00Z,4711.62,4714.57,4699.21,4699.51,82448232
2022-02-17T16:00:00Z,4699.51,4701.64,4687.08,4693.01,62319614
2022-02-17T17:00:00Z,4693.01,4706.17,4690.53,4704.40,79042515
2022-02-17T18:00:00Z,4704.40,4708.23,4702.44,4704.04,54164647
2022-02-17T19:00:00Z,4704.04,4704.78,4696.77,4698.59,71140672
2022-02-17T20:00:00Z,4698.59,4711.82,4694.53,4711.38,88170619
2022-02-17T21:00:00Z,4711.38,4719.59,4706.99,4717.06,65085133
2022-02-17T22:00:00Z,4717.06,4718.26,4710.88,4713.68,63214146
2022-02-17T23:00:00Z,4713.68,4717.15,4708.10,4711.99,57944288
2022-02-18T00:00:00Z,4711.99,4721.12,4711.13,4718.76,71504089
2022-02-18T01:00:00Z,4718.76,4724.99,4714.63,4719.07,67549282
2022-02-18T02:00:00Z,4719.07,4721.83,4711.70,4714.04,66843789
2022-02-18T03:00:00Z,4714.04,4720.20,4708.87,4709.66,65692367
2022-02-18T04:00:00Z,4709.66,4717.80,4709.21,4715.67,60837188
2022-02-18T05:00:00Z,4715.67,4724.96,4709.66,4724.14,67723827
2022-02-18T06:00:00Z,4724.14,4736.09,4723.08,4730.46,78890828
2022-02-18T07:00:00Z,4730.46,4732.73,4719.17,4723.49,76877555
2022-02-18T08:00:00Z,4723.49,4725.72,4717.51,4718.90,71028977
2022-02-18T09:00:00Z,4718.90,4723.51,4716.73,4716.94,69114144
2022-02-18T10:00:00Z,4716.94,4732.74,4712.40,4730.08,75698762
2022-02-18T11:00:00Z,4730.08,4733.44,4714.85,4720.03,84931733
2022-02-18T12:00:00Z,4720.03,4736.50,4714.90,4731.40,75524002
2022-02-18T13:00:00Z,4731.40,4749.24,4727.74,4744.02,83181288
2022-02-18T14:00:00Z,4744.02,4745.30,4737.07,4742.77,54072124
2022-02-18T15:00:00Z,4742.77,4748.85,4736.91,4737.16,66982497
2022-02-18T16:00:00Z,4737.16,4752.83,4731.24,4751.14,89875486
2022-02-18T17:00:00Z,4751.14,4752.22,4745.46,4750.70,70271151
2022-02-18T18:00:00Z,4750.70,4763.40,4744.48,4757.21,79073855
2022-02-18T19:00:00Z,4757.21,4767.92,4754.80,4763.38,73393149
2022-02-18T20:00:00Z,4763.38,4775.66,4758.17,4770.12,74314849
2022-02-18T21:00:00Z,4770.12,4773.06,4752.87,4754.34,94721948
2022-02-18T22:00:00Z,4754.34,4756.07,4730.54,4735.04,102268457
2022-02-18T23:00:00Z,4735.04,4739.30,4730.11,4737.47,61578675
2022-02-19T00:00:00Z,4737.47,4744.39,4733.74,4739.20,54333247
2022-02-19T01:00:00Z,4739.20,4744.60,4734.24,4734.74,70792901
2022-02-19T02:00:00Z,4734.74,4740.35,4725.40,4726.70,71297254
2022-02-19T03:00:00Z,4726.70,4732.45,4720.63,4725.68,62329001
2022-02-19T04:00:00Z,4725.68,4728.68,4720.28,4724.86,53971685
2022-02-19T05:00:00Z,4724.86,4728.75,4716.97,4720.23,59906596
2022-02-19T06:00:00Z,4720.23,4724.69,4711.51,4715.17,71300445
2022-02-19T07:00:00Z,4715.17,4718.86,4703.09,4708.40,80154999
2022-02-19T08:00:00Z,4708.40,4722.27,4705.77,4718.17,74097756
2022-02-19T09:00:00Z,4718.17,4721.64,4691.08,4695.65,95090387
2022-02-19T10:00:00Z,4695.65,4701.57,4692.55,4699.59,59685538
2022-02-19T11:00:00Z,4699.59,4702.13,4695.48,4697.10,67413744
2022-02-19T12:00:00Z,4697.10,4700.39,4694.25,4699.38,63395367
2022-02-19T13:00:00Z,4699.38,4715.27,4699.27,4711.41,77127013
2022-02-19T14:00:00Z,4711.41,4711.89,4707.51,4711.06,59691251
2022-02-19T15:00:00Z,4711.06,4722.36,4709.89,4720.06,73143068
2022-02-19T16:00:00Z,4720.06,4733.59,4715.30,4728.70,76757233
2022-02-19T17:00:00Z,4728.70,4740.35,4726.95,4734.20,73659890
2022-02-19T18:00:00Z,4734.20,4738.77,4732.42,4737.01,61755454
2022-02-19T19:00:00Z,4737.01,4741.70,4726.92,4728.44,80632477
2022-02-19T20:00:00Z,4728.44,4728.97,4722.65,4725.82,71707229
2022-02-19T21:00:00Z,4725.82,4726.63,4718.74,4724.32,65784877
2022-02-19T22:00:00Z,4724.32,4724.38,4720.00,4724.25,68915904
2022-02-19T23:00:00Z,4724.25,4733.40,4720.45,4729.99,74314622
2022-02-20T00:00:00Z,4729.99,4736.61,4728.28,4734.24,76852239
2022-02-20T01:00:00Z,4734.24,4735.91,4726.33,4727.04,65900930
2022-02-20T02:00:00Z,4727.04,4731.34,4720.04,4721.04,73504502
2022-02-20T03:00:00Z,4721.04,4725.62,4716.49,4717.79,66648929
2022-02-20T04:00:00Z,4717.79,4719.48,4715.66,4718.92,64996122
2022-02-20T05:00:00Z,4718.92,4719.65,4710.73,4712.97,73333414
2022-02-20T06:00:00Z,4712.97,4713.57,4710.66,4711.81,63664302
2022-02-20T07:00:00Z,4711.81,4712.95,4703.06,4706.26,66235538
2022-02-20T08:00:00Z,4706.26,4707.82,4694.87,4701.04,77566162
2022-02-20T09:00:00Z,4701.04,4702.82,4698.21,4701.49,56387142
2022-02-20T10:00:00Z,4701.49,4709.53,4699.23,4705.33,59526110
2022-02-20T11:00:00Z,4705.33,4709.37,4695.25,4700.63,59465234
2022-02-20T12:00:00Z,4700.63,4710.55,4700.00,4706.96,62171704
2022-02-20T13:00:00Z,4706.96,4723.98,4706.70,4720.10,80288868
2022-02-20T14:00:00Z,4720.10,4722.49,4717.49,4721.15,53310321
2022-02-20T15:00:00Z,4721.15,4722.98,4716.90,4720.94,63317316
2022-02-20T16:00:00Z,4720.94,4726.02,4718.98,4721.22,66149298
2022-02-20T17:00:00Z,4721.22,4725.19,4715.00,4716.85,71416252
2022-02-20T18:00:00Z,4716.85,4719.09,4702.91,4704.89,82609027
2022-02-20T19:00:00Z,4704.89,4706.92,4700.54,4704.46,65779795
2022-02-20T20:00:00Z,4704.46,4715.84,4699.96,4710.25,65887937
2022-02-20T21:00:00Z,4710.25,4715.23,4707.46,4710.55,63780348
2022-02-20T22:00:00Z,4710.55,4713.27,4706.83,4711.98,54564004
2022-02-20T23:00:00Z,4711.98,4715.65,4707.20,4707.26,63318171
2022-02-21T00:00:00Z,4707.26,4707.70,4704.03,4707.33,66033750
2022-02-21T01:00:00Z,4707.33,4713.47,4701.50,4704.47,58085347
2022-02-21T02:00:00Z,4704.47,4710.42,4703.00,4704.69,65610640
2022-02-21T03:00:00Z,4704.69,4713.50,4703.23,4709.40,71713378
2022-02-21T04:00:00Z,4709.40,4716.19,4709.00,4712.44,73617929
2022-02-21T05:00:00Z,4712.44,4715.43,4704.95,4704.96,73396937
2022-02-21T06:00:00Z,4704.96,4707.43,4703.54,4704.62,56649184
2022-02-21T07:00:00Z,4704.62,4721.47,4698.46,4717.73,87866772
2022-02-21T08:00:00Z,4717.73,4724.32,4717.15,4720.43,63033143
2022-02-21T09:00:00Z,4720.43,4721.42,4715.20,4718.97,58001137
2022-02-21T10:00:00Z,4718.97,4726.07,4718.43,4720.44,57067656
2022-02-21T11:00:00Z,4720.44,4724.67,4710.84,4715.57,72651145
2022-02-21T12:00:00Z,4715.57,4721.55,4709.27,4713.43,58796850
2022-02-21T13:00:00Z,4713.43,4717.18,4706.76,4708.93,63423638
2022-02-21T14:00:00Z,4708.93,4713.75,4704.20,4710.03,61276290
2022-02-21T15:00:00Z,4710.03,4720.46,4707.69,4716.90,73873946
2022-02-21T16:00:00Z,4716.90,4721.93,4711.47,4720.76,69001270
2022-02-21T17:00:00Z,4720.76,4726.93,4716.89,4726.20,64701223
2022-02-21T18:00:00Z,4726.20,4746.82,4723.44,4740.65,82422102
2022-02-21T19:00:00Z,4740.65,4745.34,4727.60,4733.70,64343176
2022-02-21T20:00:00Z,4733.70,4739.25,4727.65,4729.66,67241194
2022-02-21T21:00:00Z,4729.66,4735.13,4720.08,4722.28,67389780
2022-02-21T22:00:00Z,4722.28,4727.83,4719.58,4726.43,61825781
2022-02-21T23:00:00Z,4726.43,4729.59,4708.98,4709.94,83788200
2022-02-22T00:00:00Z,4709.94,4713.97,4701.24,4705.14,77712393
2022-02-22T01:00:00Z,4705.14,4713.44,4702.06,4709.63,59515845
2022-02-22T02:00:00Z,4709.63,4722.45,4707.95,4722.28,87779989
2022-02-22T03:00:00Z,4722.28,4736.10,4722.08,4732.24,76003273
2022-02-22T04:00:00Z,4732.24,4734.88,4727.05,4734.25,54817558
2022-02-22T05:00:00Z,4734.25,4736.45,4713.16,4717.97,92077936
2022-02-22T06:00:00Z,4717.97,4728.49,4716.35,4727.31,74201002
2022-02-22T07:00:00Z,4727.31,4733.43,4721.52,4726.44,60112572
2022-02-22T08:00:00Z,4726.44,4731.51,4726.05,4729.23,62561827
2022-02-22T09:00:00Z,4729.23,4736.79,4724.40,4731.76,67306099
2022-02-22T10:00:00Z,4731.76,4751.13,4729.31,4746.16,78533772
2022-02-22T11:00:00Z,4746.16,4751.47,4739.27,4744.96,70696245
2022-02-22T12:00:00Z,4744.96,4750.62,4741.19,4749.14,62691083
2022-02-22T13:00:00Z,4749.14,4758.53,4745.79,4754.29,76749860
2022-02-22T14:00:00Z,4754.29,4759.67,4751.12,4751.15,71783899
2022-02-22T15:00:00Z,4751.15,4756.67,4736.86,4740.04,87226214
2022-02-22T16:00:00Z,4740.04,4745.61,4732.24,4737.27,63343728
2022-02-22T17:00:00Z,4737.27,4748.73,4735.43,4748.02,76321947
2022-02-22T18:00:00Z,4748.02,4752.78,4742.25,4745.59,65764472
2022-02-22T19:00:00Z,4745.59,4749.61,4724.34,4725.22,97542420
2022-02-22T20:00:00Z,4725.22,4737.04,4720.09,4734.88,84895309
2022-02-22T21:00:00Z,4734.88,4736.91,4725.10,4726.58,72411949
2022-02-22T22:00:00Z,4726.58,4731.62,4725.81,4726.88,60332839
2022-02-22T23:00:00Z,4726.88,4735.13,4725.91,4734.30,69248879
2022-02-23T00:00:00Z,4734.30,4742.66,4730.27,4736.47,68086095
2022-02-23T01:00:00Z,4736.47,4751.69,4730.96,4746.97,80736069
2022-02-23T02:00:00Z,4746.97,4752.64,4746.55,4747.65,51712702
2022-02-23T03:00:00Z,4747.65,4752.49,4745.64,4752.41,75268491
2022-02-23T04:00:00Z,4752.41,4760.70,4751.99,4754.95,65827341
2022-02-23T05:00:00Z,4754.95,4762.49,4754.52,4757.56,59437073
2022-02-23T06:00:00Z,4757.56,4763.10,4751.99,4760.52,72191434
2022-02-23T07:00:00Z,4760.52,4779.03,4756.27,4774.67,81302899
2022-02-23T08:00:00Z,4774.67,4779.56,4766.08,4769.59,65768942
2022-02-23T09:00:00Z,4769.59,4772.80,4754.69,4757.25,90707392
2022-02-23T10:00:00Z,4757.25,4770.27,4756.74,4767.74,74515236
2022-02-23T11:00:00Z,4767.74,4782.07,4765.56,4779.13,74665887
2022-02-23T12:00:00Z,4779.13,4785.17,4766.54,4767.02,78505763
2022-02-23T13:00:00Z,4767.02,4773.99,4765.95,4768.97,68688454
2022-02-23T14:00:00Z,4768.97,4775.42,4765.51,4774.38,59469468
2022-02-23T15:00:00Z,4774.38,4775.76,4764.26,4770.09,61924072
2022-02-23T16:00:00Z,4770.09,4770.68,4760.99,4767.17,63785928
2022-02-23T17:00:00Z,4767.17,4770.78,4762.72,4766.04,61638989
2022-02-23T18:00:00Z,4766.04,4779.40,4760.80,4773.60,64545092
2022-02-23T19:00:00Z,4773.60,4792.86,4769.08,4789.14,87946827
2022-02-23T20:00:00Z,4789.14,4790.85,4771.32,4774.36,93843760
2022-02-23T21:00:00Z,4774.36,4778.00,4766.03,4766.16,79322602
2022-02-23T22:00:00Z,4766.16,4767.29,4752.44,4753.24,84274259
2022-02-23T23:00:00Z,4753.24,4757.37,4747.71,4749.46,69901807
2022-02-24T00:00:00Z,4749.46,4750.46,4740.52,4743.98,73175439
2022-02-24T01:00:00Z,4743.98,4752.37,4740.99,4746.83,59222453
2022-02-24T02:00:00Z,4746.83,4749.78,4738.44,4739.56,68168697
2022-02-24T03:00:00Z,4739.56,4742.00,4738.73,4740.84,65034261
2022-02-24T04:00:00Z,4740.84,4742.43,4739.54,4741.68,54134303
2022-02-24T05:00:00Z,4741.68,4743.06,4731.53,4735.97,72358042
2022-02-24T06:00:00Z,4735.97,4738.93,4729.51,4730.24,75970234
2022-02-24T07:00:00Z,4730.24,4734.60,4718.50,4723.24,67193793
2022-02-24T08:00:00Z,4723.24,4732.16,4722.16,4727.44,63653769
2022-02-24T09:00:00Z,4727.44,4733.39,4717.31,4720.71,70830363
2022-02-24T10:00:00Z,4720.71,4724.44,4704.83,4707.17,81061462
2022-02-24T11:00:00Z,4707.17,4712.87,4693.62,4694.65,72088947
2022-02-24T12:00:00Z,4694.65,4703.63,4692.80,4702.12,71956727
2022-02-24T13:00:00Z,4702.12,4707.55,4691.73,4693.41,70416260
2022-02-24T14:00:00Z,4693.41,4694.18,4684.89,4689.04,63187399
2022-02-24T15:00:00Z,4689.04,4698.44,4684.20,4694.77,75702168
2022-02-24T16:00:00Z,4694.77,4708.02,4690.08,4702.62,78569411
2022-02-24T17:00:00Z,4702.62,4706.83,4695.75,4697.26,59678296
2022-02-24T18:00:00Z,4697.26,4701.54,4685.94,4689.01,78194002
2022-02-24T19:00:00Z,4689.01,4695.02,4679.11,4683.89,61897194
2022-02-24T20:00:00Z,4683.89,4685.48,4670.61,4676.42,65947110
2022-02-24T21:00:00Z,4676.42,4690.75,4675.99,4684.92,78820619
2022-02-24T22:00:00Z,4684.92,4689.64,4676.87,4681.52,72446608
2022-02-24T23:00:00Z,4681.52,4689.10,4680.25,4686.72,59182581
2022-02-25T00:00:00Z,4686.72,4687.56,4673.84,4676.16,87128691
2022-02-25T01:00:00Z,4676.16,4679.59,4673.17,4673.58,54466025
2022-02-25T02:00:00Z,4673.58,4677.32,4658.13,4663.15,87186293
2022-02-25T03:00:00Z,4663.15,4673.52,4657.39,4672.50,85588791
2022-02-25T04:00:00Z,4672.50,4672.95,4658.65,4663.61,73130494
2022-02-25T05:00:00Z,4663.61,4677.29,4658.81,4673.53,72512558
2022-02-25T06:00:00Z,4673.53,4678.11,4650.88,4654.85,86046370
2022-02-25T07:00:00Z,4654.85,4665.10,4649.72,4664.69,71658713
2022-02-25T08:00:00Z,4664.69,4674.45,4659.66,4669.51,73859104
2022-02-25T09:00:00Z,4669.51,4673.48,4663.32,4664.50,64016920
2022-02-25T10:00:00Z,4664.50,4670.69,4662.33,4668.97,75659727
2022-02-25T11:00:00Z,4668.97,4680.26,4664.47,4676.48,77612870
2022-02-25T12:00:00Z,4676.48,4679.41,4670.93,4673.71,60583821
2022-02-25T13:00:00Z,4673.71,4676.66,4669.81,4675.11,56924023
2022-02-25T14:00:00Z,4675.11,4678.23,4656.81,4662.45,78876769
2022-02-25T15:00:00Z,4662.45,4670.86,4661.51,4670.11,81718179
2022-02-25T16:00:00Z,4670.11,4686.92,4664.21,4682.96,76981167
2022-02-25T17:00:00Z,4682.96,4688.92,4669.03,4669.09,76139784
2022-02-25T18:00:00Z,4669.09,4672.71,4660.87,4664.41,75199890
2022-02-25T19:00:00Z,4664.41,4665.04,4653.79,4659.06,66579534
2022-02-25T20:00:00Z,4659.06,4670.21,4658.10,4665.27,63163382
2022-02-25T21:00:00Z,4665.27,4681.28,4661.99,4676.91,84241358
2022-02-25T22:00:00Z,4676.91,4678.02,4672.79,4673.49,61757125
2022-02-25T23:00:00Z,4673.49,4678.10,4669.81,4670.12,61657829
2022-02-26T00:00:00Z,4670.12,4676.32,4665.90,4672.25,54036258
2022-02-26T01:00:00Z,4672.25,4677.53,4668.86,4675.34,58611173
2022-02-26T02:00:00Z,4675.34,4679.33,4658.09,4659.85,85579424
2022-02-26T03:00:00Z,4659.85,4667.91,4655.65,4662.12,60238246
2022-02-26T04:00:00Z,4662.12,4676.00,4661.62,4675.50,82110973
2022-02-26T05:00:00Z,4675.50,4677.13,4667.81,4672.28,73609715
2022-02-26T06:00:00Z,4672.28,4678.08,4669.37,4672.55,65343618
2022-02-26T07:00:00Z,4672.55,4676.38,4655.00,4659.46,73240969
2022-02-26T08:00:00Z,4659.46,4663.67,4656.62,4657.62,60159062
2022-02-26T09:00:00Z,4657.62,4658.29,4652.33,4652.89,60786802
2022-02-26T10:00:00Z,4652.89,4658.64,4640.31,4640.86,71720517
2022-02-26T11:00:00Z,4640.86,4646.82,4638.60,4641.11,69795714
2022-02-26T12:00:00Z,4641.11,4646.08,4635.42,4645.23,70064363
2022-02-26T13:00:00Z,4645.23,4655.13,4643.07,4653.22,73804871
2022-02-26T14:00:00Z,4653.22,4657.86,4647.25,4656.83,73666805
2022-02-26T15:00:00Z,4656.83,4657.61,4643.68,4644.92,72249290
2022-02-26T16:00:00Z,4644.92,4647.13,4619.25,4619.44,112936330
2022-02-26T17:00:00Z,4619.44,4626.14,4619.43,4622.86,58511023
2022-02-26T18:00:00Z,4622.86,4645.64,4621.75,4642.11,100019686
2022-02-26T19:00:00Z,4642.11,4646.94,4636.29,4638.25,58099998
2022-02-26T20:00:00Z,4638.25,4640.95,4627.80,4628.38,81727154
2022-02-26T21:00:00Z,4628.38,4636.51,4623.77,4632.67,58305959
2022-02-26T22:00:00Z,4632.67,4636.61,4628.73,4634.44,72664344
2022-02-26T23:00:00Z,4634.44,4646.68,4633.29,4645.24,82178464
2022-02-27T00:00:00Z,4645.24,4652.55,4645.02,4648.14,70169759
2022-02-27T01:00:00Z,4648.14,4649.75,4630.14,4634.05,83529353
2022-02-27T02:00:00Z,4634.05,4649.23,4633.28,4643.20,67706775
2022-02-27T03:00:00Z,4643.20,4646.27,4628.56,4634.20,74091854
2022-02-27T04:00:00Z,4634.20,4637.15,4624.23,4628.84,75230300
2022-02-27T05:00:00Z,4628.84,4634.75,4626.91,4632.41,74178545
2022-02-27T06:00:00Z,4632.41,4637.12,4620.41,4624.98,68144976
2022-02-27T07:00:00Z,4624.98,4627.96,4602.14,4604.40,101550903
2022-02-27T08:00:00Z,4604.40,4605.30,4599.75,4601.92,58857807
2022-02-27T09:00:00Z,4601.92,4603.93,4595.98,4596.89,68546506
2022-02-27T10:00:00Z,4596.89,4601.64,4586.14,4591.76,64703417
2022-02-27T11:00:00Z,4591.76,4599.41,4590.33,4598.64,78386149
2022-02-27T12:00:00Z,4598.64,4612.07,4596.53,4606.49,64117433
2022-02-27T13:00:00Z,4606.49,4612.42,4606.21,4608.38,60753818
2022-02-27T14:00:00Z,4608.38,4625.18,4603.29,4622.80,88915769
2022-02-27T15:00:00Z,4622.80,4634.63,4619.31,4630.84,74389031
2022-02-27T16:00:00Z,4630.84,4635.23,4626.61,4635.11,63563568
2022-02-27T17:00:00Z,4635.11,4636.42,4628.45,4628.82,63216972
2022-02-27T18:00:00Z,4628.82,4633.44,4617.87,4619.22,83531727
2022-02-27T19:00:00Z,4619.22,4620.52,4609.35,4611.81,67990389
2022-02-27T20:00:00Z,4611.81,4618.10,4608.47,4616.99,65117917
2022-02-27T21:00:00Z,4616.99,4626.47,4616.28,4620.57,71563304
2022-02-27T22:00:00Z,4620.57,4631.53,4619.68,4629.80,79244907
2022-02-27T23:00:00Z,4629.80,4631.89,4625.50,4626.97,61484811
2022-02-28T00:00:00Z,4626.97,4631.43,4618.24,4619.81,66384237
2022-02-28T01:00:00Z,4619.81,4630.88,4619.39,4627.68,65243848
2022-02-28T02:00:00Z,4627.68,4627.74,4611.90,4616.05,88644937
2022-02-28T03:00:00Z,4616.05,4630.45,4612.56,4630.34,89282124
2022-02-28T04:00:00Z,4630.34,4630.37,4624.15,4627.58,55908178
2022-02-28T05:00:00Z,4627.58,4632.98,4621.90,4631.59,66674990
2022-02-28T06:00:00Z,4631.59,4637.04,4631.00,4636.75,73369352
2022-02-28T07:00:00Z,4636.75,4647.71,4633.28,4645.11,72187420
2022-02-28T08:00:00Z,4645.11,4647.53,4637.47,4637.82,73684962
2022-02-28T09:00:00Z,4637.82,4642.40,4616.86,4621.44,89909484
2022-02-28T10:00:00Z,4621.44,4634.11,4616.10,4631.98,68693406
2022-02-28T11:00:00Z,4631.98,4642.73,4626.05,4638.81,74032692
2022-02-28T12:00:00Z,4638.81,4645.02,4637.09,4644.09,60392731
2022-02-28T13:00:00Z,4644.09,4649.78,4639.27,4649.46,72091144
2022-02-28T14:00:00Z,4649.46,4650.03,4645.20,4649.16,51126628
2022-02-28T15:00:00Z,4649.16,4655.65,4649.09,4653.22,57919256
2022-02-28T16:00:00Z,4653.22,4654.81,4641.97,4642.72,81571464
2022-02-28T17:00:00Z,4642.72,4651.56,4641.07,4646.56,59474563
2022-02-28T18:00:00Z,4646.56,4665.16,4643.16,4662.02,94749726
2022-02-28T19:00:00Z,4662.02,4672.43,4660.37,4669.35,74626826
2022-02-28T20:00:00Z,4669.35,4674.43,4654.03,4658.21,78892894
2022-02-28T21:00:00Z,4658.21,4659.71,4647.45,4651.89,71959402
2022-02-28T22:00:00Z,4651.89,4656.10,4648.50,4650.19,69180328
2022-02-28T23:00:00Z,4650.19,4669.06,4644.44,4668.26,93106874
2022-03-01T00:00:00Z,4668.26,4673.49,4664.92,4673.04,66137993
2022-03-01T01:00:00Z,4673.04,4673.34,4666.85,4670.61,61986022
2022-03-01T02:00:00Z,4670.61,4678.73,4665.65,4677.85,70440562
2022-03-01T03:00:00Z,4677.85,4678.26,4673.54,4676.18,59104213
2022-03-01T04:00:00Z,4676.18,4687.73,4673.84,4687.10,88053728
2022-03-01T05:00:00Z,4687.10,4704.36,4681.68,4700.37,81909841
2022-03-01T06:00:00Z,4700.37,4704.32,4699.01,4701.99,67948096
2022-03-01T07:00:00Z,4701.99,4720.00,4696.18,4715.24,90430180
2022-03-01T08:00:00Z,4715.24,4722.38,4713.77,4721.46,75337971
2022-03-01T09:00:00Z,4721.46,4725.22,4717.56,4722.37,57214961
2022-03-01T10:00:00Z,4722.37,4724.60,4717.12,4718.33,60627411
2022-03-01T11:00:00Z,4718.33,4718.55,4711.41,4716.69,62927922
2022-03-01T12:00:00Z,4716.69,4722.83,4711.48,4719.50,71781182
2022-03-01T13:00:00Z,4719.50,4721.82,4716.70,4718.66,58836358
2022-03-01T14:00:00Z,4718.66,4722.14,4714.57,4717.84,54772904
2022-03-01T15:00:00Z,4717.84,4733.54,4712.59,4728.31,82610038
2022-03-01T16:00:00Z,4728.31,4742.93,4722.15,4741.01,77062612
2022-03-01T17:00:00Z,4741.01,4743.72,4733.55,4739.37,53181074
2022-03-01T18:00:00Z,4739.37,4745.38,4739.35,4739.47,68594052
2022-03-01T19:00:00Z,4739.47,4741.49,4738.64,4739.97,54064357
2022-03-01T20:00:00Z,4739.97,4741.13,4735.18,4739.32,67349802
2022-03-01T21:00:00Z,4739.32,4746.55,4738.14,4741.43,68088195
2022-03-01T22:00:00Z,4741.43,4752.88,4739.42,4747.97,65816623
2022-03-01T23:00:00Z,4747.97,4751.41,4741.96,4749.99,62988460
2022-03-02T00:00:00Z,4749.99,4751.36,4744.70,4746.71,73237319
2022-03-02T01:00:00Z,4746.71,4753.49,4743.76,4748.53,61668123
2022-03-02T02:00:00Z,4748.53,4750.16,4738.86,4739.65,68422958
2022-03-02T03:00:00Z,4739.65,4745.68,4732.12,4736.20,64809995
2022-03-02T04:00:00Z,4736.20,4741.56,4728.17,4731.32,70760688
2022-03-02T05:00:00Z,4731.32,4735.67,4724.67,4728.79,70101527
2022-03-02T06:00:00Z,4728.79,4741.86,4723.73,4737.81,66268887
2022-03-02T07:00:00Z,4737.81,4742.21,4732.93,4740.73,58076988
2022-03-02T08:00:00Z,4740.73,4749.70,4737.33,4744.38,66297376
2022-03-02T09:00:00Z,4744.38,4746.74,4738.56,4740.64,59534666
2022-03-02T10:00:00Z,4740.64,4745.64,4737.97,4743.19,55438472
2022-03-02T11:00:00Z,4743.19,4759.38,4739.48,4757.53,91489648
2022-03-02T12:00:00Z,4757.53,4758.25,4751.77,4754.77,73028174
2022-03-02T13:00:00Z,4754.77,4769.70,4749.54,4764.82,74690505
2022-03-02T14:00:00Z,4764.82,4767.99,4760.05,4766.99,60659794
2022-03-02T15:00:00Z,4766.99,4772.57,4757.67,4758.28,76033418
2022-03-02T16:00:00Z,4758.28,4761.28,4754.19,4759.63,66780734
2022-03-02T17:00:00Z,4759.63,4760.96,4748.77,4750.60,77746324
2022-03-02T18:00:00Z,4750.60,4756.88,4748.23,4750.67,58884749
2022-03-02T19:00:00Z,4750.67,4757.37,4745.44,4753.85,67857403
2022-03-02T20:00:00Z,4753.85,4755.20,4743.16,4747.40,71264023
2022-03-02T21:00:00Z,4747.40,4751.83,4746.23,4750.81,75045352
2022-03-02T22:00:00Z,4750.81,4756.39,4746.39,4753.86,64961943
2022-03-02T23:00:00Z,4753.86,4760.22,4752.62,4756.00,58184123
2022-03-03T00:00:00Z,4756.00,4756.91,4746.94,4749.07,76240532
2022-03-03T01:00:00Z,4749.07,4753.37,4746.45,4746.80,55731671
2022-03-03T02:00:00Z,4746.80,4759.69,4741.84,4756.16,78984449
2022-03-03T03:00:00Z,4756.16,4772.25,4755.50,4766.50,72183251
2022-03-03T04:00:00Z,4766.50,4770.46,4762.66,4767.11,52197129
2022-03-03T05:00:00Z,4767.11,4769.68,4761.45,4765.44,58197374
2022-03-03T06:00:00Z,4765.44,4770.41,4762.80,4766.08,55190039
2022-03-03T07:00:00Z,4766.08,4767.21,4758.04,4762.11,61880258
2022-03-03T08:00:00Z,4762.11,4777.40,4759.23,4775.40,87963956
2022-03-03T09:00:00Z,4775.40,4779.76,4765.19,4770.69,63543419
2022-03-03T10:00:00Z,4770.69,4771.89,4754.50,4755.90,79829813
2022-03-03T11:00:00Z,4755.90,4768.52,4750.56,4762.41,63238096
2022-03-03T12:00:00Z,4762.41,4765.95,4751.42,4753.95,84086894
2022-03-03T13:00:00Z,4753.95,4757.45,4744.74,4748.85,66358875
2022-03-03T14:00:00Z,4748.85,4754.48,4734.82,4738.81,79873874
2022-03-03T15:00:00Z,4738.81,4746.76,4736.49,4743.46,68708238
2022-03-03T16:00:00Z,4743.46,4752.60,4743.09,4748.10,62239851
2022-03-03T17:00:00Z,4748.10,4753.61,4746.28,4752.08,64430103
2022-03-03T18:00:00Z,4752.08,4754.00,4748.33,4749.46,57439038
2022-03-03T19:00:00Z,4749.46,4750.57,4741.08,4745.82,62759671
2022-03-03T20:00:00Z,4745.82,4751.28,4744.86,4746.59,52219873
2022-03-03T21:00:00Z,4746.59,4763.82,4741.54,4759.73,90907190
2022-03-03T22:00:00Z,4759.73,4765.27,4747.34,4751.24,71736372
2022-03-03T23:00:00Z,4751.24,4755.91,4745.66,4752.76,58839955
2022-03-04T00:00:00Z,4752.76,4760.36,4748.76,4758.86,68851667
2022-03-04T01:00:00Z,4758.86,4763.12,4748.96,4751.38,68712291
2022-03-04T02:00:00Z,4751.38,4762.28,4746.76,4758.46,70350946
2022-03-04T03:00:00Z,4758.46,4768.19,4755.47,4762.56,57259390
2022-03-04T04:00:00Z,4762.56,4774.89,4759.96,4773.92,73138049
2022-03-04T05:00:00Z,4773.92,4784.04,4772.05,4782.34,71614631
2022-03-04T06:00:00Z,4782.34,4785.69,4781.42,4782.66,69830609
2022-03-04T07:00:00Z,4782.66,4790.67,4779.84,4787.11,62863930
2022-03-04T08:00:00Z,4787.11,4789.27,4778.34,4781.70,72828994
2022-03-04T09:00:00Z,4781.70,4788.72,4780.67,4783.90,58264542
2022-03-04T10:00:00Z,4783.90,4788.24,4778.71,4783.30,68945307
2022-03-04T11:00:00Z,4783.30,4786.46,4770.45,4774.03,74857158
2022-03-04T12:00:00Z,4774.03,4785.50,4769.02,4779.55,78576139
2022-03-04T13:00:00Z,4779.55,4794.29,4775.15,4790.61,86172577
2022-03-04T14:00:00Z,4790.61,4794.38,4786.60,4788.49,65134588
2022-03-04T15:00:00Z,4788.49,4793.95,4772.87,4777.41,74255213
2022-03-04T16:00:00Z,4777.41,4789.27,4772.67,4787.38,70034431
2022-03-04T17:00:00Z,4787.38,4797.13,4781.87,4792.36,77365523
2022-03-04T18:00:00Z,4792.36,4798.30,4791.04,4797.68,76966942
2022-03-04T19:00:00Z,4797.68,4805.43,4792.30,4800.55,56395183
2022-03-04T20:00:00Z,4800.55,4801.56,4795.58,4798.32,71935096
2022-03-04T21:00:00Z,4798.32,4818.40,4793.46,4813.39,81926750
2022-03-04T22:00:00Z,4813.39,4815.05,4808.24,4811.93,58829351
2022-03-04T23:00:00Z,4811.93,4815.24,4811.04,4812.08,62971062
2022-03-05T00:00:00Z,4812.08,4815.10,4809.79,4811.90,59328927
2022-03-05T01:00:00Z,4811.90,4812.72,4797.47,4801.85,77908817
2022-03-05T02:00:00Z,4801.85,4806.58,4788.88,4792.46,71493901
2022-03-05T03:00:00Z,4792.46,4794.35,4783.12,4788.15,74228902
2022-03-05T04:00:00Z,4788.15,4790.50,4775.41,4781.21,64868073
2022-03-05T05:00:00Z,4781.21,4791.04,4775.71,4787.24,73904224
2022-03-05T06:00:00Z,4787.24,4792.49,4778.16,4781.13,60698647
2022-03-05T07:00:00Z,4781.13,4803.19,4780.72,4802.81,104154495
2022-03-05T08:00:00Z,4802.81,4808.18,4801.67,4806.70,64917981
2022-03-05T09:00:00Z,4806.70,4810.74,4804.50,4809.26,64185721
2022-03-05T10:00:00Z,4809.26,4810.65,4798.65,4803.16,78355486
2022-03-05T11:00:00Z,4803.16,4809.32,4794.06,4795.40,71818279
2022-03-05T12:00:00Z,4795.40,4797.61,4783.03,4786.81,65686338
2022-03-05T13:00:00Z,4786.81,4787.11,4782.20,4782.64,70014875
2022-03-05T14:00:00Z,4782.64,4787.74,4779.76,4783.55,65573477
2022-03-05T15:00:00Z,4783.55,4784.52,4773.16,4775.93,66883581
2022-03-05T16:00:00Z,4775.93,4779.78,4764.47,4767.58,70559587
2022-03-05T17:00:00Z,4767.58,4769.10,4763.72,4766.98,53439146
2022-03-05T18:00:00Z,4766.98,4770.45,4747.63,4752.92,79603728
2022-03-05T19:00:00Z,4752.92,4755.19,4741.38,4744.39,79322250
2022-03-05T20:00:00Z,4744.39,4747.03,4739.50,4741.19,70384853
2022-03-05T21:00:00Z,4741.19,4746.68,4735.19,4737.84,62653971
2022-03-05T22:00:00Z,4737.84,4741.70,4727.61,4731.06,62590429
2022-03-05T23:00:00Z,4731.06,4731.06,4723.14,4727.98,63814612
2022-03-06T00:00:00Z,4727.98,4736.71,4723.72,4733.48,71932188
2022-03-06T01:00:00Z,4733.48,4744.97,4730.11,4742.31,80679997
2022-03-06T02:00:00Z,4742.31,4748.45,4722.69,4728.23,93551009
2022-03-06T03:00:00Z,4728.23,4737.11,4724.93,4735.34,77254180
2022-03-06T04:00:00Z,4735.34,4748.18,4732.46,4743.51,69575073
2022-03-06T05:00:00Z,4743.51,4777.72,4742.35,4771.60,101176061
2022-03-06T06:00:00Z,4771.60,4776.66,4763.49,4767.04,74485532
2022-03-06T07:00:00Z,4767.04,4767.29,4748.94,4753.14,92333360
2022-03-06T08:00:00Z,4753.14,4770.79,4750.38,4769.19,81856853
2022-03-06T09:00:00Z,4769.19,4770.33,4756.07,4758.11,87697772
2022-03-06T10:00:00Z,4758.11,4758.94,4751.50,4751.53,75219109
2022-03-06T11:00:00Z,4751.53,4757.19,4746.42,4755.93,59785193
2022-03-06T12:00:00Z,4755.93,4760.54,4738.76,4739.80,92544216
2022-03-06T13:00:00Z,4739.80,4752.99,4736.47,4752.28,77240558
2022-03-06T14:00:00Z,4752.28,4768.73,4746.33,4764.14,88311940
2022-03-06T15:00:00Z,4764.14,4765.26,4755.37,4756.17,79432982
2022-03-06T16:00:00Z,4756.17,4766.82,4753.03,4766.66,87611719
2022-03-06T17:00:00Z,4766.66,4775.47,4765.33,4770.09,62003766
2022-03-06T18:00:00Z,4770.09,4773.31,4767.07,4768.17,62048703
2022-03-06T19:00:00Z,4768.17,4768.67,4755.20,4757.27,76072010
2022-03-06T20:00:00Z,4757.27,4767.12,4752.31,4761.03,58783317
2022-03-06T21:00:00Z,4761.03,4766.41,4749.07,4751.42,66233760
2022-03-06T22:00:00Z,4751.42,4774.58,4746.62,4771.25,97247848
2022-03-06T23:00:00Z,4771.25,4776.75,4753.87,4754.32,78491266
2022-03-07T00:00:00Z,4754.32,4756.89,4752.19,4752.28,69619029
2022-03-07T01:00:00Z,4752.28,4753.71,4731.03,4736.84,79330189
2022-03-07T02:00:00Z,4736.84,4741.13,4728.24,4729.49,71760480
2022-03-07T03:00:00Z,4729.49,4732.37,4721.71,4722.41,81153844
2022-03-07T04:00:00Z,4722.41,4728.48,4717.17,4717.71,58002959
2022-03-07T05:00:00Z,4717.71,4721.04,4714.20,4714.89,67435720
2022-03-07T06:00:00Z,4714.89,4719.00,4711.30,4713.53,70884131
2022-03-07T07:00:00Z,4713.53,4714.89,4699.23,4704.86,77866428
2022-03-07T08:00:00Z,4704.86,4716.05,4701.60,4711.25,73574142
2022-03-07T09:00:00Z,4711.25,4711.29,4702.90,4706.97,62223165
2022-03-07T10:00:00Z,4706.97,4710.03,4705.33,4708.04,58759501
2022-03-07T11:00:00Z,4708.04,4718.83,4707.06,4715.84,81342794
2022-03-07T12:00:00Z,4715.84,4733.48,4710.35,4730.30,79966602
2022-03-07T13:00:00Z,4730.30,4745.48,4728.32,4739.51,73461822
2022-03-07T14:00:00Z,4739.51,4751.51,4736.25,4750.12,70681596
2022-03-07T15:00:00Z,4750.12,4756.04,4740.54,4742.85,72609017
2022-03-07T16:00:00Z,4742.85,4756.58,4736.70,4751.88,78303704
2022-03-07T17:00:00Z,4751.88,4757.88,4749.49,4753.79,67231863
2022-03-07T18:00:00Z,4753.79,4761.99,4752.72,4758.58,64234615
2022-03-07T19:00:00Z,4758.58,4759.64,4745.68,4746.66,81236328
2022-03-07T20:00:00Z,4746.66,4749.30,4741.99,4746.98,63483975
2022-03-07T21:00:00Z,4746.98,4764.93,4743.35,4764.02,87869090
2022-03-07T22:00:00Z,4764.02,4767.05,4763.10,4766.35,58567487
2022-03-07T23:00:00Z,4766.35,4779.88,4764.57,4775.14,69798666
2022-03-08T00:00:00Z,4775.14,4780.95,4772.70,4778.15,69523147
2022-03-08T01:00:00Z,4778.15,4781.07,4754.45,4760.07,96284976
2022-03-08T02:00:00Z,4760.07,4766.15,4757.03,4758.65,68937760
2022-03-08T03:00:00Z,4758.65,4762.61,4753.76,4758.58,52281353
2022-03-08T04:00:00Z,4758.58,4758.63,4749.74,4755.58,74467731
2022-03-08T05:00:00Z,4755.58,4758.75,4754.89,4756.02,51060096
2022-03-08T06:00:00Z,4756.02,4757.98,4744.10,4750.26,74215456
2022-03-08T07:00:00Z,4750.26,4758.51,4747.73,4755.41,72724310
2022-03-08T08:00:00Z,4755.41,4757.44,4752.91,4757.32,53615106
2022-03-08T09:00:00Z,4757.32,4759.27,4737.27,4743.49,79663725
2022-03-08T10:00:00Z,4743.49,4751.96,4742.78,4746.52,67305210
2022-03-08T11:00:00Z,4746.52,4752.59,4733.20,4736.87,84794539
2022-03-08T12:00:00Z,4736.87,4737.48,4718.31,4719.71,89296408
2022-03-08T13:00:00Z,4719.71,4720.94,4716.48,4718.28,63588127
2022-03-08T14:00:00Z,4718.28,4732.39,4714.15,4728.55,67835994
2022-03-08T15:00:00Z,4728.55,4736.23,4723.28,4735.35,62120498
2022-03-08T16:00:00Z,4735.35,4740.17,4730.08,4732.90,66595578
2022-03-08T17:00:00Z,4732.90,4740.23,4729.32,4737.91,64012211
2022-03-08T18:00:00Z,4737.91,4742.32,4720.98,4725.52,72479706
2022-03-08T19:00:00Z,4725.52,4729.55,4719.98,4729.00,65000322
2022-03-08T20:00:00Z,4729.00,4746.42,4724.20,4744.56,80398199
2022-03-08T21:00:00Z,4744.56,4748.42,4738.20,4739.94,60273171
2022-03-08T22:00:00Z,4739.94,4746.38,4738.81,4746.33,65053484
2022-03-08T23:00:00Z,4746.33,4756.79,4741.86,4754.82,84228162
2022-03-09T00:00:00Z,4754.82,4756.07,4735.42,4741.51,90851922
2022-03-09T01:00:00Z,4741.51,4744.41,4727.25,4733.44,81126208
2022-03-09T02:00:00Z,4733.44,4741.43,4732.35,4737.04,71417068
2022-03-09T03:00:00Z,4737.04,4739.25,4730.26,4735.89,66437297
2022-03-09T04:00:00Z,4735.89,4741.88,4726.29,4727.34,79913291
2022-03-09T05:00:00Z,4727.34,4732.91,4712.66,4717.84,68637744
2022-03-09T06:00:00Z,4717.84,4720.75,4713.00,4718.33,67582445
2022-03-09T07:00:00Z,4718.33,4720.76,4713.07,4718.29,53274496
2022-03-09T08:00:00Z,4718.29,4733.06,4713.76,4729.43,77613211
2022-03-09T09:00:00Z,4729.43,4732.76,4720.24,4721.85,72032418
2022-03-09T10:00:00Z,4721.85,4740.87,4717.44,4734.96,86603537
2022-03-09T11:00:00Z,4734.96,4737.23,4727.95,4732.08,73477054
2022-03-09T12:00:00Z,4732.08,4737.89,4731.31,4732.27,51383819
2022-03-09T13:00:00Z,4732.27,4739.32,4729.53,4737.39,73843038
2022-03-09T14:00:00Z,4737.39,4754.25,4735.77,4748.60,78455773
2022-03-09T15:00:00Z,4748.60,4753.07,4745.38,4746.89,61176116
2022-03-09T16:00:00Z,4746.89,4748.59,4742.24,4744.46,59346331
2022-03-09T17:00:00Z,4744.46,4744.81,4731.60,4735.39,73339576
2022-03-09T18:00:00Z,4735.39,4737.06,4713.36,4714.45,97149365
2022-03-09T19:00:00Z,4714.45,4719.64,4709.56,4712.47,68728857
2022-03-09T20:00:00Z,4712.47,4717.78,4704.39,4706.41,68725464
2022-03-09T21:00:00Z,4706.41,4708.73,4699.80,4703.35,60256372
2022-03-09T22:00:00Z,4703.35,4705.65,4698.49,4700.04,60540637
2022-03-09T23:00:00Z,4700.04,4712.98,4694.05,4712.49,71768808
2022-03-10T00:00:00Z,4712.49,4719.78,4709.60,4719.75,66642701
2022-03-10T01:00:00Z,4719.75,4724.04,4717.11,4718.15,59710385
2022-03-10T02:00:00Z,4718.15,4724.96,4714.32,4720.89,73693324
2022-03-10T03:00:00Z,4720.89,4734.46,4717.32,4733.29,74821005
2022-03-10T04:00:00Z,4733.29,4741.08,4731.75,4738.09,74431624
2022-03-10T05:00:00Z,4738.09,4744.15,4737.39,4741.94,73417350
2022-03-10T06:00:00Z,4741.94,4742.42,4732.71,4737.42,62810975
2022-03-10T07:00:00Z,4737.42,4741.93,4734.51,4741.39,64852699
2022-03-10T08:00:00Z,4741.39,4743.56,4734.24,4734.39,77988059
2022-03-10T09:00:00Z,4734.39,4738.49,4723.13,4728.93,62484300
2022-03-10T10:00:00Z,4728.93,4737.72,4724.83,4732.92,65059642
2022-03-10T11:00:00Z,4732.92,4736.38,4727.33,4728.38,76259555
2022-03-10T12:00:00Z,4728.38,4734.62,4723.22,4733.66,73740454
2022-03-10T13:00:00Z,4733.66,4735.03,4725.39,4729.52,75686700
2022-03-10T14:00:00Z,4729.52,4730.28,4715.26,4719.36,68042332
2022-03-10T15:00:00Z,4719.36,4720.42,4705.65,4711.61,75127353
2022-03-10T16:00:00Z,4711.61,4731.15,4705.88,4729.05,98122350
2022-03-10T17:00:00Z,4729.05,4730.44,4721.91,4721.94,76381725
2022-03-10T18:00:00Z,4721.94,4741.33,4716.53,4739.69,95900419
2022-03-10T19:00:00Z,4739.69,4750.78,4736.24,4744.85,66546114
2022-03-10T20:00:00Z,4744.85,4755.86,4740.07,4754.90,79397619
2022-03-10T21:00:00Z,4754.90,4758.08,4736.63,4740.03,77823845
2022-03-10T22:00:00Z,4740.03,4745.46,4739.70,4741.99,68901978
2022-03-10T23:00:00Z,4741.99,4747.82,4739.33,4744.53,70674290
2022-03-11T00:00:00Z,4744.53,4744.78,4734.53,4737.85,70708107
2022-03-11T01:00:00Z,4737.85,4742.23,4734.15,4739.25,54578738
2022-03-11T02:00:00Z,4739.25,4753.39,4736.54,4748.71,67626150
2022-03-11T03:00:00Z,4748.71,4754.83,4745.07,4750.27,54883059
2022-03-11T04:00:00Z,4750.27,4751.61,4744.43,4747.77,61701855
2022-03-11T05:00:00Z,4747.77,4759.67,4745.43,4753.54,62596360
2022-03-11T06:00:00Z,4753.54,4766.78,4752.10,4763.12,76898016
2022-03-11T07:00:00Z,4763.12,4770.30,4757.65,4769.75,77043911
2022-03-11T08:00:00Z,4769.75,4775.63,4756.30,4759.17,76033452
2022-03-11T09:00:00Z,4759.17,4781.11,4756.43,4775.89,82478103
2022-03-11T10:00:00Z,4775.89,4778.70,4772.47,4776.52,57714290
2022-03-11T11:00:00Z,4776.52,4786.38,4773.68,4784.04,68961478
2022-03-11T12:00:00Z,4784.04,4786.94,4768.31,4772.25,77674633
2022-03-11T13:00:00Z,4772.25,4784.34,4770.67,4780.56,67725208
2022-03-11T14:00:00Z,4780.56,4788.29,4778.73,4785.27,66914086
2022-03-11T15:00:00Z,4785.27,4806.01,4781.55,4799.76,84187396
2022-03-11T16:00:00Z,4799.76,4803.27,4797.83,4801.12,57476486
2022-03-11T17:00:00Z,4801.12,4818.26,4800.81,4814.10,91533529
2022-03-11T18:00:00Z,4814.10,4815.33,4808.21,4813.33,52642725
2022-03-11T19:00:00Z,4813.33,4831.30,4811.00,4827.67,81837913
2022-03-11T20:00:00Z,4827.67,4830.14,4826.90,4828.14,50922530
2022-03-11T21:00:00Z,4828.14,4833.79,4819.98,4823.33,68047253
2022-03-11T22:00:00Z,4823.33,4828.63,4819.20,4822.99,51920001
2022-03-11T23:00:00Z,4822.99,4833.47,4819.51,4829.51,70164331
2022-03-12T00:00:00Z,4829.51,4848.00,4827.93,4842.03,82166711
2022-03-12T01:00:00Z,4842.03,4856.96,4840.08,4855.93,86906916
2022-03-12T02:00:00Z,4855.93,4869.20,4849.70,4866.50,74905842
2022-03-12T03:00:00Z,4866.50,4888.52,4860.86,4886.01,97759175
2022-03-12T04:00:00Z,4886.01,4891.02,4879.38,4883.66,58596110
2022-03-12T05:00:00Z,4883.66,4886.00,4881.49,4882.78,58221675
2022-03-12T06:00:00Z,4882.78,4883.31,4868.19,4873.30,65568616
2022-03-12T07:00:00Z,4873.30,4879.77,4869.71,4874.94,69800445
2022-03-12T08:00:00Z,4874.94,4884.14,4869.45,4883.51,71643855
2022-03-12T09:00:00Z,4883.51,4885.06,4881.24,4882.38,63102297
2022-03-12T10:00:00Z,4882.38,4888.02,4875.13,4881.39,60603756
2022-03-12T11:00:00Z,4881.39,4893.27,4877.85,4889.27,70609636
2022-03-12T12:00:00Z,4889.27,4895.66,4884.69,4895.12,77065284
2022-03-12T13:00:00Z,4895.12,4899.82,4893.77,4894.89,63257481
2022-03-12T14:00:00Z,4894.89,4899.18,4889.36,4897.32,60013292
2022-03-12T15:00:00Z,4897.32,4900.23,4894.62,4895.32,62527079
2022-03-12T16:00:00Z,4895.32,4905.40,4893.34,4905.24,85300716
2022-03-12T17:00:00Z,4905.24,4909.82,4896.03,4899.15,71606495
2022-03-12T18:00:00Z,4899.15,4912.37,4896.63,4911.16,87971930
2022-03-12T19:00:00Z,4911.16,4935.77,4906.79,4929.61,90076681
2022-03-12T20:00:00Z,4929.61,4931.36,4915.49,4920.22,82681991
2022-03-12T21:00:00Z,4920.22,4937.16,4918.34,4931.30,79186318
2022-03-12T22:00:00Z,4931.30,4932.27,4924.31,4929.31,59186334
2022-03-12T23:00:00Z,4929.31,4933.96,4927.55,4929.03,66695989
2022-03-13T00:00:00Z,4929.03,4931.37,4907.24,4910.71,88744928
2022-03-13T01:00:00Z,4910.71,4915.33,4901.69,4904.73,76615743
2022-03-13T02:00:00Z,4904.73,4910.22,4902.63,4909.72,69121642
2022-03-13T03:00:00Z,4909.72,4912.08,4901.06,4903.51,77046767
2022-03-13T04:00:00Z,4903.51,4905.11,4899.52,4901.62,54277379
2022-03-13T05:00:00Z,4901.62,4910.01,4897.78,4908.42,73019930
2022-03-13T06:00:00Z,4908.42,4912.43,4905.64,4908.41,69534837
2022-03-13T07:00:00Z,4908.41,4909.60,4902.57,4909.26,55181955
2022-03-13T08:00:00Z,4909.26,4918.99,4905.02,4915.34,68964306
2022-03-13T09:00:00Z,4915.34,4921.58,4909.25,4913.09,66495080
2022-03-13T10:00:00Z,4913.09,4919.16,4907.03,4907.22,65097451
2022-03-13T11:00:00Z,4907.22,4913.07,4897.72,4898.94,78060659
2022-03-13T12:00:00Z,4898.94,4908.92,4893.88,4906.00,80320856
2022-03-13T13:00:00Z,4906.00,4910.99,4902.06,4907.70,66178809
2022-03-13T14:00:00Z,4907.70,4909.06,4902.52,4904.08,62990959
2022-03-13T15:00:00Z,4904.08,4912.01,4903.39,4906.64,64765978
2022-03-13T16:00:00Z,4906.64,4912.35,4901.79,4909.60,63942719
2022-03-13T17:00:00Z,4909.60,4910.97,4906.15,4910.13,59375832
2022-03-13T18:00:00Z,4910.13,4913.23,4902.38,4905.79,61901672
2022-03-13T19:00:00Z,4905.79,4907.23,4895.84,4901.12,76424711
2022-03-13T20:00:00Z,4901.12,4906.32,4897.88,4899.70,71842363
2022-03-13T21:00:00Z,4899.70,4909.54,4895.23,4907.68,69606580
2022-03-13T22:00:00Z,4907.68,4909.59,4895.98,4902.17,71672076
2022-03-13T23:00:00Z,4902.17,4905.40,4902.12,4904.92,62149539
2022-03-14T00:00:00Z,4904.92,4908.92,4904.73,4907.69,70438835
2022-03-14T01:00:00Z,4907.69,4913.53,4890.77,4892.33,76638759
2022-03-14T02:00:00Z,4892.33,4896.50,4888.88,4889.29,66008294
2022-03-14T03:00:00Z,4889.29,4895.53,4884.07,4884.20,65507873
2022-03-14T04:00:00Z,4884.20,4892.29,4880.07,4889.22,61782675
2022-03-14T05:00:00Z,4889.22,4897.78,4884.67,4893.07,69912313
2022-03-14T06:00:00Z,4893.07,4909.45,4888.27,4904.93,81192432
2022-03-14T07:00:00Z,4904.93,4908.05,4896.30,4899.24,62504150
2022-03-14T08:00:00Z,4899.24,4905.33,4894.85,4896.06,72458595
2022-03-14T09:00:00Z,4896.06,4898.51,4887.92,4889.36,70306083
2022-03-14T10:00:00Z,4889.36,4899.66,4884.22,4894.27,64263824
2022-03-14T11:00:00Z,4894.27,4901.28,4889.97,4898.30,72488521
2022-03-14T12:00:00Z,4898.30,4903.96,4891.06,4893.39,76770898
2022-03-14T13:00:00Z,4893.39,4896.64,4877.59,4883.58,77068026
2022-03-14T14:00:00Z,4883.58,4913.29,4878.99,4911.85,110160130
2022-03-14T15:00:00Z,4911.85,4945.24,4910.76,4941.31,112659403
2022-03-14T16:00:00Z,4941.31,4945.01,4936.65,4940.59,52577582
2022-03-14T17:00:00Z,4940.59,4942.13,4934.66,4939.11,66705710
2022-03-14T18:00:00Z,4939.11,4944.87,4929.77,4933.55,61574580
2022-03-14T19:00:00Z,4933.55,4944.05,4928.66,4943.36,84640767
2022-03-14T20:00:00Z,4943.36,4946.27,4937.65,4942.80,52863151
2022-03-14T21:00:00Z,4942.80,4947.49,4938.64,4944.65,71221689
2022-03-14T22:00:00Z,4944.65,4945.79,4925.62,4926.73,79161363
2022-03-14T23:00:00Z,4926.73,4934.66,4926.44,4930.97,66026458
2022-03-15T00:00:00Z,4930.97,4931.35,4921.63,4927.64,74860933
2022-03-15T01:00:00Z,4927.64,4933.84,4924.90,4933.36,77790989
2022-03-15T02:00:00Z,4933.36,4947.46,4933.31,4943.88,78311542
2022-03-15T03:00:00Z,4943.88,4952.42,4941.69,4945.99,70572871
2022-03-15T04:00:00Z,4945.99,4950.14,4922.55,4926.72,91997897
2022-03-15T05:00:00Z,4926.72,4942.20,4925.28,4936.29,75126451
2022-03-15T06:00:00Z,4936.29,4943.84,4934.08,4941.90,71131413
2022-03-15T07:00:00Z,4941.90,4956.14,4937.99,4951.57,79594941
2022-03-15T08:00:00Z,4951.57,4952.54,4941.90,4944.08,74612043
2022-03-15T09:00:00Z,4944.08,4946.37,4942.98,4944.97,59633036
2022-03-15T10:00:00Z,4944.97,4949.24,4940.33,4944.00,51722162
2022-03-15T11:00:00Z,4944.00,4961.46,4941.22,4955.27,69297262
2022-03-15T12:00:00Z,4955.27,4961.77,4948.27,4949.02,78060278
2022-03-15T13:00:00Z,4949.02,4952.68,4948.05,4949.22,63647017
2022-03-15T14:00:00Z,4949.22,4955.36,4946.05,4948.29,58173298
2022-03-15T15:00:00Z,4948.29,4952.08,4943.19,4946.03,68316826
2022-03-15T16:00:00Z,4946.03,4956.55,4939.90,4951.58,69299346
2022-03-15T17:00:00Z,4951.58,4956.78,4950.53,4950.83,61654268
2022-03-15T18:00:00Z,4950.83,4952.82,4942.26,4945.76,59060560
2022-03-15T19:00:00Z,4945.76,4951.55,4942.16,4947.95,72649157
2022-03-15T20:00:00Z,4947.95,4948.94,4941.99,4946.25,53634387
2022-03-15T21:00:00Z,4946.25,4952.75,4937.12,4942.19,65527203
2022-03-15T22:00:00Z,4942.19,4948.91,4938.12,4948.11,60496470
2022-03-15T23:00:00Z,4948.11,4949.14,4933.25,4937.10,73401786
2022-03-16T00:00:00Z,4937.10,4947.63,4935.63,4941.44,75028238
2022-03-16T01:00:00Z,4941.44,4951.57,4936.12,4950.35,70041719
2022-03-16T02:00:00Z,4950.35,4952.06,4944.05,4948.89,65363339
2022-03-16T03:00:00Z,4948.89,4952.08,4941.10,4945.49,70661314
2022-03-16T04:00:00Z,4945.49,4947.50,4926.04,4931.38,76808272
2022-03-16T05:00:00Z,4931.38,4939.92,4926.61,4935.35,75051261
2022-03-16T06:00:00Z,4935.35,4937.73,4929.17,4930.93,61023903
2022-03-16T07:00:00Z,4930.93,4933.25,4917.38,4921.94,69347943
2022-03-16T08:00:00Z,4921.94,4923.78,4919.67,4920.80,70498761
2022-03-16T09:00:00Z,4920.80,4926.57,4918.46,4925.10,74284321
2022-03-16T10:00:00Z,4925.10,4931.92,4922.47,4931.68,77763449
2022-03-16T11:00:00Z,4931.68,4933.62,4915.79,4922.20,72839415
2022-03-16T12:00:00Z,4922.20,4931.12,4916.27,4930.23,81263558
2022-03-16T13:00:00Z,4930.23,4939.48,4927.69,4935.03,63548464
2022-03-16T14:00:00Z,4935.03,4943.34,4929.56,4939.35,69244325
2022-03-16T15:00:00Z,4939.35,4939.63,4931.39,4932.05,71383106
2022-03-16T16:00:00Z,4932.05,4943.18,4930.39,4940.16,69257538
2022-03-16T17:00:00Z,4940.16,4962.52,4934.71,4958.38,92628076
2022-03-16T18:00:00Z,4958.38,4963.04,4952.66,4960.70,71087392
2022-03-16T19:00:00Z,4960.70,4969.80,4960.51,4969.31,81118773
2022-03-16T20:00:00Z,4969.31,4972.44,4963.31,4969.29,59818792
2022-03-16T21:00:00Z,4969.29,4971.24,4964.84,4969.98,61522642
2022-03-16T22:00:00Z,4969.98,4988.29,4964.58,4985.27,84005540
2022-03-16T23:00:00Z,4985.27,4989.29,4978.29,4983.19,60807983
2022-03-17T00:00:00Z,4983.19,4983.65,4975.71,4976.97,64560076
2022-03-17T01:00:00Z,4976.97,4978.31,4976.28,4978.09,65465905
2022-03-17T02:00:00Z,4978.09,4987.95,4976.80,4985.93,71873655
2022-03-17T03:00:00Z,4985.93,4998.03,4985.77,4994.02,70332938
2022-03-17T04:00:00Z,4994.02,4996.77,4977.80,4983.80,82202680
2022-03-17T05:00:00Z,4983.80,4986.51,4975.18,4978.14,69185208
2022-03-17T06:00:00Z,4978.14,4978.30,4965.60,4967.97,84011502
2022-03-17T07:00:00Z,4967.97,4970.54,4963.42,4964.74,67023351
2022-03-17T08:00:00Z,4964.74,4969.52,4952.75,4957.91,68958280
2022-03-17T09:00:00Z,4957.91,4961.29,4954.02,4959.21,67715867
2022-03-17T10:00:00Z,4959.21,4964.21,4949.98,4954.63,65989031
2022-03-17T11:00:00Z,4954.63,4957.11,4945.17,4947.35,66979354
2022-03-17T12:00:00Z,4947.35,4952.16,4929.53,4935.62,87134196
2022-03-17T13:00:00Z,4935.62,4939.86,4931.65,4939.02,64440066
2022-03-17T14:00:00Z,4939.02,4943.60,4930.05,4935.35,75208919
2022-03-17T15:00:00Z,4935.35,4940.72,4933.32,4937.06,67827726
2022-03-17T16:00:00Z,4937.06,4937.16,4926.34,4930.78,72519086
2022-03-17T17:00:00Z,4930.78,4936.58,4909.02,4914.53,79218338
2022-03-17T18:00:00Z,4914.53,4914.65,4909.94,4912.19,67106441
2022-03-17T19:00:00Z,4912.19,4915.90,4907.12,4910.19,71594982
2022-03-17T20:00:00Z,4910.19,4916.30,4895.60,4901.93,63687470
2022-03-17T21:00:00Z,4901.93,4904.90,4894.16,4897.74,65521416
2022-03-17T22:00:00Z,4897.74,4919.46,4894.46,4917.35,89587200
2022-03-17T23:00:00Z,4917.35,4918.94,4912.33,4918.56,54505054
2022-03-18T00:00:00Z,4918.56,4919.21,4916.31,4918.30,58024892
2022-03-18T01:00:00Z,4918.30,4922.52,4915.30,4921.29,74816792
2022-03-18T02:00:00Z,4921.29,4924.33,4908.88,4911.10,67498797
2022-03-18T03:00:00Z,4911.10,4917.44,4896.49,4898.14,76614347
2022-03-18T04:00:00Z,4898.14,4901.25,4891.58,4896.96,59988831
2022-03-18T05:00:00Z,4896.96,4907.81,4895.88,4904.30,66726271
2022-03-18T06:00:00Z,4904.30,4907.34,4899.33,4904.80,66165030
2022-03-18T07:00:00Z,4904.80,4907.84,4896.10,4898.65,69530210
2022-03-18T08:00:00Z,4898.65,4908.37,4892.71,4902.89,65879136
2022-03-18T09:00:00Z,4902.89,4903.07,4898.19,4900.34,55066690
2022-03-18T10:00:00Z,4900.34,4902.80,4887.55,4893.67,80238627
2022-03-18T11:00:00Z,4893.67,4895.13,4886.57,4886.61,76792772
2022-03-18T12:00:00Z,4886.61,4898.34,4882.18,4896.17,80090536
2022-03-18T13:00:00Z,4896.17,4896.76,4891.17,4893.72,54837117
2022-03-18T14:00:00Z,4893.72,4904.97,4891.21,4903.49,75717118
2022-03-18T15:00:00Z,4903.49,4911.15,4897.91,4906.87,56218509
2022-03-18T16:00:00Z,4906.87,4908.68,4903.73,4905.26,63392709
2022-03-18T17:00:00Z,4905.26,4909.65,4899.87,4899.88,67373505
2022-03-18T18:00:00Z,4899.88,4911.17,4894.76,4905.00,66235942
2022-03-18T19:00:00Z,4905.00,4915.12,4904.14,4912.96,64568312
2022-03-18T20:00:00Z,4912.96,4917.16,4901.66,4905.21,75156499
2022-03-18T21:00:00Z,4905.21,4907.32,4903.28,4906.46,58287564
2022-03-18T22:00:00Z,4906.46,4910.66,4899.88,4905.87,59360462
2022-03-18T23:00:00Z,4905.87,4911.76,4893.26,4899.02,77469646
2022-03-19T00:00:00Z,4899.02,4909.21,4893.13,4903.39,73133893
2022-03-19T01:00:00Z,4903.39,4906.11,4888.80,4892.99,78532245
2022-03-19T02:00:00Z,4892.99,4899.39,4874.42,4880.47,83608671
2022-03-19T03:00:00Z,4880.47,4883.75,4876.49,4880.37,57286840
2022-03-19T04:00:00Z,4880.37,4882.77,4876.42,4882.43,66136976
2022-03-19T05:00:00Z,4882.43,4885.93,4874.07,4878.28,71935966
2022-03-19T06:00:00Z,4878.28,4889.50,4876.65,4888.57,80666360
2022-03-19T07:00:00Z,4888.57,4914.13,4888.45,4910.50,98170425
2022-03-19T08:00:00Z,4910.50,4913.52,4909.80,4912.57,59287189
2022-03-19T09:00:00Z,4912.57,4917.89,4910.13,4915.77,56422683
2022-03-19T10:00:00Z,4915.77,4921.07,4911.79,4916.49,55693800
2022-03-19T11:00:00Z,4916.49,4923.92,4912.56,4919.74,63683051
2022-03-19T12:00:00Z,4919.74,4927.27,4915.86,4924.12,73369981
2022-03-19T13:00:00Z,4924.12,4930.51,4920.21,4925.72,66584951
2022-03-19T14:00:00Z,4925.72,4927.83,4920.99,4922.19,72980129
2022-03-19T15:00:00Z,4922.19,4951.39,4919.83,4948.20,101037496
2022-03-19T16:00:00Z,4948.20,4953.70,4944.83,4951.61,57826446
2022-03-19T17:00:00Z,4951.61,4958.94,4947.90,4952.60,69759768
2022-03-19T18:00:00Z,4952.60,4971.59,4949.74,4966.86,78829795
2022-03-19T19:00:00Z,4966.86,4985.63,4962.31,4984.09,79401776
2022-03-19T20:00:00Z,4984.09,4989.46,4974.21,4978.23,64578935
2022-03-19T21:00:00Z,4978.23,4979.31,4970.46,4971.00,71057739
2022-03-19T22:00:00Z,4971.00,4977.30,4966.82,4977.16,65549224
2022-03-19T23:00:00Z,4977.16,4982.19,4974.26,4977.42,70094671
2022-03-20T00:00:00Z,4977.42,4981.47,4970.05,4975.92,70610688
2022-03-20T01:00:00Z,4975.92,4987.96,4973.77,4982.31,60753458
2022-03-20T02:00:00Z,4982.31,4992.01,4976.55,4987.37,73415185
2022-03-20T03:00:00Z,4987.37,4987.45,4985.06,4986.85,60562486
2022-03-20T04:00:00Z,4986.85,5001.01,4981.04,5000.98,82631871
2022-03-20T05:00:00Z,5000.98,5016.24,4995.95,5013.03,81786354
2022-03-20T06:00:00Z,5013.03,5027.33,5009.47,5023.60,83035608
2022-03-20T07:00:00Z,5023.60,5026.41,5018.33,5022.82,70811386
2022-03-20T08:00:00Z,5022.82,5028.87,5004.03,5007.67,75522529
2022-03-20T09:00:00Z,5007.67,5013.00,5002.05,5009.72,53831997
2022-03-20T10:00:00Z,5009.72,5010.67,4998.56,5003.40,79490079
2022-03-20T11:00:00Z,5003.40,5025.40,4998.78,5023.38,92029711
2022-03-20T12:00:00Z,5023.38,5041.04,5018.44,5036.13,79877117
2022-03-20T13:00:00Z,5036.13,5045.71,5032.89,5041.70,61371874
2022-03-20T14:00:00Z,5041.70,5045.02,5030.11,5031.14,73688061
2022-03-20T15:00:00Z,5031.14,5046.72,5030.41,5041.39,73188945
2022-03-20T16:00:00Z,5041.39,5046.14,5036.87,5044.68,68518087
2022-03-20T17:00:00Z,5044.68,5050.48,5038.93,5045.01,54719819
2022-03-20T18:00:00Z,5045.01,5047.12,5041.68,5046.69,53736999
2022-03-20T19:00:00Z,5046.69,5048.87,5035.04,5035.68,83299490
2022-03-20T20:00:00Z,5035.68,5038.38,5031.85,5035.45,50972445
2022-03-20T21:00:00Z,5035.45,5039.18,5027.55,5030.49,66113569
2022-03-20T22:00:00Z,5030.49,5045.24,5024.21,5039.59,82823992
2022-03-20T23:00:00Z,5039.59,5040.61,5035.24,5039.39,55542523
2022-03-21T00:00:00Z,5039.39,5045.60,5034.29,5038.92,62230975
2022-03-21T01:00:00Z,5038.92,5045.54,5035.90,5044.23,67205123
2022-03-21T02:00:00Z,5044.23,5049.19,5037.51,5040.37,67122793
2022-03-21T03:00:00Z,5040.37,5046.53,5039.67,5040.59,58823459
2022-03-21T04:00:00Z,5040.59,5050.05,5038.99,5048.89,63377734
2022-03-21T05:00:00Z,5048.89,5051.22,5035.17,5040.79,74183515
2022-03-21T06:00:00Z,5040.79,5049.65,5036.08,5048.03,77258688
2022-03-21T07:00:00Z,5048.03,5054.62,5034.03,5040.45,76476449
2022-03-21T08:00:00Z,5040.45,5043.96,5025.94,5028.05,87881901
2022-03-21T09:00:00Z,5028.05,5031.99,5020.37,5023.62,71431148
2022-03-21T10:00:00Z,5023.62,5029.62,5020.19,5023.14,54093778
2022-03-21T11:00:00Z,5023.14,5043.82,5019.10,5037.83,84636163
2022-03-21T12:00:00Z,5037.83,5039.18,5030.82,5034.71,66820287
2022-03-21T13:00:00Z,5034.71,5036.72,5025.94,5032.36,65508135
2022-03-21T14:00:00Z,5032.36,5038.26,5009.71,5010.35,89074534
2022-03-21T15:00:00Z,5010.35,5030.31,5005.25,5024.12,88647670
2022-03-21T16:00:00Z,5024.12,5034.18,5022.18,5033.11,70806861
2022-03-21T17:00:00Z,5033.11,5035.17,5032.47,5034.60,53639320
2022-03-21T18:00:00Z,5034.60,5041.64,5032.51,5035.15,59470984
2022-03-21T19:00:00Z,5035.15,5039.65,5031.46,5038.49,70626451
2022-03-21T20:00:00Z,5038.49,5042.06,5031.46,5033.49,74891256
2022-03-21T21:00:00Z,5033.49,5054.26,5027.49,5048.73,79746246
2022-03-21T22:00:00Z,5048.73,5061.99,5046.68,5058.22,73861936
2022-03-21T23:00:00Z,5058.22,5060.98,5047.28,5053.59,67263607
2022-03-22T00:00:00Z,5053.59,5055.32,5035.16,5038.54,86974957
2022-03-22T01:00:00Z,5038.54,5047.01,5032.94,5040.74,68368147
2022-03-22T02:00:00Z,5040.74,5045.51,5026.66,5030.61,82697192
2022-03-22T03:00:00Z,5030.61,5035.27,5030.25,5034.43,60083156
2022-03-22T04:00:00Z,5034.43,5036.18,5029.95,5034.08,59229909
2022-03-22T05:00:00Z,5034.08,5037.14,5031.06,5034.38,66077959
2022-03-22T06:00:00Z,5034.38,5037.51,5030.13,5036.76,67121506
2022-03-22T07:00:00Z,5036.76,5053.45,5034.82,5050.43,80579913
2022-03-22T08:00:00Z,5050.43,5053.20,5044.69,5046.34,60228693
2022-03-22T09:00:00Z,5046.34,5051.96,5043.12,5050.28,58031611
2022-03-22T10:00:00Z,5050.28,5065.26,5044.24,5060.22,81441906
2022-03-22T11:00:00Z,5060.22,5080.70,5058.36,5075.93,80720502
2022-03-22T12:00:00Z,5075.93,5088.65,5069.72,5085.72,80633765
2022-03-22T13:00:00Z,5085.72,5087.17,5073.36,5079.88,65883795
2022-03-22T14:00:00Z,5079.88,5080.68,5073.09,5074.43,63127670
2022-03-22T15:00:00Z,5074.43,5078.50,5055.88,5061.67,82796507
2022-03-22T16:00:00Z,5061.67,5067.03,5052.32,5053.88,72464300
2022-03-22T17:00:00Z,5053.88,5060.26,5041.31,5047.62,74434369
2022-03-22T18:00:00Z,5047.62,5062.88,5041.43,5056.98,74451507
2022-03-22T19:00:00Z,5056.98,5068.69,5051.86,5063.83,63026507
2022-03-22T20:00:00Z,5063.83,5069.45,5055.46,5061.25,64175861
2022-03-22T21:00:00Z,5061.25,5066.26,5051.62,5055.01,68700850
2022-03-22T22:00:00Z,5055.01,5056.46,5052.11,5053.33,54405884
2022-03-22T23:00:00Z,5053.33,5059.82,5050.38,5058.02,75771550
2022-03-23T00:00:00Z,5058.02,5060.77,5052.05,5054.92,63229435
2022-03-23T01:00:00Z,5054.92,5059.66,5049.93,5058.36,68814470
2022-03-23T02:00:00Z,5058.36,5061.37,5054.76,5059.73,62067143
2022-03-23T03:00:00Z,5059.73,5072.59,5056.72,5066.16,65252048
2022-03-23T04:00:00Z,5066.16,5071.67,5060.18,5069.79,62392986
2022-03-23T05:00:00Z,5069.79,5073.03,5066.28,5071.65,65125689
2022-03-23T06:00:00Z,5071.65,5081.93,5067.50,5078.69,80227975
2022-03-23T07:00:00Z,5078.69,5087.43,5075.39,5082.25,57330698
2022-03-23T08:00:00Z,5082.25,5094.64,5082.20,5092.19,72969715
2022-03-23T09:00:00Z,5092.19,5103.92,5085.83,5102.88,68205812
2022-03-23T10:00:00Z,5102.88,5104.88,5090.50,5093.07,76667693
2022-03-23T11:00:00Z,5093.07,5109.20,5088.53,5105.86,74149750
2022-03-23T12:00:00Z,5105.86,5112.11,5101.79,5111.54,60980115
2022-03-23T13:00:00Z,5111.54,5117.85,5107.29,5117.16,69124550
2022-03-23T14:00:00Z,5117.16,5121.60,5112.82,5119.48,66306636
2022-03-23T15:00:00Z,5119.48,5123.83,5110.62,5115.54,57184711
2022-03-23T16:00:00Z,5115.54,5134.99,5111.88,5132.87,95552288
2022-03-23T17:00:00Z,5132.87,5140.89,5132.87,5136.89,73429680
2022-03-23T18:00:00Z,5136.89,5148.38,5134.42,5147.49,68873740
2022-03-23T19:00:00Z,5147.49,5152.85,5143.99,5146.92,58649470
2022-03-23T20:00:00Z,5146.92,5162.29,5143.68,5161.56,74460928
2022-03-23T21:00:00Z,5161.56,5163.34,5156.88,5158.53,62128813
2022-03-23T22:00:00Z,5158.53,5158.73,5151.51,5156.84,67956883
2022-03-23T23:00:00Z,5156.84,5158.56,5154.24,5158.21,67587245
2022-03-24T00:00:00Z,5158.21,5160.76,5153.62,5159.13,51615432
2022-03-24T01:00:00Z,5159.13,5170.89,5158.49,5165.27,61133474
2022-03-24T02:00:00Z,5165.27,5167.69,5161.45,5162.99,59358454
2022-03-24T03:00:00Z,5162.99,5168.94,5157.24,5165.90,67311413
2022-03-24T04:00:00Z,5165.90,5172.07,5162.41,5166.04,68851893
2022-03-24T05:00:00Z,5166.04,5170.56,5162.08,5169.43,65090611
2022-03-24T06:00:00Z,5169.43,5176.77,5168.27,5174.11,71956497
2022-03-24T07:00:00Z,5174.11,5177.03,5162.20,5165.21,73095819
2022-03-24T08:00:00Z,5165.21,5175.77,5161.62,5169.46,60222841
2022-03-24T09:00:00Z,5169.46,5183.46,5165.96,5180.55,77734375
2022-03-24T10:00:00Z,5180.55,5191.40,5173.98,5184.66,67619757
2022-03-24T11:00:00Z,5184.66,5194.41,5183.12,5188.79,68428627
2022-03-24T12:00:00Z,5188.79,5193.69,5180.33,5182.61,67254987
2022-03-24T13:00:00Z,5182.61,5185.03,5175.18,5179.90,66353566
2022-03-24T14:00:00Z,5179.90,5189.08,5179.22,5187.33,63150530
2022-03-24T15:00:00Z,5187.33,5192.50,5183.97,5187.69,51036084
2022-03-24T16:00:00Z,5187.69,5190.44,5169.98,5176.77,84146525
2022-03-24T17:00:00Z,5176.77,5181.71,5174.20,5181.60,64872500
2022-03-24T18:00:00Z,5181.60,5187.67,5172.09,5174.57,79533998
2022-03-24T19:00:00Z,5174.57,5176.15,5158.02,5161.16,89927374
2022-03-24T20:00:00Z,5161.16,5164.68,5156.09,5161.25,56506736
2022-03-24T21:00:00Z,5161.25,5164.16,5153.49,5155.50,75043604
2022-03-24T22:00:00Z,5155.50,5156.90,5142.67,5147.15,67064047
2022-03-24T23:00:00Z,5147.15,5156.33,5145.67,5152.70,60900929
2022-03-25T00:00:00Z,5152.70,5159.20,5144.27,5147.64,75895957
2022-03-25T01:00:00Z,5147.64,5148.98,5138.78,5143.90,65114215
2022-03-25T02:00:00Z,5143.90,5149.66,5132.35,5133.11,80369093
2022-03-25T03:00:00Z,5133.11,5138.19,5117.74,5120.37,77804584
2022-03-25T04:00:00Z,5120.37,5130.91,5115.28,5124.21,63702221
2022-03-25T05:00:00Z,5124.21,5130.51,5120.85,5121.04,67536587
2022-03-25T06:00:00Z,5121.04,5132.34,5118.74,5130.26,83359229
2022-03-25T07:00:00Z,5130.26,5136.58,5116.39,5118.83,81606637
2022-03-25T08:00:00Z,5118.83,5135.12,5118.02,5132.54,85627269
2022-03-25T09:00:00Z,5132.54,5142.31,5129.23,5139.45,71282621
2022-03-25T10:00:00Z,5139.45,5163.20,5137.24,5157.92,98019062
2022-03-25T11:00:00Z,5157.92,5166.31,5152.65,5165.27,70613120
2022-03-25T12:00:00Z,5165.27,5167.94,5153.43,5158.87,76848589
2022-03-25T13:00:00Z,5158.87,5161.81,5157.67,5159.41,61296219
2022-03-25T14:00:00Z,5159.41,5176.36,5156.63,5170.93,73246302
2022-03-25T15:00:00Z,5170.93,5172.26,5158.31,5161.95,72960369
2022-03-25T16:00:00Z,5161.95,5164.62,5143.35,5145.51,83817187
2022-03-25T17:00:00Z,5145.51,5156.09,5144.88,5155.84,76798386
2022-03-25T18:00:00Z,5155.84,5164.28,5151.81,5160.83,76619251
2022-03-25T19:00:00Z,5160.83,5181.03,5158.78,5174.70,81082012
2022-03-25T20:00:00Z,5174.70,5176.66,5169.30,5172.34,69496904
2022-03-25T21:00:00Z,5172.34,5173.86,5166.33,5172.34,60738753
2022-03-25T22:00:00Z,5172.34,5177.15,5158.34,5163.88,78707981
2022-03-25T23:00:00Z,5163.88,5166.02,5163.24,5164.32,70130942
2022-03-26T00:00:00Z,5164.32,5173.44,5163.82,5172.59,74262727
2022-03-26T01:00:00Z,5172.59,5173.19,5158.21,5163.07,81104713
2022-03-26T02:00:00Z,5163.07,5171.75,5157.12,5166.57,67994829
2022-03-26T03:00:00Z,5166.57,5172.20,5159.98,5161.33,65748240
2022-03-26T04:00:00Z,5161.33,5165.39,5157.05,5160.61,70603520
2022-03-26T05:00:00Z,5160.61,5163.83,5154.67,5160.40,53024086
2022-03-26T06:00:00Z,5160.40,5165.76,5148.53,5153.03,73969180
2022-03-26T07:00:00Z,5153.03,5175.35,5148.41,5174.15,89938757
2022-03-26T08:00:00Z,5174.15,5179.16,5144.44,5149.66,107629401
2022-03-26T09:00:00Z,5149.66,5151.76,5144.91,5151.53,71533186
2022-03-26T10:00:00Z,5151.53,5157.64,5144.42,5149.25,66169846
2022-03-26T11:00:00Z,5149.25,5151.27,5136.15,5142.69,75850583
2022-03-26T12:00:00Z,5142.69,5146.45,5140.36,5143.81,65897056
2022-03-26T13:00:00Z,5143.81,5146.32,5134.01,5140.73,68904588
2022-03-26T14:00:00Z,5140.73,5144.33,5137.75,5142.58,71758314
2022-03-26T15:00:00Z,5142.58,5147.82,5142.08,5143.29,53041892
2022-03-26T16:00:00Z,5143.29,5161.24,5141.58,5156.79,84714838
2022-03-26T17:00:00Z,5156.79,5160.81,5150.83,5160.03,62036914
2022-03-26T18:00:00Z,5160.03,5162.89,5152.70,5157.11,74303834
2022-03-26T19:00:00Z,5157.11,5163.29,5151.52,5152.77,74591557
2022-03-26T20:00:00Z,5152.77,5164.48,5149.09,5161.81,68830185
2022-03-26T21:00:00Z,5161.81,5164.38,5158.26,5159.61,55396654
2022-03-26T22:00:00Z,5159.61,5161.64,5147.71,5148.25,74585401
2022-03-26T23:00:00Z,5148.25,5152.63,5147.09,5151.31,66880146
2022-03-27T00:00:00Z,5151.31,5151.35,5143.75,5149.31,65247661
2022-03-27T01:00:00Z,5149.31,5155.55,5149.19,5152.84,67082728
2022-03-27T02:00:00Z,5152.84,5158.30,5145.74,5149.93,68909347
2022-03-27T03:00:00Z,5149.93,5152.30,5147.76,5148.71,68629406
2022-03-27T04:00:00Z,5148.71,5153.18,5145.84,5148.06,66119898
2022-03-27T05:00:00Z,5148.06,5157.02,5147.13,5150.68,56401543
2022-03-27T06:00:00Z,5150.68,5157.28,5127.15,5129.12,99377368
2022-03-27T07:00:00Z,5129.12,5129.46,5123.69,5127.12,55005647
2022-03-27T08:00:00Z,5127.12,5132.26,5120.44,5123.01,66256017
2022-03-27T09:00:00Z,5123.01,5123.09,5110.49,5116.54,65382254
2022-03-27T10:00:00Z,5116.54,5135.93,5116.53,5131.17,81121521
2022-03-27T11:00:00Z,5131.17,5133.15,5113.14,5115.94,89637062
2022-03-27T12:00:00Z,5115.94,5128.42,5111.66,5123.57,75725897
2022-03-27T13:00:00Z,5123.57,5128.68,5113.67,5118.20,76673006
2022-03-27T14:00:00Z,5118.20,5118.44,5110.03,5114.99,68972391
2022-03-27T15:00:00Z,5114.99,5119.20,5109.55,5116.31,59631389
2022-03-27T16:00:00Z,5116.31,5126.74,5114.32,5121.21,68568391
2022-03-27T17:00:00Z,5121.21,5126.75,5115.88,5122.34,59175212
2022-03-27T18:00:00Z,5122.34,5129.57,5117.20,5124.45,63837316
2022-03-27T19:00:00Z,5124.45,5130.58,5118.96,5124.47,57439112
2022-03-27T20:00:00Z,5124.47,5126.21,5117.16,5121.53,72234355
2022-03-27T21:00:00Z,5121.53,5128.04,5118.74,5124.47,70560069
2022-03-27T22:00:00Z,5124.47,5133.53,5124.14,5131.22,73401636
2022-03-27T23:00:00Z,5131.22,5137.65,5128.80,5136.23,76773265
2022-03-28T00:00:00Z,5136.23,5152.56,5133.38,5146.58,84567792
2022-03-28T01:00:00Z,5146.58,5153.12,5135.64,5137.26,66625117
2022-03-28T02:00:00Z,5137.26,5139.78,5128.12,5134.58,71567050
2022-03-28T03:00:00Z,5134.58,5140.20,5127.17,5131.55,69115101
2022-03-28T04:00:00Z,5131.55,5144.92,5125.45,5143.65,78606005
2022-03-28T05:00:00Z,5143.65,5154.88,5141.58,5148.37,65574663
2022-03-28T06:00:00Z,5148.37,5148.68,5141.84,5146.08,60072870
2022-03-28T07:00:00Z,5146.08,5150.98,5134.67,5141.39,66500734
2022-03-28T08:00:00Z,5141.39,5148.15,5139.73,5145.93,61697668
2022-03-28T09:00:00Z,5145.93,5146.00,5130.76,5134.50,85378816
2022-03-28T10:00:00Z,5134.50,5143.23,5128.73,5139.76,70711766
2022-03-28T11:00:00Z,5139.76,5146.25,5133.21,5139.72,52235067
2022-03-28T12:00:00Z,5139.72,5149.52,5135.14,5145.79,67712067
2022-03-28T13:00:00Z,5145.79,5147.86,5120.83,5120.89,94388181
2022-03-28T14:00:00Z,5120.89,5132.13,5115.79,5130.57,83925207
2022-03-28T15:00:00Z,5130.57,5135.40,5119.88,5121.27,70814433
2022-03-28T16:00:00Z,5121.27,5130.62,5120.72,5124.43,67746097
2022-03-28T17:00:00Z,5124.43,5130.19,5110.34,5116.94,68574824
2022-03-28T18:00:00Z,5116.94,5118.68,5111.17,5111.60,63579233
2022-03-28T19:00:00Z,5111.60,5112.66,5104.51,5106.57,68302857
2022-03-28T20:00:00Z,5106.57,5111.99,5097.90,5103.53,74352021
2022-03-28T21:00:00Z,5103.53,5116.24,5097.45,5111.40,79823735
2022-03-28T22:00:00Z,5111.40,5115.70,5106.14,5109.75,56051090
2022-03-28T23:00:00Z,5109.75,5127.00,5107.74,5120.63,78993037
2022-03-29T00:00:00Z,5120.63,5124.66,5113.94,5122.72,66268362
2022-03-29T01:00:00Z,5122.72,5124.41,5119.44,5122.30,55066853
2022-03-29T02:00:00Z,5122.30,5122.32,5107.52,5108.75,86357293
2022-03-29T03:00:00Z,5108.75,5126.27,5103.10,5122.84,82358850
2022-03-29T04:00:00Z,5122.84,5124.11,5118.63,5120.31,60739005
2022-03-29T05:00:00Z,5120.31,5120.87,5111.68,5115.83,57266670
2022-03-29T06:00:00Z,5115.83,5119.11,5112.36,5116.89,71655763
2022-03-29T07:00:00Z,5116.89,5121.14,5101.74,5107.06,85020834
2022-03-29T08:00:00Z,5107.06,5107.92,5102.23,5104.50,58923109
2022-03-29T09:00:00Z,5104.50,5105.01,5091.25,5096.53,66025077
2022-03-29T10:00:00Z,5096.53,5101.10,5082.18,5086.96,70594980
2022-03-29T11:00:00Z,5086.96,5106.05,5080.87,5100.42,86917430
2022-03-29T12:00:00Z,5100.42,5108.12,5094.07,5106.60,78599127
2022-03-29T13:00:00Z,5106.60,5113.17,5095.16,5099.14,67598442
2022-03-29T14:00:00Z,5099.14,5118.03,5095.08,5114.36,84458489
2022-03-29T15:00:00Z,5114.36,5129.32,5110.60,5125.22,79333003
2022-03-29T16:00:00Z,5125.22,5128.06,5124.48,5125.64,69430531
2022-03-29T17:00:00Z,5125.64,5130.28,5116.01,5121.48,66958466
2022-03-29T18:00:00Z,5121.48,5122.47,5105.02,5108.86,81114481
2022-03-29T19:00:00Z,5108.86,5111.65,5104.51,5107.40,54891726
2022-03-29T20:00:00Z,5107.40,5113.91,5100.54,5106.72,62275032
2022-03-29T21:00:00Z,5106.72,5113.40,5097.75,5100.58,74457860
2022-03-29T22:00:00Z,5100.58,5102.84,5096.87,5099.49,61527181
2022-03-29T23:00:00Z,5099.49,5116.12,5094.48,5109.56,74980742
2022-03-30T00:00:00Z,5109.56,5123.34,5104.39,5120.29,83616541
2022-03-30T01:00:00Z,5120.29,5122.61,5104.61,5110.81,71087184
2022-03-30T02:00:00Z,5110.81,5115.50,5091.28,5094.83,82386627
2022-03-30T03:00:00Z,5094.83,5101.15,5089.33,5097.81,72928682
2022-03-30T04:00:00Z,5097.81,5102.95,5093.92,5097.63,61161139
2022-03-30T05:00:00Z,5097.63,5103.58,5083.98,5086.93,73481250
2022-03-30T06:00:00Z,5086.93,5087.68,5085.92,5087.67,55146208
2022-03-30T07:00:00Z,5087.67,5094.30,5077.74,5079.69,80965048
2022-03-30T08:00:00Z,5079.69,5080.32,5068.02,5072.54,68394064
2022-03-30T09:00:00Z,5072.54,5078.63,5067.07,5072.99,54600102
2022-03-30T10:00:00Z,5072.99,5079.25,5050.84,5057.10,87449423
2022-03-30T11:00:00Z,5057.10,5074.15,5055.45,5068.09,70141953
2022-03-30T12:00:00Z,5068.09,5085.39,5062.12,5079.83,69285413
2022-03-30T13:00:00Z,5079.83,5079.88,5072.84,5077.00,55534862
2022-03-30T14:00:00Z,5077.00,5081.94,5074.13,5081.29,76130271
2022-03-30T15:00:00Z,5081.29,5082.88,5073.42,5076.45,65169321
2022-03-30T16:00:00Z,5076.45,5080.64,5072.59,5079.09,61632506
2022-03-30T17:00:00Z,5079.09,5083.72,5067.66,5070.95,63339625
2022-03-30T18:00:00Z,5070.95,5076.82,5066.57,5067.49,61392597
2022-03-30T19:00:00Z,5067.49,5073.95,5065.05,5070.18,60026491
2022-03-30T20:00:00Z,5070.18,5078.44,5065.26,5073.31,66002059
2022-03-30T21:00:00Z,5073.31,5085.33,5068.47,5082.36,66337554
2022-03-30T22:00:00Z,5082.36,5084.03,5076.74,5077.86,59226939
2022-03-30T23:00:00Z,5077.86,5082.00,5074.15,5078.30,57399816
2022-03-31T00:00:00Z,5078.30,5081.21,5068.31,5074.18,57927459
2022-03-31T01:00:00Z,5074.18,5081.58,5072.55,5080.91,77294756
2022-03-31T02:00:00Z,5080.91,5089.94,5080.65,5083.37,70967679
2022-03-31T03:00:00Z,5083.37,5091.23,5079.68,5084.94,55045916
2022-03-31T04:00:00Z,5084.94,5094.86,5079.80,5094.54,65795216
2022-03-31T05:00:00Z,5094.54,5100.18,5083.84,5089.58,67244328
2022-03-31T06:00:00Z,5089.58,5092.46,5083.00,5087.44,59498507
2022-03-31T07:00:00Z,5087.44,5105.13,5082.34,5102.31,85191056
2022-03-31T08:00:00Z,5102.31,5107.77,5097.58,5107.08,76256863
2022-03-31T09:00:00Z,5107.08,5118.77,5101.33,5113.68,78571099
2022-03-31T10:00:00Z,5113.68,5116.68,5096.64,5096.93,85468859
2022-03-31T11:00:00Z,5096.93,5102.92,5088.23,5092.41,63124360
2022-03-31T12:00:00Z,5092.41,5098.49,5081.41,5083.51,74897171
2022-03-31T13:00:00Z,5083.51,5088.55,5070.59,5075.93,75368527
2022-03-31T14:00:00Z,5075.93,5084.12,5073.30,5077.89,58386842
2022-03-31T15:00:00Z,5077.89,5091.92,5073.46,5090.85,89399551
2022-03-31T16:00:00Z,5090.85,5092.98,5077.78,5083.01,66466922
2022-03-31T17:00:00Z,5083.01,5093.07,5082.56,5086.44,60282913
2022-03-31T18:00:00Z,5086.44,5087.42,5079.83,5084.49,56790689
2022-03-31T19:00:00Z,5084.49,5086.05,5074.46,5078.08,70175844
2022-03-31T20:00:00Z,5078.08,5080.98,5073.84,5079.48,58040093
2022-03-31T21:00:00Z,5079.48,5080.22,5071.39,5074.81,77328828
2022-03-31T22:00:00Z,5074.81,5076.94,5063.94,5069.27,72053148
2022-03-31T23:00:00Z,5069.27,5074.57,5064.17,5069.82,59707107
2022-04-01T00:00:00Z,5069.82,5090.09,5067.54,5087.29,78323938
2022-04-01T01:00:00Z,5087.29,5094.33,5086.60,5093.36,68059389
2022-04-01T02:00:00Z,5093.36,5101.52,5088.80,5095.94,72899004
2022-04-01T03:00:00Z,5095.94,5096.60,5091.84,5095.35,70635464
2022-04-01T04:00:00Z,5095.35,5105.65,5091.62,5103.83,76434118
2022-04-01T05:00:00Z,5103.83,5104.13,5088.65,5092.33,83590723
2022-04-01T06:00:00Z,5092.33,5097.58,5082.39,5088.37,71419786
2022-04-01T07:00:00Z,5088.37,5095.12,5087.62,5094.02,66548014
2022-04-01T08:00:00Z,5094.02,5098.60,5076.24,5078.78,87093117
2022-04-01T09:00:00Z,5078.78,5081.42,5073.41,5079.92,66563374
2022-04-01T10:00:00Z,5079.92,5086.02,5075.55,5083.33,56371713
2022-04-01T11:00:00Z,5083.33,5090.63,5077.29,5090.45,70916472
2022-04-01T12:00:00Z,5090.45,5095.85,5087.21,5095.07,66651018
2022-04-01T13:00:00Z,5095.07,5095.39,5078.41,5082.91,77729109
2022-04-01T14:00:00Z,5082.91,5092.80,5082.29,5087.04,68618071
2022-04-01T15:00:00Z,5087.04,5093.57,5059.84,5066.01,100226437
2022-04-01T16:00:00Z,5066.01,5071.51,5062.58,5066.52,51670906
2022-04-01T17:00:00Z,5066.52,5076.67,5063.00,5071.23,62176377
2022-04-01T18:00:00Z,5071.23,5074.37,5063.45,5065.54,62594146
2022-04-01T19:00:00Z,5065.54,5073.25,5059.24,5072.35,70495491
2022-04-01T20:00:00Z,5072.35,5082.06,5066.14,5080.80,64688172
2022-04-01T21:00:00Z,5080.80,5086.73,5077.67,5083.17,73556484
2022-04-01T22:00:00Z,5083.17,5086.91,5075.71,5081.92,54612803
2022-04-01T23:00:00Z,5081.92,5086.99,5078.88,5085.28,69238440
2022-04-02T00:00:00Z,5085.28,5088.94,5072.75,5077.83,75759913
2022-04-02T01:00:00Z,5077.83,5081.26,5071.73,5078.09,61609351
2022-04-02T02:00:00Z,5078.09,5084.06,5076.48,5076.60,64033318
2022-04-02T03:00:00Z,5076.60,5083.05,5065.18,5071.36,75846692
2022-04-02T04:00:00Z,5071.36,5074.26,5066.24,5068.31,57318303
2022-04-02T05:00:00Z,5068.31,5069.43,5047.80,5052.30,82133007
2022-04-02T06:00:00Z,5052.30,5056.29,5045.90,5047.48,66814170
2022-04-02T07:00:00Z,5047.48,5053.19,5043.88,5044.68,70808912
2022-04-02T08:00:00Z,5044.68,5049.97,5040.34,5045.49,62698233
2022-04-02T09:00:00Z,5045.49,5046.83,5027.06,5032.40,74504381
2022-04-02T10:00:00Z,5032.40,5033.65,5025.90,5031.92,61827692
2022-04-02T11:00:00Z,5031.92,5040.62,5025.41,5039.04,70737440
2022-04-02T12:00:00Z,5039.04,5045.50,5024.67,5031.07,80011804
2022-04-02T13:00:00Z,5031.07,5037.09,5024.71,5032.92,64784182
2022-04-02T14:00:00Z,5032.92,5039.17,5018.54,5025.06,69397339
2022-04-02T15:00:00Z,5025.06,5033.72,5021.63,5033.36,68185438
2022-04-02T16:00:00Z,5033.36,5045.84,5033.36,5044.08,79352274
2022-04-02T17:00:00Z,5044.08,5049.09,5029.66,5036.00,72622150
2022-04-02T18:00:00Z,5036.00,5047.23,5035.73,5046.66,70699186
2022-04-02T19:00:00Z,5046.66,5065.01,5043.05,5058.90,77918182
2022-04-02T20:00:00Z,5058.90,5061.16,5051.54,5051.58,79087642
2022-04-02T21:00:00Z,5051.58,5055.03,5028.43,5033.58,87945304
2022-04-02T22:00:00Z,5033.58,5040.10,5017.77,5018.69,78629050
2022-04-02T23:00:00Z,5018.69,5020.89,5014.65,5017.82,63096806
2022-04-03T00:00:00Z,5017.82,5019.41,5006.65,5008.24,85285087
2022-04-03T01:00:00Z,5008.24,5008.36,4997.09,5002.98,64589678
2022-04-03T02:00:00Z,5002.98,5010.84,4996.50,5006.44,62967328
2022-04-03T03:00:00Z,5006.44,5029.02,5004.66,5026.06,91249762
2022-04-03T04:00:00Z,5026.06,5027.19,5015.99,5022.05,56458124
2022-04-03T05:00:00Z,5022.05,5026.90,5016.61,5020.62,53638621
2022-04-03T06:00:00Z,5020.62,5024.87,5020.27,5023.27,72297963
2022-04-03T07:00:00Z,5023.27,5030.71,5019.55,5026.77,59558391
2022-04-03T08:00:00Z,5026.77,5027.18,5023.37,5024.20,61941215
2022-04-03T09:00:00Z,5024.20,5024.35,5002.82,5007.29,92056161
2022-04-03T10:00:00Z,5007.29,5008.51,5002.51,5004.98,62448545
2022-04-03T11:00:00Z,5004.98,5013.02,5004.84,5007.19,55396917
2022-04-03T12:00:00Z,5007.19,5013.74,4999.49,5002.03,74029096
2022-04-03T13:00:00Z,5002.03,5002.60,4991.58,4992.30,83869377
2022-04-03T14:00:00Z,4992.30,4994.42,4983.62,4988.33,60093577
2022-04-03T15:00:00Z,4988.33,4989.33,4969.93,4974.19,73102011
2022-04-03T16:00:00Z,4974.19,4976.07,4966.43,4972.94,57225518
2022-04-03T17:00:00Z,4972.94,4978.31,4969.44,4969.82,64751012
2022-04-03T18:00:00Z,4969.82,4974.36,4966.33,4969.67,63098708
2022-04-03T19:00:00Z,4969.67,4969.99,4953.37,4957.61,87341363
2022-04-03T20:00:00Z,4957.61,4960.77,4952.20,4960.53,58933694
2022-04-03T21:00:00Z,4960.53,4961.39,4945.88,4950.27,70758720
2022-04-03T22:00:00Z,4950.27,4974.73,4944.04,4972.88,87464169
2022-04-03T23:00:00Z,4972.88,4974.57,4964.15,4966.54,62293165
2022-04-04T00:00:00Z,4966.54,4969.11,4962.10,4963.51,63026195
2022-04-04T01:00:00Z,4963.51,4972.97,4962.68,4972.82,84788399
2022-04-04T02:00:00Z,4972.82,4996.28,4966.79,4990.64,86486291
2022-04-04T03:00:00Z,4990.64,4995.59,4975.95,4976.00,91300228
2022-04-04T04:00:00Z,4976.00,4979.77,4971.17,4972.21,58096123
2022-04-04T05:00:00Z,4972.21,4984.64,4971.69,4978.72,72471784
2022-04-04T06:00:00Z,4978.72,4991.64,4974.83,4988.54,67884347
2022-04-04T07:00:00Z,4988.54,5002.68,4982.29,4999.72,71078211
2022-04-04T08:00:00Z,4999.72,5002.98,4997.83,5001.60,58900061
2022-04-04T09:00:00Z,5001.60,5009.69,4995.41,5005.91,68956375
2022-04-04T10:00:00Z,5005.91,5007.25,4999.37,5004.37,68662088
2022-04-04T11:00:00Z,5004.37,5008.58,4996.18,4998.71,72533451
2022-04-04T12:00:00Z,4998.71,5016.41,4992.87,5011.47,88797063
2022-04-04T13:00:00Z,5011.47,5017.45,5000.42,5001.38,72107086
2022-04-04T14:00:00Z,5001.38,5011.32,5000.50,5010.38,80621339
2022-04-04T15:00:00Z,5010.38,5010.40,4992.71,4998.55,81827396
2022-04-04T16:00:00Z,4998.55,5004.31,4989.87,4991.74,70490126
2022-04-04T17:00:00Z,4991.74,4997.68,4982.64,4983.60,69050192
2022-04-04T18:00:00Z,4983.60,4989.45,4962.36,4968.88,75440554
2022-04-04T19:00:00Z,4968.88,4982.27,4964.51,4976.99,66515034
2022-04-04T20:00:00Z,4976.99,4983.22,4966.29,4970.94,61737758
2022-04-04T21:00:00Z,4970.94,4976.64,4970.33,4973.01,54370623
2022-04-04T22:00:00Z,4973.01,4979.37,4971.14,4976.64,60364258
2022-04-04T23:00:00Z,4976.64,4982.01,4972.11,4977.94,69967065
2022-04-05T00:00:00Z,4977.94,4979.87,4974.11,4974.74,74535912
2022-04-05T01:00:00Z,4974.74,4984.92,4974.25,4980.19,74428811
2022-04-05T02:00:00Z,4980.19,4986.72,4973.99,4977.36,56845822
2022-04-05T03:00:00Z,4977.36,4989.28,4974.01,4988.21,81646971
2022-04-05T04:00:00Z,4988.21,4999.31,4983.78,4995.23,74902130
2022-04-05T05:00:00Z,4995.23,4998.37,4984.65,4991.13,75486477
2022-04-05T06:00:00Z,4991.13,4997.01,4978.62,4984.55,60830648
2022-04-05T07:00:00Z,4984.55,4996.41,4983.95,4992.61,74906984
2022-04-05T08:00:00Z,4992.61,4998.06,4988.15,4997.29,73377002
2022-04-05T09:00:00Z,4997.29,5000.63,4986.34,4989.34,72776402
2022-04-05T10:00:00Z,4989.34,4994.05,4980.46,4985.45,62022050
2022-04-05T11:00:00Z,4985.45,4988.91,4978.94,4985.52,68312201
2022-04-05T12:00:00Z,4985.52,4991.19,4976.16,4981.59,58640766
2022-04-05T13:00:00Z,4981.59,5012.59,4977.22,5009.60,113166346
2022-04-05T14:00:00Z,5009.60,5012.96,5004.95,5011.35,62267202
2022-04-05T15:00:00Z,5011.35,5016.96,4997.62,5004.13,76126454
2022-04-05T16:00:00Z,5004.13,5009.47,4993.43,4993.74,84823292
2022-04-05T17:00:00Z,4993.74,4996.16,4981.96,4985.58,68522953
2022-04-05T18:00:00Z,4985.58,4989.20,4980.43,4983.75,72576223
2022-04-05T19:00:00Z,4983.75,4986.38,4977.62,4979.58,71530244
2022-04-05T20:00:00Z,4979.58,4983.31,4975.01,4980.17,58359737
2022-04-05T21:00:00Z,4980.17,4980.30,4970.03,4972.68,63908514
2022-04-05T22:00:00Z,4972.68,4974.49,4946.67,4950.38,104306969
2022-04-05T23:00:00Z,4950.38,4954.29,4936.21,4942.24,64330020
2022-04-06T00:00:00Z,4942.24,4943.60,4926.30,4929.95,80601276
2022-04-06T01:00:00Z,4929.95,4935.90,4915.02,4916.64,83625421
2022-04-06T02:00:00Z,4916.64,4919.63,4906.96,4911.52,62349769
2022-04-06T03:00:00Z,4911.52,4913.69,4896.31,4899.31,84974210
2022-04-06T04:00:00Z,4899.31,4905.06,4888.16,4889.45,73704724
2022-04-06T05:00:00Z,4889.45,4890.36,4877.70,4879.71,82901982
2022-04-06T06:00:00Z,4879.71,4892.98,4875.49,4887.77,66562706
2022-04-06T07:00:00Z,4887.77,4889.48,4885.16,4885.37,60729161
2022-04-06T08:00:00Z,4885.37,4889.46,4878.66,4882.76,56325083
2022-04-06T09:00:00Z,4882.76,4884.09,4875.41,4881.09,67409849
2022-04-06T10:00:00Z,4881.09,4883.39,4870.70,4871.62,78586892
2022-04-06T11:00:00Z,4871.62,4873.53,4851.37,4856.90,87038395
2022-04-06T12:00:00Z,4856.90,4860.77,4852.02,4855.72,52588409
2022-04-06T13:00:00Z,4855.72,4871.76,4849.80,4870.35,84413217
2022-04-06T14:00:00Z,4870.35,4870.93,4859.15,4861.68,70621021
2022-04-06T15:00:00Z,4861.68,4865.09,4856.64,4862.08,52998463
2022-04-06T16:00:00Z,4862.08,4880.87,4861.03,4875.59,92176828
2022-04-06T17:00:00Z,4875.59,4890.91,4872.97,4888.00,79158876
2022-04-06T18:00:00Z,4888.00,4892.29,4887.08,4889.99,70523099
2022-04-06T19:00:00Z,4889.99,4895.50,4888.81,4889.45,61017030
2022-04-06T20:00:00Z,4889.45,4889.47,4887.34,4888.91,53372814
2022-04-06T21:00:00Z,4888.91,4900.38,4886.58,4896.95,73698526
2022-04-06T22:00:00Z,4896.95,4904.74,4894.23,4899.00,73152562
2022-04-06T23:00:00Z,4899.00,4899.38,4885.46,4891.85,73487032
2022-04-07T00:00:00Z,4891.85,4893.53,4887.09,4889.47,72623581
2022-04-07T01:00:00Z,4889.47,4898.30,4888.27,4897.46,75075604
2022-04-07T02:00:00Z,4897.46,4899.94,4882.66,4888.45,66381328
2022-04-07T03:00:00Z,4888.45,4898.60,4887.07,4892.60,73657918
2022-04-07T04:00:00Z,4892.60,4910.46,4888.07,4904.24,83071464
2022-04-07T05:00:00Z,4904.24,4917.47,4899.12,4913.70,77052571
2022-04-07T06:00:00Z,4913.70,4916.47,4904.20,4907.35,67367527
2022-04-07T07:00:00Z,4907.35,4907.89,4894.97,4896.46,72022992
2022-04-07T08:00:00Z,4896.46,4908.28,4893.51,4902.83,60965195
2022-04-07T09:00:00Z,4902.83,4904.03,4893.39,4896.65,75252324
2022-04-07T10:00:00Z,4896.65,4914.09,4895.11,4912.64,88830405
2022-04-07T11:00:00Z,4912.64,4916.92,4910.88,4911.82,55115755
2022-04-07T12:00:00Z,4911.82,4915.41,4908.14,4913.89,61678813
2022-04-07T13:00:00Z,4913.89,4934.95,4913.83,4928.79,88407942
2022-04-07T14:00:00Z,4928.79,4931.55,4920.04,4924.35,65118640
2022-04-07T15:00:00Z,4924.35,4929.39,4912.03,4917.27,80992686
2022-04-07T16:00:00Z,4917.27,4920.77,4912.61,4917.07,56875946
2022-04-07T17:00:00Z,4917.07,4920.97,4910.84,4914.21,67884641
2022-04-07T18:00:00Z,4914.21,4917.00,4894.07,4896.32,80438936
2022-04-07T19:00:00Z,4896.32,4906.26,4891.50,4904.59,63768786
2022-04-07T20:00:00Z,4904.59,4922.44,4899.92,4918.89,85013754
2022-04-07T21:00:00Z,4918.89,4921.72,4910.42,4912.38,62221411
2022-04-07T22:00:00Z,4912.38,4918.22,4905.95,4917.21,73514252
2022-04-07T23:00:00Z,4917.21,4921.53,4903.05,4907.58,67720970
2022-04-08T00:00:00Z,4907.58,4913.16,4894.13,4898.48,83725383
2022-04-08T01:00:00Z,4898.48,4900.19,4891.27,4893.35,77179032
2022-04-08T02:00:00Z,4893.35,4898.92,4884.75,4889.71,70045790
2022-04-08T03:00:00Z,4889.71,4897.04,4888.88,4893.64,69194879
2022-04-08T04:00:00Z,4893.64,4896.84,4886.23,4889.76,63494725
2022-04-08T05:00:00Z,4889.76,4894.02,4885.18,4887.12,62082170
2022-04-08T06:00:00Z,4887.12,4887.53,4877.39,4882.77,72507408
2022-04-08T07:00:00Z,4882.77,4892.21,4881.02,4891.31,72962723
2022-04-08T08:00:00Z,4891.31,4891.44,4888.59,4888.84,61003094
2022-04-08T09:00:00Z,4888.84,4892.87,4882.89,4889.56,68131102
2022-04-08T10:00:00Z,4889.56,4897.85,4887.99,4891.82,61766013
2022-04-08T11:00:00Z,4891.82,4897.36,4883.44,4889.49,68660448
2022-04-08T12:00:00Z,4889.49,4896.63,4888.78,4894.51,72316735
2022-04-08T13:00:00Z,4894.51,4897.94,4888.63,4893.49,67688597
2022-04-08T14:00:00Z,4893.49,4910.77,4887.77,4905.38,88030590
2022-04-08T15:00:00Z,4905.38,4916.99,4901.52,4913.20,70118844
2022-04-08T16:00:00Z,4913.20,4939.50,4909.20,4933.15,85208118
2022-04-08T17:00:00Z,4933.15,4939.42,4924.50,4929.16,57623546
2022-04-08T18:00:00Z,4929.16,4943.52,4926.25,4941.78,89909756
2022-04-08T19:00:00Z,4941.78,4949.58,4936.75,4946.83,63114690
2022-04-08T20:00:00Z,4946.83,4952.32,4933.17,4937.90,76046523
2022-04-08T21:00:00Z,4937.90,4942.09,4936.85,4939.96,67059738
2022-04-08T22:00:00Z,4939.96,4941.48,4925.29,4931.28,76697605
2022-04-08T23:00:00Z,4931.28,4937.59,4930.47,4933.27,66142293
2022-04-09T00:00:00Z,4933.27,4939.99,4927.63,4935.60,66413595
2022-04-09T01:00:00Z,4935.60,4945.26,4934.89,4940.86,60937637
2022-04-09T02:00:00Z,4940.86,4945.70,4936.15,4938.79,56984646
2022-04-09T03:00:00Z,4938.79,4957.28,4936.73,4955.81,86751766
2022-04-09T04:00:00Z,4955.81,4959.39,4948.85,4954.32,60159187
2022-04-09T05:00:00Z,4954.32,4955.90,4947.30,4951.56,57492805
2022-04-09T06:00:00Z,4951.56,4957.83,4946.71,4948.07,59002805
2022-04-09T07:00:00Z,4948.07,4948.44,4943.81,4944.96,62338499
2022-04-09T08:00:00Z,4944.96,4948.90,4934.37,4938.18,70941267
2022-04-09T09:00:00Z,4938.18,4942.27,4929.78,4931.98,63075064
2022-04-09T10:00:00Z,4931.98,4942.73,4925.97,4939.40,78860397
2022-04-09T11:00:00Z,4939.40,4946.87,4935.17,4946.63,68921442
2022-04-09T12:00:00Z,4946.63,4951.33,4939.61,4940.71,65721293
2022-04-09T13:00:00Z,4940.71,4945.25,4932.60,4936.17,71201284
2022-04-09T14:00:00Z,4936.17,4937.68,4924.57,4928.55,68113609
2022-04-09T15:00:00Z,4928.55,4934.45,4924.64,4933.06,66225943
2022-04-09T16:00:00Z,4933.06,4950.05,4927.97,4943.57,79044846
2022-04-09T17:00:00Z,4943.57,4950.24,4941.43,4945.02,69738886
2022-04-09T18:00:00Z,4945.02,4951.50,4935.51,4937.43,70668692
2022-04-09T19:00:00Z,4937.43,4941.91,4934.00,4935.76,56974670
2022-04-09T20:00:00Z,4935.76,4946.16,4933.15,4942.86,70939442
2022-04-09T21:00:00Z,4942.86,4962.54,4942.16,4956.36,88335875
2022-04-09T22:00:00Z,4956.36,4963.29,4954.29,4962.80,67086574
2022-04-09T23:00:00Z,4962.80,4967.05,4943.95,4949.88,89635060
2022-04-10T00:00:00Z,4949.88,4955.88,4947.02,4950.08,66112820
2022-04-10T01:00:00Z,4950.08,4952.19,4931.89,4937.60,89985247
2022-04-10T02:00:00Z,4937.60,4945.12,4937.43,4941.68,67343990
2022-04-10T03:00:00Z,4941.68,4942.02,4937.96,4938.70,66650991
2022-04-10T04:00:00Z,4938.70,4940.16,4938.18,4938.58,66019368
2022-04-10T05:00:00Z,4938.58,4943.43,4924.82,4926.70,79635364
2022-04-10T06:00:00Z,4926.70,4930.01,4916.38,4919.12,68191079
2022-04-10T07:00:00Z,4919.12,4921.21,4908.51,4913.25,64647734
2022-04-10T08:00:00Z,4913.25,4930.14,4910.12,4928.27,77444566
2022-04-10T09:00:00Z,4928.27,4934.28,4928.19,4931.40,60933327
2022-04-10T10:00:00Z,4931.40,4939.18,4929.09,4938.03,77818862
2022-04-10T11:00:00Z,4938.03,4943.97,4926.12,4928.59,65376509
2022-04-10T12:00:00Z,4928.59,4937.07,4922.15,4930.77,71169488
2022-04-10T13:00:00Z,4930.77,4931.04,4915.95,4918.47,73296196
2022-04-10T14:00:00Z,4918.47,4923.73,4914.17,4920.28,62349910
2022-04-10T15:00:00Z,4920.28,4921.26,4908.48,4914.87,68081969
2022-04-10T16:00:00Z,4914.87,4917.34,4908.16,4913.80,68083130
2022-04-10T17:00:00Z,4913.80,4919.54,4905.25,4911.65,61150387
2022-04-10T18:00:00Z,4911.65,4914.42,4906.20,4907.83,58725912
2022-04-10T19:00:00Z,4907.83,4916.42,4907.55,4910.07,61594578
2022-04-10T20:00:00Z,4910.07,4924.33,4909.54,4919.02,71502507
2022-04-10T21:00:00Z,4919.02,4924.72,4914.11,4923.60,75522460
2022-04-10T22:00:00Z,4923.60,4924.75,4923.19,4923.47,66979098
2022-04-10T23:00:00Z,4923.47,4930.76,4919.38,4927.26,65836625
2022-04-11T00:00:00Z,4927.26,4932.86,4916.90,4919.16,74443426
2022-04-11T01:00:00Z,4919.16,4923.37,4914.73,4922.34,73951339
2022-04-11T02:00:00Z,4922.34,4938.85,4920.01,4933.43,72610371
2022-04-11T03:00:00Z,4933.43,4934.08,4924.56,4928.89,74462536
2022-04-11T04:00:00Z,4928.89,4935.31,4928.28,4930.05,62271788
2022-04-11T05:00:00Z,4930.05,4942.78,4928.29,4936.51,74337758
2022-04-11T06:00:00Z,4936.51,4953.48,4935.15,4947.43,83483804
2022-04-11T07:00:00Z,4947.43,4950.17,4947.18,4947.51,63091256
2022-04-11T08:00:00Z,4947.51,4953.42,4936.45,4938.08,84336021
2022-04-11T09:00:00Z,4938.08,4942.95,4927.94,4933.63,58413485
2022-04-11T10:00:00Z,4933.63,4939.48,4925.28,4931.48,56005741
2022-04-11T11:00:00Z,4931.48,4934.84,4928.65,4929.70,70967690
2022-04-11T12:00:00Z,4929.70,4935.67,4926.64,4927.63,59943197
2022-04-11T13:00:00Z,4927.63,4930.98,4913.42,4914.09,81218195
2022-04-11T14:00:00Z,4914.09,4920.21,4907.94,4917.63,68255059
2022-04-11T15:00:00Z,4917.63,4922.44,4912.95,4922.23,58657656
2022-04-11T16:00:00Z,4922.23,4928.50,4906.81,4912.62,83135967
2022-04-11T17:00:00Z,4912.62,4914.81,4899.81,4904.45,83165803
2022-04-11T18:00:00Z,4904.45,4910.15,4888.66,4892.37,83194765
2022-04-11T19:00:00Z,4892.37,4918.06,4889.15,4912.18,92484729
2022-04-11T20:00:00Z,4912.18,4917.66,4911.65,4913.45,64672676
2022-04-11T21:00:00Z,4913.45,4918.13,4908.83,4910.94,55543764
2022-04-11T22:00:00Z,4910.94,4911.06,4902.53,4906.64,59630814
2022-04-11T23:00:00Z,4906.64,4907.69,4897.30,4897.41,73228076
2022-04-12T00:00:00Z,4897.41,4901.67,4897.05,4899.44,61787228
2022-04-12T01:00:00Z,4899.44,4905.70,4894.82,4903.74,71430386
2022-04-12T02:00:00Z,4903.74,4904.08,4894.27,4897.54,79817840
2022-04-12T03:00:00Z,4897.54,4899.27,4879.90,4886.07,70847544
2022-04-12T04:00:00Z,4886.07,4899.60,4885.24,4897.92,81828092
2022-04-12T05:00:00Z,4897.92,4900.83,4891.10,4894.95,60886465
2022-04-12T06:00:00Z,4894.95,4898.98,4888.91,4893.24,65941107
2022-04-12T07:00:00Z,4893.24,4893.62,4887.66,4888.32,69480562
2022-04-12T08:00:00Z,4888.32,4893.12,4880.72,4881.49,69025787
2022-04-12T09:00:00Z,4881.49,4886.59,4858.45,4863.41,83590846
2022-04-12T10:00:00Z,4863.41,4864.70,4855.82,4857.22,61824522
2022-04-12T11:00:00Z,4857.22,4870.25,4855.71,4869.87,74689058
2022-04-12T12:00:00Z,4869.87,4870.88,4864.14,4864.69,64129053
2022-04-12T13:00:00Z,4864.69,4870.99,4844.57,4848.41,84047781
2022-04-12T14:00:00Z,4848.41,4848.78,4836.51,4840.50,75449990
2022-04-12T15:00:00Z,4840.50,4867.93,4837.13,4861.85,97009067
2022-04-12T16:00:00Z,4861.85,4872.14,4858.94,4869.18,64566013
2022-04-12T17:00:00Z,4869.18,4874.52,4858.30,4861.52,63185661
2022-04-12T18:00:00Z,4861.52,4862.39,4848.60,4852.16,65532337
2022-04-12T19:00:00Z,4852.16,4853.66,4845.16,4849.46,66617572
2022-04-12T20:00:00Z,4849.46,4850.28,4842.62,4847.29,57351643
2022-04-12T21:00:00Z,4847.29,4866.55,4842.66,4860.46,91690822
2022-04-12T22:00:00Z,4860.46,4860.89,4850.95,4854.36,79386086
2022-04-12T23:00:00Z,4854.36,4857.59,4841.61,4842.82,69378500
2022-04-13T00:00:00Z,4842.82,4843.36,4838.92,4840.04,67857581
2022-04-13T01:00:00Z,4840.04,4850.57,4839.74,4844.82,60093475
2022-04-13T02:00:00Z,4844.82,4848.51,4837.60,4841.30,67737576
2022-04-13T03:00:00Z,4841.30,4846.53,4838.40,4845.51,74837478
2022-04-13T04:00:00Z,4845.51,4845.97,4838.29,4839.15,65921508
2022-04-13T05:00:00Z,4839.15,4848.26,4836.02,4845.37,75586849
2022-04-13T06:00:00Z,4845.37,4847.88,4835.63,4839.49,60679091
2022-04-13T07:00:00Z,4839.49,4853.04,4834.80,4852.58,76228899
2022-04-13T08:00:00Z,4852.58,4852.89,4834.19,4838.25,82866913
2022-04-13T09:00:00Z,4838.25,4840.22,4823.82,4824.95,90763257
2022-04-13T10:00:00Z,4824.95,4830.04,4804.01,4806.29,91689602
2022-04-13T11:00:00Z,4806.29,4811.06,4805.24,4805.86,63214511
2022-04-13T12:00:00Z,4805.86,4811.47,4798.29,4798.73,77969920
2022-04-13T13:00:00Z,4798.73,4810.66,4792.75,4806.64,73541874
2022-04-13T14:00:00Z,4806.64,4808.79,4798.69,4798.73,80828055
2022-04-13T15:00:00Z,4798.73,4805.57,4796.31,4804.69,77218821
2022-04-13T16:00:00Z,4804.69,4806.84,4797.67,4801.82,69593591
2022-04-13T17:00:00Z,4801.82,4807.57,4778.72,4784.61,91414556
2022-04-13T18:00:00Z,4784.61,4788.31,4783.84,4787.68,55542115
2022-04-13T19:00:00Z,4787.68,4791.45,4775.09,4778.94,68635539
2022-04-13T20:00:00Z,4778.94,4782.51,4767.06,4772.15,65835362
2022-04-13T21:00:00Z,4772.15,4787.35,4771.95,4785.49,85115885
2022-04-13T22:00:00Z,4785.49,4786.18,4769.04,4772.77,88859830
2022-04-13T23:00:00Z,4772.77,4778.34,4753.49,4757.79,93187722
2022-04-14T00:00:00Z,4757.79,4763.97,4742.50,4747.96,85698636
2022-04-14T01:00:00Z,4747.96,4750.68,4747.47,4750.12,57591834
2022-04-14T02:00:00Z,4750.12,4752.12,4748.05,4748.39,69606808
2022-04-14T03:00:00Z,4748.39,4752.57,4744.69,4744.91,68492186
2022-04-14T04:00:00Z,4744.91,4753.55,4739.20,4748.74,63288169
2022-04-14T05:00:00Z,4748.74,4753.33,4747.14,4748.45,57282509
2022-04-14T06:00:00Z,4748.45,4748.97,4739.31,4742.68,69214871
2022-04-14T07:00:00Z,4742.68,4747.56,4739.06,4740.97,55197401
2022-04-14T08:00:00Z,4740.97,4746.33,4736.16,4744.87,65333571
2022-04-14T09:00:00Z,4744.87,4757.18,4744.36,4753.79,80942877
2022-04-14T10:00:00Z,4753.79,4757.47,4738.12,4744.21,83608223
2022-04-14T11:00:00Z,4744.21,4754.27,4741.74,4748.05,67072862
2022-04-14T12:00:00Z,4748.05,4748.07,4737.80,4741.51,71777853
2022-04-14T13:00:00Z,4741.51,4746.90,4735.09,4740.74,52089714
2022-04-14T14:00:00Z,4740.74,4742.81,4739.41,4742.27,71446192
2022-04-14T15:00:00Z,4742.27,4754.80,4740.63,4754.08,74628834
2022-04-14T16:00:00Z,4754.08,4767.88,4748.93,4762.62,68525758
2022-04-14T17:00:00Z,4762.62,4763.79,4748.64,4754.77,77088109
2022-04-14T18:00:00Z,4754.77,4759.74,4750.27,4757.40,72969765
2022-04-14T19:00:00Z,4757.40,4764.90,4756.31,4760.34,72070162
2022-04-14T20:00:00Z,4760.34,4761.02,4757.63,4760.51,50805645
2022-04-14T21:00:00Z,4760.51,4764.99,4744.27,4745.67,89083637
2022-04-14T22:00:00Z,4745.67,4746.07,4725.75,4730.41,93184210
2022-04-14T23:00:00Z,4730.41,4737.48,4725.01,4732.91,73515542
2022-04-15T00:00:00Z,4732.91,4745.28,4730.69,4744.47,70392517
2022-04-15T01:00:00Z,4744.47,4747.93,4741.16,4746.31,66866364
2022-04-15T02:00:00Z,4746.31,4748.29,4740.38,4741.84,60119036
2022-04-15T03:00:00Z,4741.84,4742.44,4737.74,4740.82,64770233
2022-04-15T04:00:00Z,4740.82,4752.88,4734.82,4748.31,71949459
2022-04-15T05:00:00Z,4748.31,4764.23,4742.95,4759.22,71505011
2022-04-15T06:00:00Z,4759.22,4771.69,4757.39,4768.53,85423250
2022-04-15T07:00:00Z,4768.53,4780.35,4763.58,4778.43,71900318
2022-04-15T08:00:00Z,4778.43,4797.70,4774.72,4791.45,83567146
2022-04-15T09:00:00Z,4791.45,4792.29,4778.70,4783.26,77245179
2022-04-15T10:00:00Z,4783.26,4794.54,4783.08,4791.37,75199729
2022-04-15T11:00:00Z,4791.37,4807.50,4788.02,4801.97,82882316
2022-04-15T12:00:00Z,4801.97,4803.04,4797.83,4801.77,55100115
2022-04-15T13:00:00Z,4801.77,4807.46,4796.31,4801.35,59627213
2022-04-15T14:00:00Z,4801.35,4806.25,4788.83,4792.05,75221475
2022-04-15T15:00:00Z,4792.05,4801.17,4787.50,4798.52,60949979
2022-04-15T16:00:00Z,4798.52,4802.57,4798.27,4798.38,53712203
2022-04-15T17:00:00Z,4798.38,4803.38,4796.43,4801.05,73184325
2022-04-15T18:00:00Z,4801.05,4806.52,4792.05,4794.98,71686076
2022-04-15T19:00:00Z,4794.98,4799.81,4786.99,4792.21,63001108
2022-04-15T20:00:00Z,4792.21,4799.89,4787.42,4796.41,76973029
2022-04-15T21:00:00Z,4796.41,4799.45,4784.58,4789.28,64685296
2022-04-15T22:00:00Z,4789.28,4804.17,4788.24,4799.07,78818887
2022-04-15T23:00:00Z,4799.07,4802.77,4788.67,4792.29,69589705
2022-04-16T00:00:00Z,4792.29,4811.18,4787.02,4807.22,75906584
2022-04-16T01:00:00Z,4807.22,4817.47,4804.91,4813.04,77184023
2022-04-16T02:00:00Z,4813.04,4819.22,4805.91,4806.17,63289640
2022-04-16T03:00:00Z,4806.17,4807.52,4801.22,4807.25,56046240
2022-04-16T04:00:00Z,4807.25,4814.41,4806.60,4810.17,70604374
2022-04-16T05:00:00Z,4810.17,4810.69,4803.08,4809.35,65285981
2022-04-16T06:00:00Z,4809.35,4822.65,4803.28,4818.05,79872365
2022-04-16T07:00:00Z,4818.05,4821.01,4813.31,4817.22,53559973
2022-04-16T08:00:00Z,4817.22,4818.13,4805.31,4806.30,80643110
2022-04-16T09:00:00Z,4806.30,4816.73,4801.75,4811.28,76419770
2022-04-16T10:00:00Z,4811.28,4813.42,4799.26,4799.30,85622808
2022-04-16T11:00:00Z,4799.30,4800.65,4789.42,4793.16,61902873
2022-04-16T12:00:00Z,4793.16,4795.35,4785.78,4791.52,58135896
2022-04-16T13:00:00Z,4791.52,4792.51,4783.54,4785.99,75164022
2022-04-16T14:00:00Z,4785.99,4786.00,4767.48,4771.72,75875196
2022-04-16T15:00:00Z,4771.72,4777.42,4761.30,4762.40,71792828
2022-04-16T16:00:00Z,4762.40,4762.60,4756.19,4758.07,74881386
2022-04-16T17:00:00Z,4758.07,4763.63,4754.06,4756.94,60910624
2022-04-16T18:00:00Z,4756.94,4766.42,4754.62,4762.80,69562902
2022-04-16T19:00:00Z,4762.80,4779.88,4757.13,4777.92,81415072
2022-04-16T20:00:00Z,4777.92,4780.12,4771.03,4774.99,64791322
2022-04-16T21:00:00Z,4774.99,4780.80,4774.09,4774.88,56819478
2022-04-16T22:00:00Z,4774.88,4781.31,4774.38,4779.80,70441539
2022-04-16T23:00:00Z,4779.80,4791.16,4776.94,4787.40,66647503
2022-04-17T00:00:00Z,4787.40,4791.01,4769.54,4775.54,87659017
2022-04-17T01:00:00Z,4775.54,4780.05,4772.31,4774.78,52293042
2022-04-17T02:00:00Z,4774.78,4780.57,4766.81,4767.66,62612297
2022-04-17T03:00:00Z,4767.66,4773.54,4765.49,4769.16,62009919
2022-04-17T04:00:00Z,4769.16,4779.68,4768.39,4778.02,73748222
2022-04-17T05:00:00Z,4778.02,4788.52,4776.12,4786.10,74752852
2022-04-17T06:00:00Z,4786.10,4792.02,4783.91,4788.32,65128312
2022-04-17T07:00:00Z,4788.32,4791.78,4784.85,4787.92,60572596
2022-04-17T08:00:00Z,4787.92,4790.47,4766.85,4770.64,96697117
2022-04-17T09:00:00Z,4770.64,4775.96,4766.35,4772.53,60757242
2022-04-17T10:00:00Z,4772.53,4777.59,4759.18,4764.88,72589435
2022-04-17T11:00:00Z,4764.88,4766.88,4746.73,4748.06,95833797
2022-04-17T12:00:00Z,4748.06,4757.70,4744.57,4751.57,71332091
2022-04-17T13:00:00Z,4751.57,4753.36,4747.04,4752.34,58186593
2022-04-17T14:00:00Z,4752.34,4766.02,4748.71,4762.53,67697995
2022-04-17T15:00:00Z,4762.53,4767.85,4754.58,4760.71,65805722
2022-04-17T16:00:00Z,4760.71,4775.90,4755.55,4772.60,86540286
2022-04-17T17:00:00Z,4772.60,4778.46,4769.69,4769.76,66056345
2022-04-17T18:00:00Z,4769.76,4772.29,4745.32,4746.95,94446635
2022-04-17T19:00:00Z,4746.95,4751.92,4740.73,4746.76,51469352
2022-04-17T20:00:00Z,4746.76,4771.64,4744.71,4769.16,98342796
2022-04-17T21:00:00Z,4769.16,4773.10,4764.59,4767.78,53636750
2022-04-17T22:00:00Z,4767.78,4771.66,4745.93,4749.96,88020040
2022-04-17T23:00:00Z,4749.96,4753.05,4744.25,4752.68,68801389
2022-04-18T00:00:00Z,4752.68,4755.61,4747.35,4749.32,60152471
2022-04-18T01:00:00Z,4749.32,4755.77,4746.23,4753.17,75284377
2022-04-18T02:00:00Z,4753.17,4755.61,4730.45,4732.91,91350758
2022-04-18T03:00:00Z,4732.91,4743.99,4729.38,4743.49,68156161
2022-04-18T04:00:00Z,4743.49,4746.20,4723.34,4729.25,90830616
2022-04-18T05:00:00Z,4729.25,4730.38,4717.40,4721.82,78309605
2022-04-18T06:00:00Z,4721.82,4727.48,4700.95,4706.37,79478494
2022-04-18T07:00:00Z,4706.37,4707.46,4696.66,4702.40,57219212
2022-04-18T08:00:00Z,4702.40,4712.28,4701.38,4708.32,76851001
2022-04-18T09:00:00Z,4708.32,4712.81,4702.66,4710.21,67130107
2022-04-18T10:00:00Z,4710.21,4729.69,4704.27,4726.03,92899479
2022-04-18T11:00:00Z,4726.03,4732.04,4715.51,4720.91,62819956
2022-04-18T12:00:00Z,4720.91,4723.67,4720.77,4723.40,56453325
2022-04-18T13:00:00Z,4723.40,4723.49,4719.74,4723.45,66367505
2022-04-18T14:00:00Z,4723.45,4727.09,4719.32,4722.26,63334062
2022-04-18T15:00:00Z,4722.26,4725.92,4715.02,4719.59,68850720
2022-04-18T16:00:00Z,4719.59,4729.77,4713.88,4726.65,64891270
2022-04-18T17:00:00Z,4726.65,4734.36,4723.05,4730.57,67775143
2022-04-18T18:00:00Z,4730.57,4738.55,4728.51,4735.95,67260127
2022-04-18T19:00:00Z,4735.95,4737.09,4722.47,4725.95,73427312
2022-04-18T20:00:00Z,4725.95,4728.30,4724.31,4726.59,55703516
2022-04-18T21:00:00Z,4726.59,4737.27,4723.51,4731.88,76943243
2022-04-18T22:00:00Z,4731.88,4737.60,4729.46,4734.05,59665393
2022-04-18T23:00:00Z,4734.05,4738.44,4726.81,4732.59,65208821
2022-04-19T00:00:00Z,4732.59,4738.40,4726.88,4729.26,62999244
2022-04-19T01:00:00Z,4729.26,4731.00,4710.03,4715.79,80224299
2022-04-19T02:00:00Z,4715.79,4737.31,4713.40,4731.65,94448102
2022-04-19T03:00:00Z,4731.65,4733.54,4727.65,4733.27,56101955
2022-04-19T04:00:00Z,4733.27,4748.33,4727.09,4744.05,77522520
2022-04-19T05:00:00Z,4744.05,4747.74,4721.93,4725.55,98204130
2022-04-19T06:00:00Z,4725.55,4742.73,4721.53,4736.51,87889921
2022-04-19T07:00:00Z,4736.51,4742.12,4731.92,4737.78,55337024
2022-04-19T08:00:00Z,4737.78,4745.74,4735.49,4745.71,67154434
2022-04-19T09:00:00Z,4745.71,4749.83,4737.31,4740.74,70093286
2022-04-19T10:00:00Z,4740.74,4744.54,4725.21,4728.83,78592628
2022-04-19T11:00:00Z,4728.83,4734.98,4725.98,4730.35,57721910
2022-04-19T12:00:00Z,4730.35,4732.75,4725.71,4731.66,54436358
2022-04-19T13:00:00Z,4731.66,4734.60,4712.98,4713.80,82349168
2022-04-19T14:00:00Z,4713.80,4718.56,4705.62,4708.10,65932738
2022-04-19T15:00:00Z,4708.10,4708.38,4692.36,4697.05,73626107
2022-04-19T16:00:00Z,4697.05,4698.81,4693.50,4693.86,63139117
2022-04-19T17:00:00Z,4693.86,4695.26,4687.01,4691.24,72749054
2022-04-19T18:00:00Z,4691.24,4696.56,4683.75,4688.19,71653587
2022-04-19T19:00:00Z,4688.19,4705.77,4687.68,4700.94,83327631
2022-04-19T20:00:00Z,4700.94,4703.75,4690.58,4692.57,69798978
2022-04-19T21:00:00Z,4692.57,4694.33,4685.50,4686.87,72761641
2022-04-19T22:00:00Z,4686.87,4698.44,4681.50,4692.54,65734151
2022-04-19T23:00:00Z,4692.54,4692.62,4676.94,4682.42,70375667
2022-04-20T00:00:00Z,4682.42,4688.30,4659.36,4663.07,97340393
2022-04-20T01:00:00Z,4663.07,4665.55,4657.18,4660.06,59753643
2022-04-20T02:00:00Z,4660.06,4664.76,4660.01,4664.24,75174744
2022-04-20T03:00:00Z,4664.24,4668.61,4662.06,4665.34,71082999
2022-04-20T04:00:00Z,4665.34,4666.55,4656.55,4662.31,70049429
2022-04-20T05:00:00Z,4662.31,4666.90,4647.60,4651.03,78549878
2022-04-20T06:00:00Z,4651.03,4656.80,4642.79,4645.61,76392262
2022-04-20T07:00:00Z,4645.61,4650.67,4634.86,4638.98,68761194
2022-04-20T08:00:00Z,4638.98,4641.93,4631.35,4632.12,68346525
2022-04-20T09:00:00Z,4632.12,4636.80,4628.55,4635.25,59794920
2022-04-20T10:00:00Z,4635.25,4640.27,4630.23,4638.18,60431553
2022-04-20T11:00:00Z,4638.18,4641.11,4626.39,4629.83,70905704
2022-04-20T12:00:00Z,4629.83,4635.87,4627.11,4631.45,67344027
2022-04-20T13:00:00Z,4631.45,4633.37,4620.78,4624.76,63658123
2022-04-20T14:00:00Z,4624.76,4632.67,4624.34,4629.68,60281888
2022-04-20T15:00:00Z,4629.68,4635.73,4626.71,4633.75,67558599
2022-04-20T16:00:00Z,4633.75,4643.79,4632.36,4640.48,77878136
2022-04-20T17:00:00Z,4640.48,4651.49,4639.56,4645.62,76143061
2022-04-20T18:00:00Z,4645.62,4660.70,4640.52,4655.12,83456504
2022-04-20T19:00:00Z,4655.12,4660.33,4644.40,4645.28,85244829
2022-04-20T20:00:00Z,4645.28,4646.29,4640.27,4640.41,65130888
2022-04-20T21:00:00Z,4640.41,4645.89,4636.31,4640.38,54968471
2022-04-20T22:00:00Z,4640.38,4640.95,4638.29,4640.88,68849741
2022-04-20T23:00:00Z,4640.88,4641.16,4638.94,4639.81,54522290
2022-04-21T00:00:00Z,4639.81,4643.63,4635.96,4636.92,56225681
2022-04-21T01:00:00Z,4636.92,4638.78,4632.12,4633.99,71008795
2022-04-21T02:00:00Z,4633.99,4643.41,4632.05,4637.55,73568602
2022-04-21T03:00:00Z,4637.55,4642.58,4636.39,4641.13,70926270
2022-04-21T04:00:00Z,4641.13,4644.26,4628.78,4631.86,74323060
2022-04-21T05:00:00Z,4631.86,4635.97,4631.56,4633.07,60549111
2022-04-21T06:00:00Z,4633.07,4641.27,4631.64,4636.46,63346298
2022-04-21T07:00:00Z,4636.46,4639.16,4631.34,4632.81,61389539
2022-04-21T08:00:00Z,4632.81,4634.24,4628.43,4628.81,63213995
2022-04-21T09:00:00Z,4628.81,4630.93,4615.06,4617.42,70654045
2022-04-21T10:00:00Z,4617.42,4619.79,4617.02,4619.00,58271847
2022-04-21T11:00:00Z,4619.00,4627.25,4617.80,4626.07,63054711
2022-04-21T12:00:00Z,4626.07,4627.33,4622.26,4626.22,50360571
2022-04-21T13:00:00Z,4626.22,4633.22,4625.60,4627.15,59378370
2022-04-21T14:00:00Z,4627.15,4632.60,4617.07,4618.13,70673068
2022-04-21T15:00:00Z,4618.13,4624.47,4615.37,4620.27,60857772
2022-04-21T16:00:00Z,4620.27,4626.47,4615.80,4626.02,75762173
2022-04-21T17:00:00Z,4626.02,4639.94,4624.78,4637.82,85107446
2022-04-21T18:00:00Z,4637.82,4650.28,4635.55,4644.32,81030675
2022-04-21T19:00:00Z,4644.32,4651.53,4642.62,4647.33,58877978
2022-04-21T20:00:00Z,4647.33,4651.54,4641.58,4651.23,60435383
2022-04-21T21:00:00Z,4651.23,4652.84,4650.33,4652.71,62926179
2022-04-21T22:00:00Z,4652.71,4654.14,4641.43,4645.77,64627171
2022-04-21T23:00:00Z,4645.77,4651.46,4644.40,4651.11,62326545
2022-04-22T00:00:00Z,4651.11,4652.83,4646.44,4651.56,56452970
2022-04-22T01:00:00Z,4651.56,4653.65,4650.85,4652.13,55547165
2022-04-22T02:00:00Z,4652.13,4659.94,4650.60,4658.80,75735784
2022-04-22T03:00:00Z,4658.80,4663.90,4653.37,4660.03,53715121
2022-04-22T04:00:00Z,4660.03,4660.26,4647.37,4652.75,80059138
2022-04-22T05:00:00Z,4652.75,4654.42,4645.64,4650.73,56682745
2022-04-22T06:00:00Z,4650.73,4658.09,4649.05,4652.84,65270394
2022-04-22T07:00:00Z,4652.84,4664.23,4650.23,4659.21,71568992
2022-04-22T08:00:00Z,4659.21,4670.60,4659.19,4668.70,82518810
2022-04-22T09:00:00Z,4668.70,4673.46,4664.83,4667.54,61785866
2022-04-22T10:00:00Z,4667.54,4682.33,4664.66,4680.48,78445637
2022-04-22T11:00:00Z,4680.48,4695.11,4677.95,4692.24,70779987
2022-04-22T12:00:00Z,4692.24,4697.60,4685.16,4691.15,53481261
2022-04-22T13:00:00Z,4691.15,4700.01,4685.45,4694.90,59981803
2022-04-22T14:00:00Z,4694.90,4700.89,4691.47,4699.03,59381770
2022-04-22T15:00:00Z,4699.03,4716.49,4696.29,4713.36,80923644
2022-04-22T16:00:00Z,4713.36,4718.77,4699.76,4703.19,70471105
2022-04-22T17:00:00Z,4703.19,4709.74,4699.57,4704.43,56588309
2022-04-22T18:00:00Z,4704.43,4709.10,4691.08,4696.48,67733621
2022-04-22T19:00:00Z,4696.48,4701.93,4686.20,4686.89,70373368
2022-04-22T20:00:00Z,4686.89,4696.80,4684.11,4691.04,58430299
2022-04-22T21:00:00Z,4691.04,4698.16,4690.67,4697.24,74926066
2022-04-22T22:00:00Z,4697.24,4698.62,4693.26,4695.93,56329865
2022-04-22T23:00:00Z,4695.93,4697.39,4689.22,4693.65,62451852
2022-04-23T00:00:00Z,4693.65,4715.55,4693.63,4711.20,93543358
2022-04-23T01:00:00Z,4711.20,4713.23,4697.29,4699.83,74612121
2022-04-23T02:00:00Z,4699.83,4700.83,4691.09,4696.71,74698457
2022-04-23T03:00:00Z,4696.71,4701.96,4692.87,4694.85,58658978
2022-04-23T04:00:00Z,4694.85,4697.17,4686.57,4687.29,78775055
2022-04-23T05:00:00Z,4687.29,4698.35,4682.71,4695.84,68733194
2022-04-23T06:00:00Z,4695.84,4698.83,4690.10,4692.41,67359879
2022-04-23T07:00:00Z,4692.41,4692.91,4681.70,4685.76,62891292
2022-04-23T08:00:00Z,4685.76,4689.62,4680.62,4687.35,70434356
2022-04-23T09:00:00Z,4687.35,4694.87,4687.21,4693.58,77109705
2022-04-23T10:00:00Z,4693.58,4703.45,4688.46,4702.33,82407800
2022-04-23T11:00:00Z,4702.33,4705.08,4696.65,4699.86,67717723
2022-04-23T12:00:00Z,4699.86,4703.52,4684.43,4684.69,88166608
2022-04-23T13:00:00Z,4684.69,4688.60,4664.31,4668.56,95809822
2022-04-23T14:00:00Z,4668.56,4670.24,4665.22,4667.48,57718270
2022-04-23T15:00:00Z,4667.48,4688.96,4662.82,4686.06,90870317
2022-04-23T16:00:00Z,4686.06,4686.81,4669.94,4670.26,95839543
2022-04-23T17:00:00Z,4670.26,4672.14,4651.80,4652.96,91033681
2022-04-23T18:00:00Z,4652.96,4662.31,4651.12,4658.82,76469520
2022-04-23T19:00:00Z,4658.82,4673.13,4658.78,4669.43,86925647
2022-04-23T20:00:00Z,4669.43,4675.19,4662.01,4662.31,74452066
2022-04-23T21:00:00Z,4662.31,4668.90,4660.71,4662.80,57541507
2022-04-23T22:00:00Z,4662.80,4665.33,4656.60,4659.95,56866486
2022-04-23T23:00:00Z,4659.95,4666.97,4658.39,4663.88,68751062
2022-04-24T00:00:00Z,4663.88,4667.67,4657.43,4661.09,62524210
2022-04-24T01:00:00Z,4661.09,4665.35,4649.90,4655.28,76491337
2022-04-24T02:00:00Z,4655.28,4657.35,4632.53,4637.26,93904007
2022-04-24T03:00:00Z,4637.26,4640.64,4629.82,4634.93,67666901
2022-04-24T04:00:00Z,4634.93,4637.19,4620.76,4622.74,87187446
2022-04-24T05:00:00Z,4622.74,4633.24,4620.33,4633.22,69314015
2022-04-24T06:00:00Z,4633.22,4640.63,4632.61,4638.72,63215190
2022-04-24T07:00:00Z,4638.72,4639.07,4624.38,4629.00,69741733
2022-04-24T08:00:00Z,4629.00,4636.24,4627.15,4633.55,66875505
2022-04-24T09:00:00Z,4633.55,4635.18,4618.94,4623.70,68138358
2022-04-24T10:00:00Z,4623.70,4635.81,4618.58,4630.01,70779534
2022-04-24T11:00:00Z,4630.01,4635.95,4621.90,4626.97,62240026
2022-04-24T12:00:00Z,4626.97,4632.83,4621.49,4622.64,76709038
2022-04-24T13:00:00Z,4622.64,4623.81,4602.67,4607.99,77315005
2022-04-24T14:00:00Z,4607.99,4608.80,4604.58,4606.36,54563364
2022-04-24T15:00:00Z,4606.36,4610.89,4596.74,4597.05,75387135
2022-04-24T16:00:00Z,4597.05,4606.70,4592.18,4601.37,66344710
2022-04-24T17:00:00Z,4601.37,4614.11,4595.51,4608.65,72142728
2022-04-24T18:00:00Z,4608.65,4613.97,4600.88,4605.10,64494546
2022-04-24T19:00:00Z,4605.10,4607.88,4596.20,4600.32,69284030
2022-04-24T20:00:00Z,4600.32,4615.35,4599.22,4613.60,76425324
2022-04-24T21:00:00Z,4613.60,4616.68,4599.64,4605.31,71637843
2022-04-24T22:00:00Z,4605.31,4605.77,4593.61,4598.46,73504761
2022-04-24T23:00:00Z,4598.46,4599.10,4585.83,4591.06,74808771
2022-04-25T00:00:00Z,4591.06,4592.02,4576.52,4578.58,90832064
2022-04-25T01:00:00Z,4578.58,4598.77,4573.64,4594.76,82425257
2022-04-25T02:00:00Z,4594.76,4605.23,4591.27,4601.76,78641056
2022-04-25T03:00:00Z,4601.76,4609.54,4596.40,4608.07,74854319
2022-04-25T04:00:00Z,4608.07,4619.05,4604.08,4613.61,70607806
2022-04-25T05:00:00Z,4613.61,4617.12,4611.52,4614.65,67171869
2022-04-25T06:00:00Z,4614.65,4619.22,4609.91,4612.31,66165095
2022-04-25T07:00:00Z,4612.31,4617.20,4607.70,4615.06,56267692
2022-04-25T08:00:00Z,4615.06,4630.44,4613.91,4628.20,88391071
2022-04-25T09:00:00Z,4628.20,4633.30,4623.40,4631.48,58595579
2022-04-25T10:00:00Z,4631.48,4631.97,4619.87,4622.01,85933094
2022-04-25T11:00:00Z,4622.01,4625.08,4614.09,4617.37,74875947
2022-04-25T12:00:00Z,4617.37,4618.57,4601.56,4605.34,83311685
2022-04-25T13:00:00Z,4605.34,4606.93,4600.59,4601.06,68401151
2022-04-25T14:00:00Z,4601.06,4608.14,4597.39,4607.03,69123229
2022-04-25T15:00:00Z,4607.03,4614.00,4605.21,4608.14,59112338
2022-04-25T16:00:00Z,4608.14,4610.56,4596.85,4597.44,86194665
2022-04-25T17:00:00Z,4597.44,4600.74,4577.36,4582.65,94586205
2022-04-25T18:00:00Z,4582.65,4585.96,4581.38,4585.31,59681561
2022-04-25T19:00:00Z,4585.31,4592.34,4584.56,4588.14,61078106
2022-04-25T20:00:00Z,4588.14,4599.30,4585.68,4594.18,67573506
2022-04-25T21:00:00Z,4594.18,4606.98,4592.02,4601.40,73402628
2022-04-25T22:00:00Z,4601.40,4608.43,4596.24,4602.80,54970483
2022-04-25T23:00:00Z,4602.80,4603.90,4597.34,4598.32,65290287
2022-04-26T00:00:00Z,4598.32,4612.32,4593.44,4608.37,80933975
2022-04-26T01:00:00Z,4608.37,4615.02,4607.51,4612.55,71513971
2022-04-26T02:00:00Z,4612.55,4614.57,4607.38,4612.40,67242051
2022-04-26T03:00:00Z,4612.40,4616.88,4606.11,4609.75,68687014
2022-04-26T04:00:00Z,4609.75,4620.34,4606.63,4614.33,58856030
2022-04-26T05:00:00Z,4614.33,4615.34,4608.85,4611.33,55700777
2022-04-26T06:00:00Z,4611.33,4614.96,4605.47,4611.58,58811756
2022-04-26T07:00:00Z,4611.58,4615.20,4599.97,4602.04,78199455
2022-04-26T08:00:00Z,4602.04,4605.06,4596.00,4602.29,67961226
2022-04-26T09:00:00Z,4602.29,4605.74,4595.48,4597.05,70916816
2022-04-26T10:00:00Z,4597.05,4600.54,4596.53,4598.09,62250807
2022-04-26T11:00:00Z,4598.09,4605.80,4595.53,4602.90,69067423
2022-04-26T12:00:00Z,4602.90,4615.92,4598.81,4615.52,82190252
2022-04-26T13:00:00Z,4615.52,4629.20,4614.01,4624.37,72047387
2022-04-26T14:00:00Z,4624.37,4632.92,4619.26,4629.85,70732033
2022-04-26T15:00:00Z,4629.85,4632.36,4623.93,4632.13,58933549
2022-04-26T16:00:00Z,4632.13,4636.63,4629.78,4633.37,62019147
2022-04-26T17:00:00Z,4633.37,4637.87,4633.15,4635.05,59304909
2022-04-26T18:00:00Z,4635.05,4638.82,4628.25,4632.73,57810869
2022-04-26T19:00:00Z,4632.73,4641.46,4630.00,4638.86,73863243
2022-04-26T20:00:00Z,4638.86,4643.97,4626.80,4626.99,82480883
2022-04-26T21:00:00Z,4626.99,4628.35,4612.45,4617.37,83625289
2022-04-26T22:00:00Z,4617.37,4621.63,4608.54,4610.63,70617457
2022-04-26T23:00:00Z,4610.63,4613.88,4605.32,4607.56,64680602
2022-04-27T00:00:00Z,4607.56,4612.98,4597.91,4603.88,73174271
2022-04-27T01:00:00Z,4603.88,4621.47,4598.21,4615.42,84211499
2022-04-27T02:00:00Z,4615.42,4621.95,4612.48,4617.01,72680535
2022-04-27T03:00:00Z,4617.01,4625.33,4611.55,4619.38,56723179
2022-04-27T04:00:00Z,4619.38,4620.85,4614.31,4616.70,55177615
2022-04-27T05:00:00Z,4616.70,4617.60,4611.34,4611.61,63894347
2022-04-27T06:00:00Z,4611.61,4620.61,4606.94,4618.77,78239387
2022-04-27T07:00:00Z,4618.77,4619.55,4600.93,4606.97,83147405
2022-04-27T08:00:00Z,4606.97,4618.63,4605.43,4617.82,81258240
2022-04-27T09:00:00Z,4617.82,4618.83,4607.50,4609.56,65182766
2022-04-27T10:00:00Z,4609.56,4609.75,4605.24,4605.49,75632080
2022-04-27T11:00:00Z,4605.49,4611.47,4600.95,4606.88,64347158
2022-04-27T12:00:00Z,4606.88,4612.91,4605.60,4606.94,69106401
2022-04-27T13:00:00Z,4606.94,4610.58,4595.47,4599.87,81487947
2022-04-27T14:00:00Z,4599.87,4604.91,4597.87,4598.80,55604354
2022-04-27T15:00:00Z,4598.80,4601.19,4592.32,4597.09,72957415
2022-04-27T16:00:00Z,4597.09,4604.38,4596.57,4601.64,62959582
2022-04-27T17:00:00Z,4601.64,4608.56,4600.86,4606.83,68306150
2022-04-27T18:00:00Z,4606.83,4617.78,4601.47,4613.07,64924358
2022-04-27T19:00:00Z,4613.07,4613.32,4600.18,4601.16,82815121
2022-04-27T20:00:00Z,4601.16,4604.15,4590.27,4594.78,72852546
2022-04-27T21:00:00Z,4594.78,4599.68,4591.87,4598.50,72563215
2022-04-27T22:00:00Z,4598.50,4604.33,4596.16,4599.97,67354824
2022-04-27T23:00:00Z,4599.97,4604.75,4595.10,4595.63,69429797
2022-04-28T00:00:00Z,4595.63,4601.26,4583.67,4587.84,72748387
2022-04-28T01:00:00Z,4587.84,4587.96,4582.27,4586.46,67277218
2022-04-28T02:00:00Z,4586.46,4588.62,4581.09,4587.54,67328282
2022-04-28T03:00:00Z,4587.54,4596.96,4583.16,4595.17,75277038
2022-04-28T04:00:00Z,4595.17,4599.21,4594.12,4596.24,62696778
2022-04-28T05:00:00Z,4596.24,4600.18,4593.21,4599.54,66040302
2022-04-28T06:00:00Z,4599.54,4603.47,4597.48,4603.10,57490256
2022-04-28T07:00:00Z,4603.10,4616.85,4597.83,4615.81,79163684
2022-04-28T08:00:00Z,4615.81,4619.92,4610.39,4613.53,61882958
2022-04-28T09:00:00Z,4613.53,4619.00,4607.18,4612.98,57295204
2022-04-28T10:00:00Z,4612.98,4615.00,4606.32,4611.12,69711803
2022-04-28T11:00:00Z,4611.12,4622.06,4608.78,4620.01,67768210
2022-04-28T12:00:00Z,4620.01,4621.15,4616.97,4620.73,60254032
2022-04-28T13:00:00Z,4620.73,4624.65,4615.95,4620.42,58545027
2022-04-28T14:00:00Z,4620.42,4624.41,4615.47,4620.62,67372491
2022-04-28T15:00:00Z,4620.62,4625.35,4612.23,4616.36,67342547
2022-04-28T16:00:00Z,4616.36,4621.60,4610.91,4613.66,64962352
2022-04-28T17:00:00Z,4613.66,4618.50,4604.16,4606.25,63372431
2022-04-28T18:00:00Z,4606.25,4609.99,4598.45,4599.75,80795094
2022-04-28T19:00:00Z,4599.75,4602.06,4593.43,4594.15,71227054
2022-04-28T20:00:00Z,4594.15,4599.28,4589.65,4591.07,73119601
2022-04-28T21:00:00Z,4591.07,4592.53,4585.39,4588.10,56816146
2022-04-28T22:00:00Z,4588.10,4590.92,4580.99,4583.63,65745217
2022-04-28T23:00:00Z,4583.63,4587.64,4575.59,4577.22,79817276
2022-04-29T00:00:00Z,4577.22,4584.26,4572.25,4584.09,80937238
2022-04-29T01:00:00Z,4584.09,4593.13,4581.31,4587.27,61104073
2022-04-29T02:00:00Z,4587.27,4590.62,4586.36,4587.31,57480855
2022-04-29T03:00:00Z,4587.31,4590.27,4587.04,4588.15,62034496
2022-04-29T04:00:00Z,4588.15,4593.81,4585.25,4590.69,57418754
2022-04-29T05:00:00Z,4590.69,4593.06,4572.51,4578.43,75792471
2022-04-29T06:00:00Z,4578.43,4588.23,4578.40,4585.55,66834989
2022-04-29T07:00:00Z,4585.55,4589.39,4572.19,4576.73,73048916
2022-04-29T08:00:00Z,4576.73,4597.09,4574.14,4592.07,88331721
2022-04-29T09:00:00Z,4592.07,4600.43,4588.90,4597.36,73261716
2022-04-29T10:00:00Z,4597.36,4613.92,4594.69,4610.98,83559045
2022-04-29T11:00:00Z,4610.98,4615.61,4605.31,4610.82,59939207
2022-04-29T12:00:00Z,4610.82,4616.11,4609.91,4610.03,54031445
2022-04-29T13:00:00Z,4610.03,4615.53,4608.12,4611.00,61175771
2022-04-29T14:00:00Z,4611.00,4623.71,4610.06,4620.59,79976426
2022-04-29T15:00:00Z,4620.59,4621.40,4610.84,4615.68,71812929
2022-04-29T16:00:00Z,4615.68,4627.37,4611.86,4625.47,80856102
2022-04-29T17:00:00Z,4625.47,4627.83,4607.48,4607.69,87997146
2022-04-29T18:00:00Z,4607.69,4613.62,4603.80,4607.83,56503231
2022-04-29T19:00:00Z,4607.83,4609.55,4601.90,4605.04,62776586
2022-04-29T20:00:00Z,4605.04,4610.11,4591.46,4596.14,84341130
2022-04-29T21:00:00Z,4596.14,4602.12,4577.23,4578.40,96287541
2022-04-29T22:00:00Z,4578.40,4594.87,4574.74,4590.22,82589408
2022-04-29T23:00:00Z,4590.22,4593.48,4587.15,4589.40,61636297
2022-04-30T00:00:00Z,4589.40,4589.48,4581.43,4585.99,65190697
2022-04-30T01:00:00Z,4585.99,4586.81,4573.51,4574.13,79556318
2022-04-30T02:00:00Z,4574.13,4576.00,4566.05,4569.26,59366594
2022-04-30T03:00:00Z,4569.26,4578.79,4564.09,4573.43,61036319
2022-04-30T04:00:00Z,4573.43,4580.43,4572.28,4576.55,66432580
2022-04-30T05:00:00Z,4576.55,4582.30,4575.70,4581.45,60408137
2022-04-30T06:00:00Z,4581.45,4587.51,4579.53,4584.41,60894386
2022-04-30T07:00:00Z,4584.41,4586.09,4574.75,4578.50,61844967
2022-04-30T08:00:00Z,4578.50,4593.11,4576.85,4591.89,75189972
2022-04-30T09:00:00Z,4591.89,4597.31,4588.07,4588.24,64926873
2022-04-30T10:00:00Z,4588.24,4592.88,4577.94,4583.24,76386764
2022-04-30T11:00:00Z,4583.24,4590.08,4577.28,4589.18,62923393
2022-04-30T12:00:00Z,4589.18,4589.63,4584.71,4586.30,71864636
2022-04-30T13:00:00Z,4586.30,4592.15,4580.97,4591.60,75013825
2022-04-30T14:00:00Z,4591.60,4598.74,4590.92,4595.62,62266547
2022-04-30T15:00:00Z,4595.62,4615.56,4589.68,4615.27,85931157
2022-04-30T16:00:00Z,4615.27,4618.06,4608.95,4613.93,58816325
2022-04-30T17:00:00Z,4613.93,4629.80,4611.13,4627.82,90360469
2022-04-30T18:00:00Z,4627.82,4631.19,4620.53,4622.12,66332210
2022-04-30T19:00:00Z,4622.12,4628.49,4621.30,4623.57,69861969
2022-04-30T20:00:00Z,4623.57,4626.09,4619.64,4620.76,57441189
2022-04-30T21:00:00Z,4620.76,4622.15,4607.81,4613.83,78939468
2022-04-30T22:00:00Z,4613.83,4620.99,4611.07,4619.05,76209904
2022-04-30T23:00:00Z,4619.05,4620.19,4611.66,4616.80,55758480
2022-05-01T00:00:00Z,4616.80,4622.73,4611.92,4615.97,53306937
2022-05-01T01:00:00Z,4615.97,4617.22,4611.66,4615.95,55494754
2022-05-01T02:00:00Z,4615.95,4616.54,4611.73,4613.95,67223726
2022-05-01T03:00:00Z,4613.95,4629.52,4607.93,4624.09,71029744
2022-05-01T04:00:00Z,4624.09,4634.33,4621.96,4631.10,64081849
2022-05-01T05:00:00Z,4631.10,4631.21,4625.76,4627.02,69414350
2022-05-01T06:00:00Z,4627.02,4630.99,4616.96,4619.94,63065281
2022-05-01T07:00:00Z,4619.94,4620.18,4616.21,4617.25,73403237
2022-05-01T08:00:00Z,4617.25,4618.27,4610.68,4616.28,53335796
2022-05-01T09:00:00Z,4616.28,4620.23,4611.26,4619.37,62160593
2022-05-01T10:00:00Z,4619.37,4625.30,4613.04,4614.63,63621485
2022-05-01T11:00:00Z,4614.63,4615.69,4606.79,4611.81,59182005
2022-05-01T12:00:00Z,4611.81,4613.91,4606.39,4609.09,63306491
2022-05-01T13:00:00Z,4609.09,4613.94,4598.47,4599.99,74532042
2022-05-01T14:00:00Z,4599.99,4600.93,4593.49,4595.06,61121610
2022-05-01T15:00:00Z,4595.06,4599.72,4590.56,4595.92,68867022
2022-05-01T16:00:00Z,4595.92,4600.75,4582.59,4587.67,80808377
2022-05-01T17:00:00Z,4587.67,4591.78,4582.13,4586.67,57554834
2022-05-01T18:00:00Z,4586.67,4589.55,4585.24,4588.66,72213646
2022-05-01T19:00:00Z,4588.66,4590.86,4583.37,4584.63,65328569
2022-05-01T20:00:00Z,4584.63,4586.79,4580.13,4582.67,63650788
2022-05-01T21:00:00Z,4582.67,4587.80,4577.72,4585.80,60646877
2022-05-01T22:00:00Z,4585.80,4588.41,4580.83,4581.65,68045757
2022-05-01T23:00:00Z,4581.65,4584.30,4569.75,4572.05,72190715
2022-05-02T00:00:00Z,4572.05,4572.33,4564.73,4566.07,79747892
2022-05-02T01:00:00Z,4566.07,4568.33,4561.98,4564.44,71025096
2022-05-02T02:00:00Z,4564.44,4580.25,4560.28,4575.95,72772536
2022-05-02T03:00:00Z,4575.95,4576.56,4573.15,4576.53,64115510
2022-05-02T04:00:00Z,4576.53,4576.86,4568.35,4571.08,63707658
2022-05-02T05:00:00Z,4571.08,4577.79,4568.38,4574.23,58898726
2022-05-02T06:00:00Z,4574.23,4575.57,4560.76,4561.28,76851355
2022-05-02T07:00:00Z,4561.28,4574.85,4558.15,4569.72,75660008
2022-05-02T08:00:00Z,4569.72,4587.94,4569.29,4582.08,86892011
2022-05-02T09:00:00Z,4582.08,4585.49,4581.34,4583.66,56769317
2022-05-02T10:00:00Z,4583.66,4590.46,4579.13,4588.69,76516858
2022-05-02T11:00:00Z,4588.69,4598.01,4582.84,4596.85,71723903
2022-05-02T12:00:00Z,4596.85,4599.54,4576.67,4579.27,99355756
2022-05-02T13:00:00Z,4579.27,4583.42,4578.85,4580.03,53136429
2022-05-02T14:00:00Z,4580.03,4598.19,4576.47,4596.47,87192734
2022-05-02T15:00:00Z,4596.47,4600.22,4591.42,4595.17,56664402
2022-05-02T16:00:00Z,4595.17,4602.89,4592.13,4597.12,57102651
2022-05-02T17:00:00Z,4597.12,4599.89,4582.45,4586.17,78347379
2022-05-02T18:00:00Z,4586.17,4588.62,4580.79,4584.32,63389036
2022-05-02T19:00:00Z,4584.32,4586.46,4564.32,4565.28,88820568
2022-05-02T20:00:00Z,4565.28,4567.17,4562.71,4564.08,58158736
2022-05-02T21:00:00Z,4564.08,4576.57,4559.61,4575.78,71581213
2022-05-02T22:00:00Z,4575.78,4578.37,4572.86,4574.76,52779187
2022-05-02T23:00:00Z,4574.76,4576.70,4574.26,4575.96,57622563
2022-05-03T00:00:00Z,4575.96,4583.57,4573.92,4577.66,54620376
2022-05-03T01:00:00Z,4577.66,4578.70,4566.11,4572.04,63386990
2022-05-03T02:00:00Z,4572.04,4572.23,4565.01,4567.14,60481404
2022-05-03T03:00:00Z,4567.14,4571.02,4560.60,4564.54,69710320
2022-05-03T04:00:00Z,4564.54,4566.74,4559.61,4565.78,68415823
2022-05-03T05:00:00Z,4565.78,4572.50,4563.77,4571.13,59556091
2022-05-03T06:00:00Z,4571.13,4575.77,4563.91,4564.68,76057565
2022-05-03T07:00:00Z,4564.68,4576.36,4561.68,4571.43,73403146
2022-05-03T08:00:00Z,4571.43,4574.67,4557.76,4560.40,79329488
2022-05-03T09:00:00Z,4560.40,4570.18,4555.54,4565.90,72595820
2022-05-03T10:00:00Z,4565.90,4575.80,4565.35,4575.30,84497638
2022-05-03T11:00:00Z,4575.30,4583.25,4570.80,4579.36,70420766
2022-05-03T12:00:00Z,4579.36,4584.12,4571.56,4575.50,63157067
2022-05-03T13:00:00Z,4575.50,4590.41,4571.02,4589.99,92916148
2022-05-03T14:00:00Z,4589.99,4599.18,4588.71,4597.41,68072632
2022-05-03T15:00:00Z,4597.41,4610.45,4591.71,4604.67,78920780
2022-05-03T16:00:00Z,4604.67,4606.80,4587.14,4591.02,76867912
2022-05-03T17:00:00Z,4591.02,4595.52,4581.54,4587.45,58673959
2022-05-03T18:00:00Z,4587.45,4593.95,4581.49,4592.71,74809363
2022-05-03T19:00:00Z,4592.71,4594.85,4584.68,4587.40,69660203
2022-05-03T20:00:00Z,4587.40,4591.16,4586.29,4587.27,65874991
2022-05-03T21:00:00Z,4587.27,4588.98,4566.51,4572.11,90249747
2022-05-03T22:00:00Z,4572.11,4573.47,4560.57,4561.97,82136132
2022-05-03T23:00:00Z,4561.97,4566.14,4557.22,4564.12,61402511
2022-05-04T00:00:00Z,4564.12,4580.40,4558.99,4579.03,89268752
2022-05-04T01:00:00Z,4579.03,4597.62,4573.92,4592.44,78760841
2022-05-04T02:00:00Z,4592.44,4605.36,4589.74,4599.38,77177593
2022-05-04T03:00:00Z,4599.38,4600.85,4590.94,4595.26,73007935
2022-05-04T04:00:00Z,4595.26,4600.13,4583.66,4588.27,69987593
2022-05-04T05:00:00Z,4588.27,4589.40,4580.05,4585.88,72937323
2022-05-04T06:00:00Z,4585.88,4588.79,4566.08,4569.22,98528390
2022-05-04T07:00:00Z,4569.22,4575.62,4567.25,4574.20,66500331
2022-05-04T08:00:00Z,4574.20,4577.59,4568.24,4568.42,67313156
2022-05-04T09:00:00Z,4568.42,4570.74,4564.65,4569.22,69559734
2022-05-04T10:00:00Z,4569.22,4575.86,4564.45,4571.76,61308148
2022-05-04T11:00:00Z,4571.76,4582.38,4565.87,4581.54,69094062
2022-05-04T12:00:00Z,4581.54,4581.91,4575.45,4576.93,68939346
2022-05-04T13:00:00Z,4576.93,4586.37,4573.99,4586.19,76273628
2022-05-04T14:00:00Z,4586.19,4592.33,4585.24,4587.05,59560116
2022-05-04T15:00:00Z,4587.05,4590.80,4571.33,4575.75,74861835
2022-05-04T16:00:00Z,4575.75,4580.12,4552.82,4558.54,87839273
2022-05-04T17:00:00Z,4558.54,4561.58,4542.41,4547.58,71485890
2022-05-04T18:00:00Z,4547.58,4551.12,4539.73,4543.36,65588362
2022-05-04T19:00:00Z,4543.36,4545.52,4532.55,4537.29,76846905
2022-05-04T20:00:00Z,4537.29,4543.95,4533.36,4540.02,57686294
2022-05-04T21:00:00Z,4540.02,4544.19,4535.15,4541.32,71541397
2022-05-04T22:00:00Z,4541.32,4546.72,4531.14,4532.23,84966525
2022-05-04T23:00:00Z,4532.23,4536.24,4525.42,4529.89,65801589
2022-05-05T00:00:00Z,4529.89,4532.81,4519.84,4523.10,77803833
2022-05-05T01:00:00Z,4523.10,4524.80,4508.17,4511.11,87834222
2022-05-05T02:00:00Z,4511.11,4512.76,4504.68,4510.36,70571824
2022-05-05T03:00:00Z,4510.36,4514.11,4499.46,4500.81,82476581
2022-05-05T04:00:00Z,4500.81,4501.15,4494.51,4497.63,66972402
2022-05-05T05:00:00Z,4497.63,4499.02,4485.34,4486.53,84053375
2022-05-05T06:00:00Z,4486.53,4487.46,4483.78,4486.88,58568169
2022-05-05T07:00:00Z,4486.88,4498.25,4481.26,4495.24,81698882
2022-05-05T08:00:00Z,4495.24,4496.64,4491.62,4494.83,70150056
2022-05-05T09:00:00Z,4494.83,4500.02,4490.55,4493.98,53585203
2022-05-05T10:00:00Z,4493.98,4498.32,4488.14,4495.84,65301623
2022-05-05T11:00:00Z,4495.84,4500.78,4494.62,4500.14,71522874
2022-05-05T12:00:00Z,4500.14,4501.50,4483.03,4487.74,88733691
2022-05-05T13:00:00Z,4487.74,4501.36,4483.29,4499.75,74917850
2022-05-05T14:00:00Z,4499.75,4505.75,4494.29,4505.58,68542703
2022-05-05T15:00:00Z,4505.58,4506.93,4497.49,4501.60,68666180
2022-05-05T16:00:00Z,4501.60,4502.85,4498.54,4500.55,55569237
2022-05-05T17:00:00Z,4500.55,4502.02,4494.95,4497.86,66956784
2022-05-05T18:00:00Z,4497.86,4501.80,4496.05,4500.24,62473296
2022-05-05T19:00:00Z,4500.24,4500.96,4491.60,4497.10,66163043
2022-05-05T20:00:00Z,4497.10,4501.93,4496.55,4498.99,72109905
2022-05-05T21:00:00Z,4498.99,4502.29,4488.78,4489.78,69125665
2022-05-05T22:00:00Z,4489.78,4500.92,4488.74,4496.70,77061137
2022-05-05T23:00:00Z,4496.70,4501.22,4495.76,4498.41,68797549
2022-05-06T00:00:00Z,4498.41,4514.40,4497.20,4510.94,91531833
2022-05-06T01:00:00Z,4510.94,4514.28,4506.79,4508.94,63554030
2022-05-06T02:00:00Z,4508.94,4522.09,4508.12,4521.21,88147387
2022-05-06T03:00:00Z,4521.21,4526.54,4520.26,4521.17,53944259
2022-05-06T04:00:00Z,4521.17,4525.07,4515.55,4518.55,71659738
2022-05-06T05:00:00Z,4518.55,4522.57,4518.14,4519.83,58325862
2022-05-06T06:00:00Z,4519.83,4534.37,4516.11,4530.00,68327565
2022-05-06T07:00:00Z,4530.00,4532.58,4514.26,4515.89,75123223
2022-05-06T08:00:00Z,4515.89,4527.37,4513.61,4524.88,73868173
2022-05-06T09:00:00Z,4524.88,4528.49,4521.97,4524.03,56467858
2022-05-06T10:00:00Z,4524.03,4528.81,4521.55,4523.54,62494414
2022-05-06T11:00:00Z,4523.54,4539.20,4518.71,4536.03,91031566
2022-05-06T12:00:00Z,4536.03,4543.85,4534.72,4541.79,62277249
2022-05-06T13:00:00Z,4541.79,4543.41,4537.61,4537.81,59591217
2022-05-06T14:00:00Z,4537.81,4559.90,4536.85,4559.43,98097672
2022-05-06T15:00:00Z,4559.43,4564.57,4554.25,4556.48,71741149
2022-05-06T16:00:00Z,4556.48,4559.99,4555.85,4558.32,69248813
2022-05-06T17:00:00Z,4558.32,4579.24,4553.64,4574.14,78191942
2022-05-06T18:00:00Z,4574.14,4575.97,4563.45,4565.34,76252965
2022-05-06T19:00:00Z,4565.34,4568.62,4556.01,4557.15,83431488
2022-05-06T20:00:00Z,4557.15,4570.32,4551.44,4566.18,79476497
2022-05-06T21:00:00Z,4566.18,4575.92,4564.15,4571.13,69352196
2022-05-06T22:00:00Z,4571.13,4575.43,4566.70,4567.10,75356527
2022-05-06T23:00:00Z,4567.10,4569.72,4557.09,4562.97,73256392
2022-05-07T00:00:00Z,4562.97,4563.62,4559.91,4563.61,56945919
2022-05-07T01:00:00Z,4563.61,4577.33,4560.26,4572.66,76367888
2022-05-07T02:00:00Z,4572.66,4579.97,4568.21,4578.90,76221738
2022-05-07T03:00:00Z,4578.90,4583.54,4577.61,4580.74,53785976
2022-05-07T04:00:00Z,4580.74,4588.92,4577.79,4583.37,67755260
2022-05-07T05:00:00Z,4583.37,4600.37,4582.38,4595.00,70781963
2022-05-07T06:00:00Z,4595.00,4599.67,4585.13,4589.29,63333139
2022-05-07T07:00:00Z,4589.29,4603.10,4588.57,4600.93,83936113
2022-05-07T08:00:00Z,4600.93,4610.47,4596.47,4604.83,60991822
2022-05-07T09:00:00Z,4604.83,4609.91,4592.70,4597.85,63191185
2022-05-07T10:00:00Z,4597.85,4612.40,4593.56,4607.99,87389457
2022-05-07T11:00:00Z,4607.99,4614.65,4605.04,4612.35,67897207
2022-05-07T12:00:00Z,4612.35,4614.61,4610.90,4612.13,58151910
2022-05-07T13:00:00Z,4612.13,4617.18,4598.80,4601.27,77776761
2022-05-07T14:00:00Z,4601.27,4613.11,4596.04,4609.13,71098239
2022-05-07T15:00:00Z,4609.13,4610.85,4597.15,4599.17,73075612
2022-05-07T16:00:00Z,4599.17,4604.75,4598.44,4603.52,71692751
2022-05-07T17:00:00Z,4603.52,4608.17,4595.01,4599.53,57911752
2022-05-07T18:00:00Z,4599.53,4606.57,4594.78,4601.95,68033352
2022-05-07T19:00:00Z,4601.95,4602.21,4590.23,4590.94,80057831
2022-05-07T20:00:00Z,4590.94,4593.64,4585.81,4589.26,71272811
2022-05-07T21:00:00Z,4589.26,4595.37,4587.78,4589.37,61758845
2022-05-07T22:00:00Z,4589.37,4608.62,4583.45,4605.71,88375901
2022-05-07T23:00:00Z,4605.71,4610.53,4602.68,4604.73,57598381
2022-05-08T00:00:00Z,4604.73,4608.84,4601.13,4607.64,64689086
2022-05-08T01:00:00Z,4607.64,4608.82,4602.95,4607.35,53885202
2022-05-08T02:00:00Z,4607.35,4620.63,4602.77,4615.25,78698565
2022-05-08T03:00:00Z,4615.25,4624.51,4611.74,4619.29,71902537
2022-05-08T04:00:00Z,4619.29,4624.80,4607.38,4612.28,74030526
2022-05-08T05:00:00Z,4612.28,4619.47,4610.53,4613.95,57404434
2022-05-08T06:00:00Z,4613.95,4621.93,4613.49,4617.65,63113295
2022-05-08T07:00:00Z,4617.65,4621.15,4611.11,4615.14,63711654
2022-05-08T08:00:00Z,4615.14,4618.34,4610.54,4610.83,68740176
2022-05-08T09:00:00Z,4610.83,4617.13,4609.76,4611.82,63190003
2022-05-08T10:00:00Z,4611.82,4628.40,4609.86,4625.00,87931576
2022-05-08T11:00:00Z,4625.00,4629.62,4620.80,4622.63,70320068
2022-05-08T12:00:00Z,4622.63,4626.92,4603.64,4607.69,95795995
2022-05-08T13:00:00Z,4607.69,4614.57,4605.10,4612.76,77631383
2022-05-08T14:00:00Z,4612.76,4622.35,4607.78,4617.23,74028892
2022-05-08T15:00:00Z,4617.23,4622.67,4615.00,4618.44,69800578
2022-05-08T16:00:00Z,4618.44,4624.31,4615.19,4618.16,69922563
2022-05-08T17:00:00Z,4618.16,4623.58,4614.03,4620.39,70724988
2022-05-08T18:00:00Z,4620.39,4622.02,4596.77,4600.79,93027382
2022-05-08T19:00:00Z,4600.79,4607.59,4594.94,4603.71,55792226
2022-05-08T20:00:00Z,4603.71,4603.82,4597.69,4598.83,75996732
2022-05-08T21:00:00Z,4598.83,4602.03,4579.65,4583.56,88938637
2022-05-08T22:00:00Z,4583.56,4586.08,4573.13,4577.30,77077818
2022-05-08T23:00:00Z,4577.30,4584.30,4571.47,4584.20,72660831
2022-05-09T00:00:00Z,4584.20,4589.09,4577.40,4579.87,70207925
2022-05-09T01:00:00Z,4579.87,4583.78,4570.93,4572.84,70708241
2022-05-09T02:00:00Z,4572.84,4578.10,4566.37,4569.23,75976116
2022-05-09T03:00:00Z,4569.23,4570.39,4546.69,4546.98,105619913
2022-05-09T04:00:00Z,4546.98,4558.72,4542.87,4554.38,81512505
2022-05-09T05:00:00Z,4554.38,4560.18,4536.30,4538.57,83215484
2022-05-09T06:00:00Z,4538.57,4538.90,4527.41,4532.46,67508409
2022-05-09T07:00:00Z,4532.46,4533.01,4529.77,4530.54,73252916
2022-05-09T08:00:00Z,4530.54,4541.97,4529.45,4537.76,67101975
2022-05-09T09:00:00Z,4537.76,4548.71,4536.11,4544.20,70221609
2022-05-09T10:00:00Z,4544.20,4546.07,4533.22,4535.85,81803580
2022-05-09T11:00:00Z,4535.85,4539.91,4531.86,4539.20,71053789
2022-05-09T12:00:00Z,4539.20,4551.19,4535.24,4545.65,62906704
2022-05-09T13:00:00Z,4545.65,4548.71,4539.46,4541.58,73638252
2022-05-09T14:00:00Z,4541.58,4550.30,4537.13,4545.76,58311977
2022-05-09T15:00:00Z,4545.76,4556.90,4543.85,4551.31,74269505
2022-05-09T16:00:00Z,4551.31,4553.83,4544.84,4546.39,64441018
2022-05-09T17:00:00Z,4546.39,4550.03,4542.49,4549.40,67243114
2022-05-09T18:00:00Z,4549.40,4553.70,4548.31,4551.70,72418276
2022-05-09T19:00:00Z,4551.70,4554.99,4544.78,4547.32,62042461
2022-05-09T20:00:00Z,4547.32,4548.46,4544.28,4547.16,55970480
2022-05-09T21:00:00Z,4547.16,4553.67,4542.60,4550.96,73981508
2022-05-09T22:00:00Z,4550.96,4554.56,4545.87,4550.10,60880357
2022-05-09T23:00:00Z,4550.10,4551.69,4540.95,4546.46,61736072
2022-05-10T00:00:00Z,4546.46,4551.56,4546.25,4549.54,62626179
2022-05-10T01:00:00Z,4549.54,4551.47,4547.21,4549.33,63398838
2022-05-10T02:00:00Z,4549.33,4560.58,4543.77,4559.04,68395325
2022-05-10T03:00:00Z,4559.04,4560.57,4551.35,4556.06,61068938
2022-05-10T04:00:00Z,4556.06,4559.75,4551.92,4558.54,69638442
2022-05-10T05:00:00Z,4558.54,4569.98,4554.18,4565.23,63916384
2022-05-10T06:00:00Z,4565.23,4573.98,4565.02,4570.88,70961657
2022-05-10T07:00:00Z,4570.88,4585.15,4570.55,4580.93,86037227
2022-05-10T08:00:00Z,4580.93,4582.37,4574.37,4575.80,75148034
2022-05-10T09:00:00Z,4575.80,4579.99,4568.88,4570.44,68400397
2022-05-10T10:00:00Z,4570.44,4573.27,4562.32,4566.39,69869959
2022-05-10T11:00:00Z,4566.39,4571.56,4557.21,4559.47,74119754
2022-05-10T12:00:00Z,4559.47,4561.06,4555.51,4556.87,59985674
2022-05-10T13:00:00Z,4556.87,4561.68,4554.06,4554.52,64910428
2022-05-10T14:00:00Z,4554.52,4558.41,4547.51,4549.81,67241152
2022-05-10T15:00:00Z,4549.81,4552.65,4543.70,4543.99,80109490
2022-05-10T16:00:00Z,4543.99,4547.08,4537.19,4542.42,66358561
2022-05-10T17:00:00Z,4542.42,4559.44,4538.21,4553.60,84856364
2022-05-10T18:00:00Z,4553.60,4563.12,4551.96,4561.04,63210427
2022-05-10T19:00:00Z,4561.04,4564.77,4556.27,4557.65,68616227
2022-05-10T20:00:00Z,4557.65,4561.50,4555.43,4561.16,70815263
2022-05-10T21:00:00Z,4561.16,4567.49,4556.00,4562.07,64147320
2022-05-10T22:00:00Z,4562.07,4563.60,4555.91,4559.23,66375813
2022-05-10T23:00:00Z,4559.23,4563.90,4556.71,4563.53,71044082
2022-05-11T00:00:00Z,4563.53,4566.49,4554.55,4558.11,72947563
2022-05-11T01:00:00Z,4558.11,4558.26,4542.76,4546.48,80771547
2022-05-11T02:00:00Z,4546.48,4554.02,4543.68,4548.56,63415869
2022-05-11T03:00:00Z,4548.56,4550.64,4534.39,4538.54,81742234
2022-05-11T04:00:00Z,4538.54,4548.38,4535.02,4542.58,64148559
2022-05-11T05:00:00Z,4542.58,4544.21,4529.62,4534.37,79579963
2022-05-11T06:00:00Z,4534.37,4534.69,4529.48,4533.40,70827544
2022-05-11T07:00:00Z,4533.40,4537.91,4520.42,4526.06,81872016
2022-05-11T08:00:00Z,4526.06,4527.55,4523.43,4526.22,70118383
2022-05-11T09:00:00Z,4526.22,4528.73,4507.43,4512.30,83089711
2022-05-11T10:00:00Z,4512.30,4526.35,4512.28,4522.83,72305332
2022-05-11T11:00:00Z,4522.83,4525.79,4514.96,4515.09,77393623
2022-05-11T12:00:00Z,4515.09,4515.60,4510.37,4510.60,71486701
2022-05-11T13:00:00Z,4510.60,4513.24,4505.88,4506.12,69186368
2022-05-11T14:00:00Z,4506.12,4508.59,4502.22,4505.01,58722741
2022-05-11T15:00:00Z,4505.01,4506.43,4500.35,4503.21,54223675
2022-05-11T16:00:00Z,4503.21,4505.18,4498.51,4503.86,55172129
2022-05-11T17:00:00Z,4503.86,4507.33,4501.79,4502.82,54088865
2022-05-11T18:00:00Z,4502.82,4506.96,4497.35,4503.50,63492489
2022-05-11T19:00:00Z,4503.50,4508.17,4497.88,4504.41,67375478
2022-05-11T20:00:00Z,4504.41,4509.35,4480.02,4485.85,87840579
2022-05-11T21:00:00Z,4485.85,4487.50,4482.28,4484.34,59497353
2022-05-11T22:00:00Z,4484.34,4493.82,4482.09,4488.50,68358980
2022-05-11T23:00:00Z,4488.50,4496.64,4486.00,4493.48,60479510
2022-05-12T00:00:00Z,4493.48,4505.43,4487.74,4499.93,68027969
2022-05-12T01:00:00Z,4499.93,4505.60,4493.15,4497.40,59894227
2022-05-12T02:00:00Z,4497.40,4499.11,4496.85,4497.66,64280147
2022-05-12T03:00:00Z,4497.66,4502.38,4492.59,4502.26,59575118
2022-05-12T04:00:00Z,4502.26,4504.37,4499.82,4504.28,60685133
2022-05-12T05:00:00Z,4504.28,4504.97,4496.49,4501.62,62196668
2022-05-12T06:00:00Z,4501.62,4504.55,4484.32,4485.53,88901679
2022-05-12T07:00:00Z,4485.53,4486.43,4475.06,4477.39,66969555
2022-05-12T08:00:00Z,4477.39,4479.77,4469.95,4474.39,71437709
2022-05-12T09:00:00Z,4474.39,4479.43,4469.76,4470.09,73793718
2022-05-12T10:00:00Z,4470.09,4470.88,4465.50,4467.84,69654832
2022-05-12T11:00:00Z,4467.84,4487.95,4465.76,4485.00,93837584
2022-05-12T12:00:00Z,4485.00,4488.38,4474.92,4476.31,70675670
2022-05-12T13:00:00Z,4476.31,4483.05,4471.24,4479.43,61148106
2022-05-12T14:00:00Z,4479.43,4483.56,4475.04,4478.30,65463041
2022-05-12T15:00:00Z,4478.30,4480.12,4470.49,4474.87,70870798
2022-05-12T16:00:00Z,4474.87,4476.30,4465.91,4469.22,66486492
2022-05-12T17:00:00Z,4469.22,4474.73,4466.61,4470.71,57457841
2022-05-12T18:00:00Z,4470.71,4482.31,4469.85,4477.37,78403562
2022-05-12T19:00:00Z,4477.37,4478.46,4474.41,4478.43,60987028
2022-05-12T20:00:00Z,4478.43,4480.59,4477.52,4479.43,71735607
2022-05-12T21:00:00Z,4479.43,4481.37,4473.64,4478.79,65118942
2022-05-12T22:00:00Z,4478.79,4479.35,4474.36,4475.48,67922705
2022-05-12T23:00:00Z,4475.48,4479.72,4467.25,4467.50,75581245
2022-05-13T00:00:00Z,4467.50,4472.02,4463.48,4471.63,59648671
2022-05-13T01:00:00Z,4471.63,4476.31,4463.10,4463.96,77750545
2022-05-13T02:00:00Z,4463.96,4465.32,4450.96,4452.45,75814133
2022-05-13T03:00:00Z,4452.45,4454.52,4439.60,4440.71,77620091
2022-05-13T04:00:00Z,4440.71,4451.29,4437.14,4445.60,65180884
2022-05-13T05:00:00Z,4445.60,4448.97,4441.56,4447.99,61653138
2022-05-13T06:00:00Z,4447.99,4450.61,4441.22,4443.92,67756788
2022-05-13T07:00:00Z,4443.92,4445.40,4441.94,4443.77,57068029
2022-05-13T08:00:00Z,4443.77,4444.17,4441.16,4442.23,72209258
2022-05-13T09:00:00Z,4442.23,4446.93,4440.07,4446.16,63115854
2022-05-13T10:00:00Z,4446.16,4449.14,4444.47,4445.82,69860275
2022-05-13T11:00:00Z,4445.82,4451.07,4440.19,4441.47,68299714
2022-05-13T12:00:00Z,4441.47,4452.42,4438.38,4447.40,73135422
2022-05-13T13:00:00Z,4447.40,4448.44,4434.30,4439.68,78467733
2022-05-13T14:00:00Z,4439.68,4444.87,4438.45,4443.54,71850150
2022-05-13T15:00:00Z,4443.54,4443.62,4437.33,4441.40,70061324
2022-05-13T16:00:00Z,4441.40,4450.76,4437.46,4447.09,66417861
2022-05-13T17:00:00Z,4447.09,4451.87,4438.67,4443.77,73288582
2022-05-13T18:00:00Z,4443.77,4450.54,4443.68,4446.79,65608405
2022-05-13T19:00:00Z,4446.79,4456.48,4444.31,4453.27,79935764
2022-05-13T20:00:00Z,4453.27,4455.38,4445.55,4447.49,70349329
2022-05-13T21:00:00Z,4447.49,4452.22,4441.85,4447.95,62733398
2022-05-13T22:00:00Z,4447.95,4452.72,4443.29,4450.71,65988502
2022-05-13T23:00:00Z,4450.71,4453.72,4439.98,4443.52,81064298
2022-05-14T00:00:00Z,4443.52,4453.12,4438.47,4452.09,77878886
2022-05-14T01:00:00Z,4452.09,4470.01,4448.26,4469.47,95709123
2022-05-14T02:00:00Z,4469.47,4481.84,4468.61,4476.50,74442263
2022-05-14T03:00:00Z,4476.50,4485.63,4474.24,4482.60,61072129
2022-05-14T04:00:00Z,4482.60,4487.76,4470.51,4475.27,76070846
2022-05-14T05:00:00Z,4475.27,4477.79,4467.75,4470.54,64098250
2022-05-14T06:00:00Z,4470.54,4478.14,4468.53,4473.90,73419198
2022-05-14T07:00:00Z,4473.90,4477.68,4469.16,4472.96,62398963
2022-05-14T08:00:00Z,4472.96,4477.29,4462.52,4467.64,61538695
2022-05-14T09:00:00Z,4467.64,4468.70,4467.07,4467.16,57963321
2022-05-14T10:00:00Z,4467.16,4474.04,4465.44,4470.81,71639533
2022-05-14T11:00:00Z,4470.81,4475.02,4465.14,4467.05,66409165
2022-05-14T12:00:00Z,4467.05,4468.28,4466.78,4467.12,51664730
2022-05-14T13:00:00Z,4467.12,4469.57,4456.72,4459.05,69040429
2022-05-14T14:00:00Z,4459.05,4463.48,4458.21,4461.14,71762528
2022-05-14T15:00:00Z,4461.14,4474.97,4458.75,4469.46,74356720
2022-05-14T16:00:00Z,4469.46,4471.55,4457.56,4458.35,77298579
2022-05-14T17:00:00Z,4458.35,4473.68,4456.81,4469.97,71751458
2022-05-14T18:00:00Z,4469.97,4490.31,4466.57,4489.84,91199048
2022-05-14T19:00:00Z,4489.84,4497.38,4485.95,4495.68,80282156
2022-05-14T20:00:00Z,4495.68,4502.84,4490.97,4501.30,78041033
2022-05-14T21:00:00Z,4501.30,4505.36,4497.78,4498.14,67028965
2022-05-14T22:00:00Z,4498.14,4499.88,4490.03,4492.48,73290478
2022-05-14T23:00:00Z,4492.48,4495.84,4486.70,4490.96,61725773
2022-05-15T00:00:00Z,4490.96,4503.75,4488.81,4501.66,74948225
2022-05-15T01:00:00Z,4501.66,4506.30,4497.62,4506.16,71149648
2022-05-15T02:00:00Z,4506.16,4507.23,4494.54,4499.91,66596271
2022-05-15T03:00:00Z,4499.91,4504.77,4498.75,4503.48,68964569
2022-05-15T04:00:00Z,4503.48,4517.56,4503.40,4515.32,74099134
2022-05-15T05:00:00Z,4515.32,4531.59,4513.59,4527.63,91723895
2022-05-15T06:00:00Z,4527.63,4533.42,4510.92,4513.35,84068112
2022-05-15T07:00:00Z,4513.35,4531.15,4507.84,4525.36,77987723
2022-05-15T08:00:00Z,4525.36,4530.60,4520.31,4528.11,73031156
2022-05-15T09:00:00Z,4528.11,4537.04,4524.11,4533.90,77846764
2022-05-15T10:00:00Z,4533.90,4536.84,4526.40,4531.02,67729211
2022-05-15T11:00:00Z,4531.02,4537.30,4526.34,4535.98,72223615
2022-05-15T12:00:00Z,4535.98,4541.87,4526.27,4530.74,69937399
2022-05-15T13:00:00Z,4530.74,4531.83,4522.56,4523.16,73123634
2022-05-15T14:00:00Z,4523.16,4529.18,4523.09,4527.83,77871782
2022-05-15T15:00:00Z,4527.83,4528.27,4517.58,4520.26,70118625
2022-05-15T16:00:00Z,4520.26,4520.91,4509.52,4513.73,71479697
2022-05-15T17:00:00Z,4513.73,4515.03,4512.68,4512.69,56359463
2022-05-15T18:00:00Z,4512.69,4517.33,4505.12,4508.67,61567875
2022-05-15T19:00:00Z,4508.67,4511.79,4494.13,4494.23,91664147
2022-05-15T20:00:00Z,4494.23,4495.83,4481.88,4486.65,69642753
2022-05-15T21:00:00Z,4486.65,4492.14,4479.62,4481.50,66453415
2022-05-15T22:00:00Z,4481.50,4486.37,4476.08,4482.50,58786336
2022-05-15T23:00:00Z,4482.50,4483.29,4472.58,4475.69,72104585
2022-05-16T00:00:00Z,4475.69,4479.16,4474.25,4478.32,66293252
2022-05-16T01:00:00Z,4478.32,4492.97,4477.87,4490.98,88155948
2022-05-16T02:00:00Z,4490.98,4494.36,4485.01,4487.45,69020486
2022-05-16T03:00:00Z,4487.45,4506.29,4486.30,4501.14,80930053
2022-05-16T04:00:00Z,4501.14,4508.31,4497.32,4506.92,62669666
2022-05-16T05:00:00Z,4506.92,4512.30,4504.55,4506.47,54479311
2022-05-16T06:00:00Z,4506.47,4508.11,4501.44,4505.57,64590586
2022-05-16T07:00:00Z,4505.57,4509.87,4499.09,4504.85,70979238
2022-05-16T08:00:00Z,4504.85,4507.82,4491.67,4497.34,78260071
2022-05-16T09:00:00Z,4497.34,4501.28,4475.09,4475.58,106860604
2022-05-16T10:00:00Z,4475.58,4479.80,4473.15,4476.77,62075791
2022-05-16T11:00:00Z,4476.77,4478.57,4469.50,4472.05,72827396
2022-05-16T12:00:00Z,4472.05,4484.53,4468.68,4482.29,84175647
2022-05-16T13:00:00Z,4482.29,4482.73,4477.65,4478.77,62073670
2022-05-16T14:00:00Z,4478.77,4483.26,4475.97,4477.55,65620600
2022-05-16T15:00:00Z,4477.55,4487.82,4472.69,4484.34,73327525
2022-05-16T16:00:00Z,4484.34,4489.56,4475.11,4479.32,75640754
2022-05-16T17:00:00Z,4479.32,4484.10,4479.03,4479.19,57131779
2022-05-16T18:00:00Z,4479.19,4479.76,4473.67,4475.65,63245895
2022-05-16T19:00:00Z,4475.65,4482.63,4472.94,4478.89,67686699
2022-05-16T20:00:00Z,4478.89,4483.91,4473.57,4483.03,66800890
2022-05-16T21:00:00Z,4483.03,4492.42,4478.31,4489.69,64182187
2022-05-16T22:00:00Z,4489.69,4490.50,4480.65,4486.03,63529603
2022-05-16T23:00:00Z,4486.03,4501.91,4485.78,4497.80,72008488
2022-05-17T00:00:00Z,4497.80,4499.06,4489.61,4493.87,57167706
2022-05-17T01:00:00Z,4493.87,4499.89,4491.23,4497.37,64769708
2022-05-17T02:00:00Z,4497.37,4502.94,4487.74,4490.01,74861105
2022-05-17T03:00:00Z,4490.01,4494.59,4477.38,4479.16,73654824
2022-05-17T04:00:00Z,4479.16,4487.82,4475.03,4482.38,71321650
2022-05-17T05:00:00Z,4482.38,4488.05,4463.67,4468.32,75333009
2022-05-17T06:00:00Z,4468.32,4474.00,4460.63,4466.24,57737852
2022-05-17T07:00:00Z,4466.24,4470.30,4460.94,4467.67,66193576
2022-05-17T08:00:00Z,4467.67,4470.36,4458.88,4461.46,72545938
2022-05-17T09:00:00Z,4461.46,4466.39,4449.90,4454.17,77290851
2022-05-17T10:00:00Z,4454.17,4456.30,4450.84,4456.02,66801458
2022-05-17T11:00:00Z,4456.02,4461.01,4441.14,4441.95,88518750
2022-05-17T12:00:00Z,4441.95,4443.73,4426.79,4431.13,86818470
2022-05-17T13:00:00Z,4431.13,4435.74,4420.10,4422.89,75111049
2022-05-17T14:00:00Z,4422.89,4437.50,4422.31,4432.10,75229402
2022-05-17T15:00:00Z,4432.10,4435.97,4431.20,4433.86,66147361
2022-05-17T16:00:00Z,4433.86,4440.01,4432.26,4436.95,70423796
2022-05-17T17:00:00Z,4436.95,4448.78,4433.03,4447.03,85319973
2022-05-17T18:00:00Z,4447.03,4451.25,4442.12,4447.64,51541606
2022-05-17T19:00:00Z,4447.64,4447.89,4430.74,4435.36,75554816
2022-05-17T20:00:00Z,4435.36,4435.97,4425.88,4430.19,78217406
2022-05-17T21:00:00Z,4430.19,4432.18,4417.42,4419.51,83659401
2022-05-17T22:00:00Z,4419.51,4426.73,4417.39,4424.94,71601929
2022-05-17T23:00:00Z,4424.94,4434.31,4423.30,4429.13,62456022
2022-05-18T00:00:00Z,4429.13,4432.10,4425.98,4426.84,73696058
2022-05-18T01:00:00Z,4426.84,4431.51,4421.50,4427.65,71378123
2022-05-18T02:00:00Z,4427.65,4435.28,4423.42,4430.28,54932202
2022-05-18T03:00:00Z,4430.28,4431.44,4407.75,4412.18,101216805
2022-05-18T04:00:00Z,4412.18,4422.51,4408.09,4418.16,63829288
2022-05-18T05:00:00Z,4418.16,4420.14,4408.25,4410.33,78266392
2022-05-18T06:00:00Z,4410.33,4415.82,4406.83,4409.92,63015150
2022-05-18T07:00:00Z,4409.92,4414.89,4397.42,4401.59,70647261
2022-05-18T08:00:00Z,4401.59,4404.76,4396.39,4404.56,60967846
2022-05-18T09:00:00Z,4404.56,4405.00,4393.36,4395.62,75145842
2022-05-18T10:00:00Z,4395.62,4407.62,4395.34,4404.54,66623355
2022-05-18T11:00:00Z,4404.54,4414.96,4404.18,4410.85,72957196
2022-05-18T12:00:00Z,4410.85,4414.21,4406.81,4411.94,60669833
2022-05-18T13:00:00Z,4411.94,4414.53,4407.97,4408.74,70412801
2022-05-18T14:00:00Z,4408.74,4422.82,4405.82,4418.69,71413007
2022-05-18T15:00:00Z,4418.69,4438.55,4415.00,4432.91,90577159
2022-05-18T16:00:00Z,4432.91,4437.71,4416.98,4418.30,82120939
2022-05-18T17:00:00Z,4418.30,4420.80,4405.27,4407.27,71437955
2022-05-18T18:00:00Z,4407.27,4408.38,4394.87,4394.93,80319747
2022-05-18T19:00:00Z,4394.93,4398.50,4389.87,4390.36,67468944
2022-05-18T20:00:00Z,4390.36,4399.22,4387.46,4395.23,68986187
2022-05-18T21:00:00Z,4395.23,4396.80,4387.05,4389.92,73749889
2022-05-18T22:00:00Z,4389.92,4397.10,4385.96,4395.77,76407555
2022-05-18T23:00:00Z,4395.77,4397.78,4390.30,4394.88,54173854
2022-05-19T00:00:00Z,4394.88,4399.68,4390.19,4393.89,66402033
2022-05-19T01:00:00Z,4393.89,4394.77,4390.75,4392.16,62462025
2022-05-19T02:00:00Z,4392.16,4405.24,4388.63,4402.05,75294120
2022-05-19T03:00:00Z,4402.05,4405.64,4392.53,4395.21,68464352
2022-05-19T04:00:00Z,4395.21,4400.56,4382.34,4383.05,83368523
2022-05-19T05:00:00Z,4383.05,4384.40,4372.02,4376.13,69049706
2022-05-19T06:00:00Z,4376.13,4385.23,4376.09,4380.73,69177752
2022-05-19T07:00:00Z,4380.73,4382.35,4373.56,4378.09,73290208
2022-05-19T08:00:00Z,4378.09,4389.23,4374.90,4385.72,66388783
2022-05-19T09:00:00Z,4385.72,4395.00,4384.56,4392.11,62041160
2022-05-19T10:00:00Z,4392.11,4397.22,4390.54,4395.00,70317696
2022-05-19T11:00:00Z,4395.00,4395.15,4389.95,4391.68,69320183
2022-05-19T12:00:00Z,4391.68,4405.71,4386.23,4401.81,82372085
2022-05-19T13:00:00Z,4401.81,4404.19,4396.45,4399.87,64202263
2022-05-19T14:00:00Z,4399.87,4402.86,4398.47,4398.82,67107131
2022-05-19T15:00:00Z,4398.82,4402.22,4393.66,4398.06,63240846
2022-05-19T16:00:00Z,4398.06,4398.76,4393.36,4394.15,76163581
2022-05-19T17:00:00Z,4394.15,4395.91,4387.54,4387.99,61418674
2022-05-19T18:00:00Z,4387.99,4390.44,4380.89,4385.77,63535198
2022-05-19T19:00:00Z,4385.77,4388.86,4371.53,4373.25,73639008
2022-05-19T20:00:00Z,4373.25,4377.78,4361.36,4362.63,71701534
2022-05-19T21:00:00Z,4362.63,4370.44,4359.93,4364.97,72817702
2022-05-19T22:00:00Z,4364.97,4372.13,4361.12,4366.54,56640693
2022-05-19T23:00:00Z,4366.54,4368.07,4357.06,4358.40,78209347
2022-05-20T00:00:00Z,4358.40,4374.71,4357.23,4370.84,73297590
2022-05-20T01:00:00Z,4370.84,4381.58,4368.64,4378.03,68120560
2022-05-20T02:00:00Z,4378.03,4385.41,4377.44,4380.93,73237279
2022-05-20T03:00:00Z,4380.93,4385.64,4375.90,4378.06,64132895
2022-05-20T04:00:00Z,4378.06,4396.38,4377.16,4395.92,85682616
2022-05-20T05:00:00Z,4395.92,4398.09,4391.00,4395.98,61031087
2022-05-20T06:00:00Z,4395.98,4410.15,4391.75,4407.79,77626880
2022-05-20T07:00:00Z,4407.79,4421.03,4403.49,4416.28,80143009
2022-05-20T08:00:00Z,4416.28,4420.99,4410.58,4416.41,54632002
2022-05-20T09:00:00Z,4416.41,4419.13,4410.49,4412.27,70095692
2022-05-20T10:00:00Z,4412.27,4415.70,4405.17,4405.39,67308696
2022-05-20T11:00:00Z,4405.39,4411.56,4402.16,4409.94,61005038
2022-05-20T12:00:00Z,4409.94,4417.36,4409.35,4413.03,61014256
2022-05-20T13:00:00Z,4413.03,4414.46,4401.27,4407.00,66812114
2022-05-20T14:00:00Z,4407.00,4416.09,4406.54,4410.44,66195559
2022-05-20T15:00:00Z,4410.44,4416.30,4406.41,4411.34,53579118
2022-05-20T16:00:00Z,4411.34,4428.05,4411.13,4424.69,89017140
2022-05-20T17:00:00Z,4424.69,4430.83,4423.86,4425.95,67669861
2022-05-20T18:00:00Z,4425.95,4444.20,4420.39,4439.85,82122089
2022-05-20T19:00:00Z,4439.85,4448.07,4434.70,4443.30,66434209
2022-05-20T20:00:00Z,4443.30,4452.09,4442.92,4450.07,68833540
2022-05-20T21:00:00Z,4450.07,4452.98,4439.71,4443.90,65687826
2022-05-20T22:00:00Z,4443.90,4451.26,4439.36,4449.85,75966419
2022-05-20T23:00:00Z,4449.85,4454.49,4441.67,4447.28,55976877
2022-05-21T00:00:00Z,4447.28,4451.41,4440.27,4446.09,59330032
2022-05-21T01:00:00Z,4446.09,4449.13,4438.44,4443.85,67682502
2022-05-21T02:00:00Z,4443.85,4444.93,4427.69,4433.34,70882544
2022-05-21T03:00:00Z,4433.34,4441.26,4428.27,4438.05,68004488
2022-05-21T04:00:00Z,4438.05,4448.63,4437.74,4446.11,65243081
2022-05-21T05:00:00Z,4446.11,4447.57,4439.65,4444.61,69639657
2022-05-21T06:00:00Z,4444.61,4449.17,4435.82,4440.67,73328378
2022-05-21T07:00:00Z,4440.67,4444.64,4439.54,4443.51,70874861
2022-05-21T08:00:00Z,4443.51,4447.23,4436.76,4441.34,54800591
2022-05-21T09:00:00Z,4441.34,4451.91,4435.73,4447.32,65965838
2022-05-21T10:00:00Z,4447.32,4460.03,4441.61,4455.79,66052948
2022-05-21T11:00:00Z,4455.79,4456.54,4445.27,4449.04,64347320
2022-05-21T12:00:00Z,4449.04,4449.86,4441.35,4445.46,64581875
2022-05-21T13:00:00Z,4445.46,4455.54,4442.52,4451.63,72647841
2022-05-21T14:00:00Z,4451.63,4452.74,4447.81,4450.65,67427923
2022-05-21T15:00:00Z,4450.65,4453.59,4438.59,4441.79,67041129
2022-05-21T16:00:00Z,4441.79,4463.79,4440.44,4460.28,91599272
2022-05-21T17:00:00Z,4460.28,4470.58,4458.83,4465.63,74013250
2022-05-21T18:00:00Z,4465.63,4468.99,4459.43,4464.56,60124658
2022-05-21T19:00:00Z,4464.56,4464.88,4458.41,4464.11,67055732
2022-05-21T20:00:00Z,4464.11,4467.24,4458.66,4462.57,59262992
2022-05-21T21:00:00Z,4462.57,4463.31,4454.82,4459.30,67252724
2022-05-21T22:00:00Z,4459.30,4465.86,4453.65,4465.07,77931147
2022-05-21T23:00:00Z,4465.07,4472.33,4463.50,4469.54,59762643
2022-05-22T00:00:00Z,4469.54,4475.09,4451.34,4456.23,86781937
2022-05-22T01:00:00Z,4456.23,4460.90,4452.68,4454.51,65135352
2022-05-22T02:00:00Z,4454.51,4456.78,4445.42,4446.56,73789104
2022-05-22T03:00:00Z,4446.56,4447.59,4438.61,4439.32,70760386
2022-05-22T04:00:00Z,4439.32,4443.33,4435.56,4441.12,66316938
2022-05-22T05:00:00Z,4441.12,4452.97,4439.72,4447.55,72948130
2022-05-22T06:00:00Z,4447.55,4451.75,4436.89,4441.07,77503894
2022-05-22T07:00:00Z,4441.07,4453.70,4440.47,4448.45,70423878
2022-05-22T08:00:00Z,4448.45,4454.42,4442.63,4453.10,76583335
2022-05-22T09:00:00Z,4453.10,4457.31,4440.06,4440.94,73220775
2022-05-22T10:00:00Z,4440.94,4443.87,4429.15,4434.32,70355391
2022-05-22T11:00:00Z,4434.32,4438.92,4420.39,4425.73,79012168
2022-05-22T12:00:00Z,4425.73,4429.10,4409.72,4414.01,71841604
2022-05-22T13:00:00Z,4414.01,4424.94,4410.38,4422.75,82006754
2022-05-22T14:00:00Z,4422.75,4434.42,4421.02,4430.87,76094544
2022-05-22T15:00:00Z,4430.87,4431.70,4424.53,4427.08,74098002
2022-05-22T16:00:00Z,4427.08,4430.20,4406.89,4411.71,90149377
2022-05-22T17:00:00Z,4411.71,4416.07,4403.70,4404.82,76442678
2022-05-22T18:00:00Z,4404.82,4407.71,4402.08,4407.32,64892365
2022-05-22T19:00:00Z,4407.32,4412.06,4398.25,4402.90,66598990
2022-05-22T20:00:00Z,4402.90,4411.02,4401.11,4408.56,62939456
2022-05-22T21:00:00Z,4408.56,4408.75,4393.94,4396.99,87002468
2022-05-22T22:00:00Z,4396.99,4400.28,4385.25,4386.69,82733891
2022-05-22T23:00:00Z,4386.69,4387.35,4372.19,4374.25,82153518
2022-05-23T00:00:00Z,4374.25,4374.43,4368.50,4371.00,63533973
2022-05-23T01:00:00Z,4371.00,4373.61,4364.29,4367.46,70908597
2022-05-23T02:00:00Z,4367.46,4377.82,4362.49,4372.81,74368228
2022-05-23T03:00:00Z,4372.81,4374.01,4367.20,4373.99,61289445
2022-05-23T04:00:00Z,4373.99,4377.87,4369.97,4371.17,59236208
2022-05-23T05:00:00Z,4371.17,4392.90,4368.47,4388.42,93029111
2022-05-23T06:00:00Z,4388.42,4400.01,4383.58,4397.82,70357063
2022-05-23T07:00:00Z,4397.82,4398.20,4380.91,4384.27,89181078
2022-05-23T08:00:00Z,4384.27,4387.95,4363.52,4368.05,87223242
2022-05-23T09:00:00Z,4368.05,4371.97,4359.66,4363.63,67405032
2022-05-23T10:00:00Z,4363.63,4376.69,4361.67,4370.96,80081910
2022-05-23T11:00:00Z,4370.96,4373.81,4354.20,4354.38,95281088
2022-05-23T12:00:00Z,4354.38,4358.97,4350.20,4356.47,62260479
2022-05-23T13:00:00Z,4356.47,4360.50,4352.20,4356.66,59085757
2022-05-23T14:00:00Z,4356.66,4361.72,4347.43,4349.41,69008501
2022-05-23T15:00:00Z,4349.41,4354.10,4337.33,4339.45,81158310
2022-05-23T16:00:00Z,4339.45,4344.83,4336.48,4339.11,55420441
2022-05-23T17:00:00Z,4339.11,4342.13,4327.32,4332.11,79512808
2022-05-23T18:00:00Z,4332.11,4336.97,4328.57,4330.68,52722749
2022-05-23T19:00:00Z,4330.68,4336.29,4318.81,4321.35,74144374
2022-05-23T20:00:00Z,4321.35,4326.11,4320.91,4323.87,70412771
2022-05-23T21:00:00Z,4323.87,4327.84,4310.72,4314.54,70829865
2022-05-23T22:00:00Z,4314.54,4318.24,4304.33,4307.88,72107962
2022-05-23T23:00:00Z,4307.88,4310.10,4305.56,4306.01,53858456
2022-05-24T00:00:00Z,4306.01,4307.03,4304.00,4305.45,67200065
2022-05-24T01:00:00Z,4305.45,4310.59,4300.58,4305.89,60299089
2022-05-24T02:00:00Z,4305.89,4315.63,4302.41,4312.68,73748668
2022-05-24T03:00:00Z,4312.68,4327.61,4307.50,4323.15,78499571
2022-05-24T04:00:00Z,4323.15,4324.57,4313.13,4314.96,67566660
2022-05-24T05:00:00Z,4314.96,4319.36,4309.29,4318.89,57617465
2022-05-24T06:00:00Z,4318.89,4324.23,4314.93,4318.47,53156359
2022-05-24T07:00:00Z,4318.47,4326.14,4315.24,4323.61,60218050
2022-05-24T08:00:00Z,4323.61,4328.75,4318.01,4322.45,56513859
2022-05-24T09:00:00Z,4322.45,4325.12,4316.83,4323.97,61167115
2022-05-24T10:00:00Z,4323.97,4328.33,4308.42,4313.41,88859953
2022-05-24T11:00:00Z,4313.41,4327.15,4308.48,4326.54,91211801
2022-05-24T12:00:00Z,4326.54,4327.78,4322.74,4327.73,68479084
2022-05-24T13:00:00Z,4327.73,4329.71,4324.11,4327.71,66154395
2022-05-24T14:00:00Z,4327.71,4329.53,4308.42,4313.93,90061398
2022-05-24T15:00:00Z,4313.93,4319.56,4307.81,4310.44,68112355
2022-05-24T16:00:00Z,4310.44,4314.36,4300.26,4305.20,75334596
2022-05-24T17:00:00Z,4305.20,4310.88,4301.27,4306.56,58034368
2022-05-24T18:00:00Z,4306.56,4310.58,4285.98,4288.11,84675684
2022-05-24T19:00:00Z,4288.11,4288.52,4275.11,4276.65,76563792
2022-05-24T20:00:00Z,4276.65,4286.76,4275.23,4282.61,63975208
2022-05-24T21:00:00Z,4282.61,4287.58,4275.29,4280.11,67204221
2022-05-24T22:00:00Z,4280.11,4280.75,4275.71,4277.78,56539811
2022-05-24T23:00:00Z,4277.78,4278.72,4272.45,4273.84,62285265
2022-05-25T00:00:00Z,4273.84,4276.45,4270.66,4271.66,57123500
2022-05-25T01:00:00Z,4271.66,4284.37,4267.35,4279.20,66487574
2022-05-25T02:00:00Z,4279.20,4284.66,4270.61,4275.17,75221509
2022-05-25T03:00:00Z,4275.17,4280.26,4265.84,4271.01,67468663
2022-05-25T04:00:00Z,4271.01,4273.97,4267.76,4272.73,62439542
2022-05-25T05:00:00Z,4272.73,4275.68,4259.83,4265.24,82153127
2022-05-25T06:00:00Z,4265.24,4265.65,4259.45,4261.76,62330175
2022-05-25T07:00:00Z,4261.76,4262.90,4255.00,4259.71,59377833
2022-05-25T08:00:00Z,4259.71,4267.80,4256.86,4263.61,73863873
2022-05-25T09:00:00Z,4263.61,4275.64,4263.26,4272.84,86736876
2022-05-25T10:00:00Z,4272.84,4283.39,4267.48,4282.52,69476083
2022-05-25T11:00:00Z,4282.52,4283.94,4272.84,4275.34,77341556
2022-05-25T12:00:00Z,4275.34,4278.22,4273.43,4274.94,57544259
2022-05-25T13:00:00Z,4274.94,4286.09,4273.54,4281.53,68842112
2022-05-25T14:00:00Z,4281.53,4286.62,4276.67,4277.05,63546511
2022-05-25T15:00:00Z,4277.05,4286.66,4274.55,4282.05,71430656
2022-05-25T16:00:00Z,4282.05,4290.55,4278.42,4285.01,63828310
2022-05-25T17:00:00Z,4285.01,4285.99,4274.25,4279.63,61341087
2022-05-25T18:00:00Z,4279.63,4288.82,4277.44,4287.32,74494637
2022-05-25T19:00:00Z,4287.32,4295.31,4281.98,4290.28,71038577
2022-05-25T20:00:00Z,4290.28,4298.38,4288.52,4294.26,76799244
2022-05-25T21:00:00Z,4294.26,4307.58,4291.56,4302.05,80277550
2022-05-25T22:00:00Z,4302.05,4305.96,4292.53,4293.67,73056278
2022-05-25T23:00:00Z,4293.67,4296.89,4291.49,4292.21,60428360
2022-05-26T00:00:00Z,4292.21,4292.90,4283.32,4283.64,67641731
2022-05-26T01:00:00Z,4283.64,4296.99,4281.40,4291.70,75111051
2022-05-26T02:00:00Z,4291.70,4296.93,4279.33,4284.38,83412227
2022-05-26T03:00:00Z,4284.38,4284.90,4276.63,4276.74,83122888
2022-05-26T04:00:00Z,4276.74,4281.41,4274.48,4275.02,58799866
2022-05-26T05:00:00Z,4275.02,4275.69,4260.78,4263.15,76624321
2022-05-26T06:00:00Z,4263.15,4267.97,4257.99,4262.33,63125616
2022-05-26T07:00:00Z,4262.33,4265.04,4257.65,4257.85,62081264
2022-05-26T08:00:00Z,4257.85,4268.27,4252.34,4264.70,81289801
2022-05-26T09:00:00Z,4264.70,4269.59,4261.07,4262.01,70239029
2022-05-26T10:00:00Z,4262.01,4267.77,4258.32,4262.69,58450945
2022-05-26T11:00:00Z,4262.69,4273.19,4259.21,4270.97,74011704
2022-05-26T12:00:00Z,4270.97,4284.71,4267.70,4284.48,79571406
2022-05-26T13:00:00Z,4284.48,4291.24,4282.60,4290.35,66647069
2022-05-26T14:00:00Z,4290.35,4291.85,4285.80,4288.89,64996986
2022-05-26T15:00:00Z,4288.89,4301.28,4287.53,4296.37,78879123
2022-05-26T16:00:00Z,4296.37,4298.25,4284.18,4288.43,81845277
2022-05-26T17:00:00Z,4288.43,4290.92,4283.39,4290.88,58971430
2022-05-26T18:00:00Z,4290.88,4295.11,4283.22,4285.33,63508347
2022-05-26T19:00:00Z,4285.33,4287.63,4280.34,4282.77,62773594
2022-05-26T20:00:00Z,4282.77,4286.88,4271.26,4273.72,77084417
2022-05-26T21:00:00Z,4273.72,4286.57,4271.09,4286.33,75063347
2022-05-26T22:00:00Z,4286.33,4289.99,4272.67,4277.64,67298069
2022-05-26T23:00:00Z,4277.64,4290.53,4272.26,4286.59,86317107
2022-05-27T00:00:00Z,4286.59,4287.49,4272.85,4275.07,78408059
2022-05-27T01:00:00Z,4275.07,4275.33,4262.19,4265.02,74721023
2022-05-27T02:00:00Z,4265.02,4270.59,4263.82,4267.89,66378812
2022-05-27T03:00:00Z,4267.89,4269.88,4256.96,4262.48,64041176
2022-05-27T04:00:00Z,4262.48,4268.02,4252.69,4255.30,81663888
2022-05-27T05:00:00Z,4255.30,4259.78,4241.43,4246.32,71236580
2022-05-27T06:00:00Z,4246.32,4247.64,4244.36,4244.79,55008383
2022-05-27T07:00:00Z,4244.79,4248.82,4238.36,4239.03,75529345
2022-05-27T08:00:00Z,4239.03,4240.11,4233.59,4236.64,62806059
2022-05-27T09:00:00Z,4236.64,4236.70,4223.15,4226.55,84134808
2022-05-27T10:00:00Z,4226.55,4230.38,4215.03,4220.04,64392269
2022-05-27T11:00:00Z,4220.04,4229.03,4215.69,4226.13,63808548
2022-05-27T12:00:00Z,4226.13,4227.59,4220.90,4227.18,69655013
2022-05-27T13:00:00Z,4227.18,4234.75,4225.48,4231.16,72003134
2022-05-27T14:00:00Z,4231.16,4237.10,4226.21,4234.25,58843095
2022-05-27T15:00:00Z,4234.25,4234.94,4228.78,4232.07,69380763
2022-05-27T16:00:00Z,4232.07,4237.42,4225.82,4228.77,56577332
2022-05-27T17:00:00Z,4228.77,4231.77,4205.36,4210.83,89464882
2022-05-27T18:00:00Z,4210.83,4229.55,4208.71,4226.36,95537326
2022-05-27T19:00:00Z,4226.36,4227.86,4214.44,4217.82,81857211
2022-05-27T20:00:00Z,4217.82,4227.47,4212.34,4223.00,69644352
2022-05-27T21:00:00Z,4223.00,4229.75,4218.45,4224.36,62143013
2022-05-27T22:00:00Z,4224.36,4226.18,4208.13,4212.12,83791399
2022-05-27T23:00:00Z,4212.12,4216.54,4202.32,4204.37,71502764
2022-05-28T00:00:00Z,4204.37,4208.10,4203.54,4204.03,59874713
2022-05-28T01:00:00Z,4204.03,4220.57,4202.88,4216.23,82794103
2022-05-28T02:00:00Z,4216.23,4220.12,4212.42,4214.71,68850794
2022-05-28T03:00:00Z,4214.71,4215.02,4206.36,4209.84,75639514
2022-05-28T04:00:00Z,4209.84,4214.89,4206.35,4208.33,68451674
2022-05-28T05:00:00Z,4208.33,4210.71,4195.73,4200.13,75736894
2022-05-28T06:00:00Z,4200.13,4204.71,4190.71,4195.04,71159602
2022-05-28T07:00:00Z,4195.04,4198.00,4191.13,4195.82,64932905
2022-05-28T08:00:00Z,4195.82,4197.90,4190.82,4195.46,62212526
2022-05-28T09:00:00Z,4195.46,4198.50,4189.66,4191.79,74691394
2022-05-28T10:00:00Z,4191.79,4194.14,4188.50,4193.95,65964086
2022-05-28T11:00:00Z,4193.95,4199.26,4184.86,4186.35,73916130
2022-05-28T12:00:00Z,4186.35,4192.43,4183.88,4188.08,71877014
2022-05-28T13:00:00Z,4188.08,4190.15,4184.89,4186.42,57605196
2022-05-28T14:00:00Z,4186.42,4187.61,4180.33,4184.18,59878270
2022-05-28T15:00:00Z,4184.18,4192.12,4183.97,4187.49,63418886
2022-05-28T16:00:00Z,4187.49,4190.10,4185.27,4185.57,70341776
2022-05-28T17:00:00Z,4185.57,4186.71,4183.78,4184.34,67255223
2022-05-28T18:00:00Z,4184.34,4192.61,4179.35,4190.30,68153139
2022-05-28T19:00:00Z,4190.30,4192.34,4187.58,4192.24,71144102
2022-05-28T20:00:00Z,4192.24,4193.13,4188.37,4190.64,70615736
2022-05-28T21:00:00Z,4190.64,4199.77,4188.18,4194.39,73127754
2022-05-28T22:00:00Z,4194.39,4199.71,4190.40,4198.81,71277436
2022-05-28T23:00:00Z,4198.81,4199.23,4190.80,4192.16,76274161
2022-05-29T00:00:00Z,4192.16,4197.37,4188.95,4189.12,60405740
2022-05-29T01:00:00Z,4189.12,4194.51,4182.45,4185.37,62575245
2022-05-29T02:00:00Z,4185.37,4185.66,4183.79,4185.66,68817250
2022-05-29T03:00:00Z,4185.66,4192.41,4185.11,4189.58,72967463
2022-05-29T04:00:00Z,4189.58,4196.23,4184.53,4191.91,66139064
2022-05-29T05:00:00Z,4191.91,4193.91,4188.38,4191.32,70071980
2022-05-29T06:00:00Z,4191.32,4199.80,4188.76,4194.61,68728921
2022-05-29T07:00:00Z,4194.61,4196.44,4192.79,4195.02,58698550
2022-05-29T08:00:00Z,4195.02,4197.25,4191.18,4195.51,53833664
2022-05-29T09:00:00Z,4195.51,4200.33,4184.08,4187.71,83397857
2022-05-29T10:00:00Z,4187.71,4192.40,4184.87,4187.75,53755970
2022-05-29T11:00:00Z,4187.75,4191.70,4180.51,4181.93,61441532
2022-05-29T12:00:00Z,4181.93,4185.45,4177.94,4181.30,66991713
2022-05-29T13:00:00Z,4181.30,4186.24,4177.73,4183.50,71415545
2022-05-29T14:00:00Z,4183.50,4190.96,4180.70,4190.13,80819837
2022-05-29T15:00:00Z,4190.13,4197.82,4188.91,4193.24,68440135
2022-05-29T16:00:00Z,4193.24,4197.55,4191.95,4192.83,70427301
2022-05-29T17:00:00Z,4192.83,4200.26,4190.24,4196.55,63298815
2022-05-29T18:00:00Z,4196.55,4199.99,4195.72,4197.88,59127558
2022-05-29T19:00:00Z,4197.88,4207.81,4195.60,4203.91,72589095
2022-05-29T20:00:00Z,4203.91,4209.14,4201.12,4204.14,53847672
2022-05-29T21:00:00Z,4204.14,4210.23,4200.34,4207.70,64038192
2022-05-29T22:00:00Z,4207.70,4208.70,4195.46,4196.90,81809602
2022-05-29T23:00:00Z,4196.90,4199.83,4188.51,4192.23,68686301
2022-05-30T00:00:00Z,4192.23,4200.03,4188.39,4195.88,62658436
2022-05-30T01:00:00Z,4195.88,4211.58,4194.92,4209.06,86707000
2022-05-30T02:00:00Z,4209.06,4221.14,4206.45,4217.73,69513817
2022-05-30T03:00:00Z,4217.73,4224.68,4215.67,4220.97,74600051
2022-05-30T04:00:00Z,4220.97,4229.72,4215.88,4226.94,71869347
2022-05-30T05:00:00Z,4226.94,4238.15,4221.92,4233.89,80472630
2022-05-30T06:00:00Z,4233.89,4235.99,4233.07,4234.90,60360373
2022-05-30T07:00:00Z,4234.90,4247.90,4230.01,4242.79,69692543
2022-05-30T08:00:00Z,4242.79,4257.47,4239.76,4252.02,75258314
2022-05-30T09:00:00Z,4252.02,4256.12,4223.37,4228.46,99511790
2022-05-30T10:00:00Z,4228.46,4239.13,4228.20,4235.10,64130288
2022-05-30T11:00:00Z,4235.10,4237.94,4218.64,4219.66,89351077
2022-05-30T12:00:00Z,4219.66,4234.81,4216.22,4231.29,90311806
2022-05-30T13:00:00Z,4231.29,4234.06,4228.18,4230.68,59442185
2022-05-30T14:00:00Z,4230.68,4235.87,4226.20,4227.37,70857688
2022-05-30T15:00:00Z,4227.37,4246.49,4227.10,4242.93,97698929
2022-05-30T16:00:00Z,4242.93,4245.53,4236.00,4241.22,63826219
2022-05-30T17:00:00Z,4241.22,4244.33,4234.08,4236.87,60423084
2022-05-30T18:00:00Z,4236.87,4246.86,4234.50,4246.06,87125924
2022-05-30T19:00:00Z,4246.06,4247.82,4236.85,4242.13,61618349
2022-05-30T20:00:00Z,4242.13,4243.74,4233.37,4238.26,76851575
2022-05-30T21:00:00Z,4238.26,4240.09,4223.33,4226.66,81567305
2022-05-30T22:00:00Z,4226.66,4231.89,4226.44,4231.01,69313495
2022-05-30T23:00:00Z,4231.01,4233.18,4222.55,4222.68,81861082
2022-05-31T00:00:00Z,4222.68,4227.98,4217.95,4226.37,67317693
2022-05-31T01:00:00Z,4226.37,4237.20,4223.96,4231.70,63320991
2022-05-31T02:00:00Z,4231.70,4242.76,4226.99,4240.34,67121634
2022-05-31T03:00:00Z,4240.34,4241.06,4232.39,4236.05,66603417
2022-05-31T04:00:00Z,4236.05,4236.61,4233.09,4235.76,65510574
2022-05-31T05:00:00Z,4235.76,4242.56,4231.88,4240.36,73249406
2022-05-31T06:00:00Z,4240.36,4244.07,4231.11,4231.21,71350490
2022-05-31T07:00:00Z,4231.21,4231.86,4227.69,4231.39,56670425
2022-05-31T08:00:00Z,4231.39,4231.95,4214.43,4216.90,77523570
2022-05-31T09:00:00Z,4216.90,4217.57,4209.57,4210.34,79356454
2022-05-31T10:00:00Z,4210.34,4221.53,4209.45,4220.58,86999062
2022-05-31T11:00:00Z,4220.58,4225.30,4209.39,4212.17,82652035
2022-05-31T12:00:00Z,4212.17,4217.72,4211.63,4214.93,59862344
2022-05-31T13:00:00Z,4214.93,4220.96,4212.80,4220.26,61345793
2022-05-31T14:00:00Z,4220.26,4221.20,4211.66,4214.95,63516007
2022-05-31T15:00:00Z,4214.95,4219.05,4203.64,4207.67,79011071
2022-05-31T16:00:00Z,4207.67,4211.99,4204.48,4206.98,56907098
2022-05-31T17:00:00Z,4206.98,4209.78,4200.31,4202.15,73687879
2022-05-31T18:00:00Z,4202.15,4222.75,4198.15,4217.33,83974718
2022-05-31T19:00:00Z,4217.33,4221.02,4212.30,4220.64,71789603
2022-05-31T20:00:00Z,4220.64,4228.48,4216.34,4227.67,70305567
2022-05-31T21:00:00Z,4227.67,4228.63,4221.84,4227.30,53252038
2022-05-31T22:00:00Z,4227.30,4234.15,4227.01,4230.93,68918505
2022-05-31T23:00:00Z,4230.93,4233.66,4220.47,4222.99,68859942
2022-06-01T00:00:00Z,4222.99,4231.37,4222.67,4227.96,65242247
2022-06-01T01:00:00Z,4227.96,4232.33,4227.23,4227.64,57837710
2022-06-01T02:00:00Z,4227.64,4228.22,4214.74,4218.10,71654052
2022-06-01T03:00:00Z,4218.10,4234.59,4216.28,4229.43,76381787
2022-06-01T04:00:00Z,4229.43,4234.39,4224.53,4231.42,60938417
2022-06-01T05:00:00Z,4231.42,4245.21,4230.48,4239.81,66393070
2022-06-01T06:00:00Z,4239.81,4253.11,4238.32,4247.71,73033584
2022-06-01T07:00:00Z,4247.71,4249.94,4240.36,4244.69,64207558
2022-06-01T08:00:00Z,4244.69,4247.73,4233.53,4236.09,71533427
2022-06-01T09:00:00Z,4236.09,4237.53,4224.34,4226.61,75525622
2022-06-01T10:00:00Z,4226.61,4231.39,4223.67,4226.07,69646133
2022-06-01T11:00:00Z,4226.07,4235.44,4223.66,4234.83,69552425
2022-06-01T12:00:00Z,4234.83,4238.39,4230.11,4233.82,65468855
2022-06-01T13:00:00Z,4233.82,4234.16,4227.30,4230.46,73252297
2022-06-01T14:00:00Z,4230.46,4234.65,4219.38,4221.54,78764914
2022-06-01T15:00:00Z,4221.54,4225.66,4208.33,4210.89,88904571
2022-06-01T16:00:00Z,4210.89,4224.55,4208.51,4220.24,69228089
2022-06-01T17:00:00Z,4220.24,4225.17,4212.14,4213.85,80261393
2022-06-01T18:00:00Z,4213.85,4215.30,4205.56,4209.86,74403243
2022-06-01T19:00:00Z,4209.86,4214.39,4209.23,4209.65,51309562
2022-06-01T20:00:00Z,4209.65,4209.82,4193.13,4197.79,86146310
2022-06-01T21:00:00Z,4197.79,4200.13,4192.34,4193.95,65702034
2022-06-01T22:00:00Z,4193.95,4198.08,4191.79,4197.91,76122993
2022-06-01T23:00:00Z,4197.91,4203.31,4184.06,4184.59,85958853
2022-06-02T00:00:00Z,4184.59,4187.27,4181.00,4185.98,61550210
2022-06-02T01:00:00Z,4185.98,4187.33,4178.28,4182.53,62702984
2022-06-02T02:00:00Z,4182.53,4193.47,4179.86,4189.65,80712536
2022-06-02T03:00:00Z,4189.65,4195.32,4184.58,4192.29,63094875
2022-06-02T04:00:00Z,4192.29,4193.53,4190.33,4191.34,53223355
2022-06-02T05:00:00Z,4191.34,4195.56,4189.20,4194.72,73231547
2022-06-02T06:00:00Z,4194.72,4195.28,4183.10,4187.19,76065900
2022-06-02T07:00:00Z,4187.19,4190.71,4183.63,4187.05,68292511
2022-06-02T08:00:00Z,4187.05,4189.73,4186.20,4187.43,69133166
2022-06-02T09:00:00Z,4187.43,4191.66,4179.32,4183.81,61723817
2022-06-02T10:00:00Z,4183.81,4184.98,4180.55,4182.49,64391421
2022-06-02T11:00:00Z,4182.49,4186.57,4179.37,4185.48,63742128
2022-06-02T12:00:00Z,4185.48,4197.98,4181.61,4194.44,72106472
2022-06-02T13:00:00Z,4194.44,4198.72,4186.04,4186.06,71518896
2022-06-02T14:00:00Z,4186.06,4190.76,4183.49,4184.12,71182609
2022-06-02T15:00:00Z,4184.12,4186.59,4180.93,4184.86,55864983
2022-06-02T16:00:00Z,4184.86,4189.34,4184.10,4187.52,59060014
2022-06-02T17:00:00Z,4187.52,4188.68,4187.51,4188.57,68485265
2022-06-02T18:00:00Z,4188.57,4201.97,4184.63,4197.48,81685676
2022-06-02T19:00:00Z,4197.48,4211.67,4192.02,4211.57,87813413
2022-06-02T20:00:00Z,4211.57,4211.75,4200.14,4203.62,81884769
2022-06-02T21:00:00Z,4203.62,4207.90,4195.15,4200.29,72473420
2022-06-02T22:00:00Z,4200.29,4205.65,4189.34,4194.46,74496900
2022-06-02T23:00:00Z,4194.46,4196.98,4188.59,4191.97,66727875
2022-06-03T00:00:00Z,4191.97,4197.23,4181.96,4186.09,61376062
2022-06-03T01:00:00Z,4186.09,4190.94,4182.89,4188.02,66129435
2022-06-03T02:00:00Z,4188.02,4195.73,4183.30,4191.93,67919199
2022-06-03T03:00:00Z,4191.93,4197.17,4181.86,4187.20,72392278
2022-06-03T04:00:00Z,4187.20,4191.01,4183.26,4184.24,65654225
2022-06-03T05:00:00Z,4184.24,4189.04,4182.88,4185.80,68599943
2022-06-03T06:00:00Z,4185.80,4189.93,4166.47,4171.60,91494500
2022-06-03T07:00:00Z,4171.60,4175.36,4167.61,4168.70,68424418
2022-06-03T08:00:00Z,4168.70,4170.44,4163.53,4164.51,75190722
2022-06-03T09:00:00Z,4164.51,4169.31,4161.54,4163.74,56837268
2022-06-03T10:00:00Z,4163.74,4167.48,4163.06,4165.06,65464488
2022-06-03T11:00:00Z,4165.06,4178.31,4163.34,4173.29,67724381
2022-06-03T12:00:00Z,4173.29,4178.17,4168.57,4170.45,64618145
2022-06-03T13:00:00Z,4170.45,4174.83,4169.61,4171.67,52477050
2022-06-03T14:00:00Z,4171.67,4171.71,4155.50,4159.37,86247753
2022-06-03T15:00:00Z,4159.37,4166.06,4156.55,4162.79,71940396
2022-06-03T16:00:00Z,4162.79,4164.11,4160.51,4163.34,62656571
2022-06-03T17:00:00Z,4163.34,4166.79,4159.38,4161.41,64043142
2022-06-03T18:00:00Z,4161.41,4163.89,4155.03,4159.96,57774240
2022-06-03T19:00:00Z,4159.96,4160.58,4153.68,4155.08,63268505
2022-06-03T20:00:00Z,4155.08,4164.37,4152.73,4158.98,58095921
2022-06-03T21:00:00Z,4158.98,4163.29,4154.14,4154.69,76773240
2022-06-03T22:00:00Z,4154.69,4165.72,4152.56,4164.37,82697200
2022-06-03T23:00:00Z,4164.37,4166.17,4154.88,4156.74,74063058
2022-06-04T00:00:00Z,4156.74,4160.69,4154.65,4159.27,62293243
2022-06-04T01:00:00Z,4159.27,4162.77,4151.53,4156.37,56645284
2022-06-04T02:00:00Z,4156.37,4158.37,4150.66,4151.90,72191944
2022-06-04T03:00:00Z,4151.90,4155.23,4150.07,4151.42,52178627
2022-06-04T04:00:00Z,4151.42,4156.59,4147.90,4149.11,58742253
2022-06-04T05:00:00Z,4149.11,4165.96,4147.88,4165.72,94784509
2022-06-04T06:00:00Z,4165.72,4175.84,4161.35,4172.90,71165086
2022-06-04T07:00:00Z,4172.90,4175.06,4157.78,4162.82,76854317
2022-06-04T08:00:00Z,4162.82,4163.46,4156.14,4156.56,78726948
2022-06-04T09:00:00Z,4156.56,4159.14,4150.22,4153.71,62440150
2022-06-04T10:00:00Z,4153.71,4157.46,4147.67,4152.90,61273964
2022-06-04T11:00:00Z,4152.90,4169.56,4152.48,4168.41,81691834
2022-06-04T12:00:00Z,4168.41,4173.32,4161.94,4165.29,60597553
2022-06-04T13:00:00Z,4165.29,4176.91,4164.36,4172.78,76914824
2022-06-04T14:00:00Z,4172.78,4177.43,4170.65,4173.70,59538258
2022-06-04T15:00:00Z,4173.70,4178.42,4161.51,4166.93,78226748
2022-06-04T16:00:00Z,4166.93,4171.56,4164.73,4165.93,70951736
2022-06-04T17:00:00Z,4165.93,4168.78,4163.51,4165.56,58994008
2022-06-04T18:00:00Z,4165.56,4170.81,4160.15,4164.58,58152032
2022-06-04T19:00:00Z,4164.58,4169.34,4159.85,4160.78,73759856
2022-06-04T20:00:00Z,4160.78,4161.97,4150.52,4155.06,62739429
2022-06-04T21:00:00Z,4155.06,4161.65,4152.59,4160.98,66545358
2022-06-04T22:00:00Z,4160.98,4163.75,4152.97,4156.82,60199015
2022-06-04T23:00:00Z,4156.82,4172.10,4155.23,4169.09,91189003
2022-06-05T00:00:00Z,4169.09,4169.78,4161.63,4162.14,68786984
2022-06-05T01:00:00Z,4162.14,4172.18,4160.22,4169.47,84042309
2022-06-05T02:00:00Z,4169.47,4176.57,4168.62,4171.68,64367356
2022-06-05T03:00:00Z,4171.68,4180.24,4169.41,4177.71,64253477
2022-06-05T04:00:00Z,4177.71,4179.07,4174.41,4177.69,58319398
2022-06-05T05:00:00Z,4177.69,4180.69,4172.59,4177.30,58055976
2022-06-05T06:00:00Z,4177.30,4182.02,4171.21,4174.56,67562680
2022-06-05T07:00:00Z,4174.56,4178.83,4172.11,4174.23,69635827
2022-06-05T08:00:00Z,4174.23,4174.94,4161.81,4165.22,75900203
2022-06-05T09:00:00Z,4165.22,4166.13,4156.39,4159.95,67103266
2022-06-05T10:00:00Z,4159.95,4162.91,4157.91,4160.72,52493484
2022-06-05T11:00:00Z,4160.72,4166.05,4148.02,4153.40,79321914
2022-06-05T12:00:00Z,4153.40,4157.51,4143.92,4146.63,70455110
2022-06-05T13:00:00Z,4146.63,4148.68,4139.48,4141.49,61951574
2022-06-05T14:00:00Z,4141.49,4152.63,4137.24,4147.36,74472201
2022-06-05T15:00:00Z,4147.36,4159.19,4142.67,4154.70,64214771
2022-06-05T16:00:00Z,4154.70,4157.45,4153.50,4153.59,70362301
2022-06-05T17:00:00Z,4153.59,4158.03,4150.73,4151.36,74107764
2022-06-05T18:00:00Z,4151.36,4157.38,4148.39,4153.61,69925398
2022-06-05T19:00:00Z,4153.61,4166.73,4151.00,4161.76,78843260
2022-06-05T20:00:00Z,4161.76,4164.51,4157.77,4161.93,50704222
2022-06-05T21:00:00Z,4161.93,4165.25,4154.44,4155.40,72802320
2022-06-05T22:00:00Z,4155.40,4159.13,4146.26,4150.02,77767415
2022-06-05T23:00:00Z,4150.02,4151.62,4148.34,4150.16,65705338
2022-06-06T00:00:00Z,4150.16,4150.45,4146.43,4148.94,52363746
2022-06-06T01:00:00Z,4148.94,4150.26,4146.90,4148.26,63096119
2022-06-06T02:00:00Z,4148.26,4152.17,4136.06,4139.04,74750070
2022-06-06T03:00:00Z,4139.04,4146.63,4138.15,4142.01,71433575
2022-06-06T04:00:00Z,4142.01,4147.27,4139.00,4143.21,64668657
2022-06-06T05:00:00Z,4143.21,4144.20,4130.36,4133.31,81990778
2022-06-06T06:00:00Z,4133.31,4137.12,4132.48,4136.60,75509644
2022-06-06T07:00:00Z,4136.60,4154.85,4134.65,4153.75,98500039
2022-06-06T08:00:00Z,4153.75,4154.59,4146.82,4147.82,66964881
2022-06-06T09:00:00Z,4147.82,4162.50,4144.38,4158.71,78949138
2022-06-06T10:00:00Z,4158.71,4166.93,4154.27,4164.89,62315105
2022-06-06T11:00:00Z,4164.89,4171.55,4162.03,4166.71,68157532
2022-06-06T12:00:00Z,4166.71,4169.02,4162.62,4166.82,55763093
2022-06-06T13:00:00Z,4166.82,4168.01,4162.20,4164.52,54529242
2022-06-06T14:00:00Z,4164.52,4166.42,4162.08,4163.88,62994260
2022-06-06T15:00:00Z,4163.88,4170.69,4159.22,4166.19,57814881
2022-06-06T16:00:00Z,4166.19,4176.99,4162.24,4175.79,76021762
2022-06-06T17:00:00Z,4175.79,4183.11,4174.03,4181.59,80180086
2022-06-06T18:00:00Z,4181.59,4186.99,4175.39,4180.84,67018474
2022-06-06T19:00:00Z,4180.84,4192.71,4178.30,4189.14,78163028
2022-06-06T20:00:00Z,4189.14,4193.97,4184.15,4186.21,66743541
2022-06-06T21:00:00Z,4186.21,4191.15,4173.84,4178.77,69424649
2022-06-06T22:00:00Z,4178.77,4179.70,4171.98,4176.11,74210385
2022-06-06T23:00:00Z,4176.11,4193.23,4172.61,4190.93,92119383
2022-06-07T00:00:00Z,4190.93,4201.58,4186.99,4197.21,69945276
2022-06-07T01:00:00Z,4197.21,4201.38,4187.23,4188.43,81206008
2022-06-07T02:00:00Z,4188.43,4205.10,4183.29,4204.92,85764929
2022-06-07T03:00:00Z,4204.92,4214.72,4204.59,4213.53,78457264
2022-06-07T04:00:00Z,4213.53,4218.48,4208.61,4209.87,68230697
2022-06-07T05:00:00Z,4209.87,4212.31,4207.48,4210.78,65976617
2022-06-07T06:00:00Z,4210.78,4231.06,4207.47,4226.15,83955259
2022-06-07T07:00:00Z,4226.15,4233.24,4225.59,4228.89,56174161
2022-06-07T08:00:00Z,4228.89,4233.74,4227.70,4228.97,58835830
2022-06-07T09:00:00Z,4228.97,4229.64,4216.56,4218.25,74016460
2022-06-07T10:00:00Z,4218.25,4230.35,4212.84,4224.88,77752520
2022-06-07T11:00:00Z,4224.88,4229.46,4219.30,4222.37,65433567
2022-06-07T12:00:00Z,4222.37,4227.92,4221.36,4227.35,70469004
2022-06-07T13:00:00Z,4227.35,4235.43,4226.72,4234.11,65696775
2022-06-07T14:00:00Z,4234.11,4234.44,4223.83,4225.17,82910567
2022-06-07T15:00:00Z,4225.17,4230.57,4212.35,4214.56,75127874
2022-06-07T16:00:00Z,4214.56,4223.53,4212.79,4219.87,62744356
2022-06-07T17:00:00Z,4219.87,4222.10,4214.00,4218.96,61537161
2022-06-07T18:00:00Z,4218.96,4221.50,4214.14,4218.32,57745893
2022-06-07T19:00:00Z,4218.32,4219.34,4213.75,4219.27,62098958
2022-06-07T20:00:00Z,4219.27,4223.05,4214.08,4216.98,62816038
2022-06-07T21:00:00Z,4216.98,4220.28,4211.23,4216.04,64266746
2022-06-07T22:00:00Z,4216.04,4225.97,4214.84,4220.56,73688369
2022-06-07T23:00:00Z,4220.56,4222.53,4212.14,4214.79,63891575
2022-06-08T00:00:00Z,4214.79,4215.18,4208.58,4209.02,70281302
2022-06-08T01:00:00Z,4209.02,4209.17,4202.34,4206.73,62113434
2022-06-08T02:00:00Z,4206.73,4208.86,4201.46,4208.27,53329874
2022-06-08T03:00:00Z,4208.27,4225.58,4203.78,4224.72,85684958
2022-06-08T04:00:00Z,4224.72,4243.37,4223.67,4238.11,93527167
2022-06-08T05:00:00Z,4238.11,4238.81,4234.82,4235.83,61382371
2022-06-08T06:00:00Z,4235.83,4237.88,4229.60,4232.15,59313403
2022-06-08T07:00:00Z,4232.15,4235.42,4219.63,4222.65,84801941
2022-06-08T08:00:00Z,4222.65,4227.14,4218.05,4225.32,60523746
2022-06-08T09:00:00Z,4225.32,4228.49,4222.18,4227.17,64915313
2022-06-08T10:00:00Z,4227.17,4233.36,4222.65,4231.07,72924741
2022-06-08T11:00:00Z,4231.07,4240.20,4229.01,4237.41,74060069
2022-06-08T12:00:00Z,4237.41,4240.15,4231.54,4236.08,62277146
2022-06-08T13:00:00Z,4236.08,4236.81,4232.33,4235.43,64361747
2022-06-08T14:00:00Z,4235.43,4243.07,4233.65,4238.38,67468853
2022-06-08T15:00:00Z,4238.38,4242.16,4228.02,4231.80,77671038
2022-06-08T16:00:00Z,4231.80,4236.50,4228.75,4229.75,70461425
2022-06-08T17:00:00Z,4229.75,4237.98,4229.72,4233.02,67570716
2022-06-08T18:00:00Z,4233.02,4239.70,4232.55,4237.37,66580580
2022-06-08T19:00:00Z,4237.37,4245.07,4233.08,4242.66,75018698
2022-06-08T20:00:00Z,4242.66,4246.35,4238.02,4238.12,69804085
2022-06-08T21:00:00Z,4238.12,4240.34,4236.63,4239.33,58014400
2022-06-08T22:00:00Z,4239.33,4240.69,4235.71,4238.39,65919866
2022-06-08T23:00:00Z,4238.39,4241.73,4235.34,4240.90,66341071
2022-06-09T00:00:00Z,4240.90,4245.95,4239.52,4245.43,63696246
2022-06-09T01:00:00Z,4245.43,4254.09,4245.10,4250.56,70115893
2022-06-09T02:00:00Z,4250.56,4254.22,4241.68,4246.70,71619302
2022-06-09T03:00:00Z,4246.70,4252.21,4240.78,4245.28,54519298
2022-06-09T04:00:00Z,4245.28,4250.65,4239.02,4243.97,60636534
2022-06-09T05:00:00Z,4243.97,4253.82,4239.97,4248.38,73768280
2022-06-09T06:00:00Z,4248.38,4250.52,4243.41,4248.43,56045254
2022-06-09T07:00:00Z,4248.43,4248.52,4229.79,4233.97,84293800
2022-06-09T08:00:00Z,4233.97,4243.69,4231.74,4238.58,66100278
2022-06-09T09:00:00Z,4238.58,4240.92,4235.05,4236.38,73297203
2022-06-09T10:00:00Z,4236.38,4241.92,4229.55,4233.28,58925824
2022-06-09T11:00:00Z,4233.28,4234.49,4221.94,4223.43,80641510
2022-06-09T12:00:00Z,4223.43,4225.29,4209.30,4213.28,83730030
2022-06-09T13:00:00Z,4213.28,4219.94,4213.25,4215.82,59303327
2022-06-09T14:00:00Z,4215.82,4221.71,4213.89,4218.32,69113368
2022-06-09T15:00:00Z,4218.32,4228.50,4215.47,4222.96,73859315
2022-06-09T16:00:00Z,4222.96,4231.97,4221.68,4228.90,62641290
2022-06-09T17:00:00Z,4228.90,4229.11,4226.47,4227.11,70820746
2022-06-09T18:00:00Z,4227.11,4244.30,4224.83,4239.86,74368369
2022-06-09T19:00:00Z,4239.86,4241.02,4234.96,4240.14,57179127
2022-06-09T20:00:00Z,4240.14,4244.05,4236.29,4241.64,69852364
2022-06-09T21:00:00Z,4241.64,4243.99,4237.81,4240.46,58944614
2022-06-09T22:00:00Z,4240.46,4251.36,4238.43,4248.54,70394897
2022-06-09T23:00:00Z,4248.54,4257.60,4245.14,4253.70,63248627
2022-06-10T00:00:00Z,4253.70,4257.08,4243.09,4245.83,76846512
2022-06-10T01:00:00Z,4245.83,4247.18,4233.98,4238.72,83399541
2022-06-10T02:00:00Z,4238.72,4244.49,4238.05,4244.11,69449556
2022-06-10T03:00:00Z,4244.11,4248.30,4239.42,4246.77,62476857
2022-06-10T04:00:00Z,4246.77,4246.82,4236.95,4241.42,64545156
2022-06-10T05:00:00Z,4241.42,4242.22,4231.60,4235.57,69886181
2022-06-10T06:00:00Z,4235.57,4236.39,4234.66,4236.36,63238533
2022-06-10T07:00:00Z,4236.36,4242.08,4231.08,4239.23,73051294
2022-06-10T08:00:00Z,4239.23,4244.85,4238.82,4242.31,60939285
2022-06-10T09:00:00Z,4242.31,4249.96,4238.15,4244.55,65338805
2022-06-10T10:00:00Z,4244.55,4249.12,4241.35,4246.15,60590041
2022-06-10T11:00:00Z,4246.15,4246.82,4238.09,4238.54,64968243
2022-06-10T12:00:00Z,4238.54,4248.73,4235.66,4244.35,77783830
2022-06-10T13:00:00Z,4244.35,4249.30,4241.75,4246.55,54411564
2022-06-10T14:00:00Z,4246.55,4249.13,4238.87,4242.01,71436831
2022-06-10T15:00:00Z,4242.01,4247.67,4240.56,4247.08,64598287
2022-06-10T16:00:00Z,4247.08,4250.82,4242.65,4246.89,70333862
2022-06-10T17:00:00Z,4246.89,4247.02,4239.64,4242.99,69818424
2022-06-10T18:00:00Z,4242.99,4245.30,4242.96,4243.53,67294691
2022-06-10T19:00:00Z,4243.53,4247.87,4240.34,4244.67,58562036
2022-06-10T20:00:00Z,4244.67,4252.61,4239.86,4249.52,67635035
2022-06-10T21:00:00Z,4249.52,4251.40,4231.77,4233.86,99183363
2022-06-10T22:00:00Z,4233.86,4237.39,4224.76,4230.15,69242717
2022-06-10T23:00:00Z,4230.15,4233.85,4226.24,4233.34,56281259
2022-06-11T00:00:00Z,4233.34,4235.11,4228.10,4233.12,55095257
2022-06-11T01:00:00Z,4233.12,4233.96,4226.42,4229.50,69985013
2022-06-11T02:00:00Z,4229.50,4240.75,4224.66,4235.65,68687289
2022-06-11T03:00:00Z,4235.65,4256.10,4230.31,4252.69,99853749
2022-06-11T04:00:00Z,4252.69,4257.51,4247.64,4254.31,70615930
2022-06-11T05:00:00Z,4254.31,4259.51,4248.26,4252.01,65735294
2022-06-11T06:00:00Z,4252.01,4261.54,4249.95,4261.42,77341347
2022-06-11T07:00:00Z,4261.42,4267.45,4258.15,4267.20,74151210
2022-06-11T08:00:00Z,4267.20,4269.58,4263.90,4267.79,69259588
2022-06-11T09:00:00Z,4267.79,4273.21,4264.23,4267.32,57633951
2022-06-11T10:00:00Z,4267.32,4270.19,4255.71,4256.86,86188799
2022-06-11T11:00:00Z,4256.86,4266.07,4253.55,4260.56,75528478
2022-06-11T12:00:00Z,4260.56,4263.64,4254.51,4257.11,66678417
2022-06-11T13:00:00Z,4257.11,4260.28,4249.85,4251.47,72125297
2022-06-11T14:00:00Z,4251.47,4256.00,4235.53,4239.46,79162805
2022-06-11T15:00:00Z,4239.46,4240.79,4231.51,4234.39,76456074
2022-06-11T16:00:00Z,4234.39,4243.16,4234.36,4240.12,76862582
2022-06-11T17:00:00Z,4240.12,4240.78,4233.95,4236.69,74113336
2022-06-11T18:00:00Z,4236.69,4241.67,4231.70,4232.52,75122788
2022-06-11T19:00:00Z,4232.52,4242.11,4227.95,4239.02,67040417
2022-06-11T20:00:00Z,4239.02,4259.37,4237.34,4255.71,94584496
2022-06-11T21:00:00Z,4255.71,4261.17,4246.96,4249.01,78273077
2022-06-11T22:00:00Z,4249.01,4254.66,4247.02,4249.55,61543931
2022-06-11T23:00:00Z,4249.55,4250.71,4232.17,4232.55,83510167
2022-06-12T00:00:00Z,4232.55,4240.42,4229.81,4235.61,64406167
2022-06-12T01:00:00Z,4235.61,4239.55,4220.31,4222.84,83542960
2022-06-12T02:00:00Z,4222.84,4223.53,4213.67,4218.68,73112335
2022-06-12T03:00:00Z,4218.68,4219.25,4212.70,4216.07,58576752
2022-06-12T04:00:00Z,4216.07,4216.20,4209.71,4214.95,69252875
2022-06-12T05:00:00Z,4214.95,4217.63,4201.88,4205.59,70522130
2022-06-12T06:00:00Z,4205.59,4207.62,4195.36,4200.82,63765157
2022-06-12T07:00:00Z,4200.82,4205.63,4188.06,4192.36,81325086
2022-06-12T08:00:00Z,4192.36,4200.46,4189.76,4199.09,63210844
2022-06-12T09:00:00Z,4199.09,4207.23,4196.72,4204.89,67183863
2022-06-12T10:00:00Z,4204.89,4210.14,4203.74,4209.71,74195265
2022-06-12T11:00:00Z,4209.71,4218.64,4205.68,4214.00,76323878
2022-06-12T12:00:00Z,4214.00,4215.46,4205.93,4211.36,56504875
2022-06-12T13:00:00Z,4211.36,4217.16,4210.69,4213.15,53461015
2022-06-12T14:00:00Z,4213.15,4216.54,4196.57,4199.81,85145698
2022-06-12T15:00:00Z,4199.81,4209.42,4196.71,4207.66,82389745
2022-06-12T16:00:00Z,4207.66,4213.67,4203.23,4212.50,63493626
2022-06-12T17:00:00Z,4212.50,4214.97,4210.62,4213.75,54920298
2022-06-12T18:00:00Z,4213.75,4215.58,4209.74,4215.11,67632316
2022-06-12T19:00:00Z,4215.11,4216.60,4208.23,4211.58,71506839
2022-06-12T20:00:00Z,4211.58,4222.75,4209.26,4221.20,74438457
2022-06-12T21:00:00Z,4221.20,4232.84,4220.71,4227.77,69998641
2022-06-12T22:00:00Z,4227.77,4232.58,4212.65,4216.62,88520088
2022-06-12T23:00:00Z,4216.62,4224.74,4212.47,4222.76,73890752
2022-06-13T00:00:00Z,4222.76,4236.75,4219.28,4234.84,86990859
2022-06-13T01:00:00Z,4234.84,4236.69,4233.36,4236.02,71568073
2022-06-13T02:00:00Z,4236.02,4242.16,4233.70,4242.01,76389780
2022-06-13T03:00:00Z,4242.01,4245.01,4236.41,4239.98,72070360
2022-06-13T04:00:00Z,4239.98,4252.45,4239.32,4249.51,71245698
2022-06-13T05:00:00Z,4249.51,4251.48,4238.09,4242.86,76819412
2022-06-13T06:00:00Z,4242.86,4247.84,4235.58,4240.30,67926499
2022-06-13T07:00:00Z,4240.30,4245.39,4232.17,4234.18,72971909
2022-06-13T08:00:00Z,4234.18,4235.58,4228.25,4232.93,63855390
2022-06-13T09:00:00Z,4232.93,4234.43,4222.33,4224.89,79912656
2022-06-13T10:00:00Z,4224.89,4230.08,4210.62,4216.14,81857409
2022-06-13T11:00:00Z,4216.14,4220.65,4211.63,4213.12,56580767
2022-06-13T12:00:00Z,4213.12,4214.65,4203.62,4208.03,62414364
2022-06-13T13:00:00Z,4208.03,4217.02,4203.99,4215.13,74401209
2022-06-13T14:00:00Z,4215.13,4216.41,4204.50,4204.79,84718365
2022-06-13T15:00:00Z,4204.79,4205.10,4200.29,4201.33,74043989
2022-06-13T16:00:00Z,4201.33,4207.26,4198.17,4206.90,77013689
2022-06-13T17:00:00Z,4206.90,4209.97,4193.58,4194.94,75034031
2022-06-13T18:00:00Z,4194.94,4196.92,4190.86,4190.94,77522340
2022-06-13T19:00:00Z,4190.94,4192.55,4176.27,4178.64,74419815
2022-06-13T20:00:00Z,4178.64,4184.51,4178.34,4181.98,72665924
2022-06-13T21:00:00Z,4181.98,4185.93,4162.72,4166.41,80163895
2022-06-13T22:00:00Z,4166.41,4168.46,4155.15,4155.38,77595797
2022-06-13T23:00:00Z,4155.38,4159.60,4153.08,4153.17,61345592
2022-06-14T00:00:00Z,4153.17,4157.14,4148.18,4156.14,65224518
2022-06-14T01:00:00Z,4156.14,4162.09,4152.05,4158.54,57989468
2022-06-14T02:00:00Z,4158.54,4163.35,4152.17,4157.57,56837473
2022-06-14T03:00:00Z,4157.57,4166.67,4154.59,4162.02,60407696
2022-06-14T04:00:00Z,4162.02,4172.64,4161.46,4169.29,67961903
2022-06-14T05:00:00Z,4169.29,4170.82,4164.98,4168.03,58461044
2022-06-14T06:00:00Z,4168.03,4173.32,4163.15,4171.71,59221154
2022-06-14T07:00:00Z,4171.71,4175.67,4170.69,4172.77,59086630
2022-06-14T08:00:00Z,4172.77,4178.84,4170.89,4178.39,70710980
2022-06-14T09:00:00Z,4178.39,4180.18,4172.61,4173.59,66826829
2022-06-14T10:00:00Z,4173.59,4176.74,4164.24,4168.44,77106413
2022-06-14T11:00:00Z,4168.44,4174.97,4168.42,4174.17,69566911
2022-06-14T12:00:00Z,4174.17,4185.48,4172.24,4185.20,73825993
2022-06-14T13:00:00Z,4185.20,4189.92,4175.71,4180.45,66655229
2022-06-14T14:00:00Z,4180.45,4184.25,4179.76,4180.29,55913908
2022-06-14T15:00:00Z,4180.29,4192.73,4178.50,4188.16,71431633
2022-06-14T16:00:00Z,4188.16,4188.98,4184.64,4184.64,75052714
2022-06-14T17:00:00Z,4184.64,4188.54,4179.03,4183.03,58000571
2022-06-14T18:00:00Z,4183.03,4192.50,4179.70,4190.75,75322445
2022-06-14T19:00:00Z,4190.75,4199.47,4190.45,4199.02,70080360
2022-06-14T20:00:00Z,4199.02,4201.48,4185.87,4190.22,81777714
2022-06-14T21:00:00Z,4190.22,4199.36,4189.03,4199.03,79985388
2022-06-14T22:00:00Z,4199.03,4202.50,4195.29,4201.44,70306294
2022-06-14T23:00:00Z,4201.44,4205.25,4197.86,4204.24,69005521
2022-06-15T00:00:00Z,4204.24,4204.37,4196.69,4196.88,70314546
2022-06-15T01:00:00Z,4196.88,4198.57,4195.79,4196.76,61623515
2022-06-15T02:00:00Z,4196.76,4200.32,4184.75,4190.07,75855129
2022-06-15T03:00:00Z,4190.07,4192.77,4184.52,4185.66,65145124
2022-06-15T04:00:00Z,4185.66,4197.48,4183.54,4196.78,82818466
2022-06-15T05:00:00Z,4196.78,4201.84,4185.78,4191.01,70797996
2022-06-15T06:00:00Z,4191.01,4194.52,4189.95,4190.83,52046339
2022-06-15T07:00:00Z,4190.83,4196.15,4187.57,4190.36,61742916
2022-06-15T08:00:00Z,4190.36,4194.46,4185.28,4188.36,56507074
2022-06-15T09:00:00Z,4188.36,4192.70,4186.41,4187.79,55204173
2022-06-15T10:00:00Z,4187.79,4197.88,4185.73,4197.05,82765269
2022-06-15T11:00:00Z,4197.05,4202.01,4189.00,4192.51,63919913
2022-06-15T12:00:00Z,4192.51,4196.20,4187.25,4192.75,69231963
2022-06-15T13:00:00Z,4192.75,4193.44,4185.33,4190.67,62660749
2022-06-15T14:00:00Z,4190.67,4203.77,4189.78,4200.71,81126833
2022-06-15T15:00:00Z,4200.71,4202.46,4196.96,4199.21,71060248
2022-06-15T16:00:00Z,4199.21,4201.85,4188.10,4193.39,64081837
2022-06-15T17:00:00Z,4193.39,4195.32,4179.12,4183.57,76982748
2022-06-15T18:00:00Z,4183.57,4188.51,4169.26,4174.39,85995738
2022-06-15T19:00:00Z,4174.39,4186.41,4170.98,4182.19,67027650
2022-06-15T20:00:00Z,4182.19,4191.82,4181.45,4186.96,78958812
2022-06-15T21:00:00Z,4186.96,4188.63,4185.27,4186.65,69936241
2022-06-15T22:00:00Z,4186.65,4186.79,4179.69,4180.69,62755771
2022-06-15T23:00:00Z,4180.69,4197.07,4177.69,4194.80,79299369
2022-06-16T00:00:00Z,4194.80,4194.97,4186.74,4191.75,61694596
2022-06-16T01:00:00Z,4191.75,4198.94,4186.50,4195.22,75936295
2022-06-16T02:00:00Z,4195.22,4199.53,4184.81,4187.03,68531540
2022-06-16T03:00:00Z,4187.03,4192.54,4182.59,4188.12,66196516
2022-06-16T04:00:00Z,4188.12,4188.54,4183.46,4186.98,70311070
2022-06-16T05:00:00Z,4186.98,4188.14,4178.29,4181.46,79767368
2022-06-16T06:00:00Z,4181.46,4183.63,4171.79,4172.66,75204371
2022-06-16T07:00:00Z,4172.66,4180.68,4172.19,4178.33,73718891
2022-06-16T08:00:00Z,4178.33,4178.60,4159.76,4164.27,95471566
2022-06-16T09:00:00Z,4164.27,4165.96,4153.13,4157.61,75258094
2022-06-16T10:00:00Z,4157.61,4160.88,4155.47,4160.23,68036486
2022-06-16T11:00:00Z,4160.23,4167.44,4155.48,4164.26,66464684
2022-06-16T12:00:00Z,4164.26,4165.41,4147.44,4150.43,86029919
2022-06-16T13:00:00Z,4150.43,4154.46,4148.44,4152.16,63440183
2022-06-16T14:00:00Z,4152.16,4158.25,4150.84,4157.85,70730499
2022-06-16T15:00:00Z,4157.85,4159.61,4141.55,4146.11,73229908
2022-06-16T16:00:00Z,4146.11,4154.00,4141.71,4153.43,78913726
2022-06-16T17:00:00Z,4153.43,4164.63,4152.75,4160.90,78098343
2022-06-16T18:00:00Z,4160.90,4164.12,4145.95,4147.80,86495345
2022-06-16T19:00:00Z,4147.80,4162.53,4142.53,4157.17,81225613
2022-06-16T20:00:00Z,4157.17,4158.06,4153.36,4156.32,52849859
2022-06-16T21:00:00Z,4156.32,4158.95,4149.01,4150.50,64100431
2022-06-16T22:00:00Z,4150.50,4157.70,4148.72,4156.60,75313216
2022-06-16T23:00:00Z,4156.60,4160.36,4154.55,4157.34,54536698
2022-06-17T00:00:00Z,4157.34,4158.25,4147.38,4152.34,77394092
2022-06-17T01:00:00Z,4152.34,4158.80,4149.83,4154.67,72117973
2022-06-17T02:00:00Z,4154.67,4161.15,4152.84,4158.73,77161416
2022-06-17T03:00:00Z,4158.73,4159.65,4147.35,4152.37,67274093
2022-06-17T04:00:00Z,4152.37,4152.79,4144.69,4145.25,69205443
2022-06-17T05:00:00Z,4145.25,4151.02,4141.18,4148.60,63037109
2022-06-17T06:00:00Z,4148.60,4161.51,4144.26,4159.73,81838306
2022-06-17T07:00:00Z,4159.73,4171.86,4157.50,4170.87,76498902
2022-06-17T08:00:00Z,4170.87,4178.44,4168.92,4175.76,64287274
2022-06-17T09:00:00Z,4175.76,4178.69,4174.99,4176.54,54927017
2022-06-17T10:00:00Z,4176.54,4182.49,4172.25,4179.94,70138667
2022-06-17T11:00:00Z,4179.94,4195.13,4175.63,4194.48,79220301
2022-06-17T12:00:00Z,4194.48,4199.18,4186.04,4190.61,57428888
2022-06-17T13:00:00Z,4190.61,4193.31,4184.95,4185.25,76833022
2022-06-17T14:00:00Z,4185.25,4189.32,4174.41,4176.46,70222146
2022-06-17T15:00:00Z,4176.46,4184.03,4174.14,4181.69,64424195
2022-06-17T16:00:00Z,4181.69,4183.32,4162.88,4166.80,91577887
2022-06-17T17:00:00Z,4166.80,4177.27,4163.17,4173.80,67879538
2022-06-17T18:00:00Z,4173.80,4188.79,4169.65,4185.76,73805338
2022-06-17T19:00:00Z,4185.76,4189.88,4173.87,4175.11,86698089
2022-06-17T20:00:00Z,4175.11,4177.97,4166.91,4171.48,64443010
2022-06-17T21:00:00Z,4171.48,4186.49,4167.51,4181.59,70040686
2022-06-17T22:00:00Z,4181.59,4195.12,4180.87,4191.83,82078375
2022-06-17T23:00:00Z,4191.83,4201.43,4188.33,4196.76,62503082
2022-06-18T00:00:00Z,4196.76,4197.73,4194.52,4194.67,71657613
2022-06-18T01:00:00Z,4194.67,4195.24,4181.46,4183.74,85190825
2022-06-18T02:00:00Z,4183.74,4192.68,4178.74,4191.73,75984766
2022-06-18T03:00:00Z,4191.73,4206.82,4191.13,4204.95,78962551
2022-06-18T04:00:00Z,4204.95,4209.93,4202.84,4205.79,70437078
2022-06-18T05:00:00Z,4205.79,4210.83,4204.14,4209.52,60494196
2022-06-18T06:00:00Z,4209.52,4213.53,4198.86,4202.22,77206214
2022-06-18T07:00:00Z,4202.22,4202.81,4194.28,4198.92,74186925
2022-06-18T08:00:00Z,4198.92,4200.01,4189.94,4194.78,62447839
2022-06-18T09:00:00Z,4194.78,4211.01,4194.10,4210.49,99605551
2022-06-18T10:00:00Z,4210.49,4218.21,4208.27,4214.95,73693261
2022-06-18T11:00:00Z,4214.95,4227.10,4213.75,4227.07,86714858
2022-06-18T12:00:00Z,4227.07,4231.66,4220.45,4224.43,56054551
2022-06-18T13:00:00Z,4224.43,4228.68,4214.64,4216.58,73312271
2022-06-18T14:00:00Z,4216.58,4221.43,4211.14,4215.11,61467779
2022-06-18T15:00:00Z,4215.11,4216.15,4214.74,4215.48,65830631
2022-06-18T16:00:00Z,4215.48,4218.34,4204.12,4206.56,68351949
2022-06-18T17:00:00Z,4206.56,4213.08,4204.17,4210.13,58223100
2022-06-18T18:00:00Z,4210.13,4216.68,4205.90,4212.15,59049518
2022-06-18T19:00:00Z,4212.15,4216.08,4205.72,4208.20,76393645
2022-06-18T20:00:00Z,4208.20,4210.35,4193.36,4193.57,84466180
2022-06-18T21:00:00Z,4193.57,4197.38,4186.03,4190.59,58907407
2022-06-18T22:00:00Z,4190.59,4198.32,4187.42,4195.03,68842342
2022-06-18T23:00:00Z,4195.03,4206.41,4193.05,4202.70,77530042
2022-06-19T00:00:00Z,4202.70,4207.37,4201.48,4202.07,69068506
2022-06-19T01:00:00Z,4202.07,4205.40,4196.55,4199.99,58767344
2022-06-19T02:00:00Z,4199.99,4202.55,4191.11,4191.32,83756486
2022-06-19T03:00:00Z,4191.32,4199.25,4189.77,4199.17,80078499
2022-06-19T04:00:00Z,4199.17,4203.36,4198.43,4198.65,66061902
2022-06-19T05:00:00Z,4198.65,4203.87,4197.43,4199.41,68414699
2022-06-19T06:00:00Z,4199.41,4201.11,4195.64,4196.13,67755457
2022-06-19T07:00:00Z,4196.13,4202.40,4192.87,4199.84,70360147
2022-06-19T08:00:00Z,4199.84,4201.22,4194.26,4198.35,68150213
2022-06-19T09:00:00Z,4198.35,4201.51,4193.28,4196.10,61348287
2022-06-19T10:00:00Z,4196.10,4209.30,4191.89,4207.24,81642480
2022-06-19T11:00:00Z,4207.24,4216.18,4202.93,4215.25,69831696
2022-06-19T12:00:00Z,4215.25,4226.14,4211.98,4223.91,83772009
2022-06-19T13:00:00Z,4223.91,4227.33,4218.83,4221.49,62528561
2022-06-19T14:00:00Z,4221.49,4225.50,4221.31,4223.90,62969347
2022-06-19T15:00:00Z,4223.90,4230.43,4221.40,4227.16,70867346
2022-06-19T16:00:00Z,4227.16,4235.28,4226.11,4232.60,65230932
2022-06-19T17:00:00Z,4232.60,4235.27,4225.41,4229.46,70755422
2022-06-19T18:00:00Z,4229.46,4231.97,4227.58,4231.45,58059396
2022-06-19T19:00:00Z,4231.45,4239.86,4229.42,4238.49,74584942
2022-06-19T20:00:00Z,4238.49,4242.44,4227.99,4232.75,74368081
2022-06-19T21:00:00Z,4232.75,4236.54,4226.61,4231.58,67469826
2022-06-19T22:00:00Z,4231.58,4233.09,4221.32,4223.77,76532154
2022-06-19T23:00:00Z,4223.77,4233.32,4220.78,4230.21,64148228
2022-06-20T00:00:00Z,4230.21,4234.14,4227.12,4229.91,65827698
2022-06-20T01:00:00Z,4229.91,4239.16,4225.30,4236.78,66875703
2022-06-20T02:00:00Z,4236.78,4242.52,4234.11,4242.34,67678226
2022-06-20T03:00:00Z,4242.34,4243.00,4234.81,4237.20,67073172
2022-06-20T04:00:00Z,4237.20,4243.48,4232.68,4239.57,62925500
2022-06-20T05:00:00Z,4239.57,4244.02,4237.50,4238.96,51893466
2022-06-20T06:00:00Z,4238.96,4244.86,4236.09,4240.49,56162538
2022-06-20T07:00:00Z,4240.49,4247.94,4239.31,4243.44,65154960
2022-06-20T08:00:00Z,4243.44,4250.96,4240.76,4247.90,59674598
2022-06-20T09:00:00Z,4247.90,4248.99,4243.15,4247.79,65459930
2022-06-20T10:00:00Z,4247.79,4255.23,4242.73,4253.03,73064918
2022-06-20T11:00:00Z,4253.03,4264.03,4249.77,4262.80,87748212
2022-06-20T12:00:00Z,4262.80,4267.52,4254.37,4258.32,75830521
2022-06-20T13:00:00Z,4258.32,4262.78,4257.71,4260.72,72124692
2022-06-20T14:00:00Z,4260.72,4264.83,4257.64,4260.72,68225769
2022-06-20T15:00:00Z,4260.72,4265.45,4259.30,4261.28,61342578
2022-06-20T16:00:00Z,4261.28,4263.37,4258.37,4263.31,57100921
2022-06-20T17:00:00Z,4263.31,4266.55,4251.16,4255.84,68390438
2022-06-20T18:00:00Z,4255.84,4256.27,4246.46,4250.79,70843564
2022-06-20T19:00:00Z,4250.79,4252.51,4245.78,4250.99,54741470
2022-06-20T20:00:00Z,4250.99,4253.11,4240.84,4242.77,72477952
2022-06-20T21:00:00Z,4242.77,4242.86,4233.38,4236.81,77788038
2022-06-20T22:00:00Z,4236.81,4237.26,4232.96,4233.90,59812213
2022-06-20T23:00:00Z,4233.90,4234.41,4226.29,4230.29,71085620
2022-06-21T00:00:00Z,4230.29,4231.98,4222.18,4224.78,66206760
2022-06-21T01:00:00Z,4224.78,4235.14,4220.21,4230.20,78588561
2022-06-21T02:00:00Z,4230.20,4234.88,4220.05,4225.02,67988414
2022-06-21T03:00:00Z,4225.02,4225.41,4218.28,4219.90,70559716
2022-06-21T04:00:00Z,4219.90,4224.82,4211.25,4213.00,75281222
2022-06-21T05:00:00Z,4213.00,4230.23,4208.49,4225.95,80519684
2022-06-21T06:00:00Z,4225.95,4230.52,4220.77,4224.11,70782679
2022-06-21T07:00:00Z,4224.11,4235.89,4223.11,4232.67,72311775
2022-06-21T08:00:00Z,4232.67,4235.94,4227.99,4232.59,58675275
2022-06-21T09:00:00Z,4232.59,4233.44,4228.55,4231.30,69638482
2022-06-21T10:00:00Z,4231.30,4232.99,4229.33,4231.40,57081094
2022-06-21T11:00:00Z,4231.40,4235.67,4226.38,4231.09,52000735
2022-06-21T12:00:00Z,4231.09,4242.77,4230.18,4237.73,80676436
2022-06-21T13:00:00Z,4237.73,4240.50,4234.68,4236.51,52754907
2022-06-21T14:00:00Z,4236.51,4246.92,4233.46,4245.55,70420823
2022-06-21T15:00:00Z,4245.55,4248.17,4241.49,4247.95,55529705
2022-06-21T16:00:00Z,4247.95,4251.28,4244.89,4246.77,56625312
2022-06-21T17:00:00Z,4246.77,4249.43,4243.50,4246.88,68770092
2022-06-21T18:00:00Z,4246.88,4248.72,4235.69,4239.70,82031950
2022-06-21T19:00:00Z,4239.70,4248.47,4236.91,4243.67,63248175
2022-06-21T20:00:00Z,4243.67,4247.72,4242.82,4243.98,57116897
2022-06-21T21:00:00Z,4243.98,4251.11,4241.05,4247.27,63628908
2022-06-21T22:00:00Z,4247.27,4248.34,4241.21,4244.68,72680810
2022-06-21T23:00:00Z,4244.68,4245.92,4241.59,4244.79,67526866
2022-06-22T00:00:00Z,4244.79,4250.53,4242.37,4249.31,68256998
2022-06-22T01:00:00Z,4249.31,4261.12,4248.87,4256.08,75572287
2022-06-22T02:00:00Z,4256.08,4259.27,4240.57,4244.01,77805727
2022-06-22T03:00:00Z,4244.01,4252.79,4241.70,4249.89,66775884
2022-06-22T04:00:00Z,4249.89,4254.58,4241.31,4243.32,67404752
2022-06-22T05:00:00Z,4243.32,4247.99,4228.23,4230.70,79943513
2022-06-22T06:00:00Z,4230.70,4234.65,4227.83,4230.98,61798366
2022-06-22T07:00:00Z,4230.98,4234.11,4228.14,4230.62,61425106
2022-06-22T08:00:00Z,4230.62,4234.13,4223.69,4223.88,71361436
2022-06-22T09:00:00Z,4223.88,4227.03,4220.88,4221.59,71345940
2022-06-22T10:00:00Z,4221.59,4228.97,4221.20,4228.04,73958574
2022-06-22T11:00:00Z,4228.04,4229.01,4217.98,4222.09,69455799
2022-06-22T12:00:00Z,4222.09,4232.70,4221.30,4229.25,72905390
2022-06-22T13:00:00Z,4229.25,4233.75,4228.32,4231.37,71976237
2022-06-22T14:00:00Z,4231.37,4233.47,4225.66,4227.07,62831906
2022-06-22T15:00:00Z,4227.07,4228.69,4216.05,4216.77,73237932
2022-06-22T16:00:00Z,4216.77,4223.76,4213.66,4218.81,56313190
2022-06-22T17:00:00Z,4218.81,4219.22,4211.26,4213.29,79354646
2022-06-22T18:00:00Z,4213.29,4214.80,4210.34,4210.74,63407539
2022-06-22T19:00:00Z,4210.74,4216.69,4207.93,4213.65,59044060
2022-06-22T20:00:00Z,4213.65,4234.18,4212.37,4231.44,86923953
2022-06-22T21:00:00Z,4231.44,4237.03,4227.13,4234.89,74838135
2022-06-22T22:00:00Z,4234.89,4244.33,4230.99,4243.99,72507131
2022-06-22T23:00:00Z,4243.99,4244.05,4239.09,4241.41,61331046
2022-06-23T00:00:00Z,4241.41,4244.00,4240.89,4243.48,59133336
2022-06-23T01:00:00Z,4243.48,4251.33,4243.17,4247.50,58704778
2022-06-23T02:00:00Z,4247.50,4253.01,4246.87,4252.35,65360459
2022-06-23T03:00:00Z,4252.35,4257.74,4249.50,4252.72,64862908
2022-06-23T04:00:00Z,4252.72,4253.66,4248.77,4249.87,71851200
2022-06-23T05:00:00Z,4249.87,4258.11,4247.55,4256.09,62276381
2022-06-23T06:00:00Z,4256.09,4277.46,4254.38,4272.96,88978481
2022-06-23T07:00:00Z,4272.96,4277.47,4268.43,4271.91,58034140
2022-06-23T08:00:00Z,4271.91,4276.15,4267.11,4271.16,58180785
2022-06-23T09:00:00Z,4271.16,4272.28,4267.80,4270.17,68490010
2022-06-23T10:00:00Z,4270.17,4272.97,4267.69,4272.69,64286687
2022-06-23T11:00:00Z,4272.69,4274.63,4264.84,4269.77,68368264
2022-06-23T12:00:00Z,4269.77,4274.17,4261.91,4264.35,77464935
2022-06-23T13:00:00Z,4264.35,4266.50,4260.64,4265.07,70750139
2022-06-23T14:00:00Z,4265.07,4267.53,4261.21,4266.08,53307315
2022-06-23T15:00:00Z,4266.08,4266.88,4264.91,4265.23,66537113
2022-06-23T16:00:00Z,4265.23,4279.19,4264.77,4278.52,94330006
2022-06-23T17:00:00Z,4278.52,4278.92,4269.76,4269.99,71545854
2022-06-23T18:00:00Z,4269.99,4270.37,4261.71,4262.85,66937916
2022-06-23T19:00:00Z,4262.85,4265.81,4257.41,4259.25,75938039
2022-06-23T20:00:00Z,4259.25,4263.32,4247.29,4252.28,80787432
2022-06-23T21:00:00Z,4252.28,4254.51,4247.69,4250.18,68404661
2022-06-23T22:00:00Z,4250.18,4254.11,4240.49,4244.83,72005097
2022-06-23T23:00:00Z,4244.83,4247.72,4239.79,4240.00,65004594
2022-06-24T00:00:00Z,4240.00,4250.60,4237.03,4250.42,71039456
2022-06-24T01:00:00Z,4250.42,4253.82,4247.39,4248.61,53658012
2022-06-24T02:00:00Z,4248.61,4252.81,4246.45,4249.24,53149191
2022-06-24T03:00:00Z,4249.24,4256.39,4244.80,4255.03,64142713
2022-06-24T04:00:00Z,4255.03,4260.80,4254.65,4260.29,78114725
2022-06-24T05:00:00Z,4260.29,4263.50,4254.73,4259.19,65398175
2022-06-24T06:00:00Z,4259.19,4262.77,4254.24,4260.25,67611705
2022-06-24T07:00:00Z,4260.25,4273.46,4258.53,4271.72,81344895
2022-06-24T08:00:00Z,4271.72,4276.63,4266.46,4271.43,62176966
2022-06-24T09:00:00Z,4271.43,4276.06,4270.76,4274.71,64027845
2022-06-24T10:00:00Z,4274.71,4274.90,4266.89,4270.10,65881167
2022-06-24T11:00:00Z,4270.10,4278.01,4268.30,4277.74,81362137
2022-06-24T12:00:00Z,4277.74,4278.39,4268.73,4271.49,64873339
2022-06-24T13:00:00Z,4271.49,4275.50,4270.19,4273.45,59975403
2022-06-24T14:00:00Z,4273.45,4278.12,4263.67,4266.69,74652289
2022-06-24T15:00:00Z,4266.69,4270.04,4262.24,4264.62,56103636
2022-06-24T16:00:00Z,4264.62,4274.01,4259.75,4273.15,66908040
2022-06-24T17:00:00Z,4273.15,4276.66,4270.17,4273.78,64188128
2022-06-24T18:00:00Z,4273.78,4279.81,4272.81,4278.19,67445140
2022-06-24T19:00:00Z,4278.19,4282.14,4271.05,4272.37,67780702
2022-06-24T20:00:00Z,4272.37,4273.57,4269.00,4270.84,68741522
2022-06-24T21:00:00Z,4270.84,4278.02,4269.11,4276.20,77382989
2022-06-24T22:00:00Z,4276.20,4279.00,4262.33,4262.99,91580245
2022-06-24T23:00:00Z,4262.99,4273.69,4259.45,4270.89,83696899
2022-06-25T00:00:00Z,4270.89,4279.11,4270.54,4274.24,62530851
2022-06-25T01:00:00Z,4274.24,4281.61,4270.02,4280.38,72449359
2022-06-25T02:00:00Z,4280.38,4284.55,4265.69,4268.88,81189901
2022-06-25T03:00:00Z,4268.88,4270.58,4267.36,4268.65,69103491
2022-06-25T04:00:00Z,4268.65,4270.80,4266.77,4266.79,62561674
2022-06-25T05:00:00Z,4266.79,4269.60,4262.03,4269.57,72397141
2022-06-25T06:00:00Z,4269.57,4270.35,4266.14,4266.80,61008997
2022-06-25T07:00:00Z,4266.80,4277.19,4262.38,4276.27,74373661
2022-06-25T08:00:00Z,4276.27,4279.11,4272.34,4276.40,56795171
2022-06-25T09:00:00Z,4276.40,4279.69,4273.08,4278.91,73582573
2022-06-25T10:00:00Z,4278.91,4282.23,4276.17,4277.52,70109836
2022-06-25T11:00:00Z,4277.52,4278.66,4262.76,4265.61,74622339
2022-06-25T12:00:00Z,4265.61,4270.33,4255.63,4259.62,67629393
2022-06-25T13:00:00Z,4259.62,4263.06,4258.43,4260.95,65540077
2022-06-25T14:00:00Z,4260.95,4262.39,4258.52,4261.28,60762369
2022-06-25T15:00:00Z,4261.28,4268.30,4256.59,4265.91,62057586
2022-06-25T16:00:00Z,4265.91,4268.07,4258.90,4260.98,64025954
2022-06-25T17:00:00Z,4260.98,4265.90,4254.84,4257.94,63956589
2022-06-25T18:00:00Z,4257.94,4259.39,4251.89,4255.22,58028285
2022-06-25T19:00:00Z,4255.22,4261.92,4252.93,4260.84,63245026
2022-06-25T20:00:00Z,4260.84,4265.60,4256.62,4262.10,64666051
2022-06-25T21:00:00Z,4262.10,4270.91,4262.06,4265.87,57403964
2022-06-25T22:00:00Z,4265.87,4277.97,4265.60,4275.31,85205359
2022-06-25T23:00:00Z,4275.31,4279.98,4262.09,4263.67,85946429
2022-06-26T00:00:00Z,4263.67,4267.59,4259.09,4264.82,70064483
2022-06-26T01:00:00Z,4264.82,4269.46,4260.25,4262.98,60909418
2022-06-26T02:00:00Z,4262.98,4264.78,4244.53,4248.75,93956758
2022-06-26T03:00:00Z,4248.75,4259.06,4244.76,4255.30,67211111
2022-06-26T04:00:00Z,4255.30,4264.22,4252.85,4260.71,60792157
2022-06-26T05:00:00Z,4260.71,4264.29,4237.32,4241.17,100440335
2022-06-26T06:00:00Z,4241.17,4244.58,4235.01,4237.55,69444729
2022-06-26T07:00:00Z,4237.55,4246.31,4233.44,4243.20,69879374
2022-06-26T08:00:00Z,4243.20,4252.17,4242.43,4247.46,68513478
2022-06-26T09:00:00Z,4247.46,4252.32,4242.45,4246.43,69850569
2022-06-26T10:00:00Z,4246.43,4248.58,4241.82,4247.73,72226745
2022-06-26T11:00:00Z,4247.73,4248.62,4239.38,4243.28,69105769
2022-06-26T12:00:00Z,4243.28,4243.32,4235.95,4238.47,73148947
2022-06-26T13:00:00Z,4238.47,4239.67,4231.29,4232.71,68882706
2022-06-26T14:00:00Z,4232.71,4233.48,4215.99,4220.44,80477792
2022-06-26T15:00:00Z,4220.44,4228.63,4217.86,4223.78,75905522
2022-06-26T16:00:00Z,4223.78,4224.97,4220.57,4221.34,65699764
2022-06-26T17:00:00Z,4221.34,4231.50,4218.02,4227.81,72503533
2022-06-26T18:00:00Z,4227.81,4238.71,4225.90,4234.00,77671333
2022-06-26T19:00:00Z,4234.00,4241.07,4231.35,4238.51,63916842
2022-06-26T20:00:00Z,4238.51,4239.86,4234.39,4239.17,69046567
2022-06-26T21:00:00Z,4239.17,4241.24,4231.42,4235.52,73435025
2022-06-26T22:00:00Z,4235.52,4237.22,4234.03,4234.30,71092387
2022-06-26T23:00:00Z,4234.30,4242.80,4229.81,4241.97,75889927
2022-06-27T00:00:00Z,4241.97,4246.29,4240.98,4242.46,69150106
2022-06-27T01:00:00Z,4242.46,4247.11,4238.47,4241.99,67028904
2022-06-27T02:00:00Z,4241.99,4244.78,4241.87,4241.97,66437963
2022-06-27T03:00:00Z,4241.97,4246.09,4230.84,4232.23,68842409
2022-06-27T04:00:00Z,4232.23,4242.78,4227.86,4238.86,71966780
2022-06-27T05:00:00Z,4238.86,4251.23,4237.20,4250.24,87008298
2022-06-27T06:00:00Z,4250.24,4254.55,4249.62,4252.58,70790653
2022-06-27T07:00:00Z,4252.58,4259.55,4251.66,4257.59,71886304
2022-06-27T08:00:00Z,4257.59,4263.50,4257.05,4262.12,77449264
2022-06-27T09:00:00Z,4262.12,4272.58,4260.11,4272.28,75509074
2022-06-27T10:00:00Z,4272.28,4275.19,4264.54,4268.08,68150646
2022-06-27T11:00:00Z,4268.08,4271.74,4261.50,4265.75,71891144
2022-06-27T12:00:00Z,4265.75,4266.59,4260.01,4263.96,60341835
2022-06-27T13:00:00Z,4263.96,4266.01,4260.94,4260.99,65163201
2022-06-27T14:00:00Z,4260.99,4265.99,4260.31,4262.42,64935136
2022-06-27T15:00:00Z,4262.42,4268.39,4258.45,4264.56,65203656
2022-06-27T16:00:00Z,4264.56,4283.13,4261.60,4281.52,96049444
2022-06-27T17:00:00Z,4281.52,4286.44,4279.61,4280.31,65888602
2022-06-27T18:00:00Z,4280.31,4282.52,4277.33,4280.73,56946794
2022-06-27T19:00:00Z,4280.73,4287.26,4280.56,4282.62,65688969
2022-06-27T20:00:00Z,4282.62,4292.55,4281.52,4290.41,72916403
2022-06-27T21:00:00Z,4290.41,4301.08,4287.20,4297.15,66292387
2022-06-27T22:00:00Z,4297.15,4302.77,4295.46,4298.31,57172115
2022-06-27T23:00:00Z,4298.31,4310.02,4298.03,4309.10,78238079
2022-06-28T00:00:00Z,4309.10,4313.49,4301.56,4302.84,72463759
2022-06-28T01:00:00Z,4302.84,4303.73,4295.10,4298.67,70055095
2022-06-28T02:00:00Z,4298.67,4301.47,4295.92,4298.55,57005749
2022-06-28T03:00:00Z,4298.55,4299.98,4293.22,4293.42,59724527
2022-06-28T04:00:00Z,4293.42,4294.71,4280.96,4282.89,80822356
2022-06-28T05:00:00Z,4282.89,4289.52,4277.95,4284.83,57653307
2022-06-28T06:00:00Z,4284.83,4288.69,4283.75,4286.10,57795893
2022-06-28T07:00:00Z,4286.10,4288.56,4276.89,4280.29,66205769
2022-06-28T08:00:00Z,4280.29,4282.45,4271.80,4274.95,76056972
2022-06-28T09:00:00Z,4274.95,4278.30,4264.34,4267.27,76676389
2022-06-28T10:00:00Z,4267.27,4271.45,4260.45,4263.91,74870883
2022-06-28T11:00:00Z,4263.91,4269.84,4261.76,4268.02,74154345
2022-06-28T12:00:00Z,4268.02,4282.83,4264.88,4279.39,79235480
2022-06-28T13:00:00Z,4279.39,4281.40,4275.88,4275.99,58424078
2022-06-28T14:00:00Z,4275.99,4280.44,4274.60,4278.94,62319253
2022-06-28T15:00:00Z,4278.94,4283.08,4269.75,4270.20,68795035
2022-06-28T16:00:00Z,4270.20,4275.21,4266.08,4274.87,73408489
2022-06-28T17:00:00Z,4274.87,4282.79,4274.19,4277.78,63751009
2022-06-28T18:00:00Z,4277.78,4291.42,4274.94,4287.51,85612172
2022-06-28T19:00:00Z,4287.51,4292.30,4281.53,4286.13,69397502
2022-06-28T20:00:00Z,4286.13,4288.47,4273.69,4277.42,67357635
2022-06-28T21:00:00Z,4277.42,4285.15,4274.80,4284.05,70453853
2022-06-28T22:00:00Z,4284.05,4292.11,4281.28,4290.96,76717920
2022-06-28T23:00:00Z,4290.96,4291.32,4286.48,4291.18,67297671
2022-06-29T00:00:00Z,4291.18,4300.81,4290.08,4297.30,69990341
2022-06-29T01:00:00Z,4297.30,4300.35,4293.62,4297.36,54438988
2022-06-29T02:00:00Z,4297.36,4301.48,4292.86,4294.85,54813962
2022-06-29T03:00:00Z,4294.85,4299.15,4291.81,4293.38,62583781
2022-06-29T04:00:00Z,4293.38,4296.32,4289.52,4292.11,68117708
2022-06-29T05:00:00Z,4292.11,4292.73,4287.12,4287.48,68738507
2022-06-29T06:00:00Z,4287.48,4288.71,4285.50,4287.72,64468391
2022-06-29T07:00:00Z,4287.72,4291.70,4277.02,4279.64,72619204
2022-06-29T08:00:00Z,4279.64,4284.65,4279.13,4282.20,63919077
2022-06-29T09:00:00Z,4282.20,4283.91,4281.98,4283.73,54709477
2022-06-29T10:00:00Z,4283.73,4288.36,4281.41,4284.74,57384515
2022-06-29T11:00:00Z,4284.74,4288.90,4280.79,4288.41,63115284
2022-06-29T12:00:00Z,4288.41,4295.47,4284.54,4293.02,61877574
2022-06-29T13:00:00Z,4293.02,4300.46,4290.95,4300.29,70713244
2022-06-29T14:00:00Z,4300.29,4303.57,4295.93,4298.16,56680135
2022-06-29T15:00:00Z,4298.16,4298.82,4293.72,4294.76,58167196
2022-06-29T16:00:00Z,4294.76,4297.92,4291.99,4297.11,69089901
2022-06-29T17:00:00Z,4297.11,4311.51,4293.34,4310.41,84995804
2022-06-29T18:00:00Z,4310.41,4319.90,4309.48,4316.19,69185598
2022-06-29T19:00:00Z,4316.19,4317.77,4315.02,4315.61,60600736
2022-06-29T20:00:00Z,4315.61,4320.40,4304.57,4309.41,75515380
2022-06-29T21:00:00Z,4309.41,4310.31,4304.63,4306.24,62698445
2022-06-29T22:00:00Z,4306.24,4311.51,4304.67,4309.73,74391339
2022-06-29T23:00:00Z,4309.73,4310.71,4296.09,4299.38,74924805
2022-06-30T00:00:00Z,4299.38,4300.33,4292.97,4297.10,60746615
2022-06-30T01:00:00Z,4297.10,4300.86,4292.12,4299.46,73378596
2022-06-30T02:00:00Z,4299.46,4303.89,4297.15,4300.11,54051922
2022-06-30T03:00:00Z,4300.11,4301.79,4283.80,4285.62,88224888
2022-06-30T04:00:00Z,4285.62,4291.21,4284.96,4287.94,61432171
2022-06-30T05:00:00Z,4287.94,4297.30,4283.71,4294.05,78878602
2022-06-30T06:00:00Z,4294.05,4296.52,4288.40,4293.50,67170669
2022-06-30T07:00:00Z,4293.50,4299.59,4291.00,4299.21,71795381
2022-06-30T08:00:00Z,4299.21,4301.53,4297.23,4297.64,55532731
2022-06-30T09:00:00Z,4297.64,4302.12,4296.58,4301.32,74557293
2022-06-30T10:00:00Z,4301.32,4307.52,4298.39,4302.50,71011083
2022-06-30T11:00:00Z,4302.50,4314.10,4299.91,4312.94,86121971
2022-06-30T12:00:00Z,4312.94,4315.92,4302.17,4305.23,80326107
2022-06-30T13:00:00Z,4305.23,4315.66,4302.72,4313.80,85798644
2022-06-30T14:00:00Z,4313.80,4315.76,4311.61,4313.55,64723953
2022-06-30T15:00:00Z,4313.55,4317.49,4302.52,4306.93,78647719
2022-06-30T16:00:00Z,4306.93,4315.94,4306.50,4310.92,60685741
2022-06-30T17:00:00Z,4310.92,4314.54,4306.40,4308.40,58367096
2022-06-30T18:00:00Z,4308.40,4311.69,4303.66,4308.02,70618806
2022-06-30T19:00:00Z,4308.02,4309.55,4300.07,4302.17,66791495
2022-06-30T20:00:00Z,4302.17,4302.50,4295.95,4299.35,67467476
2022-06-30T21:00:00Z,4299.35,4303.04,4291.24,4291.99,70208075
2022-06-30T22:00:00Z,4291.99,4292.10,4279.82,4281.88,80026325
2022-06-30T23:00:00Z,4281.88,4288.83,4281.69,4287.08,70244160
2022-07-01T00:00:00Z,4287.08,4298.76,4282.89,4297.90,81712915
2022-07-01T01:00:00Z,4297.90,4304.18,4292.93,4304.04,62041238
2022-07-01T02:00:00Z,4304.04,4312.15,4301.25,4307.77,67559799
2022-07-01T03:00:00Z,4307.77,4322.55,4305.55,4317.59,85738690
2022-07-01T04:00:00Z,4317.59,4328.55,4315.35,4325.68,73181783
2022-07-01T05:00:00Z,4325.68,4335.11,4321.58,4330.45,67078833
2022-07-01T06:00:00Z,4330.45,4334.60,4322.79,4326.71,70499536
2022-07-01T07:00:00Z,4326.71,4342.07,4324.04,4339.66,92343469
2022-07-01T08:00:00Z,4339.66,4340.25,4333.33,4337.76,65049556
2022-07-01T09:00:00Z,4337.76,4341.33,4329.75,4331.75,70152593
2022-07-01T10:00:00Z,4331.75,4337.61,4326.79,4333.75,73422411
2022-07-01T11:00:00Z,4333.75,4336.24,4327.01,4329.49,59484604
2022-07-01T12:00:00Z,4329.49,4331.22,4318.15,4320.59,81531467
2022-07-01T13:00:00Z,4320.59,4322.32,4315.12,4319.11,65904557
2022-07-01T14:00:00Z,4319.11,4324.12,4307.85,4311.50,73012621
2022-07-01T15:00:00Z,4311.50,4314.91,4303.70,4307.10,64091054
2022-07-01T16:00:00Z,4307.10,4308.48,4298.57,4301.25,78441077
2022-07-01T17:00:00Z,4301.25,4307.65,4300.76,4305.49,59980666
2022-07-01T18:00:00Z,4305.49,4311.04,4301.20,4307.42,57524476
2022-07-01T19:00:00Z,4307.42,4310.57,4306.81,4310.00,65719419
2022-07-01T20:00:00Z,4310.00,4311.01,4309.63,4310.52,53266119
2022-07-01T21:00:00Z,4310.52,4319.39,4307.76,4318.10,78088593
2022-07-01T22:00:00Z,4318.10,4325.17,4314.07,4320.03,70298492
2022-07-01T23:00:00Z,4320.03,4330.19,4317.64,4328.37,83646610
2022-07-02T00:00:00Z,4328.37,4331.97,4311.95,4312.56,91457168
2022-07-02T01:00:00Z,4312.56,4316.92,4292.29,4297.41,79532203
2022-07-02T02:00:00Z,4297.41,4301.04,4295.40,4295.80,55710449
2022-07-02T03:00:00Z,4295.80,4299.53,4291.52,4294.40,55230929
2022-07-02T04:00:00Z,4294.40,4299.72,4289.87,4298.33,70179458
2022-07-02T05:00:00Z,4298.33,4304.25,4297.30,4300.96,64648464
2022-07-02T06:00:00Z,4300.96,4307.03,4299.01,4303.22,54319848
2022-07-02T07:00:00Z,4303.22,4313.12,4302.33,4311.46,85277888
2022-07-02T08:00:00Z,4311.46,4315.67,4300.13,4300.89,81570714
2022-07-02T09:00:00Z,4300.89,4301.02,4288.94,4290.02,78912969
2022-07-02T10:00:00Z,4290.02,4300.93,4285.69,4300.06,82481301
2022-07-02T11:00:00Z,4300.06,4304.71,4295.38,4301.62,53544018
2022-07-02T12:00:00Z,4301.62,4301.76,4297.23,4299.78,60625359
2022-07-02T13:00:00Z,4299.78,4310.24,4297.07,4305.86,72833570
2022-07-02T14:00:00Z,4305.86,4310.00,4305.38,4309.99,72687799
2022-07-02T15:00:00Z,4309.99,4323.07,4309.53,4320.67,73467873
2022-07-02T16:00:00Z,4320.67,4324.95,4319.93,4324.47,57910004
2022-07-02T17:00:00Z,4324.47,4328.27,4323.73,4323.99,53389732
2022-07-02T18:00:00Z,4323.99,4326.10,4322.17,4322.51,71074285
2022-07-02T19:00:00Z,4322.51,4328.02,4317.75,4324.88,64527036
2022-07-02T20:00:00Z,4324.88,4327.93,4318.79,4322.31,68284897
2022-07-02T21:00:00Z,4322.31,4325.75,4315.51,4319.10,57735722
2022-07-02T22:00:00Z,4319.10,4320.68,4315.94,4319.67,71043812
2022-07-02T23:00:00Z,4319.67,4329.72,4318.12,4326.83,79283416
2022-07-03T00:00:00Z,4326.83,4335.49,4322.23,4333.76,70256281
2022-07-03T01:00:00Z,4333.76,4335.07,4323.58,4325.53,72910290
2022-07-03T02:00:00Z,4325.53,4330.35,4315.60,4318.09,65802861
2022-07-03T03:00:00Z,4318.09,4324.78,4317.13,4320.71,62966537
2022-07-03T04:00:00Z,4320.71,4323.23,4319.06,4322.88,57536388
2022-07-03T05:00:00Z,4322.88,4323.57,4319.22,4320.45,64742121
2022-07-03T06:00:00Z,4320.45,4321.35,4309.36,4311.15,71334467
2022-07-03T07:00:00Z,4311.15,4313.54,4310.26,4310.79,54274385
2022-07-03T08:00:00Z,4310.79,4310.95,4308.78,4309.81,61579947
2022-07-03T09:00:00Z,4309.81,4312.66,4295.21,4299.74,79531355
2022-07-03T10:00:00Z,4299.74,4312.59,4296.39,4308.97,75071740
2022-07-03T11:00:00Z,4308.97,4318.33,4308.82,4318.15,86674809
2022-07-03T12:00:00Z,4318.15,4322.90,4317.33,4318.02,52556020
2022-07-03T13:00:00Z,4318.02,4322.89,4308.86,4309.92,73567953
2022-07-03T14:00:00Z,4309.92,4325.07,4308.08,4320.59,72797375
2022-07-03T15:00:00Z,4320.59,4327.56,4319.58,4327.01,75699940
2022-07-03T16:00:00Z,4327.01,4330.74,4319.46,4322.18,74090623
2022-07-03T17:00:00Z,4322.18,4323.91,4314.95,4318.04,68027068
2022-07-03T18:00:00Z,4318.04,4325.46,4315.50,4321.29,59466737
2022-07-03T19:00:00Z,4321.29,4323.41,4317.43,4320.65,65504007
2022-07-03T20:00:00Z,4320.65,4325.64,4310.33,4314.25,77214287
2022-07-03T21:00:00Z,4314.25,4317.38,4311.77,4314.03,67818747
2022-07-03T22:00:00Z,4314.03,4316.72,4307.01,4308.00,77770273
2022-07-03T23:00:00Z,4308.00,4312.37,4303.88,4311.63,76024418
2022-07-04T00:00:00Z,4311.63,4316.30,4310.34,4311.86,70191820
2022-07-04T01:00:00Z,4311.86,4316.72,4307.46,4309.96,72155751
2022-07-04T02:00:00Z,4309.96,4310.71,4307.75,4307.88,68130543
2022-07-04T03:00:00Z,4307.88,4309.30,4304.15,4304.37,60110139
2022-07-04T04:00:00Z,4304.37,4304.92,4296.21,4296.77,76989187
2022-07-04T05:00:00Z,4296.77,4304.16,4295.30,4301.82,59450170
2022-07-04T06:00:00Z,4301.82,4306.10,4300.64,4301.94,55668510
2022-07-04T07:00:00Z,4301.94,4309.23,4301.00,4307.38,66087910
2022-07-04T08:00:00Z,4307.38,4317.43,4304.45,4314.50,76728246
2022-07-04T09:00:00Z,4314.50,4323.14,4310.29,4320.46,77414265
2022-07-04T10:00:00Z,4320.46,4327.34,4318.85,4324.26,64905497
2022-07-04T11:00:00Z,4324.26,4326.09,4316.74,4317.74,68956433
2022-07-04T12:00:00Z,4317.74,4321.61,4312.95,4316.21,63104758
2022-07-04T13:00:00Z,4316.21,4318.95,4308.65,4312.65,71980955
2022-07-04T14:00:00Z,4312.65,4318.43,4307.62,4317.18,76739785
2022-07-04T15:00:00Z,4317.18,4321.95,4313.98,4314.72,59541729
2022-07-04T16:00:00Z,4314.72,4315.99,4300.09,4300.59,79164329
2022-07-04T17:00:00Z,4300.59,4303.20,4288.19,4292.31,72278390
2022-07-04T18:00:00Z,4292.31,4304.35,4288.90,4302.66,86210775
2022-07-04T19:00:00Z,4302.66,4305.94,4296.92,4300.89,67052724
2022-07-04T20:00:00Z,4300.89,4304.29,4296.77,4297.39,68566621
2022-07-04T21:00:00Z,4297.39,4301.74,4295.30,4299.32,61460632
2022-07-04T22:00:00Z,4299.32,4305.99,4299.12,4301.27,58806653
2022-07-04T23:00:00Z,4301.27,4303.51,4297.17,4300.91,63089856
2022-07-05T00:00:00Z,4300.91,4303.88,4291.01,4292.88,77955066
2022-07-05T01:00:00Z,4292.88,4299.22,4292.24,4298.08,72791910
2022-07-05T02:00:00Z,4298.08,4298.94,4295.04,4298.27,65987960
2022-07-05T03:00:00Z,4298.27,4300.71,4296.95,4300.14,56165310
2022-07-05T04:00:00Z,4300.14,4307.18,4295.82,4304.99,75585123
2022-07-05T05:00:00Z,4304.99,4307.32,4294.25,4299.01,61376336
2022-07-05T06:00:00Z,4299.01,4302.24,4292.49,4293.76,72885370
2022-07-05T07:00:00Z,4293.76,4301.72,4292.71,4299.85,63282148
2022-07-05T08:00:00Z,4299.85,4313.79,4297.64,4311.08,71512122
2022-07-05T09:00:00Z,4311.08,4314.19,4310.50,4312.87,69438170
2022-07-05T10:00:00Z,4312.87,4313.14,4310.04,4312.77,65234148
2022-07-05T11:00:00Z,4312.77,4313.80,4303.87,4308.71,57793562
2022-07-05T12:00:00Z,4308.71,4310.52,4304.05,4310.32,70101238
2022-07-05T13:00:00Z,4310.32,4311.02,4304.73,4307.06,65283692
2022-07-05T14:00:00Z,4307.06,4327.11,4302.36,4323.00,96095672
2022-07-05T15:00:00Z,4323.00,4324.84,4321.28,4323.28,58243482
2022-07-05T16:00:00Z,4323.28,4323.86,4309.71,4312.98,77827246
2022-07-05T17:00:00Z,4312.98,4318.07,4310.24,4313.92,63998906
2022-07-05T18:00:00Z,4313.92,4318.46,4307.93,4308.84,61637408
2022-07-05T19:00:00Z,4308.84,4309.64,4298.41,4302.44,70549630
2022-07-05T20:00:00Z,4302.44,4305.57,4296.92,4299.88,67030867
2022-07-05T21:00:00Z,4299.88,4304.81,4297.64,4303.98,57678034
2022-07-05T22:00:00Z,4303.98,4318.36,4298.99,4317.71,87788209
2022-07-05T23:00:00Z,4317.71,4320.06,4315.79,4318.42,67137510
2022-07-06T00:00:00Z,4318.42,4318.74,4304.09,4306.19,83618778
2022-07-06T01:00:00Z,4306.19,4316.63,4302.14,4315.76,80731848
2022-07-06T02:00:00Z,4315.76,4334.41,4315.50,4329.57,76381841
2022-07-06T03:00:00Z,4329.57,4332.96,4325.85,4332.15,63233558
2022-07-06T04:00:00Z,4332.15,4333.83,4327.44,4329.62,59065139
2022-07-06T05:00:00Z,4329.62,4340.54,4326.57,4339.56,84735164
2022-07-06T06:00:00Z,4339.56,4343.43,4338.81,4340.30,62934778
2022-07-06T07:00:00Z,4340.30,4351.61,4338.24,4349.10,83883197
2022-07-06T08:00:00Z,4349.10,4355.71,4347.58,4351.47,59169337
2022-07-06T09:00:00Z,4351.47,4356.43,4350.72,4355.05,58470485
2022-07-06T10:00:00Z,4355.05,4360.03,4350.30,4358.48,62185166
2022-07-06T11:00:00Z,4358.48,4360.91,4341.71,4343.13,83637466
2022-07-06T12:00:00Z,4343.13,4344.22,4341.42,4342.99,64017820
2022-07-06T13:00:00Z,4342.99,4344.98,4337.94,4342.14,66103139
2022-07-06T14:00:00Z,4342.14,4346.40,4335.12,4338.61,67964000
2022-07-06T15:00:00Z,4338.61,4339.96,4331.28,4336.28,58323396
2022-07-06T16:00:00Z,4336.28,4341.24,4333.15,4334.26,61887465
2022-07-06T17:00:00Z,4334.26,4338.39,4331.61,4333.26,62640652
2022-07-06T18:00:00Z,4333.26,4336.97,4323.03,4325.53,79399234
2022-07-06T19:00:00Z,4325.53,4333.16,4321.54,4328.53,74235879
2022-07-06T20:00:00Z,4328.53,4340.17,4323.80,4336.68,77841027
2022-07-06T21:00:00Z,4336.68,4338.84,4328.33,4329.11,74770454
2022-07-06T22:00:00Z,4329.11,4335.64,4326.10,4331.23,71972021
2022-07-06T23:00:00Z,4331.23,4350.57,4326.85,4347.14,79663848
2022-07-07T00:00:00Z,4347.14,4351.58,4329.10,4332.79,77212636
2022-07-07T01:00:00Z,4332.79,4334.05,4326.91,4330.31,73741219
2022-07-07T02:00:00Z,4330.31,4333.65,4325.98,4327.00,59449614
2022-07-07T03:00:00Z,4327.00,4329.23,4315.13,4316.40,86843038
2022-07-07T04:00:00Z,4316.40,4324.94,4312.90,4320.79,71757658
2022-07-07T05:00:00Z,4320.79,4324.32,4315.15,4318.41,57699177
2022-07-07T06:00:00Z,4318.41,4320.41,4309.66,4312.81,63423431
2022-07-07T07:00:00Z,4312.81,4317.22,4309.14,4311.71,67686699
2022-07-07T08:00:00Z,4311.71,4315.71,4304.50,4305.66,78777791
2022-07-07T09:00:00Z,4305.66,4306.34,4298.14,4299.65,73888535
2022-07-07T10:00:00Z,4299.65,4306.89,4297.39,4304.85,65805769
2022-07-07T11:00:00Z,4304.85,4306.66,4298.62,4300.77,76340332
2022-07-07T12:00:00Z,4300.77,4301.02,4287.71,4288.82,72591455
2022-07-07T13:00:00Z,4288.82,4292.99,4281.97,4284.35,74749885
2022-07-07T14:00:00Z,4284.35,4290.29,4283.47,4285.65,57528828
2022-07-07T15:00:00Z,4285.65,4287.78,4284.87,4285.94,60986821
2022-07-07T16:00:00Z,4285.94,4287.03,4275.85,4275.86,81212844
2022-07-07T17:00:00Z,4275.86,4285.88,4271.86,4283.40,81530971
2022-07-07T18:00:00Z,4283.40,4283.49,4278.11,4282.30,68310368
2022-07-07T19:00:00Z,4282.30,4285.28,4278.46,4284.45,61649637
2022-07-07T20:00:00Z,4284.45,4303.32,4283.78,4299.31,89057992
2022-07-07T21:00:00Z,4299.31,4304.34,4291.76,4294.11,67411835
2022-07-07T22:00:00Z,4294.11,4305.61,4291.42,4301.47,64238656
2022-07-07T23:00:00Z,4301.47,4303.72,4297.28,4298.96,72306810
2022-07-08T00:00:00Z,4298.96,4303.02,4292.31,4294.45,62924559
2022-07-08T01:00:00Z,4294.45,4297.40,4288.53,4292.55,54124888
2022-07-08T02:00:00Z,4292.55,4292.67,4286.44,4288.22,67255373
2022-07-08T03:00:00Z,4288.22,4300.18,4286.37,4299.12,79344334
2022-07-08T04:00:00Z,4299.12,4304.32,4296.70,4301.12,59587941
2022-07-08T05:00:00Z,4301.12,4306.15,4296.77,4302.09,60650581
2022-07-08T06:00:00Z,4302.09,4306.70,4286.73,4289.20,79818820
2022-07-08T07:00:00Z,4289.20,4290.94,4284.87,4290.04,60678917
2022-07-08T08:00:00Z,4290.04,4294.63,4288.79,4293.04,62771735
2022-07-08T09:00:00Z,4293.04,4299.99,4290.16,4297.32,59959904
2022-07-08T10:00:00Z,4297.32,4309.18,4296.52,4309.13,87957355
2022-07-08T11:00:00Z,4309.13,4313.66,4303.32,4307.79,54857817
2022-07-08T12:00:00Z,4307.79,4312.01,4303.66,4304.74,58194833
2022-07-08T13:00:00Z,4304.74,4316.83,4302.27,4314.55,77311321
2022-07-08T14:00:00Z,4314.55,4316.44,4299.80,4301.15,92431563
2022-07-08T15:00:00Z,4301.15,4310.51,4299.16,4306.57,76870883
2022-07-08T16:00:00Z,4306.57,4308.20,4300.07,4301.90,65287564
2022-07-08T17:00:00Z,4301.90,4307.58,4299.32,4303.15,56021163
2022-07-08T18:00:00Z,4303.15,4326.58,4302.82,4321.91,101617564
2022-07-08T19:00:00Z,4321.91,4331.77,4319.13,4329.47,73174856
2022-07-08T20:00:00Z,4329.47,4334.30,4319.73,4323.81,63166705
2022-07-08T21:00:00Z,4323.81,4323.94,4319.47,4320.69,62160793
2022-07-08T22:00:00Z,4320.69,4325.77,4316.04,4321.18,53205556
2022-07-08T23:00:00Z,4321.18,4323.16,4318.89,4323.12,60128989
2022-07-09T00:00:00Z,4323.12,4327.93,4320.58,4322.09,66874008
2022-07-09T01:00:00Z,4322.09,4333.55,4321.61,4328.89,74100616
2022-07-09T02:00:00Z,4328.89,4333.35,4321.31,4322.12,74350883
2022-07-09T03:00:00Z,4322.12,4326.94,4315.89,4319.86,59941499
2022-07-09T04:00:00Z,4319.86,4329.01,4316.69,4327.27,73031015
2022-07-09T05:00:00Z,4327.27,4332.54,4327.08,4331.58,65670372
2022-07-09T06:00:00Z,4331.58,4334.56,4324.69,4327.67,60875837
2022-07-09T07:00:00Z,4327.67,4333.92,4326.25,4332.94,74956226
2022-07-09T08:00:00Z,4332.94,4336.07,4331.67,4333.06,53418276
2022-07-09T09:00:00Z,4333.06,4341.88,4328.92,4338.92,79868846
2022-07-09T10:00:00Z,4338.92,4344.95,4338.51,4343.06,74150876
2022-07-09T11:00:00Z,4343.06,4354.57,4339.91,4353.57,75790179
2022-07-09T12:00:00Z,4353.57,4375.53,4350.04,4371.30,95292799
2022-07-09T13:00:00Z,4371.30,4376.01,4368.39,4375.83,63212345
2022-07-09T14:00:00Z,4375.83,4383.26,4374.44,4378.08,57799002
2022-07-09T15:00:00Z,4378.08,4387.05,4375.96,4385.00,77929363
2022-07-09T16:00:00Z,4385.00,4403.97,4380.92,4400.15,82666048
2022-07-09T17:00:00Z,4400.15,4404.69,4397.31,4399.11,59315351
2022-07-09T18:00:00Z,4399.11,4405.52,4395.33,4402.64,59989926
2022-07-09T19:00:00Z,4402.64,4416.13,4400.55,4411.83,81293059
2022-07-09T20:00:00Z,4411.83,4415.53,4405.49,4410.38,65939516
2022-07-09T21:00:00Z,4410.38,4411.40,4409.07,4410.35,70048417
2022-07-09T22:00:00Z,4410.35,4411.78,4404.12,4405.21,65118652
2022-07-09T23:00:00Z,4405.21,4417.17,4401.83,4413.47,65984272
2022-07-10T00:00:00Z,4413.47,4418.16,4406.23,4410.41,69845024
2022-07-10T01:00:00Z,4410.41,4413.89,4398.50,4401.45,66926215
2022-07-10T02:00:00Z,4401.45,4402.61,4397.29,4397.58,73747100
2022-07-10T03:00:00Z,4397.58,4407.07,4392.56,4404.71,65551305
2022-07-10T04:00:00Z,4404.71,4415.02,4400.19,4413.37,69021316
2022-07-10T05:00:00Z,4413.37,4417.73,4407.08,4411.70,63608284
2022-07-10T06:00:00Z,4411.70,4423.05,4411.33,4420.04,70961111
2022-07-10T07:00:00Z,4420.04,4425.46,4417.03,4425.27,72071347
2022-07-10T08:00:00Z,4425.27,4426.61,4418.09,4422.65,62905940
2022-07-10T09:00:00Z,4422.65,4426.10,4421.02,4425.44,61498668
2022-07-10T10:00:00Z,4425.44,4430.47,4424.20,4429.63,74500789
2022-07-10T11:00:00Z,4429.63,4433.78,4426.06,4429.26,69840377
2022-07-10T12:00:00Z,4429.26,4444.21,4426.03,4439.42,72237267
2022-07-10T13:00:00Z,4439.42,4447.84,4435.68,4443.59,58242579
2022-07-10T14:00:00Z,4443.59,4459.50,4441.98,4454.88,86723066
2022-07-10T15:00:00Z,4454.88,4457.37,4451.04,4456.83,62484982
2022-07-10T16:00:00Z,4456.83,4463.57,4455.51,4460.64,69970564
2022-07-10T17:00:00Z,4460.64,4466.64,4455.62,4462.01,60141117
2022-07-10T18:00:00Z,4462.01,4473.04,4461.15,4471.40,76548850
2022-07-10T19:00:00Z,4471.40,4473.21,4463.75,4464.65,80348497
2022-07-10T20:00:00Z,4464.65,4469.58,4457.57,4462.33,69242006
2022-07-10T21:00:00Z,4462.33,4467.57,4455.14,4455.94,81352553
2022-07-10T22:00:00Z,4455.94,4456.49,4453.52,4455.17,64617954
2022-07-10T23:00:00Z,4455.17,4457.62,4443.40,4446.16,83858509
2022-07-11T00:00:00Z,4446.16,4449.42,4434.90,4437.03,86039595
2022-07-11T01:00:00Z,4437.03,4446.82,4436.25,4444.75,64787452
2022-07-11T02:00:00Z,4444.75,4445.08,4439.73,4442.82,67497259
2022-07-11T03:00:00Z,4442.82,4448.51,4441.24,4447.92,77018430
2022-07-11T04:00:00Z,4447.92,4452.68,4435.73,4436.30,80528401
2022-07-11T05:00:00Z,4436.30,4441.48,4425.71,4429.74,63772284
2022-07-11T06:00:00Z,4429.74,4443.41,4426.83,4439.09,79992055
2022-07-11T07:00:00Z,4439.09,4447.10,4439.06,4446.73,70328632
2022-07-11T08:00:00Z,4446.73,4448.34,4441.98,4442.72,64387073
2022-07-11T09:00:00Z,4442.72,4448.39,4438.56,4446.10,70396758
2022-07-11T10:00:00Z,4446.10,4450.21,4434.95,4438.17,80222592
2022-07-11T11:00:00Z,4438.17,4448.99,4433.38,4445.63,70186668
2022-07-11T12:00:00Z,4445.63,4457.42,4443.25,4452.31,80472259
2022-07-11T13:00:00Z,4452.31,4461.01,4450.43,4458.75,67970152
2022-07-11T14:00:00Z,4458.75,4463.05,4446.09,4450.39,66831128
2022-07-11T15:00:00Z,4450.39,4453.56,4444.99,4447.43,72237457
2022-07-11T16:00:00Z,4447.43,4450.12,4432.97,4437.64,77469187
2022-07-11T17:00:00Z,4437.64,4444.91,4432.99,4440.60,66786989
2022-07-11T18:00:00Z,4440.60,4453.78,4435.44,4449.73,84489785
2022-07-11T19:00:00Z,4449.73,4451.40,4446.93,4449.40,53518660
2022-07-11T20:00:00Z,4449.40,4468.86,4445.04,4463.68,89759033
2022-07-11T21:00:00Z,4463.68,4473.77,4461.54,4470.87,64745044
2022-07-11T22:00:00Z,4470.87,4474.77,4459.61,4463.70,66050154
2022-07-11T23:00:00Z,4463.70,4465.78,4458.73,4461.00,56844940
2022-07-12T00:00:00Z,4461.00,4466.26,4459.46,4460.00,61807143
2022-07-12T01:00:00Z,4460.00,4467.57,4459.73,4467.12,73744922
2022-07-12T02:00:00Z,4467.12,4470.89,4465.29,4466.10,69703778
2022-07-12T03:00:00Z,4466.10,4468.88,4460.97,4461.99,68948833
2022-07-12T04:00:00Z,4461.99,4462.14,4448.88,4449.04,84622536
2022-07-12T05:00:00Z,4449.04,4458.21,4445.97,4454.55,62563655
2022-07-12T06:00:00Z,4454.55,4460.99,4450.56,4457.19,71764111
2022-07-12T07:00:00Z,4457.19,4459.24,4449.02,4449.06,76818845
2022-07-12T08:00:00Z,4449.06,4451.23,4447.06,4450.57,70950195
2022-07-12T09:00:00Z,4450.57,4460.26,4448.83,4455.80,72219709
2022-07-12T10:00:00Z,4455.80,4456.03,4451.05,4455.18,59345932
2022-07-12T11:00:00Z,4455.18,4456.37,4452.44,4454.26,52872487
2022-07-12T12:00:00Z,4454.26,4465.63,4452.14,4464.99,87747666
2022-07-12T13:00:00Z,4464.99,4473.71,4463.84,4469.34,66685202
2022-07-12T14:00:00Z,4469.34,4480.39,4468.61,4475.50,68966005
2022-07-12T15:00:00Z,4475.50,4477.82,4462.88,4463.32,77749567
2022-07-12T16:00:00Z,4463.32,4467.05,4451.42,4455.17,81771777
2022-07-12T17:00:00Z,4455.17,4478.42,4454.37,4476.69,89841083
2022-07-12T18:00:00Z,4476.69,4481.32,4476.20,4476.21,59191777
2022-07-12T19:00:00Z,4476.21,4495.85,4475.03,4492.89,90601856
2022-07-12T20:00:00Z,4492.89,4499.29,4489.31,4494.69,56457087
2022-07-12T21:00:00Z,4494.69,4495.96,4493.69,4494.89,70305530
2022-07-12T22:00:00Z,4494.89,4503.09,4491.67,4499.39,63041166
2022-07-12T23:00:00Z,4499.39,4508.61,4497.31,4504.80,72908198
2022-07-13T00:00:00Z,4504.80,4516.77,4501.64,4511.47,73545712
2022-07-13T01:00:00Z,4511.47,4513.99,4509.92,4511.35,61929668
2022-07-13T02:00:00Z,4511.35,4519.20,4508.62,4514.94,59358474
2022-07-13T03:00:00Z,4514.94,4520.38,4513.45,4515.00,69663782
2022-07-13T04:00:00Z,4515.00,4520.03,4510.60,4519.85,65566382
2022-07-13T05:00:00Z,4519.85,4525.06,4515.06,4518.44,60356038
2022-07-13T06:00:00Z,4518.44,4527.89,4516.88,4525.78,73233106
2022-07-13T07:00:00Z,4525.78,4530.30,4514.32,4516.16,84660681
2022-07-13T08:00:00Z,4516.16,4520.84,4502.28,4507.51,74933074
2022-07-13T09:00:00Z,4507.51,4508.17,4507.25,4507.37,67212011
2022-07-13T10:00:00Z,4507.37,4508.91,4499.03,4500.84,67957034
2022-07-13T11:00:00Z,4500.84,4510.17,4499.80,4509.21,80846912
2022-07-13T12:00:00Z,4509.21,4520.31,4504.81,4517.41,74211841
2022-07-13T13:00:00Z,4517.41,4517.84,4501.22,4503.48,91475755
2022-07-13T14:00:00Z,4503.48,4503.80,4497.81,4500.85,71863728
2022-07-13T15:00:00Z,4500.85,4515.74,4500.16,4510.40,72093510
2022-07-13T16:00:00Z,4510.40,4512.05,4502.68,4504.98,71217438
2022-07-13T17:00:00Z,4504.98,4522.48,4499.82,4520.78,89996064
2022-07-13T18:00:00Z,4520.78,4522.99,4515.65,4522.62,68371268
2022-07-13T19:00:00Z,4522.62,4524.44,4522.39,4522.89,62931865
2022-07-13T20:00:00Z,4522.89,4535.25,4520.34,4531.97,74411843
2022-07-13T21:00:00Z,4531.97,4536.60,4516.48,4520.82,86355696
2022-07-13T22:00:00Z,4520.82,4525.68,4512.61,4515.78,64304500
2022-07-13T23:00:00Z,4515.78,4522.71,4514.22,4517.47,63582553
2022-07-14T00:00:00Z,4517.47,4522.16,4514.55,4519.41,54502650
2022-07-14T01:00:00Z,4519.41,4528.74,4519.32,4525.42,70804065
2022-07-14T02:00:00Z,4525.42,4530.29,4523.39,4525.80,64088140
2022-07-14T03:00:00Z,4525.80,4527.05,4517.95,4522.72,73147369
2022-07-14T04:00:00Z,4522.72,4540.16,4518.21,4535.92,79775174
2022-07-14T05:00:00Z,4535.92,4544.35,4532.21,4542.20,74738220
2022-07-14T06:00:00Z,4542.20,4544.15,4540.18,4543.36,57842483
2022-07-14T07:00:00Z,4543.36,4558.78,4542.45,4554.29,71835994
2022-07-14T08:00:00Z,4554.29,4554.89,4543.71,4547.95,64761344
2022-07-14T09:00:00Z,4547.95,4556.19,4543.72,4555.44,79951160
2022-07-14T10:00:00Z,4555.44,4566.57,4553.97,4562.10,76160852
2022-07-14T11:00:00Z,4562.10,4576.38,4559.51,4571.55,72169869
2022-07-14T12:00:00Z,4571.55,4576.28,4567.49,4567.59,65539822
2022-07-14T13:00:00Z,4567.59,4573.33,4566.20,4568.68,56904309
2022-07-14T14:00:00Z,4568.68,4576.77,4565.83,4576.34,78046346
2022-07-14T15:00:00Z,4576.34,4581.19,4574.72,4577.83,57225907
2022-07-14T16:00:00Z,4577.83,4578.15,4575.77,4577.33,58769768
2022-07-14T17:00:00Z,4577.33,4595.48,4572.56,4591.25,91271706
2022-07-14T18:00:00Z,4591.25,4603.36,4587.81,4601.76,74545681
2022-07-14T19:00:00Z,4601.76,4604.48,4597.87,4600.08,69500266
2022-07-14T20:00:00Z,4600.08,4612.02,4596.16,4607.50,63141679
2022-07-14T21:00:00Z,4607.50,4612.34,4605.88,4611.29,59308420
2022-07-14T22:00:00Z,4611.29,4617.57,4611.05,4613.42,62485660
2022-07-14T23:00:00Z,4613.42,4615.80,4606.55,4609.29,61735503
2022-07-15T00:00:00Z,4609.29,4622.38,4606.03,4617.54,65414438
2022-07-15T01:00:00Z,4617.54,4622.15,4612.98,4618.86,57269321
2022-07-15T02:00:00Z,4618.86,4625.40,4618.20,4621.36,67552506
2022-07-15T03:00:00Z,4621.36,4625.26,4609.94,4615.10,69916152
2022-07-15T04:00:00Z,4615.10,4616.57,4606.66,4609.43,62954022
2022-07-15T05:00:00Z,4609.43,4618.75,4606.01,4618.42,67895927
2022-07-15T06:00:00Z,4618.42,4621.25,4610.21,4615.66,61752222
2022-07-15T07:00:00Z,4615.66,4620.04,4603.82,4608.97,70598750
2022-07-15T08:00:00Z,4608.97,4611.51,4603.79,4604.19,69486255
2022-07-15T09:00:00Z,4604.19,4611.33,4603.79,4607.06,60905093
2022-07-15T10:00:00Z,4607.06,4609.46,4597.64,4602.22,69943408
2022-07-15T11:00:00Z,4602.22,4603.75,4583.79,4585.60,81158923
2022-07-15T12:00:00Z,4585.60,4592.09,4583.35,4590.08,68584660
2022-07-15T13:00:00Z,4590.08,4600.11,4586.99,4596.91,75330929
2022-07-15T14:00:00Z,4596.91,4597.35,4596.19,4597.03,54444864
2022-07-15T15:00:00Z,4597.03,4601.47,4591.68,4596.48,51585182
2022-07-15T16:00:00Z,4596.48,4605.12,4592.13,4600.50,64998316
2022-07-15T17:00:00Z,4600.50,4605.69,4597.09,4605.07,73179886
2022-07-15T18:00:00Z,4605.07,4606.54,4595.97,4599.91,67427939
2022-07-15T19:00:00Z,4599.91,4604.40,4591.53,4591.63,80669032
2022-07-15T20:00:00Z,4591.63,4602.84,4588.73,4598.97,80300392
2022-07-15T21:00:00Z,4598.97,4607.52,4594.63,4606.42,73091967
2022-07-15T22:00:00Z,4606.42,4606.60,4598.97,4603.55,57650131
2022-07-15T23:00:00Z,4603.55,4608.38,4595.48,4599.49,66993468
2022-07-16T00:00:00Z,4599.49,4605.85,4598.89,4604.26,60143706
2022-07-16T01:00:00Z,4604.26,4608.18,4598.25,4600.41,59340435
2022-07-16T02:00:00Z,4600.41,4603.24,4595.98,4598.24,57306923
2022-07-16T03:00:00Z,4598.24,4601.72,4589.64,4590.98,65691149
2022-07-16T04:00:00Z,4590.98,4591.05,4588.44,4590.21,62495060
2022-07-16T05:00:00Z,4590.21,4592.32,4581.02,4582.60,76158322
2022-07-16T06:00:00Z,4582.60,4582.84,4574.72,4575.89,76955387
2022-07-16T07:00:00Z,4575.89,4578.69,4570.67,4575.62,60786048
2022-07-16T08:00:00Z,4575.62,4579.61,4571.06,4573.48,61770744
2022-07-16T09:00:00Z,4573.48,4578.66,4571.17,4576.17,67793254
2022-07-16T10:00:00Z,4576.17,4583.06,4576.07,4582.86,79209412
2022-07-16T11:00:00Z,4582.86,4587.61,4569.68,4571.67,70810647
2022-07-16T12:00:00Z,4571.67,4571.95,4559.88,4561.16,75825702
2022-07-16T13:00:00Z,4561.16,4566.38,4556.50,4556.90,72362690
2022-07-16T14:00:00Z,4556.90,4563.59,4554.60,4558.92,68639705
2022-07-16T15:00:00Z,4558.92,4564.50,4555.57,4559.90,57321648
2022-07-16T16:00:00Z,4559.90,4562.01,4548.49,4553.44,64751424
2022-07-16T17:00:00Z,4553.44,4554.52,4547.57,4548.47,67149882
2022-07-16T18:00:00Z,4548.47,4551.08,4543.24,4545.80,60251302
2022-07-16T19:00:00Z,4545.80,4550.70,4539.50,4542.87,68496010
2022-07-16T20:00:00Z,4542.87,4551.03,4541.74,4547.98,69901603
2022-07-16T21:00:00Z,4547.98,4548.81,4537.90,4543.10,63768433
2022-07-16T22:00:00Z,4543.10,4545.12,4539.84,4544.85,68095269
2022-07-16T23:00:00Z,4544.85,4549.41,4543.28,4543.74,69909863
2022-07-17T00:00:00Z,4543.74,4551.82,4539.61,4550.77,73434010
2022-07-17T01:00:00Z,4550.77,4555.99,4548.88,4553.97,70226493
2022-07-17T02:00:00Z,4553.97,4559.59,4550.04,4558.88,71492467
2022-07-17T03:00:00Z,4558.88,4559.66,4554.89,4557.64,61368497
2022-07-17T04:00:00Z,4557.64,4563.93,4556.96,4562.58,78183984
2022-07-17T05:00:00Z,4562.58,4568.15,4561.69,4563.54,62853086
2022-07-17T06:00:00Z,4563.54,4565.80,4554.26,4558.52,65895119
2022-07-17T07:00:00Z,4558.52,4562.90,4557.75,4560.25,57975299
2022-07-17T08:00:00Z,4560.25,4565.24,4547.75,4550.61,67981398
2022-07-17T09:00:00Z,4550.61,4554.40,4546.36,4552.30,64836369
2022-07-17T10:00:00Z,4552.30,4554.62,4546.63,4551.33,51867377
2022-07-17T11:00:00Z,4551.33,4561.37,4550.51,4556.69,70777665
2022-07-17T12:00:00Z,4556.69,4557.76,4543.13,4547.09,67718174
2022-07-17T13:00:00Z,4547.09,4551.17,4539.04,4542.76,65940016
2022-07-17T14:00:00Z,4542.76,4543.77,4534.68,4538.37,58275711
2022-07-17T15:00:00Z,4538.37,4539.13,4530.33,4533.65,77845541
2022-07-17T16:00:00Z,4533.65,4536.71,4515.11,4520.17,79321164
2022-07-17T17:00:00Z,4520.17,4526.92,4515.79,4522.19,59856424
2022-07-17T18:00:00Z,4522.19,4524.02,4518.98,4520.29,54293356
2022-07-17T19:00:00Z,4520.29,4530.33,4516.53,4525.72,62245942
2022-07-17T20:00:00Z,4525.72,4542.88,4521.08,4540.28,75835399
2022-07-17T21:00:00Z,4540.28,4542.85,4538.38,4540.77,65219191
2022-07-17T22:00:00Z,4540.77,4542.18,4539.39,4542.03,52386256
2022-07-17T23:00:00Z,4542.03,4549.62,4537.43,4546.08,67875242
2022-07-18T00:00:00Z,4546.08,4550.36,4520.70,4525.32,102667837
2022-07-18T01:00:00Z,4525.32,4526.99,4514.83,4517.04,66011624
2022-07-18T02:00:00Z,4517.04,4525.52,4516.16,4521.96,74414961
2022-07-18T03:00:00Z,4521.96,4526.68,4519.00,4521.66,60834383
2022-07-18T04:00:00Z,4521.66,4526.84,4511.46,4514.59,72423284
2022-07-18T05:00:00Z,4514.59,4515.60,4505.24,4509.46,67879164
2022-07-18T06:00:00Z,4509.46,4514.09,4505.81,4511.73,70078701
2022-07-18T07:00:00Z,4511.73,4519.52,4509.48,4517.44,72640142
2022-07-18T08:00:00Z,4517.44,4529.52,4513.18,4525.26,63987327
2022-07-18T09:00:00Z,4525.26,4527.29,4520.53,4526.42,66365990
2022-07-18T10:00:00Z,4526.42,4531.37,4524.92,4525.64,57478243
2022-07-18T11:00:00Z,4525.64,4530.02,4523.41,4528.59,63575710
2022-07-18T12:00:00Z,4528.59,4539.75,4523.84,4538.39,73668621
2022-07-18T13:00:00Z,4538.39,4542.86,4533.29,4540.04,59903495
2022-07-18T14:00:00Z,4540.04,4544.41,4532.29,4536.83,68962677
2022-07-18T15:00:00Z,4536.83,4542.62,4532.79,4538.19,68521891
2022-07-18T16:00:00Z,4538.19,4542.93,4530.07,4533.84,72587177
2022-07-18T17:00:00Z,4533.84,4542.23,4531.44,4537.76,56979378
2022-07-18T18:00:00Z,4537.76,4540.42,4531.97,4537.26,55763099
2022-07-18T19:00:00Z,4537.26,4540.77,4537.05,4538.46,64303650
2022-07-18T20:00:00Z,4538.46,4543.63,4532.12,4535.49,71253447
2022-07-18T21:00:00Z,4535.49,4539.54,4533.83,4536.80,66763157
2022-07-18T22:00:00Z,4536.80,4544.08,4531.52,4539.20,66563547
2022-07-18T23:00:00Z,4539.20,4543.23,4535.53,4539.98,56142169
2022-07-19T00:00:00Z,4539.98,4542.80,4535.18,4538.38,62379159
2022-07-19T01:00:00Z,4538.38,4551.68,4536.38,4548.43,77052023
2022-07-19T02:00:00Z,4548.43,4555.75,4545.63,4555.61,63251024
2022-07-19T03:00:00Z,4555.61,4559.51,4550.06,4551.46,68528234
2022-07-19T04:00:00Z,4551.46,4552.22,4549.62,4549.80,58263220
2022-07-19T05:00:00Z,4549.80,4560.49,4548.97,4557.49,73307299
2022-07-19T06:00:00Z,4557.49,4562.19,4545.54,4548.06,69649850
2022-07-19T07:00:00Z,4548.06,4550.12,4539.96,4542.66,78440213
2022-07-19T08:00:00Z,4542.66,4550.81,4541.27,4549.02,63652541
2022-07-19T09:00:00Z,4549.02,4553.70,4541.37,4544.86,76198223
2022-07-19T10:00:00Z,4544.86,4557.50,4541.63,4552.24,74946553
2022-07-19T11:00:00Z,4552.24,4555.54,4544.58,4546.40,63071468
2022-07-19T12:00:00Z,4546.40,4556.09,4545.94,4553.09,76506528
2022-07-19T13:00:00Z,4553.09,4554.20,4540.76,4545.40,69028287
2022-07-19T14:00:00Z,4545.40,4554.51,4542.10,4553.06,72796142
2022-07-19T15:00:00Z,4553.06,4562.81,4551.47,4558.62,77770749
2022-07-19T16:00:00Z,4558.62,4562.90,4556.30,4558.51,58946389
2022-07-19T17:00:00Z,4558.51,4562.81,4554.50,4558.57,53219435
2022-07-19T18:00:00Z,4558.57,4562.59,4549.54,4554.88,66745918
2022-07-19T19:00:00Z,4554.88,4556.31,4545.84,4546.84,83408445
2022-07-19T20:00:00Z,4546.84,4554.27,4545.21,4551.52,63407250
2022-07-19T21:00:00Z,4551.52,4565.01,4551.19,4560.35,67097810
2022-07-19T22:00:00Z,4560.35,4574.93,4557.73,4569.81,72276776
2022-07-19T23:00:00Z,4569.81,4573.24,4563.32,4565.73,61840176
2022-07-20T00:00:00Z,4565.73,4575.61,4565.50,4575.13,86169501
2022-07-20T01:00:00Z,4575.13,4580.47,4569.33,4573.18,68679208
2022-07-20T02:00:00Z,4573.18,4576.57,4564.25,4569.03,70435250
2022-07-20T03:00:00Z,4569.03,4575.33,4563.70,4571.62,66292996
2022-07-20T04:00:00Z,4571.62,4576.76,4564.09,4566.97,64143995
2022-07-20T05:00:00Z,4566.97,4569.09,4555.78,4560.97,73825433
2022-07-20T06:00:00Z,4560.97,4561.84,4558.31,4560.45,62500675
2022-07-20T07:00:00Z,4560.45,4561.07,4548.82,4553.65,67026596
2022-07-20T08:00:00Z,4553.65,4555.74,4542.22,4547.42,76372092
2022-07-20T09:00:00Z,4547.42,4560.96,4542.53,4558.21,81624124
2022-07-20T10:00:00Z,4558.21,4558.89,4557.00,4558.29,63375971
2022-07-20T11:00:00Z,4558.29,4568.36,4553.56,4562.96,60560899
2022-07-20T12:00:00Z,4562.96,4568.26,4558.46,4565.35,68239514
2022-07-20T13:00:00Z,4565.35,4565.58,4556.77,4559.60,69985040
2022-07-20T14:00:00Z,4559.60,4573.07,4556.13,4572.41,90799308
2022-07-20T15:00:00Z,4572.41,4586.01,4569.34,4585.23,77152317
2022-07-20T16:00:00Z,4585.23,4592.84,4583.73,4590.90,78049284
2022-07-20T17:00:00Z,4590.90,4596.23,4589.24,4595.60,68229065
2022-07-20T18:00:00Z,4595.60,4598.82,4590.56,4598.36,61648773
2022-07-20T19:00:00Z,4598.36,4598.70,4588.62,4590.96,76544978
2022-07-20T20:00:00Z,4590.96,4591.07,4579.05,4584.23,66119647
2022-07-20T21:00:00Z,4584.23,4600.18,4579.71,4597.92,82296235
2022-07-20T22:00:00Z,4597.92,4608.47,4593.13,4608.04,67669555
2022-07-20T23:00:00Z,4608.04,4612.79,4597.95,4600.73,78036735
2022-07-21T00:00:00Z,4600.73,4603.66,4598.86,4601.13,65889440
2022-07-21T01:00:00Z,4601.13,4620.94,4597.31,4616.47,76944842
2022-07-21T02:00:00Z,4616.47,4616.76,4610.29,4614.87,70710633
2022-07-21T03:00:00Z,4614.87,4620.87,4611.08,4616.13,54035938
2022-07-21T04:00:00Z,4616.13,4617.38,4604.92,4610.22,75680744
2022-07-21T05:00:00Z,4610.22,4616.75,4604.73,4612.98,57036139
2022-07-21T06:00:00Z,4612.98,4620.56,4609.85,4615.21,70834573
2022-07-21T07:00:00Z,4615.21,4625.23,4614.57,4623.68,66610834
2022-07-21T08:00:00Z,4623.68,4625.73,4612.09,4613.37,77969530
2022-07-21T09:00:00Z,4613.37,4616.55,4606.09,4607.85,64115245
2022-07-21T10:00:00Z,4607.85,4609.31,4588.27,4592.91,76400788
2022-07-21T11:00:00Z,4592.91,4605.50,4589.38,4600.65,81387652
2022-07-21T12:00:00Z,4600.65,4607.23,4598.95,4606.14,65822182
2022-07-21T13:00:00Z,4606.14,4616.79,4603.23,4614.12,74192440
2022-07-21T14:00:00Z,4614.12,4615.74,4604.49,4605.33,79805768
2022-07-21T15:00:00Z,4605.33,4606.02,4590.40,4593.66,78767438
2022-07-21T16:00:00Z,4593.66,4594.72,4580.96,4584.96,74446952
2022-07-21T17:00:00Z,4584.96,4585.19,4579.52,4583.84,55236839
2022-07-21T18:00:00Z,4583.84,4588.72,4577.84,4580.57,66203366
2022-07-21T19:00:00Z,4580.57,4584.12,4574.82,4579.42,58310384
2022-07-21T20:00:00Z,4579.42,4579.99,4572.49,4575.39,58337125
2022-07-21T21:00:00Z,4575.39,4579.77,4567.09,4568.40,73186726
2022-07-21T22:00:00Z,4568.40,4573.62,4560.93,4564.39,63125580
2022-07-21T23:00:00Z,4564.39,4568.80,4561.20,4562.04,72755182
2022-07-22T00:00:00Z,4562.04,4562.69,4555.21,4558.82,63422905
2022-07-22T01:00:00Z,4558.82,4569.72,4558.37,4566.24,77674253
2022-07-22T02:00:00Z,4566.24,4572.96,4561.28,4569.42,72229110
2022-07-22T03:00:00Z,4569.42,4574.65,4566.30,4566.83,57967047
2022-07-22T04:00:00Z,4566.83,4569.38,4554.59,4559.96,81369408
2022-07-22T05:00:00Z,4559.96,4569.83,4559.51,4564.98,71031490
2022-07-22T06:00:00Z,4564.98,4565.06,4560.47,4561.93,66149601
2022-07-22T07:00:00Z,4561.93,4562.62,4542.70,4547.62,81848368
2022-07-22T08:00:00Z,4547.62,4555.47,4542.96,4551.82,61094635
2022-07-22T09:00:00Z,4551.82,4564.19,4547.11,4559.82,70361764
2022-07-22T10:00:00Z,4559.82,4571.89,4556.78,4569.65,70455690
2022-07-22T11:00:00Z,4569.65,4571.12,4564.60,4570.76,52046656
2022-07-22T12:00:00Z,4570.76,4575.02,4570.01,4570.71,53462825
2022-07-22T13:00:00Z,4570.71,4575.89,4565.79,4570.61,50699960
2022-07-22T14:00:00Z,4570.61,4573.28,4560.52,4564.14,72200451
2022-07-22T15:00:00Z,4564.14,4565.44,4549.03,4551.56,88653365
2022-07-22T16:00:00Z,4551.56,4555.73,4545.49,4549.13,63326258
2022-07-22T17:00:00Z,4549.13,4550.88,4547.54,4550.18,53719924
2022-07-22T18:00:00Z,4550.18,4551.78,4549.25,4549.47,52870981
2022-07-22T19:00:00Z,4549.47,4553.21,4546.66,4551.00,67395562
2022-07-22T20:00:00Z,4551.00,4560.74,4545.99,4556.07,64448865
2022-07-22T21:00:00Z,4556.07,4556.26,4546.77,4549.04,81696550
2022-07-22T22:00:00Z,4549.04,4564.80,4543.73,4560.75,79448874
2022-07-22T23:00:00Z,4560.75,4565.15,4557.52,4559.11,57504178
2022-07-23T00:00:00Z,4559.11,4563.09,4554.69,4555.32,74094645
2022-07-23T01:00:00Z,4555.32,4560.63,4538.70,4539.24,97687616
2022-07-23T02:00:00Z,4539.24,4544.78,4533.92,4541.22,53581834
2022-07-23T03:00:00Z,4541.22,4541.26,4540.72,4541.20,54431410
2022-07-23T04:00:00Z,4541.20,4548.85,4538.41,4544.56,57807913
2022-07-23T05:00:00Z,4544.56,4548.41,4541.66,4542.01,66976910
2022-07-23T06:00:00Z,4542.01,4551.15,4539.00,4548.28,61492006
2022-07-23T07:00:00Z,4548.28,4562.65,4546.16,4560.16,79945381
2022-07-23T08:00:00Z,4560.16,4566.47,4556.08,4566.22,66408231
2022-07-23T09:00:00Z,4566.22,4569.47,4553.57,4553.94,81947149
2022-07-23T10:00:00Z,4553.94,4558.42,4552.19,4555.96,62372055
2022-07-23T11:00:00Z,4555.96,4556.34,4551.53,4555.63,50777998
2022-07-23T12:00:00Z,4555.63,4566.74,4555.31,4564.54,72499111
2022-07-23T13:00:00Z,4564.54,4583.36,4562.74,4580.19,96120938
2022-07-23T14:00:00Z,4580.19,4581.02,4575.64,4577.65,72513648
2022-07-23T15:00:00Z,4577.65,4585.24,4573.33,4581.83,68719656
2022-07-23T16:00:00Z,4581.83,4597.14,4576.95,4592.55,83457772
2022-07-23T17:00:00Z,4592.55,4604.87,4591.71,4604.75,81811258
2022-07-23T18:00:00Z,4604.75,4608.57,4594.34,4597.34,64543342
2022-07-23T19:00:00Z,4597.34,4599.90,4591.50,4591.60,76481665
2022-07-23T20:00:00Z,4591.60,4598.86,4588.35,4596.24,72038770
2022-07-23T21:00:00Z,4596.24,4603.73,4595.45,4601.97,67302321
2022-07-23T22:00:00Z,4601.97,4603.48,4590.37,4595.32,78595669
2022-07-23T23:00:00Z,4595.32,4600.03,4589.71,4592.48,71091786
2022-07-24T00:00:00Z,4592.48,4595.99,4587.02,4595.64,63133909
2022-07-24T01:00:00Z,4595.64,4598.93,4579.09,4584.38,70825619
2022-07-24T02:00:00Z,4584.38,4587.43,4564.86,4570.21,88954694
2022-07-24T03:00:00Z,4570.21,4577.03,4566.01,4573.57,61035003
2022-07-24T04:00:00Z,4573.57,4574.57,4556.76,4560.98,91116798
2022-07-24T05:00:00Z,4560.98,4577.09,4559.45,4576.43,79468313
2022-07-24T06:00:00Z,4576.43,4587.09,4575.45,4585.49,76609302
2022-07-24T07:00:00Z,4585.49,4587.63,4581.19,4585.18,70058574
2022-07-24T08:00:00Z,4585.18,4590.15,4572.81,4576.74,83844924
2022-07-24T09:00:00Z,4576.74,4581.43,4571.96,4579.56,73471977
2022-07-24T10:00:00Z,4579.56,4590.37,4577.82,4587.04,73696873
2022-07-24T11:00:00Z,4587.04,4587.09,4580.07,4584.48,72306013
2022-07-24T12:00:00Z,4584.48,4586.51,4576.63,4577.78,69999028
2022-07-24T13:00:00Z,4577.78,4583.69,4575.80,4580.79,65712507
2022-07-24T14:00:00Z,4580.79,4591.64,4577.15,4589.06,66441346
2022-07-24T15:00:00Z,4589.06,4603.12,4584.51,4598.03,70007544
2022-07-24T16:00:00Z,4598.03,4602.13,4592.74,4595.06,59089872
2022-07-24T17:00:00Z,4595.06,4596.97,4572.13,4577.19,96144010
2022-07-24T18:00:00Z,4577.19,4587.17,4572.19,4582.60,65211064
2022-07-24T19:00:00Z,4582.60,4599.83,4581.29,4595.88,76977894
2022-07-24T20:00:00Z,4595.88,4596.91,4582.09,4585.90,68954633
2022-07-24T21:00:00Z,4585.90,4585.91,4580.31,4583.57,58232849
2022-07-24T22:00:00Z,4583.57,4594.51,4580.20,4589.22,63001305
2022-07-24T23:00:00Z,4589.22,4595.86,4588.79,4593.63,75190576
2022-07-25T00:00:00Z,4593.63,4594.47,4585.66,4589.32,59278588
2022-07-25T01:00:00Z,4589.32,4591.33,4582.67,4585.95,67002176
2022-07-25T02:00:00Z,4585.95,4594.81,4582.78,4592.46,74775220
2022-07-25T03:00:00Z,4592.46,4597.19,4590.73,4596.91,69210199
2022-07-25T04:00:00Z,4596.91,4603.28,4593.86,4599.51,65611735
2022-07-25T05:00:00Z,4599.51,4603.28,4592.83,4594.24,71894941
2022-07-25T06:00:00Z,4594.24,4595.63,4589.83,4593.78,62050851
2022-07-25T07:00:00Z,4593.78,4594.46,4583.36,4588.53,65195653
2022-07-25T08:00:00Z,4588.53,4590.79,4586.19,4587.46,70216969
2022-07-25T09:00:00Z,4587.46,4592.53,4585.40,4586.72,52773445
2022-07-25T10:00:00Z,4586.72,4592.94,4585.90,4589.16,61910235
2022-07-25T11:00:00Z,4589.16,4596.73,4586.63,4592.03,73578237
2022-07-25T12:00:00Z,4592.03,4599.56,4589.19,4598.21,69912952
2022-07-25T13:00:00Z,4598.21,4602.87,4589.55,4590.65,75276072
2022-07-25T14:00:00Z,4590.65,4594.42,4584.38,4589.62,52812113
2022-07-25T15:00:00Z,4589.62,4594.29,4581.61,4584.45,62317772
2022-07-25T16:00:00Z,4584.45,4605.66,4582.40,4601.11,80291551
2022-07-25T17:00:00Z,4601.11,4613.54,4596.24,4612.76,82863961
2022-07-25T18:00:00Z,4612.76,4613.11,4606.76,4612.09,54118617
2022-07-25T19:00:00Z,4612.09,4617.09,4605.81,4610.07,58688660
2022-07-25T20:00:00Z,4610.07,4622.06,4607.37,4621.24,74451137
2022-07-25T21:00:00Z,4621.24,4624.60,4616.73,4621.58,53544631
2022-07-25T22:00:00Z,4621.58,4622.48,4612.57,4616.52,66087657
2022-07-25T23:00:00Z,4616.52,4621.76,4611.79,4620.68,69644310
2022-07-26T00:00:00Z,4620.68,4634.17,4615.25,4629.48,76406013
2022-07-26T01:00:00Z,4629.48,4649.66,4625.73,4646.19,94761964
2022-07-26T02:00:00Z,4646.19,4652.77,4641.84,4649.19,72189704
2022-07-26T03:00:00Z,4649.19,4654.98,4645.53,4654.22,63679223
2022-07-26T04:00:00Z,4654.22,4655.32,4649.14,4653.54,66653417
2022-07-26T05:00:00Z,4653.54,4656.85,4647.74,4649.82,67374527
2022-07-26T06:00:00Z,4649.82,4662.36,4647.45,4657.19,67156262
2022-07-26T07:00:00Z,4657.19,4658.54,4655.13,4657.13,60938875
2022-07-26T08:00:00Z,4657.13,4665.22,4654.79,4661.04,56816763
2022-07-26T09:00:00Z,4661.04,4663.42,4659.55,4660.16,64670426
2022-07-26T10:00:00Z,4660.16,4662.58,4655.29,4661.22,67293564
2022-07-26T11:00:00Z,4661.22,4670.33,4658.67,4667.80,67011228
2022-07-26T12:00:00Z,4667.80,4668.80,4649.14,4652.19,84135662
2022-07-26T13:00:00Z,4652.19,4668.16,4648.04,4663.22,71028422
2022-07-26T14:00:00Z,4663.22,4667.43,4658.08,4664.63,64111960
2022-07-26T15:00:00Z,4664.63,4667.41,4649.48,4651.56,86450254
2022-07-26T16:00:00Z,4651.56,4657.35,4649.91,4652.33,57672205
2022-07-26T17:00:00Z,4652.33,4656.50,4646.18,4651.58,65700980
2022-07-26T18:00:00Z,4651.58,4656.37,4642.38,4647.69,63552726
2022-07-26T19:00:00Z,4647.69,4654.06,4642.81,4650.35,69756091
2022-07-26T20:00:00Z,4650.35,4661.45,4648.32,4659.10,77898826
2022-07-26T21:00:00Z,4659.10,4668.90,4657.65,4665.62,75083369
2022-07-26T22:00:00Z,4665.62,4673.07,4661.81,4671.46,61544438
2022-07-26T23:00:00Z,4671.46,4672.85,4665.45,4666.79,77844904
2022-07-27T00:00:00Z,4666.79,4667.27,4648.63,4654.07,78836273
2022-07-27T01:00:00Z,4654.07,4655.67,4640.35,4643.54,77595302
2022-07-27T02:00:00Z,4643.54,4645.93,4637.27,4642.12,63087882
2022-07-27T03:00:00Z,4642.12,4650.34,4638.71,4646.48,65549229
2022-07-27T04:00:00Z,4646.48,4651.97,4635.40,4640.16,73015375
2022-07-27T05:00:00Z,4640.16,4643.46,4636.94,4638.62,70978322
2022-07-27T06:00:00Z,4638.62,4643.50,4633.66,4634.00,69743561
2022-07-27T07:00:00Z,4634.00,4639.42,4632.76,4636.17,58189436
2022-07-27T08:00:00Z,4636.17,4641.13,4634.38,4640.73,65580212
2022-07-27T09:00:00Z,4640.73,4643.42,4639.59,4639.63,64857540
2022-07-27T10:00:00Z,4639.63,4650.40,4638.21,4649.24,79866250
2022-07-27T11:00:00Z,4649.24,4655.03,4645.38,4651.56,71973676
2022-07-27T12:00:00Z,4651.56,4656.23,4647.41,4651.86,69191230
2022-07-27T13:00:00Z,4651.86,4657.56,4649.12,4654.59,66585442
2022-07-27T14:00:00Z,4654.59,4663.00,4649.38,4658.80,69180739
2022-07-27T15:00:00Z,4658.80,4670.41,4658.02,4666.59,69024821
2022-07-27T16:00:00Z,4666.59,4666.90,4656.24,4660.00,64262238
2022-07-27T17:00:00Z,4660.00,4674.35,4655.65,4671.61,74749580
2022-07-27T18:00:00Z,4671.61,4672.36,4657.04,4661.50,85872699
2022-07-27T19:00:00Z,4661.50,4666.86,4660.28,4664.83,74509665
2022-07-27T20:00:00Z,4664.83,4673.46,4661.98,4670.15,64512616
2022-07-27T21:00:00Z,4670.15,4674.39,4663.18,4663.35,77532235
2022-07-27T22:00:00Z,4663.35,4674.48,4659.65,4670.64,80407326
2022-07-27T23:00:00Z,4670.64,4684.43,4665.82,4679.00,83111687
2022-07-28T00:00:00Z,4679.00,4683.51,4670.12,4673.42,74121166
2022-07-28T01:00:00Z,4673.42,4690.09,4669.48,4685.70,78387997
2022-07-28T02:00:00Z,4685.70,4696.06,4681.67,4691.88,69972444
2022-07-28T03:00:00Z,4691.88,4700.06,4687.27,4699.32,81349325
2022-07-28T04:00:00Z,4699.32,4708.84,4697.40,4706.26,69700168
2022-07-28T05:00:00Z,4706.26,4708.98,4694.20,4694.64,75283734
2022-07-28T06:00:00Z,4694.64,4708.03,4694.06,4707.23,81194766
2022-07-28T07:00:00Z,4707.23,4724.49,4704.55,4723.29,85444583
2022-07-28T08:00:00Z,4723.29,4727.92,4714.08,4718.80,57908868
2022-07-28T09:00:00Z,4718.80,4720.79,4711.37,4715.62,67239350
2022-07-28T10:00:00Z,4715.62,4717.16,4713.95,4715.94,65730614
2022-07-28T11:00:00Z,4715.94,4729.89,4711.75,4727.51,83888345
2022-07-28T12:00:00Z,4727.51,4730.46,4724.33,4726.90,61995298
2022-07-28T13:00:00Z,4726.90,4730.00,4723.22,4723.37,68174575
2022-07-28T14:00:00Z,4723.37,4726.71,4721.63,4725.66,61976081
2022-07-28T15:00:00Z,4725.66,4728.75,4724.81,4727.16,54275965
2022-07-28T16:00:00Z,4727.16,4732.09,4716.70,4719.30,69463063
2022-07-28T17:00:00Z,4719.30,4721.88,4715.17,4718.48,62699387
2022-07-28T18:00:00Z,4718.48,4735.47,4718.30,4730.59,83898218
2022-07-28T19:00:00Z,4730.59,4732.81,4719.28,4722.64,80035819
2022-07-28T20:00:00Z,4722.64,4727.29,4722.54,4726.04,70949105
2022-07-28T21:00:00Z,4726.04,4728.32,4719.87,4721.97,69983188
2022-07-28T22:00:00Z,4721.97,4724.99,4718.69,4719.73,61623599
2022-07-28T23:00:00Z,4719.73,4722.84,4704.10,4706.31,86002824
2022-07-29T00:00:00Z,4706.31,4707.95,4698.77,4699.75,66738646
2022-07-29T01:00:00Z,4699.75,4700.01,4693.42,4697.07,66522970
2022-07-29T02:00:00Z,4697.07,4698.30,4691.94,4695.38,67089869
2022-07-29T03:00:00Z,4695.38,4716.14,4691.13,4710.80,87890743
2022-07-29T04:00:00Z,4710.80,4711.86,4700.85,4703.11,71517570
2022-07-29T05:00:00Z,4703.11,4704.08,4694.47,4695.09,63881086
2022-07-29T06:00:00Z,4695.09,4697.89,4686.89,4689.65,75816641
2022-07-29T07:00:00Z,4689.65,4694.39,4679.29,4682.33,65087566
2022-07-29T08:00:00Z,4682.33,4691.70,4679.02,4686.17,62059509
2022-07-29T09:00:00Z,4686.17,4697.38,4685.30,4694.48,71090635
2022-07-29T10:00:00Z,4694.48,4704.79,4692.94,4699.21,77543293
2022-07-29T11:00:00Z,4699.21,4704.62,4692.07,4695.84,68191404
2022-07-29T12:00:00Z,4695.84,4705.76,4694.41,4702.48,66313577
2022-07-29T13:00:00Z,4702.48,4705.03,4697.17,4701.31,70404380
2022-07-29T14:00:00Z,4701.31,4720.85,4699.97,4719.42,100527683
2022-07-29T15:00:00Z,4719.42,4721.14,4709.42,4714.94,64133698
2022-07-29T16:00:00Z,4714.94,4724.62,4713.89,4723.81,69713895
2022-07-29T17:00:00Z,4723.81,4729.13,4723.35,4725.55,66354319
2022-07-29T18:00:00Z,4725.55,4728.88,4721.64,4725.50,55168800
2022-07-29T19:00:00Z,4725.50,4734.58,4721.06,4729.34,73458058
2022-07-29T20:00:00Z,4729.34,4733.83,4725.27,4731.86,59452918
2022-07-29T21:00:00Z,4731.86,4737.11,4730.82,4733.06,56911867
2022-07-29T22:00:00Z,4733.06,4747.31,4730.09,4742.95,81337665
2022-07-29T23:00:00Z,4742.95,4753.27,4741.01,4749.43,80558027
2022-07-30T00:00:00Z,4749.43,4753.46,4745.69,4751.90,70191163
2022-07-30T01:00:00Z,4751.90,4756.35,4745.24,4749.48,67496235
2022-07-30T02:00:00Z,4749.48,4753.28,4749.07,4750.65,58533343
2022-07-30T03:00:00Z,4750.65,4756.10,4750.04,4750.85,66815250
2022-07-30T04:00:00Z,4750.85,4751.86,4742.42,4746.40,61911987
2022-07-30T05:00:00Z,4746.40,4747.79,4745.31,4746.20,53527483
2022-07-30T06:00:00Z,4746.20,4756.11,4745.39,4755.64,78867869
2022-07-30T07:00:00Z,4755.64,4762.00,4753.20,4761.53,77848291
2022-07-30T08:00:00Z,4761.53,4762.33,4740.18,4743.41,86485156
2022-07-30T09:00:00Z,4743.41,4756.95,4742.92,4751.83,69494329
2022-07-30T10:00:00Z,4751.83,4759.09,4747.27,4754.04,64317012
2022-07-30T11:00:00Z,4754.04,4757.07,4749.22,4753.12,69449521
2022-07-30T12:00:00Z,4753.12,4760.78,4750.76,4756.85,65107688
2022-07-30T13:00:00Z,4756.85,4774.58,4756.63,4771.40,80485969
2022-07-30T14:00:00Z,4771.40,4782.99,4770.67,4777.57,73728024
2022-07-30T15:00:00Z,4777.57,4784.29,4774.00,4779.07,61773750
2022-07-30T16:00:00Z,4779.07,4788.65,4778.60,4787.74,83439838
2022-07-30T17:00:00Z,4787.74,4800.13,4782.56,4799.78,76060912
2022-07-30T18:00:00Z,4799.78,4813.07,4798.23,4811.51,84798737
2022-07-30T19:00:00Z,4811.51,4815.61,4805.67,4806.70,59992947
2022-07-30T20:00:00Z,4806.70,4821.05,4801.43,4818.67,89281192
2022-07-30T21:00:00Z,4818.67,4822.71,4811.30,4815.08,75056452
2022-07-30T22:00:00Z,4815.08,4816.83,4810.74,4815.58,61133175
2022-07-30T23:00:00Z,4815.58,4819.28,4812.12,4814.46,58569025
2022-07-31T00:00:00Z,4814.46,4814.99,4813.96,4814.23,70133182
2022-07-31T01:00:00Z,4814.23,4816.39,4813.72,4815.20,58550795
2022-07-31T02:00:00Z,4815.20,4815.32,4811.86,4814.70,66860879
2022-07-31T03:00:00Z,4814.70,4819.39,4809.93,4814.29,58211872
2022-07-31T04:00:00Z,4814.29,4826.55,4814.25,4825.26,70990081
2022-07-31T05:00:00Z,4825.26,4825.90,4819.26,4819.50,66228507
2022-07-31T06:00:00Z,4819.50,4822.97,4806.58,4811.46,65235356
2022-07-31T07:00:00Z,4811.46,4813.34,4808.58,4812.19,69792927
2022-07-31T08:00:00Z,4812.19,4813.82,4812.12,4812.32,59316098
2022-07-31T09:00:00Z,4812.32,4816.05,4802.50,4804.36,74840783
2022-07-31T10:00:00Z,4804.36,4804.53,4799.71,4801.09,68187017
2022-07-31T11:00:00Z,4801.09,4802.85,4788.73,4790.65,80356240
2022-07-31T12:00:00Z,4790.65,4798.13,4788.59,4796.12,69533395
2022-07-31T13:00:00Z,4796.12,4802.35,4792.04,4802.34,68893667
2022-07-31T14:00:00Z,4802.34,4816.77,4801.51,4816.39,81585942
2022-07-31T15:00:00Z,4816.39,4829.53,4814.93,4824.37,69373907
2022-07-31T16:00:00Z,4824.37,4828.48,4817.75,4822.08,54256089
2022-07-31T17:00:00Z,4822.08,4827.74,4817.34,4823.32,67114871
2022-07-31T18:00:00Z,4823.32,4823.51,4822.52,4823.20,51307768
2022-07-31T19:00:00Z,4823.20,4839.14,4821.54,4834.33,76107145
2022-07-31T20:00:00Z,4834.33,4846.91,4830.23,4843.80,76634001
2022-07-31T21:00:00Z,4843.80,4861.32,4839.06,4856.62,81609693
2022-07-31T22:00:00Z,4856.62,4862.16,4844.30,4847.37,84812024
2022-07-31T23:00:00Z,4847.37,4847.92,4837.64,4839.86,67236676
2022-08-01T00:00:00Z,4839.86,4848.06,4836.99,4845.50,77289507
2022-08-01T01:00:00Z,4845.50,4850.77,4837.36,4840.76,67500616
2022-08-01T02:00:00Z,4840.76,4843.94,4838.02,4840.84,67519295
2022-08-01T03:00:00Z,4840.84,4845.74,4835.59,4837.62,68993795
2022-08-01T04:00:00Z,4837.62,4843.69,4835.48,4842.03,75415812
2022-08-01T05:00:00Z,4842.03,4844.15,4832.84,4833.43,78082359
2022-08-01T06:00:00Z,4833.43,4837.68,4818.40,4820.69,90288250
2022-08-01T07:00:00Z,4820.69,4822.82,4814.42,4817.08,68509923
2022-08-01T08:00:00Z,4817.08,4817.22,4813.14,4815.87,56183428
2022-08-01T09:00:00Z,4815.87,4825.08,4810.60,4822.65,80866268
2022-08-01T10:00:00Z,4822.65,4828.48,4820.55,4824.81,54557141
2022-08-01T11:00:00Z,4824.81,4825.94,4821.31,4825.70,55918911
2022-08-01T12:00:00Z,4825.70,4837.57,4822.10,4832.95,75231029
2022-08-01T13:00:00Z,4832.95,4834.37,4822.40,4822.40,67876745
2022-08-01T14:00:00Z,4822.40,4831.21,4817.05,4828.19,73314556
2022-08-01T15:00:00Z,4828.19,4830.49,4819.58,4820.08,82729268
2022-08-01T16:00:00Z,4820.08,4822.90,4819.18,4820.17,56940033
2022-08-01T17:00:00Z,4820.17,4835.34,4819.11,4829.63,68022390
2022-08-01T18:00:00Z,4829.63,4834.74,4823.48,4823.50,67026593
2022-08-01T19:00:00Z,4823.50,4827.79,4821.03,4823.44,62461228
2022-08-01T20:00:00Z,4823.44,4835.57,4820.40,4834.60,69659221
2022-08-01T21:00:00Z,4834.60,4848.36,4830.05,4844.05,71770684
2022-08-01T22:00:00Z,4844.05,4845.40,4841.27,4845.13,69745534
2022-08-01T23:00:00Z,4845.13,4860.88,4842.15,4859.02,88573086
2022-08-02T00:00:00Z,4859.02,4862.28,4850.75,4855.78,61044057
2022-08-02T01:00:00Z,4855.78,4859.61,4849.81,4851.42,69405895
2022-08-02T02:00:00Z,4851.42,4856.46,4845.87,4848.78,70106572
2022-08-02T03:00:00Z,4848.78,4853.37,4841.47,4842.58,79106986
2022-08-02T04:00:00Z,4842.58,4843.31,4835.37,4835.37,66436489
2022-08-02T05:00:00Z,4835.37,4843.20,4832.56,4837.91,68907698
2022-08-02T06:00:00Z,4837.91,4846.47,4836.04,4843.36,76310770
2022-08-02T07:00:00Z,4843.36,4847.50,4841.70,4844.78,56755882
2022-08-02T08:00:00Z,4844.78,4856.86,4843.57,4855.29,68340778
2022-08-02T09:00:00Z,4855.29,4865.77,4851.15,4863.51,68959894
2022-08-02T10:00:00Z,4863.51,4871.76,4860.17,4868.29,76148246
2022-08-02T11:00:00Z,4868.29,4873.71,4858.02,4861.49,75076042
2022-08-02T12:00:00Z,4861.49,4863.30,4853.22,4858.37,61132875
2022-08-02T13:00:00Z,4858.37,4863.42,4854.48,4858.86,69544211
2022-08-02T14:00:00Z,4858.86,4872.54,4855.52,4868.14,71866647
2022-08-02T15:00:00Z,4868.14,4878.53,4867.23,4875.36,75714852
2022-08-02T16:00:00Z,4875.36,4879.82,4866.18,4868.12,81589498
2022-08-02T17:00:00Z,4868.12,4888.14,4863.72,4886.14,96563732
2022-08-02T18:00:00Z,4886.14,4892.54,4881.60,4889.67,63751140
2022-08-02T19:00:00Z,4889.67,4902.85,4887.84,4901.00,72773748
2022-08-02T20:00:00Z,4901.00,4905.35,4876.35,4881.96,84455224
2022-08-02T21:00:00Z,4881.96,4886.57,4881.08,4883.09,64304573
2022-08-02T22:00:00Z,4883.09,4884.50,4879.15,4879.84,67963933
2022-08-02T23:00:00Z,4879.84,4884.74,4872.71,4878.21,52855421
2022-08-03T00:00:00Z,4878.21,4880.85,4873.58,4874.72,61060523
2022-08-03T01:00:00Z,4874.72,4879.95,4872.20,4875.22,53211899
2022-08-03T02:00:00Z,4875.22,4876.38,4865.30,4869.01,72541314
2022-08-03T03:00:00Z,4869.01,4872.09,4864.50,4867.05,67613551
2022-08-03T04:00:00Z,4867.05,4867.08,4859.81,4862.74,75692421
2022-08-03T05:00:00Z,4862.74,4864.15,4849.51,4855.04,71476478
2022-08-03T06:00:00Z,4855.04,4858.31,4852.71,4857.29,60551266
2022-08-03T07:00:00Z,4857.29,4861.71,4854.43,4858.99,61089109
2022-08-03T08:00:00Z,4858.99,4861.55,4845.29,4849.73,84196267
2022-08-03T09:00:00Z,4849.73,4853.11,4847.12,4848.57,67575048
2022-08-03T10:00:00Z,4848.57,4851.18,4838.35,4844.02,65653279
2022-08-03T11:00:00Z,4844.02,4856.03,4843.70,4854.68,78799163
2022-08-03T12:00:00Z,4854.68,4860.26,4851.61,4856.03,55437918
2022-08-03T13:00:00Z,4856.03,4859.76,4854.08,4858.37,69978196
2022-08-03T14:00:00Z,4858.37,4863.34,4853.90,4854.30,75098939
2022-08-03T15:00:00Z,4854.30,4859.86,4841.75,4847.48,75243432
2022-08-03T16:00:00Z,4847.48,4868.18,4845.41,4865.12,81814225
2022-08-03T17:00:00Z,4865.12,4875.11,4863.58,4869.78,60428983
2022-08-03T18:00:00Z,4869.78,4874.08,4863.13,4864.43,60297527
2022-08-03T19:00:00Z,4864.43,4868.08,4853.28,4854.30,67429378
2022-08-03T20:00:00Z,4854.30,4864.19,4852.30,4860.60,73070554
2022-08-03T21:00:00Z,4860.60,4870.89,4859.31,4865.84,74458800
2022-08-03T22:00:00Z,4865.84,4869.94,4861.53,4861.55,66206896
2022-08-03T23:00:00Z,4861.55,4865.02,4857.35,4859.44,59443869
2022-08-04T00:00:00Z,4859.44,4864.01,4856.00,4863.71,69623914
2022-08-04T01:00:00Z,4863.71,4868.91,4847.96,4853.11,73877005
2022-08-04T02:00:00Z,4853.11,4870.23,4852.77,4868.11,87774757
2022-08-04T03:00:00Z,4868.11,4873.71,4866.55,4868.19,65819875
2022-08-04T04:00:00Z,4868.19,4870.45,4851.36,4855.38,76600274
2022-08-04T05:00:00Z,4855.38,4863.06,4849.66,4861.82,78289837
2022-08-04T06:00:00Z,4861.82,4869.75,4856.49,4867.11,59840147
2022-08-04T07:00:00Z,4867.11,4872.36,4858.93,4862.00,72986048
2022-08-04T08:00:00Z,4862.00,4864.88,4858.91,4859.99,68027790
2022-08-04T09:00:00Z,4859.99,4883.35,4858.93,4880.36,87518159
2022-08-04T10:00:00Z,4880.36,4881.68,4872.85,4874.16,71045789
2022-08-04T11:00:00Z,4874.16,4884.32,4869.23,4883.64,73724573
2022-08-04T12:00:00Z,4883.64,4897.38,4881.20,4891.80,81638680
2022-08-04T13:00:00Z,4891.80,4892.02,4888.75,4891.74,59609046
2022-08-04T14:00:00Z,4891.74,4900.72,4887.96,4896.19,71659324
2022-08-04T15:00:00Z,4896.19,4901.55,4893.46,4896.19,54503928
2022-08-04T16:00:00Z,4896.19,4898.89,4888.01,4891.33,68470230
2022-08-04T17:00:00Z,4891.33,4908.11,4889.09,4903.41,76761725
2022-08-04T18:00:00Z,4903.41,4903.46,4893.62,4897.71,59531531
2022-08-04T19:00:00Z,4897.71,4899.49,4892.96,4893.87,57260128
2022-08-04T20:00:00Z,4893.87,4904.70,4889.05,4899.69,78336938
2022-08-04T21:00:00Z,4899.69,4912.93,4896.91,4908.31,77955856
2022-08-04T22:00:00Z,4908.31,4912.98,4896.86,4899.30,74822386
2022-08-04T23:00:00Z,4899.30,4912.86,4896.82,4912.15,78577449
2022-08-05T00:00:00Z,4912.15,4920.98,4908.12,4916.11,68037950
2022-08-05T01:00:00Z,4916.11,4924.33,4911.78,4920.96,62237299
2022-08-05T02:00:00Z,4920.96,4923.03,4916.94,4921.02,56057992
2022-08-05T03:00:00Z,4921.02,4922.18,4915.93,4918.38,58809081
2022-08-05T04:00:00Z,4918.38,4923.06,4914.47,4914.61,59567578
2022-08-05T05:00:00Z,4914.61,4923.85,4912.34,4918.26,72038387
2022-08-05T06:00:00Z,4918.26,4933.20,4915.09,4931.50,78771866
2022-08-05T07:00:00Z,4931.50,4935.98,4926.80,4932.50,64214004
2022-08-05T08:00:00Z,4932.50,4937.71,4928.06,4933.63,51924080
2022-08-05T09:00:00Z,4933.63,4940.81,4933.32,4934.97,68399724
2022-08-05T10:00:00Z,4934.97,4935.23,4930.53,4934.01,52610524
2022-08-05T11:00:00Z,4934.01,4934.80,4923.02,4926.66,77687626
2022-08-05T12:00:00Z,4926.66,4933.42,4924.65,4928.49,65914459
2022-08-05T13:00:00Z,4928.49,4937.09,4925.00,4933.35,68213539
2022-08-05T14:00:00Z,4933.35,4938.61,4930.02,4938.35,70582319
2022-08-05T15:00:00Z,4938.35,4941.33,4930.77,4934.28,69062332
2022-08-05T16:00:00Z,4934.28,4941.23,4934.02,4935.73,57922348
2022-08-05T17:00:00Z,4935.73,4938.35,4930.46,4936.18,65153059
2022-08-05T18:00:00Z,4936.18,4945.79,4930.48,4940.27,58604772
2022-08-05T19:00:00Z,4940.27,4945.19,4938.92,4942.42,63572749
2022-08-05T20:00:00Z,4942.42,4951.05,4942.27,4945.72,57728137
2022-08-05T21:00:00Z,4945.72,4946.94,4933.45,4938.03,79664394
2022-08-05T22:00:00Z,4938.03,4953.09,4932.74,4949.48,85795447
2022-08-05T23:00:00Z,4949.48,4952.57,4948.47,4950.66,68084872
2022-08-06T00:00:00Z,4950.66,4952.79,4946.84,4947.65,66655014
2022-08-06T01:00:00Z,4947.65,4956.44,4946.47,4952.85,66959873
2022-08-06T02:00:00Z,4952.85,4973.16,4947.18,4968.70,80459867
2022-08-06T03:00:00Z,4968.70,4986.11,4962.96,4982.98,73341717
2022-08-06T04:00:00Z,4982.98,5002.99,4977.64,4997.29,88001499
2022-08-06T05:00:00Z,4997.29,5000.01,4989.41,4992.06,78199510
2022-08-06T06:00:00Z,4992.06,4995.31,4985.75,4988.50,67193306
2022-08-06T07:00:00Z,4988.50,4989.67,4981.91,4987.74,52564013
2022-08-06T08:00:00Z,4987.74,4990.58,4967.13,4971.62,85508061
2022-08-06T09:00:00Z,4971.62,4975.92,4965.75,4968.51,67505972
2022-08-06T10:00:00Z,4968.51,4974.34,4966.55,4971.34,62602828
2022-08-06T11:00:00Z,4971.34,4980.10,4969.21,4977.91,62136173
2022-08-06T12:00:00Z,4977.91,4991.60,4975.85,4986.76,71306971
2022-08-06T13:00:00Z,4986.76,4988.37,4977.80,4980.41,64473638
2022-08-06T14:00:00Z,4980.41,4984.62,4970.29,4973.14,63098588
2022-08-06T15:00:00Z,4973.14,4978.95,4962.95,4968.27,58685478
2022-08-06T16:00:00Z,4968.27,4971.31,4956.25,4960.46,72757850
2022-08-06T17:00:00Z,4960.46,4964.87,4958.22,4959.02,62132443
2022-08-06T18:00:00Z,4959.02,4971.44,4953.86,4971.35,75890882
2022-08-06T19:00:00Z,4971.35,4971.62,4966.88,4969.47,59187078
2022-08-06T20:00:00Z,4969.47,4979.93,4969.19,4974.76,65666872
2022-08-06T21:00:00Z,4974.76,4976.87,4973.17,4976.61,68292965
2022-08-06T22:00:00Z,4976.61,4979.93,4971.31,4972.73,67520658
2022-08-06T23:00:00Z,4972.73,4986.83,4968.74,4985.74,78677388
2022-08-07T00:00:00Z,4985.74,4989.64,4977.54,4981.32,60503627
2022-08-07T01:00:00Z,4981.32,4997.83,4977.02,4996.48,79164858
2022-08-07T02:00:00Z,4996.48,5014.22,4991.03,5011.67,75619294
2022-08-07T03:00:00Z,5011.67,5023.57,5006.83,5021.08,67809826
2022-08-07T04:00:00Z,5021.08,5033.25,5017.56,5028.01,79334395
2022-08-07T05:00:00Z,5028.01,5029.60,5024.27,5024.52,61939425
2022-08-07T06:00:00Z,5024.52,5033.04,5019.44,5032.24,72469440
2022-08-07T07:00:00Z,5032.24,5042.26,5027.84,5038.39,66746114
2022-08-07T08:00:00Z,5038.39,5038.72,5032.68,5034.78,58933451
2022-08-07T09:00:00Z,5034.78,5037.72,5026.49,5028.33,76890523
2022-08-07T10:00:00Z,5028.33,5040.13,5028.28,5036.02,64093762
2022-08-07T11:00:00Z,5036.02,5053.85,5031.57,5048.52,74995571
2022-08-07T12:00:00Z,5048.52,5049.14,5037.32,5040.16,65763001
2022-08-07T13:00:00Z,5040.16,5048.78,5037.55,5048.37,74058792
2022-08-07T14:00:00Z,5048.37,5056.37,5043.41,5051.37,59864490
2022-08-07T15:00:00Z,5051.37,5059.71,5046.17,5057.64,73879662
2022-08-07T16:00:00Z,5057.64,5063.31,5051.71,5059.54,63254778
2022-08-07T17:00:00Z,5059.54,5060.10,5053.85,5059.63,69131935
2022-08-07T18:00:00Z,5059.63,5076.45,5057.29,5071.55,87715732
2022-08-07T19:00:00Z,5071.55,5073.24,5048.39,5050.94,95009294
2022-08-07T20:00:00Z,5050.94,5060.81,5047.25,5056.40,58791056
2022-08-07T21:00:00Z,5056.40,5058.57,5049.32,5053.35,56980323
2022-08-07T22:00:00Z,5053.35,5057.09,5053.07,5054.56,57421022
2022-08-07T23:00:00Z,5054.56,5056.39,5049.36,5054.11,58207711
2022-08-08T00:00:00Z,5054.11,5059.10,5051.77,5054.76,60109371
2022-08-08T01:00:00Z,5054.76,5058.09,5050.22,5054.52,52380185
2022-08-08T02:00:00Z,5054.52,5064.31,5051.00,5059.60,64653616
2022-08-08T03:00:00Z,5059.60,5070.50,5054.37,5068.19,65098858
2022-08-08T04:00:00Z,5068.19,5070.22,5060.32,5066.15,71176574
2022-08-08T05:00:00Z,5066.15,5067.60,5058.64,5063.49,62259874
2022-08-08T06:00:00Z,5063.49,5064.99,5050.53,5052.89,79317776
2022-08-08T07:00:00Z,5052.89,5056.50,5048.86,5054.93,56338377
2022-08-08T08:00:00Z,5054.93,5057.63,5051.64,5054.96,50412587
2022-08-08T09:00:00Z,5054.96,5064.57,5053.37,5062.43,63305255
2022-08-08T10:00:00Z,5062.43,5068.85,5057.42,5064.32,64640287
2022-08-08T11:00:00Z,5064.32,5065.55,5058.42,5063.04,56178419
2022-08-08T12:00:00Z,5063.04,5063.56,5043.21,5048.73,74035427
2022-08-08T13:00:00Z,5048.73,5056.08,5046.96,5050.53,55750270
2022-08-08T14:00:00Z,5050.53,5054.70,5040.15,5040.96,83470840
2022-08-08T15:00:00Z,5040.96,5043.72,5031.84,5035.27,72718222
2022-08-08T16:00:00Z,5035.27,5037.65,5034.07,5035.31,54261217
2022-08-08T17:00:00Z,5035.31,5035.66,5030.95,5032.82,55434062
2022-08-08T18:00:00Z,5032.82,5035.95,5032.56,5035.68,68381474
2022-08-08T19:00:00Z,5035.68,5051.23,5034.83,5049.62,75254726
2022-08-08T20:00:00Z,5049.62,5061.87,5047.33,5058.62,67222811
2022-08-08T21:00:00Z,5058.62,5066.77,5055.82,5066.37,66970806
2022-08-08T22:00:00Z,5066.37,5072.31,5054.08,5055.75,74574751
2022-08-08T23:00:00Z,5055.75,5057.58,5055.21,5055.31,55178242
2022-08-09T00:00:00Z,5055.31,5065.40,5054.45,5060.36,62733348
2022-08-09T01:00:00Z,5060.36,5065.23,5055.52,5059.33,68414849
2022-08-09T02:00:00Z,5059.33,5060.72,5053.83,5058.79,51476654
2022-08-09T03:00:00Z,5058.79,5059.92,5053.73,5057.61,70225516
2022-08-09T04:00:00Z,5057.61,5068.07,5053.28,5064.29,64046270
2022-08-09T05:00:00Z,5064.29,5068.22,5056.96,5058.28,64929680
2022-08-09T06:00:00Z,5058.28,5062.72,5053.86,5056.59,55457997
2022-08-09T07:00:00Z,5056.59,5065.56,5054.56,5059.65,66155501
2022-08-09T08:00:00Z,5059.65,5063.33,5049.41,5053.45,75331656
2022-08-09T09:00:00Z,5053.45,5062.13,5051.19,5059.63,74776015
2022-08-09T10:00:00Z,5059.63,5070.49,5055.89,5068.86,75224768
2022-08-09T11:00:00Z,5068.86,5073.67,5068.86,5069.68,58520643
2022-08-09T12:00:00Z,5069.68,5077.30,5064.33,5073.65,57198807
2022-08-09T13:00:00Z,5073.65,5077.44,5070.87,5073.90,51115977
2022-08-09T14:00:00Z,5073.90,5075.37,5057.62,5060.59,73381795
2022-08-09T15:00:00Z,5060.59,5071.02,5058.06,5065.38,59612637
2022-08-09T16:00:00Z,5065.38,5065.80,5057.12,5061.11,65172727
2022-08-09T17:00:00Z,5061.11,5068.91,5060.31,5063.63,73192210
2022-08-09T18:00:00Z,5063.63,5076.30,5061.90,5073.16,69748438
2022-08-09T19:00:00Z,5073.16,5078.09,5064.25,5066.08,66279444
2022-08-09T20:00:00Z,5066.08,5074.59,5065.27,5070.59,74727153
2022-08-09T21:00:00Z,5070.59,5071.54,5060.87,5064.88,65329408
2022-08-09T22:00:00Z,5064.88,5068.21,5051.13,5052.24,73916947
2022-08-09T23:00:00Z,5052.24,5063.75,5051.95,5058.21,74314264
2022-08-10T00:00:00Z,5058.21,5062.79,5041.27,5043.93,74584448
2022-08-10T01:00:00Z,5043.93,5052.93,5039.68,5050.97,77685922
2022-08-10T02:00:00Z,5050.97,5060.03,5049.65,5059.44,78783698
2022-08-10T03:00:00Z,5059.44,5063.45,5058.87,5061.95,66848949
2022-08-10T04:00:00Z,5061.95,5075.36,5058.13,5071.36,69071925
2022-08-10T05:00:00Z,5071.36,5076.40,5066.28,5069.06,58356093
2022-08-10T06:00:00Z,5069.06,5072.55,5064.64,5064.69,67358874
2022-08-10T07:00:00Z,5064.69,5077.03,5062.26,5076.65,77250069
2022-08-10T08:00:00Z,5076.65,5090.20,5074.44,5085.12,74614127
2022-08-10T09:00:00Z,5085.12,5086.04,5081.91,5082.57,65259101
2022-08-10T10:00:00Z,5082.57,5087.85,5069.04,5072.00,83908781
2022-08-10T11:00:00Z,5072.00,5090.28,5068.16,5089.22,96632995
2022-08-10T12:00:00Z,5089.22,5092.64,5080.14,5084.55,60844527
2022-08-10T13:00:00Z,5084.55,5086.12,5083.45,5084.69,60691533
2022-08-10T14:00:00Z,5084.69,5086.83,5070.80,5075.13,76749783
2022-08-10T15:00:00Z,5075.13,5077.82,5065.46,5065.60,76655959
2022-08-10T16:00:00Z,5065.60,5068.40,5061.93,5063.22,72659433
2022-08-10T17:00:00Z,5063.22,5065.70,5062.58,5062.64,57657142
2022-08-10T18:00:00Z,5062.64,5070.57,5057.07,5064.75,55233550
2022-08-10T19:00:00Z,5064.75,5069.59,5058.35,5062.72,55149090
2022-08-10T20:00:00Z,5062.72,5067.45,5056.54,5060.01,62539705
2022-08-10T21:00:00Z,5060.01,5067.54,5058.61,5063.76,68390360
2022-08-10T22:00:00Z,5063.76,5069.27,5051.41,5052.90,78070474
2022-08-10T23:00:00Z,5052.90,5054.04,5043.74,5044.76,79395271
2022-08-11T00:00:00Z,5044.76,5064.37,5041.78,5060.14,87733065
2022-08-11T01:00:00Z,5060.14,5068.14,5059.53,5062.89,56308510
2022-08-11T02:00:00Z,5062.89,5065.04,5060.06,5060.73,71452565
2022-08-11T03:00:00Z,5060.73,5072.94,5055.10,5070.24,65286229
2022-08-11T04:00:00Z,5070.24,5070.48,5062.83,5066.59,68144237
2022-08-11T05:00:00Z,5066.59,5077.20,5061.83,5073.27,76438016
2022-08-11T06:00:00Z,5073.27,5075.07,5062.90,5067.38,68392368
2022-08-11T07:00:00Z,5067.38,5069.80,5059.10,5062.98,71915443
2022-08-11T08:00:00Z,5062.98,5067.30,5047.15,5052.11,86528385
2022-08-11T09:00:00Z,5052.11,5057.30,5039.12,5043.89,77963923
2022-08-11T10:00:00Z,5043.89,5045.11,5039.63,5041.28,71685193
2022-08-11T11:00:00Z,5041.28,5047.24,5030.02,5033.37,71119932
2022-08-11T12:00:00Z,5033.37,5050.30,5028.83,5044.82,76755662
2022-08-11T13:00:00Z,5044.82,5062.50,5042.53,5057.96,72410465
2022-08-11T14:00:00Z,5057.96,5060.27,5044.96,5050.34,77718680
2022-08-11T15:00:00Z,5050.34,5056.14,5046.92,5054.80,62522010
2022-08-11T16:00:00Z,5054.80,5071.30,5053.75,5069.82,74830369
2022-08-11T17:00:00Z,5069.82,5074.84,5055.47,5059.89,65980648
2022-08-11T18:00:00Z,5059.89,5069.87,5059.66,5064.90,72183201
2022-08-11T19:00:00Z,5064.90,5071.90,5062.39,5068.38,60538554
2022-08-11T20:00:00Z,5068.38,5072.52,5062.38,5064.06,59755127
2022-08-11T21:00:00Z,5064.06,5064.82,5056.27,5058.44,61388134
2022-08-11T22:00:00Z,5058.44,5064.40,5050.53,5053.13,73808428
2022-08-11T23:00:00Z,5053.13,5058.48,5047.59,5050.19,60496266
2022-08-12T00:00:00Z,5050.19,5059.37,5045.12,5053.82,75016839
2022-08-12T01:00:00Z,5053.82,5059.16,5038.12,5039.01,89617980
2022-08-12T02:00:00Z,5039.01,5044.91,5035.11,5041.46,68945086
2022-08-12T03:00:00Z,5041.46,5050.15,5039.92,5050.15,78708169
2022-08-12T04:00:00Z,5050.15,5058.02,5046.21,5053.99,72400846
2022-08-12T05:00:00Z,5053.99,5061.96,5050.60,5059.73,78359351
2022-08-12T06:00:00Z,5059.73,5060.24,5055.48,5057.83,53230795
2022-08-12T07:00:00Z,5057.83,5063.35,5047.11,5052.70,61920695
2022-08-12T08:00:00Z,5052.70,5071.47,5046.98,5067.19,90203655
2022-08-12T09:00:00Z,5067.19,5069.47,5054.47,5058.22,64409472
2022-08-12T10:00:00Z,5058.22,5062.17,5042.45,5047.62,75270240
2022-08-12T11:00:00Z,5047.62,5056.25,5045.41,5052.13,75544025
2022-08-12T12:00:00Z,5052.13,5057.12,5034.85,5035.56,85619943
2022-08-12T13:00:00Z,5035.56,5040.46,5033.43,5035.26,66549693
2022-08-12T14:00:00Z,5035.26,5049.94,5034.67,5045.76,69124622
2022-08-12T15:00:00Z,5045.76,5047.20,5044.97,5045.26,67750283
2022-08-12T16:00:00Z,5045.26,5048.85,5038.42,5041.03,65143283
2022-08-12T17:00:00Z,5041.03,5044.63,5020.95,5025.86,87166228
2022-08-12T18:00:00Z,5025.86,5026.07,5008.79,5014.25,84252142
2022-08-12T19:00:00Z,5014.25,5019.19,5008.87,5016.34,72534068
2022-08-12T20:00:00Z,5016.34,5029.02,5015.50,5026.45,68258417
2022-08-12T21:00:00Z,5026.45,5033.63,5024.08,5033.04,61189414
2022-08-12T22:00:00Z,5033.04,5044.13,5027.66,5041.11,70995903
2022-08-12T23:00:00Z,5041.11,5062.64,5039.47,5057.09,93987300
2022-08-13T00:00:00Z,5057.09,5068.31,5051.55,5065.56,76391607
2022-08-13T01:00:00Z,5065.56,5069.58,5062.16,5065.71,51017468
2022-08-13T02:00:00Z,5065.71,5070.37,5065.13,5067.73,61498334
2022-08-13T03:00:00Z,5067.73,5070.98,5063.21,5068.23,60401490
2022-08-13T04:00:00Z,5068.23,5074.11,5059.59,5061.51,70791844
2022-08-13T05:00:00Z,5061.51,5076.75,5057.08,5073.19,74222836
2022-08-13T06:00:00Z,5073.19,5077.16,5070.34,5075.13,67902939
2022-08-13T07:00:00Z,5075.13,5077.62,5069.04,5074.64,58983408
2022-08-13T08:00:00Z,5074.64,5077.15,5068.39,5072.58,58767265
2022-08-13T09:00:00Z,5072.58,5078.23,5070.75,5072.08,60524391
2022-08-13T10:00:00Z,5072.08,5074.44,5066.83,5067.75,59900795
2022-08-13T11:00:00Z,5067.75,5076.76,5062.00,5074.66,80211174
2022-08-13T12:00:00Z,5074.66,5086.23,5072.73,5080.46,61198124
2022-08-13T13:00:00Z,5080.46,5094.41,5078.27,5093.31,74963210
2022-08-13T14:00:00Z,5093.31,5100.26,5089.31,5095.48,55177098
2022-08-13T15:00:00Z,5095.48,5101.32,5092.11,5097.10,71172486
2022-08-13T16:00:00Z,5097.10,5118.43,5096.16,5113.04,80328877
2022-08-13T17:00:00Z,5113.04,5117.46,5107.45,5110.55,58583864
2022-08-13T18:00:00Z,5110.55,5121.96,5108.07,5121.54,81776210
2022-08-13T19:00:00Z,5121.54,5125.94,5116.39,5118.47,73191534
2022-08-13T20:00:00Z,5118.47,5123.61,5114.66,5115.59,58511672
2022-08-13T21:00:00Z,5115.59,5120.71,5111.53,5114.25,64924042
2022-08-13T22:00:00Z,5114.25,5119.66,5113.50,5114.56,54622760
2022-08-13T23:00:00Z,5114.56,5133.36,5114.49,5127.37,84987364
2022-08-14T00:00:00Z,5127.37,5131.36,5099.73,5105.80,91877424
2022-08-14T01:00:00Z,5105.80,5107.26,5102.78,5105.76,66032210
2022-08-14T02:00:00Z,5105.76,5111.63,5104.73,5108.13,67399618
2022-08-14T03:00:00Z,5108.13,5124.55,5102.77,5119.45,83504961
2022-08-14T04:00:00Z,5119.45,5122.11,5117.54,5118.81,62765169
2022-08-14T05:00:00Z,5118.81,5121.27,5111.91,5115.60,63441017
2022-08-14T06:00:00Z,5115.60,5117.99,5106.84,5109.26,61927353
2022-08-14T07:00:00Z,5109.26,5129.89,5109.16,5123.94,78414575
2022-08-14T08:00:00Z,5123.94,5127.23,5116.35,5120.01,69557363
2022-08-14T09:00:00Z,5120.01,5125.25,5113.37,5113.71,60454296
2022-08-14T10:00:00Z,5113.71,5124.09,5112.23,5119.39,61464395
2022-08-14T11:00:00Z,5119.39,5119.80,5110.81,5112.99,75706614
2022-08-14T12:00:00Z,5112.99,5113.15,5105.94,5108.45,71296268
2022-08-14T13:00:00Z,5108.45,5113.74,5105.89,5111.48,60186773
2022-08-14T14:00:00Z,5111.48,5113.08,5103.00,5106.79,77169796
2022-08-14T15:00:00Z,5106.79,5113.09,5105.58,5107.81,63412353
2022-08-14T16:00:00Z,5107.81,5115.83,5107.05,5115.36,62179410
2022-08-14T17:00:00Z,5115.36,5126.37,5110.58,5121.81,78763528
2022-08-14T18:00:00Z,5121.81,5131.37,5119.90,5127.01,76083723
2022-08-14T19:00:00Z,5127.01,5128.76,5123.55,5126.51,66135015
2022-08-14T20:00:00Z,5126.51,5132.02,5123.75,5129.80,71684338
2022-08-14T21:00:00Z,5129.80,5134.07,5127.56,5132.68,62945227
2022-08-14T22:00:00Z,5132.68,5135.44,5116.68,5121.61,73259697
2022-08-14T23:00:00Z,5121.61,5128.84,5115.62,5124.33,73948512
2022-08-15T00:00:00Z,5124.33,5129.88,5120.47,5128.78,76402203
2022-08-15T01:00:00Z,5128.78,5134.98,5123.18,5134.42,78303064
2022-08-15T02:00:00Z,5134.42,5135.27,5128.33,5128.43,75032517
2022-08-15T03:00:00Z,5128.43,5141.68,5125.87,5140.00,70554388
2022-08-15T04:00:00Z,5140.00,5143.63,5130.28,5135.08,75002875
2022-08-15T05:00:00Z,5135.08,5141.06,5121.10,5125.70,66180498
2022-08-15T06:00:00Z,5125.70,5136.72,5121.86,5136.46,80006300
2022-08-15T07:00:00Z,5136.46,5152.25,5130.62,5147.00,83916762
2022-08-15T08:00:00Z,5147.00,5153.55,5143.77,5151.44,72440419
2022-08-15T09:00:00Z,5151.44,5154.07,5136.36,5141.75,66315381
2022-08-15T10:00:00Z,5141.75,5145.02,5134.12,5139.25,55448893
2022-08-15T11:00:00Z,5139.25,5144.64,5136.11,5142.92,61105730
2022-08-15T12:00:00Z,5142.92,5149.01,5130.02,5135.36,64192846
2022-08-15T13:00:00Z,5135.36,5139.63,5126.72,5131.16,60158103
2022-08-15T14:00:00Z,5131.16,5136.90,5116.21,5121.47,71105000
2022-08-15T15:00:00Z,5121.47,5126.84,5118.06,5121.94,58698630
2022-08-15T16:00:00Z,5121.94,5139.01,5116.78,5134.33,72440472
2022-08-15T17:00:00Z,5134.33,5136.91,5127.70,5132.12,63055282
2022-08-15T18:00:00Z,5132.12,5135.79,5123.45,5128.06,59176294
2022-08-15T19:00:00Z,5128.06,5128.71,5122.96,5126.21,54432302
2022-08-15T20:00:00Z,5126.21,5134.65,5124.92,5132.85,64412584
2022-08-15T21:00:00Z,5132.85,5138.65,5114.15,5118.72,85104298
2022-08-15T22:00:00Z,5118.72,5135.74,5113.48,5133.17,73876642
2022-08-15T23:00:00Z,5133.17,5140.25,5130.98,5134.27,61572205
2022-08-16T00:00:00Z,5134.27,5144.73,5134.18,5138.61,73915691
2022-08-16T01:00:00Z,5138.61,5140.38,5127.34,5131.85,70820068
2022-08-16T02:00:00Z,5131.85,5142.25,5131.84,5140.29,77910444
2022-08-16T03:00:00Z,5140.29,5143.51,5138.75,5143.27,65478154
2022-08-16T04:00:00Z,5143.27,5158.14,5137.60,5156.79,75851008
2022-08-16T05:00:00Z,5156.79,5174.21,5155.38,5171.69,78107685
2022-08-16T06:00:00Z,5171.69,5178.53,5149.35,5155.14,92496127
2022-08-16T07:00:00Z,5155.14,5172.48,5150.94,5167.13,86279287
2022-08-16T08:00:00Z,5167.13,5173.20,5158.88,5161.33,75156840
2022-08-16T09:00:00Z,5161.33,5162.38,5157.45,5160.97,70254949
2022-08-16T10:00:00Z,5160.97,5175.44,5159.20,5168.23,67975770
2022-08-16T11:00:00Z,5168.23,5174.06,5158.76,5159.53,78062844
2022-08-16T12:00:00Z,5159.53,5162.13,5148.14,5153.26,68468993
2022-08-16T13:00:00Z,5153.26,5169.93,5151.59,5167.41,90131369
2022-08-16T14:00:00Z,5167.41,5187.56,5166.25,5180.84,75824933
2022-08-16T15:00:00Z,5180.84,5190.80,5178.91,5189.81,71384704
2022-08-16T16:00:00Z,5189.81,5190.01,5183.33,5183.41,75422292
2022-08-16T17:00:00Z,5183.41,5200.65,5176.70,5194.89,82493035
2022-08-16T18:00:00Z,5194.89,5217.29,5189.78,5213.75,87518097
2022-08-16T19:00:00Z,5213.75,5215.64,5190.00,5193.17,100889433
2022-08-16T20:00:00Z,5193.17,5197.01,5180.46,5183.14,82966405
2022-08-16T21:00:00Z,5183.14,5186.30,5160.28,5165.07,94315569
2022-08-16T22:00:00Z,5165.07,5171.61,5143.40,5143.92,102183030
2022-08-16T23:00:00Z,5143.92,5153.38,5140.69,5147.15,73138525
2022-08-17T00:00:00Z,5147.15,5151.07,5133.97,5140.80,72117564
2022-08-17T01:00:00Z,5140.80,5143.98,5111.24,5115.99,108412707
2022-08-17T02:00:00Z,5115.99,5122.33,5115.56,5116.35,55520924
2022-08-17T03:00:00Z,5116.35,5133.39,5109.94,5128.51,82860182
2022-08-17T04:00:00Z,5128.51,5130.26,5127.29,5130.13,54404372
2022-08-17T05:00:00Z,5130.13,5133.46,5125.60,5126.12,56695741
2022-08-17T06:00:00Z,5126.12,5129.60,5115.63,5117.04,66798519
2022-08-17T07:00:00Z,5117.04,5124.71,5106.80,5112.73,60066385
2022-08-17T08:00:00Z,5112.73,5115.58,5104.43,5109.86,61103033
2022-08-17T09:00:00Z,5109.86,5117.57,5102.63,5113.38,60133271
2022-08-17T10:00:00Z,5113.38,5119.10,5096.59,5101.05,87340362
2022-08-17T11:00:00Z,5101.05,5112.27,5098.25,5105.15,75034033
2022-08-17T12:00:00Z,5105.15,5112.52,5098.46,5108.98,63064348
2022-08-17T13:00:00Z,5108.98,5124.01,5107.05,5118.91,82442127
2022-08-17T14:00:00Z,5118.91,5119.60,5108.54,5113.86,60133432
2022-08-17T15:00:00Z,5113.86,5116.59,5110.64,5112.21,55340943
2022-08-17T16:00:00Z,5112.21,5119.38,5094.69,5100.03,89042403
2022-08-17T17:00:00Z,5100.03,5117.57,5094.35,5113.56,73520110
2022-08-17T18:00:00Z,5113.56,5131.53,5111.92,5128.99,91469125
2022-08-17T19:00:00Z,5128.99,5136.70,5126.75,5135.23,72542547
2022-08-17T20:00:00Z,5135.23,5139.16,5131.41,5134.04,64775273
2022-08-17T21:00:00Z,5134.04,5137.50,5129.49,5137.16,58194749
2022-08-17T22:00:00Z,5137.16,5139.89,5131.88,5133.41,55859727
2022-08-17T23:00:00Z,5133.41,5140.16,5130.51,5137.19,56219922
2022-08-18T00:00:00Z,5137.19,5153.37,5134.67,5152.31,89097936
2022-08-18T01:00:00Z,5152.31,5157.16,5143.46,5149.43,66273842
2022-08-18T02:00:00Z,5149.43,5150.58,5141.21,5141.47,69751041
2022-08-18T03:00:00Z,5141.47,5148.28,5137.79,5145.19,60310266
2022-08-18T04:00:00Z,5145.19,5150.53,5144.63,5150.04,71590738
2022-08-18T05:00:00Z,5150.04,5158.55,5144.22,5156.20,78253613
2022-08-18T06:00:00Z,5156.20,5163.62,5149.67,5161.15,68013098
2022-08-18T07:00:00Z,5161.15,5164.93,5147.06,5148.99,82888416
2022-08-18T08:00:00Z,5148.99,5153.64,5124.89,5128.16,85829817
2022-08-18T09:00:00Z,5128.16,5133.36,5124.19,5131.44,63019198
2022-08-18T10:00:00Z,5131.44,5139.86,5124.77,5132.64,70027705
2022-08-18T11:00:00Z,5132.64,5139.31,5127.74,5129.51,62916536
2022-08-18T12:00:00Z,5129.51,5136.36,5124.86,5135.53,66236014
2022-08-18T13:00:00Z,5135.53,5150.13,5132.14,5146.73,77289210
2022-08-18T14:00:00Z,5146.73,5156.35,5144.57,5148.68,57294655
2022-08-18T15:00:00Z,5148.68,5152.99,5140.54,5141.90,67872159
2022-08-18T16:00:00Z,5141.90,5148.76,5134.00,5135.58,65416692
2022-08-18T17:00:00Z,5135.58,5139.69,5122.00,5129.74,59989489
2022-08-18T18:00:00Z,5129.74,5144.86,5123.43,5139.11,67251635
2022-08-18T19:00:00Z,5139.11,5148.69,5137.52,5145.91,79265460
2022-08-18T20:00:00Z,5145.91,5146.32,5135.98,5141.72,69439073
2022-08-18T21:00:00Z,5141.72,5159.39,5138.94,5153.87,83440489
2022-08-18T22:00:00Z,5153.87,5154.85,5148.45,5150.67,59565044
2022-08-18T23:00:00Z,5150.67,5157.42,5150.03,5151.21,56194228
2022-08-19T00:00:00Z,5151.21,5159.71,5150.80,5159.46,82541241
2022-08-19T01:00:00Z,5159.46,5164.40,5152.90,5157.31,58881427
2022-08-19T02:00:00Z,5157.31,5164.09,5150.54,5153.73,65301884
2022-08-19T03:00:00Z,5153.73,5175.03,5152.16,5171.65,94819546
2022-08-19T04:00:00Z,5171.65,5198.71,5164.42,5191.89,82624732
2022-08-19T05:00:00Z,5191.89,5192.37,5186.23,5191.25,59804409
2022-08-19T06:00:00Z,5191.25,5197.47,5181.23,5187.11,68940506
2022-08-19T07:00:00Z,5187.11,5189.42,5179.08,5182.10,62323988
2022-08-19T08:00:00Z,5182.10,5193.09,5178.67,5189.50,70332940
2022-08-19T09:00:00Z,5189.50,5194.56,5168.34,5174.01,85769941
2022-08-19T10:00:00Z,5174.01,5176.61,5164.91,5168.79,73644341
2022-08-19T11:00:00Z,5168.79,5171.24,5161.92,5170.68,60974671
2022-08-19T12:00:00Z,5170.68,5174.32,5148.72,5154.07,82546680
2022-08-19T13:00:00Z,5154.07,5160.75,5148.01,5154.23,58475795
2022-08-19T14:00:00Z,5154.23,5175.20,5153.36,5170.24,79718583
2022-08-19T15:00:00Z,5170.24,5177.37,5166.93,5174.15,63535912
2022-08-19T16:00:00Z,5174.15,5178.76,5167.37,5170.70,74214020
2022-08-19T17:00:00Z,5170.70,5178.95,5165.29,5172.16,57118476
2022-08-19T18:00:00Z,5172.16,5172.28,5165.85,5171.42,63150274
2022-08-19T19:00:00Z,5171.42,5188.69,5167.45,5181.54,78295827
2022-08-19T20:00:00Z,5181.54,5189.09,5175.26,5188.27,62742673
2022-08-19T21:00:00Z,5188.27,5214.31,5186.09,5212.51,98646731
2022-08-19T22:00:00Z,5212.51,5214.65,5200.14,5205.18,63772983
2022-08-19T23:00:00Z,5205.18,5207.97,5184.99,5188.50,85937865
2022-08-20T00:00:00Z,5188.50,5192.05,5176.87,5181.55,78799516
2022-08-20T01:00:00Z,5181.55,5186.18,5173.89,5180.30,59295042
2022-08-20T02:00:00Z,5180.30,5182.38,5148.09,5155.12,91339276
2022-08-20T03:00:00Z,5155.12,5160.19,5150.37,5153.11,58375909
2022-08-20T04:00:00Z,5153.11,5158.58,5134.44,5141.69,83284896
2022-08-20T05:00:00Z,5141.69,5151.38,5135.38,5148.81,72274944
2022-08-20T06:00:00Z,5148.81,5174.27,5144.65,5167.59,81709932
2022-08-20T07:00:00Z,5167.59,5172.91,5154.87,5155.26,74252654
2022-08-20T08:00:00Z,5155.26,5155.93,5145.42,5149.11,61675467
2022-08-20T09:00:00Z,5149.11,5150.96,5146.40,5149.73,66839828
2022-08-20T10:00:00Z,5149.73,5151.33,5145.52,5150.88,68604719
2022-08-20T11:00:00Z,5150.88,5158.33,5148.66,5149.81,61219918
2022-08-20T12:00:00Z,5149.81,5163.48,5146.06,5160.20,73129377
2022-08-20T13:00:00Z,5160.20,5162.94,5153.92,5154.13,69094423
2022-08-20T14:00:00Z,5154.13,5156.69,5146.35,5155.22,70157819
2022-08-20T15:00:00Z,5155.22,5159.84,5141.50,5141.90,78706271
2022-08-20T16:00:00Z,5141.90,5142.43,5141.88,5142.17,50702534
2022-08-20T17:00:00Z,5142.17,5162.74,5134.82,5158.72,93179364
2022-08-20T18:00:00Z,5158.72,5159.06,5134.43,5141.37,90530493
2022-08-20T19:00:00Z,5141.37,5148.47,5133.40,5134.07,69746509
2022-08-20T20:00:00Z,5134.07,5140.14,5132.32,5135.39,68352204
2022-08-20T21:00:00Z,5135.39,5142.98,5121.22,5126.65,70816407
2022-08-20T22:00:00Z,5126.65,5133.49,5117.18,5118.86,81451972
2022-08-20T23:00:00Z,5118.86,5132.75,5113.67,5130.10,81692262
2022-08-21T00:00:00Z,5130.10,5135.90,5107.09,5107.93,96558161
2022-08-21T01:00:00Z,5107.93,5124.60,5105.21,5120.35,74334388
2022-08-21T02:00:00Z,5120.35,5127.60,5113.99,5123.33,72794636
2022-08-21T03:00:00Z,5123.33,5129.68,5118.04,5123.27,57802034
2022-08-21T04:00:00Z,5123.27,5131.03,5108.28,5111.06,78776323
2022-08-21T05:00:00Z,5111.06,5112.42,5107.37,5111.82,69094653
2022-08-21T06:00:00Z,5111.82,5114.77,5105.28,5106.43,65356686
2022-08-21T07:00:00Z,5106.43,5112.34,5077.34,5083.32,91207396
2022-08-21T08:00:00Z,5083.32,5086.97,5077.15,5086.12,68170502
2022-08-21T09:00:00Z,5086.12,5092.75,5077.23,5081.89,65668291
2022-08-21T10:00:00Z,5081.89,5093.52,5080.55,5087.60,69650879
2022-08-21T11:00:00Z,5087.60,5090.80,5082.44,5083.13,70108831
2022-08-21T12:00:00Z,5083.13,5093.08,5075.52,5085.86,71624418
2022-08-21T13:00:00Z,5085.86,5117.02,5080.63,5112.03,99371414
2022-08-21T14:00:00Z,5112.03,5112.85,5083.02,5090.63,96704458
2022-08-21T15:00:00Z,5090.63,5106.07,5084.77,5099.44,83511167
2022-08-21T16:00:00Z,5099.44,5106.90,5079.08,5084.69,80291710
2022-08-21T17:00:00Z,5084.69,5085.45,5079.49,5083.15,61065902
2022-08-21T18:00:00Z,5083.15,5083.66,5074.94,5075.29,75717948
2022-08-21T19:00:00Z,5075.29,5080.34,5065.33,5066.04,74025630
2022-08-21T20:00:00Z,5066.04,5082.17,5060.40,5076.01,72089448
2022-08-21T21:00:00Z,5076.01,5084.21,5074.01,5078.78,69158790
2022-08-21T22:00:00Z,5078.78,5083.93,5074.30,5080.83,54077841
2022-08-21T23:00:00Z,5080.83,5081.49,5066.99,5074.66,79008773
2022-08-22T00:00:00Z,5074.66,5075.10,5060.54,5064.80,81001869
2022-08-22T01:00:00Z,5064.80,5066.76,5037.92,5044.77,97924170
2022-08-22T02:00:00Z,5044.77,5046.56,5035.19,5042.67,60172618
2022-08-22T03:00:00Z,5042.67,5042.96,5027.41,5032.72,75789094
2022-08-22T04:00:00Z,5032.72,5039.10,5028.28,5029.40,64164321
2022-08-22T05:00:00Z,5029.40,5034.12,5017.40,5021.63,69217829
2022-08-22T06:00:00Z,5021.63,5024.24,5012.02,5017.16,61306277
2022-08-22T07:00:00Z,5017.16,5023.78,5011.40,5016.39,57816870
2022-08-22T08:00:00Z,5016.39,5021.96,5013.65,5015.12,65789265
2022-08-22T09:00:00Z,5015.12,5038.08,5008.01,5031.96,93377314
2022-08-22T10:00:00Z,5031.96,5032.05,5013.77,5018.84,83833065
2022-08-22T11:00:00Z,5018.84,5025.00,5017.25,5017.54,61256134
2022-08-22T12:00:00Z,5017.54,5023.07,5006.17,5010.56,64237113
2022-08-22T13:00:00Z,5010.56,5020.44,5010.28,5013.15,69098548
2022-08-22T14:00:00Z,5013.15,5014.43,5006.85,5007.58,73127279
2022-08-22T15:00:00Z,5007.58,5010.74,5002.97,5008.94,57147734
2022-08-22T16:00:00Z,5008.94,5035.79,5006.53,5032.59,99645337
2022-08-22T17:00:00Z,5032.59,5048.78,5026.78,5048.10,79275284
2022-08-22T18:00:00Z,5048.10,5048.34,5045.34,5047.95,51085244
2022-08-22T19:00:00Z,5047.95,5064.49,5042.49,5057.74,72550863
2022-08-22T20:00:00Z,5057.74,5065.06,5035.82,5042.86,80000200
2022-08-22T21:00:00Z,5042.86,5046.46,5040.25,5045.26,62240988
2022-08-22T22:00:00Z,5045.26,5049.38,5026.88,5033.93,79712488
2022-08-22T23:00:00Z,5033.93,5039.86,5029.34,5033.22,51179092
2022-08-23T00:00:00Z,5033.22,5038.91,5014.71,5021.86,75524606
2022-08-23T01:00:00Z,5021.86,5029.17,5002.78,5007.45,91545734
2022-08-23T02:00:00Z,5007.45,5019.77,5001.94,5015.91,78094456
2022-08-23T03:00:00Z,5015.91,5022.58,4999.47,5005.36,85334983
2022-08-23T04:00:00Z,5005.36,5011.92,4981.58,4989.02,92003892
2022-08-23T05:00:00Z,4989.02,5009.42,4986.02,5003.60,91016494
2022-08-23T06:00:00Z,5003.60,5015.79,4998.57,5009.20,77143602
2022-08-23T07:00:00Z,5009.20,5009.50,4994.60,5001.71,72967343
2022-08-23T08:00:00Z,5001.71,5006.23,4995.38,5005.15,62552652
2022-08-23T09:00:00Z,5005.15,5012.71,5001.69,5002.89,64699109
2022-08-23T10:00:00Z,5002.89,5011.46,4999.23,5007.94,74457976
2022-08-23T11:00:00Z,5007.94,5009.80,4989.71,4993.94,75210564
2022-08-23T12:00:00Z,4993.94,5014.98,4991.96,5009.05,82344724
2022-08-23T13:00:00Z,5009.05,5011.61,5002.87,5009.62,55593035
2022-08-23T14:00:00Z,5009.62,5019.22,5005.00,5017.83,76667042
2022-08-23T15:00:00Z,5017.83,5025.18,5010.07,5012.77,70352318
2022-08-23T16:00:00Z,5012.77,5034.39,5012.40,5029.39,92411564
2022-08-23T17:00:00Z,5029.39,5045.88,5023.52,5039.48,77385440
2022-08-23T18:00:00Z,5039.48,5046.35,5034.93,5042.30,74171826
2022-08-23T19:00:00Z,5042.30,5059.65,5037.82,5057.19,85510576
2022-08-23T20:00:00Z,5057.19,5077.96,5053.30,5072.39,77141014
2022-08-23T21:00:00Z,5072.39,5079.70,5068.48,5068.52,60494832
2022-08-23T22:00:00Z,5068.52,5071.70,5057.71,5060.29,77321956
2022-08-23T23:00:00Z,5060.29,5060.87,5034.35,5036.33,99257819
2022-08-24T00:00:00Z,5036.33,5039.83,5014.07,5019.99,92620974
2022-08-24T01:00:00Z,5019.99,5027.35,5018.15,5025.57,63970121
2022-08-24T02:00:00Z,5025.57,5033.00,5019.44,5025.35,66336944
2022-08-24T03:00:00Z,5025.35,5050.40,5022.60,5043.68,86945807
2022-08-24T04:00:00Z,5043.68,5048.10,5017.93,5024.87,94831771
2022-08-24T05:00:00Z,5024.87,5029.27,5016.07,5022.83,61237548
2022-08-24T06:00:00Z,5022.83,5035.63,5022.65,5028.26,67704474
2022-08-24T07:00:00Z,5028.26,5032.26,5019.11,5022.63,71457200
2022-08-24T08:00:00Z,5022.63,5023.93,5004.01,5011.25,79280191
2022-08-24T09:00:00Z,5011.25,5011.95,4995.52,5002.06,83365871
2022-08-24T10:00:00Z,5002.06,5009.31,4978.41,4985.89,89640320
2022-08-24T11:00:00Z,4985.89,4995.05,4978.60,4989.06,57311000
2022-08-24T12:00:00Z,4989.06,4991.21,4975.74,4981.58,72107188
2022-08-24T13:00:00Z,4981.58,4985.32,4975.31,4984.42,62653629
2022-08-24T14:00:00Z,4984.42,4991.71,4960.90,4967.30,79029401
2022-08-24T15:00:00Z,4967.30,4971.66,4966.69,4969.36,73047753
2022-08-24T16:00:00Z,4969.36,4974.10,4960.08,4961.51,80978464
2022-08-24T17:00:00Z,4961.51,4972.06,4955.16,4964.59,59129093
2022-08-24T18:00:00Z,4964.59,4967.00,4959.87,4962.38,66707165
2022-08-24T19:00:00Z,4962.38,4972.80,4959.85,4970.80,72120578
2022-08-24T20:00:00Z,4970.80,4981.01,4964.75,4978.16,80390537
2022-08-24T21:00:00Z,4978.16,4979.38,4975.47,4977.87,62756231
2022-08-24T22:00:00Z,4977.87,4985.11,4970.49,4977.84,55886261
2022-08-24T23:00:00Z,4977.84,4995.27,4970.98,4993.52,93108816
2022-08-25T00:00:00Z,4993.52,5003.96,4993.42,5003.64,77624168
2022-08-25T01:00:00Z,5003.64,5009.93,4994.83,4995.34,72948369
2022-08-25T02:00:00Z,4995.34,4998.53,4987.94,4992.81,68029584
2022-08-25T03:00:00Z,4992.81,4999.81,4991.88,4994.57,56801649
2022-08-25T04:00:00Z,4994.57,5019.91,4989.12,5012.75,83931343
2022-08-25T05:00:00Z,5012.75,5029.92,5007.69,5023.91,68203441
2022-08-25T06:00:00Z,5023.91,5025.88,4997.85,5004.11,90786202
2022-08-25T07:00:00Z,5004.11,5015.22,5000.30,5013.63,79153859
2022-08-25T08:00:00Z,5013.63,5023.32,5007.10,5023.29,73621065
2022-08-25T09:00:00Z,5023.29,5029.56,5019.33,5028.18,76335780
2022-08-25T10:00:00Z,5028.18,5051.05,5027.88,5049.24,89834307
2022-08-25T11:00:00Z,5049.24,5056.96,5041.87,5053.99,58932935
2022-08-25T12:00:00Z,5053.99,5063.54,5047.17,5061.87,73285643
2022-08-25T13:00:00Z,5061.87,5061.96,5045.03,5051.25,79656483
2022-08-25T14:00:00Z,5051.25,5057.93,5042.88,5043.72,77910192
2022-08-25T15:00:00Z,5043.72,5045.10,5035.71,5037.29,61655929
2022-08-25T16:00:00Z,5037.29,5041.78,5030.97,5036.61,54366305
2022-08-25T17:00:00Z,5036.61,5040.21,5004.30,5008.99,111106400
2022-08-25T18:00:00Z,5008.99,5020.84,5004.94,5014.25,78032605
2022-08-25T19:00:00Z,5014.25,5033.84,5008.81,5030.85,81762295
2022-08-25T20:00:00Z,5030.85,5043.09,5026.16,5039.49,65869369
2022-08-25T21:00:00Z,5039.49,5045.68,5023.44,5028.87,78861488
2022-08-25T22:00:00Z,5028.87,5035.34,5016.16,5016.62,77019558
2022-08-25T23:00:00Z,5016.62,5026.98,5012.75,5020.53,72485936
2022-08-26T00:00:00Z,5020.53,5020.89,4994.94,4997.32,103926132
2022-08-26T01:00:00Z,4997.32,5013.76,4996.56,5006.70,82786361
2022-08-26T02:00:00Z,5006.70,5007.28,5002.72,5004.54,67029237
2022-08-26T03:00:00Z,5004.54,5007.66,4987.44,4990.92,73421215
2022-08-26T04:00:00Z,4990.92,4993.76,4988.57,4993.33,70059240
2022-08-26T05:00:00Z,4993.33,4999.91,4977.92,4982.50,86612916
2022-08-26T06:00:00Z,4982.50,4988.36,4975.56,4980.17,59430840
2022-08-26T07:00:00Z,4980.17,4984.50,4978.35,4979.32,63236671
2022-08-26T08:00:00Z,4979.32,4983.65,4975.02,4979.17,61319802
2022-08-26T09:00:00Z,4979.17,4985.85,4961.50,4966.86,77074169
2022-08-26T10:00:00Z,4966.86,4972.03,4953.74,4957.65,67712609
2022-08-26T11:00:00Z,4957.65,4961.66,4954.66,4957.72,55879379
2022-08-26T12:00:00Z,4957.72,4960.98,4949.37,4955.86,60883322
2022-08-26T13:00:00Z,4955.86,4956.38,4951.19,4956.34,67424635
2022-08-26T14:00:00Z,4956.34,4964.65,4949.85,4957.67,57556746
2022-08-26T15:00:00Z,4957.67,4963.89,4955.43,4958.79,62744301
2022-08-26T16:00:00Z,4958.79,4977.38,4953.72,4976.22,85955667
2022-08-26T17:00:00Z,4976.22,4977.33,4962.83,4966.21,67716438
2022-08-26T18:00:00Z,4966.21,4973.11,4963.53,4968.56,69861284
2022-08-26T19:00:00Z,4968.56,4968.79,4958.54,4959.92,71015158
2022-08-26T20:00:00Z,4959.92,4966.25,4941.45,4944.89,76783345
2022-08-26T21:00:00Z,4944.89,4949.03,4944.86,4946.59,72072412
2022-08-26T22:00:00Z,4946.59,4951.37,4927.47,4933.59,73212588
2022-08-26T23:00:00Z,4933.59,4957.02,4927.90,4950.72,79911012
2022-08-27T00:00:00Z,4950.72,4962.43,4947.06,4957.99,76701664
2022-08-27T01:00:00Z,4957.99,4961.36,4950.80,4956.15,64331959
2022-08-27T02:00:00Z,4956.15,4958.76,4941.99,4949.44,69578746
2022-08-27T03:00:00Z,4949.44,4950.56,4927.74,4931.57,90575789
2022-08-27T04:00:00Z,4931.57,4938.00,4925.91,4928.35,72630883
2022-08-27T05:00:00Z,4928.35,4949.73,4927.41,4948.40,95309561
2022-08-27T06:00:00Z,4948.40,4950.42,4933.36,4936.09,82704826
2022-08-27T07:00:00Z,4936.09,4943.37,4929.07,4938.63,64225809
2022-08-27T08:00:00Z,4938.63,4944.12,4919.78,4922.71,87251495
2022-08-27T09:00:00Z,4922.71,4942.47,4921.25,4935.09,83309900
2022-08-27T10:00:00Z,4935.09,4956.45,4932.99,4953.31,83567342
2022-08-27T11:00:00Z,4953.31,4956.36,4950.91,4953.92,52015792
2022-08-27T12:00:00Z,4953.92,4962.85,4948.48,4961.57,70080862
2022-08-27T13:00:00Z,4961.57,4964.80,4957.74,4963.39,56297694
2022-08-27T14:00:00Z,4963.39,4991.11,4960.29,4986.21,99289163
2022-08-27T15:00:00Z,4986.21,4990.63,4954.80,4962.16,94483973
2022-08-27T16:00:00Z,4962.16,4971.19,4960.06,4968.98,75985653
2022-08-27T17:00:00Z,4968.98,4973.73,4963.87,4971.49,66828341
2022-08-27T18:00:00Z,4971.49,4975.54,4951.76,4955.20,82957274
2022-08-27T19:00:00Z,4955.20,4961.44,4948.12,4955.81,61269960
2022-08-27T20:00:00Z,4955.81,4961.05,4950.06,4958.34,71796854
2022-08-27T21:00:00Z,4958.34,4976.52,4950.91,4972.74,86002119
2022-08-27T22:00:00Z,4972.74,4980.14,4964.27,4971.24,60349272
2022-08-27T23:00:00Z,4971.24,4978.58,4969.29,4970.57,64944829
2022-08-28T00:00:00Z,4970.57,4971.36,4954.30,4958.63,85146578
2022-08-28T01:00:00Z,4958.63,4961.93,4952.12,4956.95,68605059
2022-08-28T02:00:00Z,4956.95,4963.15,4941.76,4942.42,73549081
2022-08-28T03:00:00Z,4942.42,4949.36,4934.05,4937.99,69550123
2022-08-28T04:00:00Z,4937.99,4940.13,4920.69,4925.40,89261673
2022-08-28T05:00:00Z,4925.40,4929.45,4920.42,4920.59,64591567
2022-08-28T06:00:00Z,4920.59,4928.34,4913.72,4924.60,73454504
2022-08-28T07:00:00Z,4924.60,4930.14,4908.48,4915.48,69305882
2022-08-28T08:00:00Z,4915.48,4915.76,4908.58,4910.90,73225961
2022-08-28T09:00:00Z,4910.90,4918.48,4906.60,4915.41,57404024
2022-08-28T10:00:00Z,4915.41,4919.73,4898.06,4898.25,97780877
2022-08-28T11:00:00Z,4898.25,4903.17,4895.94,4899.00,61909070
2022-08-28T12:00:00Z,4899.00,4906.20,4884.56,4891.93,69628170
2022-08-28T13:00:00Z,4891.93,4891.97,4883.92,4884.80,73598849
2022-08-28T14:00:00Z,4884.80,4890.70,4861.96,4865.04,94797527
2022-08-28T15:00:00Z,4865.04,4887.64,4859.39,4883.54,91253334
2022-08-28T16:00:00Z,4883.54,4890.78,4879.86,4884.92,65276085
2022-08-28T17:00:00Z,4884.92,4885.09,4861.35,4868.46,86511706
2022-08-28T18:00:00Z,4868.46,4875.56,4855.55,4862.01,61503833
2022-08-28T19:00:00Z,4862.01,4869.38,4846.83,4853.57,65056438
2022-08-28T20:00:00Z,4853.57,4856.76,4849.63,4850.86,67703403
2022-08-28T21:00:00Z,4850.86,4855.16,4834.24,4839.20,87368989
2022-08-28T22:00:00Z,4839.20,4844.94,4829.89,4832.85,60711909
2022-08-28T23:00:00Z,4832.85,4833.63,4828.03,4830.05,54914511
2022-08-29T00:00:00Z,4830.05,4848.25,4826.54,4845.41,83151506
2022-08-29T01:00:00Z,4845.41,4849.51,4835.74,4840.29,76800197
2022-08-29T02:00:00Z,4840.29,4851.90,4833.54,4846.82,63286128
2022-08-29T03:00:00Z,4846.82,4863.78,4843.40,4859.10,81562406
2022-08-29T04:00:00Z,4859.10,4866.00,4839.47,4845.75,87908222
2022-08-29T05:00:00Z,4845.75,4850.21,4833.41,4838.66,73939243
2022-08-29T06:00:00Z,4838.66,4840.86,4830.50,4830.79,65345044
2022-08-29T07:00:00Z,4830.79,4833.56,4823.70,4829.75,71052418
2022-08-29T08:00:00Z,4829.75,4830.56,4824.88,4827.30,70690457
2022-08-29T09:00:00Z,4827.30,4829.62,4822.22,4825.82,68430551
2022-08-29T10:00:00Z,4825.82,4829.15,4808.48,4811.65,89255450
2022-08-29T11:00:00Z,4811.65,4821.71,4811.62,4815.74,70667377
2022-08-29T12:00:00Z,4815.74,4836.99,4812.24,4833.81,91500799
2022-08-29T13:00:00Z,4833.81,4835.34,4818.29,4822.63,76136327
2022-08-29T14:00:00Z,4822.63,4827.94,4819.24,4825.87,65914184
2022-08-29T15:00:00Z,4825.87,4845.91,4820.23,4840.84,81287385
2022-08-29T16:00:00Z,4840.84,4848.71,4833.87,4848.16,73235845
2022-08-29T17:00:00Z,4848.16,4848.93,4824.98,4828.93,99638970
2022-08-29T18:00:00Z,4828.93,4847.55,4825.60,4840.59,69692758
2022-08-29T19:00:00Z,4840.59,4854.66,4839.15,4849.87,68703491
2022-08-29T20:00:00Z,4849.87,4858.66,4845.25,4852.86,70719544
2022-08-29T21:00:00Z,4852.86,4867.78,4847.35,4863.86,85435584
2022-08-29T22:00:00Z,4863.86,4876.74,4863.14,4875.51,87390782
2022-08-29T23:00:00Z,4875.51,4897.30,4870.37,4896.34,90632508
2022-08-30T00:00:00Z,4896.34,4898.93,4896.14,4898.68,71510290
2022-08-30T01:00:00Z,4898.68,4910.49,4891.87,4909.94,86309444
2022-08-30T02:00:00Z,4909.94,4916.42,4888.84,4895.10,81694737
2022-08-30T03:00:00Z,4895.10,4908.26,4893.88,4904.53,67983200
2022-08-30T04:00:00Z,4904.53,4915.70,4903.79,4912.50,63440467
2022-08-30T05:00:00Z,4912.50,4921.35,4911.21,4914.17,71658669
2022-08-30T06:00:00Z,4914.17,4916.58,4907.62,4915.03,64045975
2022-08-30T07:00:00Z,4915.03,4919.44,4900.75,4903.49,87680019
2022-08-30T08:00:00Z,4903.49,4912.23,4900.11,4904.92,68590288
2022-08-30T09:00:00Z,4904.92,4921.75,4903.11,4918.85,86994804
2022-08-30T10:00:00Z,4918.85,4931.95,4917.03,4924.65,75426940
2022-08-30T11:00:00Z,4924.65,4927.30,4905.61,4907.43,88935213
2022-08-30T12:00:00Z,4907.43,4911.59,4905.84,4907.11,67900189
2022-08-30T13:00:00Z,4907.11,4913.92,4901.18,4908.60,53136316
2022-08-30T14:00:00Z,4908.60,4910.83,4898.83,4904.69,62148840
2022-08-30T15:00:00Z,4904.69,4909.12,4892.49,4896.25,80365153
2022-08-30T16:00:00Z,4896.25,4905.36,4889.53,4900.44,70549421
2022-08-30T17:00:00Z,4900.44,4916.44,4899.67,4909.20,78381264
2022-08-30T18:00:00Z,4909.20,4915.45,4906.36,4910.16,62389174
2022-08-30T19:00:00Z,4910.16,4921.07,4909.93,4915.99,71919589
2022-08-30T20:00:00Z,4915.99,4922.44,4898.72,4905.23,86044377
2022-08-30T21:00:00Z,4905.23,4913.28,4903.75,4908.36,69856131
2022-08-30T22:00:00Z,4908.36,4909.98,4904.58,4909.77,52572990
2022-08-30T23:00:00Z,4909.77,4913.38,4903.06,4912.45,72009296
2022-08-31T00:00:00Z,4912.45,4919.48,4897.17,4898.98,89114839
2022-08-31T01:00:00Z,4898.98,4919.31,4893.66,4913.94,78197084
2022-08-31T02:00:00Z,4913.94,4932.00,4912.13,4926.79,82708242
2022-08-31T03:00:00Z,4926.79,4934.17,4926.73,4929.29,57210214
2022-08-31T04:00:00Z,4929.29,4935.63,4918.35,4919.82,80113223
2022-08-31T05:00:00Z,4919.82,4924.59,4910.53,4917.56,69287335
2022-08-31T06:00:00Z,4917.56,4919.52,4905.53,4906.98,71548351
2022-08-31T07:00:00Z,4906.98,4909.62,4897.79,4899.49,68346788
2022-08-31T08:00:00Z,4899.49,4912.53,4892.30,4906.48,75655353
2022-08-31T09:00:00Z,4906.48,4911.88,4895.86,4902.41,73176589
2022-08-31T10:00:00Z,4902.41,4915.15,4900.44,4909.78,67859711
2022-08-31T11:00:00Z,4909.78,4914.61,4884.65,4888.81,87977889
2022-08-31T12:00:00Z,4888.81,4895.25,4869.47,4869.72,84354200
2022-08-31T13:00:00Z,4869.72,4870.22,4860.74,4865.63,61807608
2022-08-31T14:00:00Z,4865.63,4872.40,4860.96,4866.05,60304197
2022-08-31T15:00:00Z,4866.05,4878.77,4864.57,4873.45,66987558
2022-08-31T16:00:00Z,4873.45,4878.79,4853.39,4860.21,74618675
2022-08-31T17:00:00Z,4860.21,4860.71,4853.57,4855.10,76409214
2022-08-31T18:00:00Z,4855.10,4864.67,4855.03,4858.51,56316847
2022-08-31T19:00:00Z,4858.51,4859.30,4845.59,4845.96,84388585
2022-08-31T20:00:00Z,4845.96,4866.70,4843.04,4861.65,76729827
2022-08-31T21:00:00Z,4861.65,4865.44,4854.24,4858.67,68990701
2022-08-31T22:00:00Z,4858.67,4861.13,4834.65,4839.10,99182727
2022-08-31T23:00:00Z,4839.10,4846.16,4833.17,4839.86,70801829
2022-09-01T00:00:00Z,4839.86,4845.52,4820.85,4823.06,97475938
2022-09-01T01:00:00Z,4823.06,4829.40,4811.43,4814.40,80810062
2022-09-01T02:00:00Z,4814.40,4824.12,4811.22,4820.34,78802552
2022-09-01T03:00:00Z,4820.34,4845.58,4814.29,4838.35,88153058
2022-09-01T04:00:00Z,4838.35,4842.34,4823.58,4829.71,70776711
2022-09-01T05:00:00Z,4829.71,4836.32,4825.78,4835.13,72957399
2022-09-01T06:00:00Z,4835.13,4837.90,4814.50,4815.34,95301185
2022-09-01T07:00:00Z,4815.34,4820.15,4813.52,4818.78,67434622
2022-09-01T08:00:00Z,4818.78,4823.54,4818.78,4819.81,51848524
2022-09-01T09:00:00Z,4819.81,4826.86,4805.11,4808.69,83689408
2022-09-01T10:00:00Z,4808.69,4815.27,4803.08,4810.26,59221083
2022-09-01T11:00:00Z,4810.26,4812.89,4784.88,4786.34,95891164
2022-09-01T12:00:00Z,4786.34,4792.40,4783.04,4788.15,72790919
2022-09-01T13:00:00Z,4788.15,4796.55,4785.14,4792.13,73558488
2022-09-01T14:00:00Z,4792.13,4795.64,4779.85,4786.11,73796616
2022-09-01T15:00:00Z,4786.11,4797.44,4782.35,4791.12,65290885
2022-09-01T16:00:00Z,4791.12,4797.98,4782.97,4783.05,67417053
2022-09-01T17:00:00Z,4783.05,4788.48,4769.70,4771.25,87206631
2022-09-01T18:00:00Z,4771.25,4773.33,4770.20,4772.59,68881807
2022-09-01T19:00:00Z,4772.59,4803.41,4772.50,4796.56,97550050
2022-09-01T20:00:00Z,4796.56,4797.98,4784.40,4784.78,71164918
2022-09-01T21:00:00Z,4784.78,4797.81,4782.76,4793.44,76738176
2022-09-01T22:00:00Z,4793.44,4795.48,4787.11,4795.45,56607217
2022-09-01T23:00:00Z,4795.45,4799.78,4779.93,4783.72,82732267
2022-09-02T00:00:00Z,4783.72,4786.31,4771.31,4773.85,71134250
2022-09-02T01:00:00Z,4773.85,4775.25,4753.98,4760.85,81413091
2022-09-02T02:00:00Z,4760.85,4784.30,4758.05,4778.54,87205264
2022-09-02T03:00:00Z,4778.54,4784.90,4769.32,4770.82,66255155
2022-09-02T04:00:00Z,4770.82,4772.75,4757.41,4763.01,80836223
2022-09-02T05:00:00Z,4763.01,4763.38,4754.33,4760.07,59669448
2022-09-02T06:00:00Z,4760.07,4760.08,4748.77,4755.38,62617294
2022-09-02T07:00:00Z,4755.38,4755.75,4748.90,4755.72,65495623
2022-09-02T08:00:00Z,4755.72,4757.72,4739.14,4741.96,75562476
2022-09-02T09:00:00Z,4741.96,4748.22,4739.59,4745.11,58376807
2022-09-02T10:00:00Z,4745.11,4748.04,4724.05,4726.53,96399973
2022-09-02T11:00:00Z,4726.53,4727.05,4718.51,4724.04,69821514
2022-09-02T12:00:00Z,4724.04,4730.91,4721.57,4724.19,52467015
2022-09-02T13:00:00Z,4724.19,4738.57,4717.63,4736.61,79360322
2022-09-02T14:00:00Z,4736.61,4741.90,4731.92,4740.35,63084098
2022-09-02T15:00:00Z,4740.35,4754.72,4738.38,4748.82,68690856
2022-09-02T16:00:00Z,4748.82,4769.71,4743.20,4766.17,81018992
2022-09-02T17:00:00Z,4766.17,4777.02,4760.65,4775.93,84660811
2022-09-02T18:00:00Z,4775.93,4795.12,4769.89,4788.84,79711152
2022-09-02T19:00:00Z,4788.84,4789.56,4784.38,4785.41,71007485
2022-09-02T20:00:00Z,4785.41,4788.49,4780.38,4786.05,67935469
2022-09-02T21:00:00Z,4786.05,4805.64,4783.01,4802.05,88148770
2022-09-02T22:00:00Z,4802.05,4804.95,4795.70,4796.20,64343192
2022-09-02T23:00:00Z,4796.20,4797.94,4786.69,4786.99,78684414
2022-09-03T00:00:00Z,4786.99,4790.20,4781.49,4784.93,62047497
2022-09-03T01:00:00Z,4784.93,4791.50,4760.77,4765.29,92377187
2022-09-03T02:00:00Z,4765.29,4775.70,4764.37,4770.59,73179362
2022-09-03T03:00:00Z,4770.59,4771.12,4757.66,4758.26,78014961
2022-09-03T04:00:00Z,4758.26,4758.72,4748.01,4754.98,67147270
2022-09-03T05:00:00Z,4754.98,4755.60,4735.09,4736.94,95707685
2022-09-03T06:00:00Z,4736.94,4745.06,4733.19,4740.30,70713033
2022-09-03T07:00:00Z,4740.30,4741.63,4735.58,4739.75,62751536
2022-09-03T08:00:00Z,4739.75,4753.40,4738.95,4747.74,78497337
2022-09-03T09:00:00Z,4747.74,4759.73,4744.28,4754.56,78675181
2022-09-03T10:00:00Z,4754.56,4761.37,4752.34,4760.20,62718198
2022-09-03T11:00:00Z,4760.20,4764.15,4754.45,4755.56,76833606
2022-09-03T12:00:00Z,4755.56,4770.12,4750.68,4763.35,78254928
2022-09-03T13:00:00Z,4763.35,4767.10,4756.19,4760.30,57952940
2022-09-03T14:00:00Z,4760.30,4760.85,4756.67,4760.25,50102596
2022-09-03T15:00:00Z,4760.25,4761.38,4750.76,4757.40,71604620
2022-09-03T16:00:00Z,4757.40,4766.79,4750.30,4763.20,65182866
2022-09-03T17:00:00Z,4763.20,4774.57,4762.20,4768.26,77138878
2022-09-03T18:00:00Z,4768.26,4775.21,4764.57,4772.76,71550401
2022-09-03T19:00:00Z,4772.76,4778.00,4768.00,4773.67,56582316
2022-09-03T20:00:00Z,4773.67,4780.41,4756.20,4757.75,78966822
2022-09-03T21:00:00Z,4757.75,4760.93,4736.77,4742.48,92805511
2022-09-03T22:00:00Z,4742.48,4783.77,4737.79,4776.92,127037837
2022-09-03T23:00:00Z,4776.92,4778.50,4772.65,4775.88,61510441
2022-09-04T00:00:00Z,4775.88,4789.40,4769.66,4788.43,71523591
2022-09-04T01:00:00Z,4788.43,4795.22,4784.95,4786.85,67469334
2022-09-04T02:00:00Z,4786.85,4791.23,4781.33,4787.88,61915354
2022-09-04T03:00:00Z,4787.88,4788.97,4758.27,4764.97,99403017
2022-09-04T04:00:00Z,4764.97,4765.60,4747.87,4751.42,90918020
2022-09-04T05:00:00Z,4751.42,4759.29,4745.15,4755.14,64900044
2022-09-04T06:00:00Z,4755.14,4772.86,4750.29,4770.47,94797184
2022-09-04T07:00:00Z,4770.47,4771.60,4758.93,4764.87,60659037
2022-09-04T08:00:00Z,4764.87,4777.49,4761.37,4770.96,72422683
2022-09-04T09:00:00Z,4770.96,4776.83,4761.12,4767.28,65262500
2022-09-04T10:00:00Z,4767.28,4769.13,4762.68,4767.04,57270190
2022-09-04T11:00:00Z,4767.04,4772.42,4763.37,4764.60,66342928
2022-09-04T12:00:00Z,4764.60,4769.04,4751.69,4755.44,84852420
2022-09-04T13:00:00Z,4755.44,4761.11,4739.43,4741.76,76389267
2022-09-04T14:00:00Z,4741.76,4751.13,4740.46,4747.32,60539799
2022-09-04T15:00:00Z,4747.32,4766.06,4742.41,4761.16,81396760
2022-09-04T16:00:00Z,4761.16,4763.44,4742.94,4750.00,84722639
2022-09-04T17:00:00Z,4750.00,4768.85,4748.31,4765.33,86169923
2022-09-04T18:00:00Z,4765.33,4781.31,4760.18,4776.95,69975182
2022-09-04T19:00:00Z,4776.95,4783.95,4767.16,4769.14,81189224
2022-09-04T20:00:00Z,4769.14,4773.42,4757.13,4764.22,65815653
2022-09-04T21:00:00Z,4764.22,4770.35,4759.85,4765.69,65440627
2022-09-04T22:00:00Z,4765.69,4780.31,4763.57,4773.24,80547208
2022-09-04T23:00:00Z,4773.24,4773.29,4765.51,4767.73,77871494
2022-09-05T00:00:00Z,4767.73,4770.87,4765.78,4766.59,63675182
2022-09-05T01:00:00Z,4766.59,4774.38,4764.41,4771.90,66581091
2022-09-05T02:00:00Z,4771.90,4774.60,4762.91,4767.98,69154619
2022-09-05T03:00:00Z,4767.98,4774.34,4756.28,4757.75,70533390
2022-09-05T04:00:00Z,4757.75,4763.36,4754.17,4758.47,63238250
2022-09-05T05:00:00Z,4758.47,4764.48,4738.98,4744.56,80708160
2022-09-05T06:00:00Z,4744.56,4749.32,4741.17,4742.44,56689093
2022-09-05T07:00:00Z,4742.44,4765.89,4739.40,4764.48,104949038
2022-09-05T08:00:00Z,4764.48,4765.69,4754.85,4758.80,69906935
2022-09-05T09:00:00Z,4758.80,4763.10,4739.60,4741.93,98011085
2022-09-05T10:00:00Z,4741.93,4743.81,4735.36,4740.30,53338411
2022-09-05T11:00:00Z,4740.30,4764.36,4736.68,4761.25,88080761
2022-09-05T12:00:00Z,4761.25,4778.74,4757.28,4773.80,76375888
2022-09-05T13:00:00Z,4773.80,4787.05,4772.52,4783.17,74778059
2022-09-05T14:00:00Z,4783.17,4794.42,4780.93,4791.98,80146128
2022-09-05T15:00:00Z,4791.98,4794.00,4776.31,4776.97,85453052
2022-09-05T16:00:00Z,4776.97,4784.36,4773.17,4783.32,64293726
2022-09-05T17:00:00Z,4783.32,4788.31,4777.07,4785.02,67708111
2022-09-05T18:00:00Z,4785.02,4792.97,4783.68,4792.60,79745819
2022-09-05T19:00:00Z,4792.60,4794.62,4778.14,4782.76,71910148
2022-09-05T20:00:00Z,4782.76,4789.25,4777.07,4786.38,59664726
2022-09-05T21:00:00Z,4786.38,4794.99,4785.83,4790.61,72567815
2022-09-05T22:00:00Z,4790.61,4797.53,4771.73,4773.23,88590762
2022-09-05T23:00:00Z,4773.23,4801.36,4767.04,4798.83,98218626
2022-09-06T00:00:00Z,4798.83,4804.55,4791.53,4794.04,71364100
2022-09-06T01:00:00Z,4794.04,4794.76,4787.27,4787.52,75260990
2022-09-06T02:00:00Z,4787.52,4794.74,4779.66,4781.00,65912362
2022-09-06T03:00:00Z,4781.00,4784.65,4765.20,4767.41,86380093
2022-09-06T04:00:00Z,4767.41,4768.65,4750.81,4754.26,89499899
2022-09-06T05:00:00Z,4754.26,4769.91,4752.02,4763.04,74854052
2022-09-06T06:00:00Z,4763.04,4763.51,4752.73,4758.97,61946553
2022-09-06T07:00:00Z,4758.97,4765.54,4757.24,4761.29,67122368
2022-09-06T08:00:00Z,4761.29,4777.91,4760.89,4773.96,78243507
2022-09-06T09:00:00Z,4773.96,4778.78,4771.19,4772.82,69540463
2022-09-06T10:00:00Z,4772.82,4783.95,4771.26,4782.00,70481736
2022-09-06T11:00:00Z,4782.00,4787.96,4771.91,4773.79,70525592
2022-09-06T12:00:00Z,4773.79,4779.49,4764.47,4771.27,67751852
2022-09-06T13:00:00Z,4771.27,4771.91,4765.44,4768.88,73822833
2022-09-06T14:00:00Z,4768.88,4771.33,4757.23,4762.85,78799651
2022-09-06T15:00:00Z,4762.85,4763.07,4760.96,4762.93,61794778
2022-09-06T16:00:00Z,4762.93,4769.37,4742.05,4746.22,95872372
2022-09-06T17:00:00Z,4746.22,4751.55,4740.23,4747.11,63993936
2022-09-06T18:00:00Z,4747.11,4749.38,4743.69,4748.05,61608497
2022-09-06T19:00:00Z,4748.05,4763.66,4741.43,4756.48,66912058
2022-09-06T20:00:00Z,4756.48,4768.18,4751.35,4767.46,88334148
2022-09-06T21:00:00Z,4767.46,4774.39,4761.45,4766.10,53338293
2022-09-06T22:00:00Z,4766.10,4767.64,4760.56,4760.94,74844543
2022-09-06T23:00:00Z,4760.94,4765.00,4743.32,4749.08,73109764
2022-09-07T00:00:00Z,4749.08,4754.59,4726.40,4733.42,95383036
2022-09-07T01:00:00Z,4733.42,4747.40,4730.53,4741.68,73402797
2022-09-07T02:00:00Z,4741.68,4759.85,4739.57,4755.65,84090095
2022-09-07T03:00:00Z,4755.65,4774.48,4750.78,4769.35,78340288
2022-09-07T04:00:00Z,4769.35,4778.67,4762.76,4773.40,69344822
2022-09-07T05:00:00Z,4773.40,4778.12,4761.00,4767.20,62968087
2022-09-07T06:00:00Z,4767.20,4773.56,4752.42,4758.76,79508288
2022-09-07T07:00:00Z,4758.76,4761.80,4753.39,4756.92,68516066
2022-09-07T08:00:00Z,4756.92,4762.19,4748.40,4755.14,64849219
2022-09-07T09:00:00Z,4755.14,4772.52,4754.84,4768.90,82794703
2022-09-07T10:00:00Z,4768.90,4775.49,4765.51,4766.64,66032637
2022-09-07T11:00:00Z,4766.64,4771.66,4765.01,4765.54,60384866
2022-09-07T12:00:00Z,4765.54,4770.10,4761.88,4768.61,55917217
2022-09-07T13:00:00Z,4768.61,4774.50,4758.37,4760.40,67303390
2022-09-07T14:00:00Z,4760.40,4761.17,4751.87,4753.76,63050702
2022-09-07T15:00:00Z,4753.76,4755.26,4745.55,4750.08,71281575
2022-09-07T16:00:00Z,4750.08,4755.21,4733.33,4735.04,90564588
2022-09-07T17:00:00Z,4735.04,4756.55,4734.71,4751.00,83998172
2022-09-07T18:00:00Z,4751.00,4756.29,4735.60,4739.93,70544496
2022-09-07T19:00:00Z,4739.93,4747.05,4739.81,4740.50,55973000
2022-09-07T20:00:00Z,4740.50,4745.97,4736.37,4736.99,56856339
2022-09-07T21:00:00Z,4736.99,4742.22,4732.85,4740.05,69153380
2022-09-07T22:00:00Z,4740.05,4752.25,4733.46,4747.74,81110820
2022-09-07T23:00:00Z,4747.74,4752.03,4733.15,4739.05,82815401
2022-09-08T00:00:00Z,4739.05,4740.07,4732.00,4737.62,63799301
2022-09-08T01:00:00Z,4737.62,4743.24,4731.28,4731.77,67490626
2022-09-08T02:00:00Z,4731.77,4735.45,4723.44,4724.30,64664213
2022-09-08T03:00:00Z,4724.30,4727.72,4706.09,4707.24,86927996
2022-09-08T04:00:00Z,4707.24,4713.05,4703.96,4704.37,72019713
2022-09-08T05:00:00Z,4704.37,4714.26,4702.45,4707.73,72667514
2022-09-08T06:00:00Z,4707.73,4719.26,4702.83,4718.17,69242483
2022-09-08T07:00:00Z,4718.17,4719.27,4704.90,4707.87,81088860
2022-09-08T08:00:00Z,4707.87,4711.08,4688.04,4692.43,80177192
2022-09-08T09:00:00Z,4692.43,4694.04,4676.56,4678.53,85561029
2022-09-08T10:00:00Z,4678.53,4694.56,4671.68,4687.81,72170373
2022-09-08T11:00:00Z,4687.81,4689.34,4684.06,4684.11,69898760
2022-09-08T12:00:00Z,4684.11,4690.31,4680.85,4682.33,64013586
2022-09-08T13:00:00Z,4682.33,4693.63,4681.46,4690.04,66459785
2022-09-08T14:00:00Z,4690.04,4707.48,4685.89,4701.46,72793521
2022-09-08T15:00:00Z,4701.46,4708.76,4696.39,4703.94,63312643
2022-09-08T16:00:00Z,4703.94,4703.95,4682.64,4689.44,90824778
2022-09-08T17:00:00Z,4689.44,4701.64,4686.10,4695.83,63039083
2022-09-08T18:00:00Z,4695.83,4702.40,4679.89,4682.29,76131173
2022-09-08T19:00:00Z,4682.29,4687.46,4679.70,4686.03,66445540
2022-09-08T20:00:00Z,4686.03,4691.49,4679.84,4683.16,71096461
2022-09-08T21:00:00Z,4683.16,4687.43,4672.97,4679.51,61409138
2022-09-08T22:00:00Z,4679.51,4684.96,4678.51,4682.99,62954857
2022-09-08T23:00:00Z,4682.99,4687.94,4672.52,4675.43,77045416
2022-09-09T00:00:00Z,4675.43,4679.19,4671.89,4673.41,67312008
2022-09-09T01:00:00Z,4673.41,4675.91,4668.19,4671.40,72770163
2022-09-09T02:00:00Z,4671.40,4675.60,4650.62,4653.86,86499571
2022-09-09T03:00:00Z,4653.86,4661.23,4648.07,4656.19,62612162
2022-09-09T04:00:00Z,4656.19,4668.02,4651.41,4664.69,64881229
2022-09-09T05:00:00Z,4664.69,4676.61,4661.57,4673.87,79643832
2022-09-09T06:00:00Z,4673.87,4679.69,4672.55,4678.71,68145306
2022-09-09T07:00:00Z,4678.71,4684.10,4673.31,4674.75,60179504
2022-09-09T08:00:00Z,4674.75,4691.75,4673.21,4686.89,82170228
2022-09-09T09:00:00Z,4686.89,4691.81,4682.68,4687.31,70667854
2022-09-09T10:00:00Z,4687.31,4689.91,4678.01,4683.65,57961232
2022-09-09T11:00:00Z,4683.65,4696.77,4678.04,4689.81,75867817
2022-09-09T12:00:00Z,4689.81,4700.58,4686.02,4698.68,73654903
2022-09-09T13:00:00Z,4698.68,4705.17,4693.29,4695.76,67767185
2022-09-09T14:00:00Z,4695.76,4706.25,4689.28,4701.29,78333140
2022-09-09T15:00:00Z,4701.29,4707.21,4685.76,4692.61,67017057
2022-09-09T16:00:00Z,4692.61,4698.30,4671.72,4673.67,102331941
2022-09-09T17:00:00Z,4673.67,4681.84,4667.59,4680.83,70645044
2022-09-09T18:00:00Z,4680.83,4686.73,4667.85,4672.84,70158676
2022-09-09T19:00:00Z,4672.84,4673.61,4666.54,4670.98,56174179
2022-09-09T20:00:00Z,4670.98,4676.61,4668.28,4669.08,60895243
2022-09-09T21:00:00Z,4669.08,4675.12,4666.94,4670.53,67598157
2022-09-09T22:00:00Z,4670.53,4672.11,4666.50,4667.08,63086969
2022-09-09T23:00:00Z,4667.08,4673.73,4663.63,4663.88,58810784
2022-09-10T00:00:00Z,4663.88,4665.60,4645.44,4646.55,95468400
2022-09-10T01:00:00Z,4646.55,4652.63,4638.95,4645.78,66894347
2022-09-10T02:00:00Z,4645.78,4651.45,4639.10,4642.39,57357631
2022-09-10T03:00:00Z,4642.39,4643.36,4637.05,4642.09,57686723
2022-09-10T04:00:00Z,4642.09,4651.94,4638.14,4645.26,59032414
2022-09-10T05:00:00Z,4645.26,4650.64,4626.49,4631.59,74641707
2022-09-10T06:00:00Z,4631.59,4635.87,4627.55,4630.16,71733030
2022-09-10T07:00:00Z,4630.16,4630.59,4626.13,4629.08,60147055
2022-09-10T08:00:00Z,4629.08,4631.73,4618.35,4623.11,62773208
2022-09-10T09:00:00Z,4623.11,4627.35,4619.62,4627.05,57424990
2022-09-10T10:00:00Z,4627.05,4629.49,4610.68,4617.27,81051572
2022-09-10T11:00:00Z,4617.27,4621.63,4617.14,4617.48,64311183
2022-09-10T12:00:00Z,4617.48,4648.39,4612.30,4645.11,113877116
2022-09-10T13:00:00Z,4645.11,4647.35,4629.52,4632.90,85154912
2022-09-10T14:00:00Z,4632.90,4637.12,4631.84,4635.76,65346793
2022-09-10T15:00:00Z,4635.76,4654.89,4633.35,4652.92,83973949
2022-09-10T16:00:00Z,4652.92,4663.24,4652.90,4658.95,74772624
2022-09-10T17:00:00Z,4658.95,4674.51,4656.94,4674.37,94196974
2022-09-10T18:00:00Z,4674.37,4677.69,4667.73,4670.96,60073718
2022-09-10T19:00:00Z,4670.96,4672.45,4670.72,4672.11,55211268
2022-09-10T20:00:00Z,4672.11,4689.53,4665.59,4687.04,76265458
2022-09-10T21:00:00Z,4687.04,4690.83,4672.83,4676.89,68489198
2022-09-10T22:00:00Z,4676.89,4683.41,4662.23,4668.78,83416819
2022-09-10T23:00:00Z,4668.78,4673.65,4660.03,4664.80,67102908
2022-09-11T00:00:00Z,4664.80,4669.97,4659.98,4665.87,67634204
2022-09-11T01:00:00Z,4665.87,4667.03,4651.78,4654.06,76256675
2022-09-11T02:00:00Z,4654.06,4655.69,4647.17,4651.89,55677644
2022-09-11T03:00:00Z,4651.89,4657.70,4637.51,4641.28,70099625
2022-09-11T04:00:00Z,4641.28,4649.77,4638.91,4647.71,79282741
2022-09-11T05:00:00Z,4647.71,4651.35,4640.68,4645.31,55683289
2022-09-11T06:00:00Z,4645.31,4651.48,4634.70,4640.90,67614961
2022-09-11T07:00:00Z,4640.90,4651.02,4636.05,4646.78,76024315
2022-09-11T08:00:00Z,4646.78,4656.16,4640.70,4655.99,74549206
2022-09-11T09:00:00Z,4655.99,4657.06,4643.23,4648.03,65931825
2022-09-11T10:00:00Z,4648.03,4657.90,4647.24,4651.84,74591997
2022-09-11T11:00:00Z,4651.84,4663.20,4649.09,4660.41,75010503
2022-09-11T12:00:00Z,4660.41,4663.53,4644.52,4649.09,87556555
2022-09-11T13:00:00Z,4649.09,4655.78,4639.25,4639.76,70866041
2022-09-11T14:00:00Z,4639.76,4642.32,4635.05,4640.37,63187079
2022-09-11T15:00:00Z,4640.37,4646.69,4626.24,4630.77,85719745
2022-09-11T16:00:00Z,4630.77,4640.74,4624.68,4638.36,80772688
2022-09-11T17:00:00Z,4638.36,4642.92,4632.15,4638.37,50820890
2022-09-11T18:00:00Z,4638.37,4639.44,4623.98,4624.96,86827246
2022-09-11T19:00:00Z,4624.96,4626.27,4621.05,4621.37,62756985
2022-09-11T20:00:00Z,4621.37,4628.79,4619.91,4625.08,56580771
2022-09-11T21:00:00Z,4625.08,4627.83,4624.01,4626.90,64912368
2022-09-11T22:00:00Z,4626.90,4631.72,4622.79,4622.85,69804756
2022-09-11T23:00:00Z,4622.85,4626.86,4621.44,4625.99,56556006
2022-09-12T00:00:00Z,4625.99,4631.43,4611.45,4617.18,82954590
2022-09-12T01:00:00Z,4617.18,4620.52,4605.44,4605.92,84857467
2022-09-12T02:00:00Z,4605.92,4610.29,4602.37,4609.64,75973334
2022-09-12T03:00:00Z,4609.64,4617.51,4603.19,4616.19,72935973
2022-09-12T04:00:00Z,4616.19,4619.63,4599.33,4602.14,92727864
2022-09-12T05:00:00Z,4602.14,4606.73,4585.50,4587.74,76959794
2022-09-12T06:00:00Z,4587.74,4611.25,4583.63,4605.87,99381058
2022-09-12T07:00:00Z,4605.87,4616.14,4603.16,4610.95,76167597
2022-09-12T08:00:00Z,4610.95,4627.29,4605.93,4627.02,88587038
2022-09-12T09:00:00Z,4627.02,4635.53,4622.10,4635.51,76616152
2022-09-12T10:00:00Z,4635.51,4638.00,4630.90,4634.88,64805077
2022-09-12T11:00:00Z,4634.88,4644.26,4629.27,4642.41,67767274
2022-09-12T12:00:00Z,4642.41,4643.39,4635.04,4641.87,58736722
2022-09-12T13:00:00Z,4641.87,4666.20,4638.79,4660.31,85306072
2022-09-12T14:00:00Z,4660.31,4666.81,4649.31,4653.47,80060002
2022-09-12T15:00:00Z,4653.47,4667.42,4648.04,4661.66,64478206
2022-09-12T16:00:00Z,4661.66,4666.59,4637.38,4642.70,96422175
2022-09-12T17:00:00Z,4642.70,4649.87,4642.70,4643.17,51505853
2022-09-12T18:00:00Z,4643.17,4654.59,4639.65,4652.77,75084893
2022-09-12T19:00:00Z,4652.77,4654.00,4648.19,4652.97,61763706
2022-09-12T20:00:00Z,4652.97,4656.91,4642.08,4643.77,74996323
2022-09-12T21:00:00Z,4643.77,4660.37,4641.72,4658.53,89741315
2022-09-12T22:00:00Z,4658.53,4660.40,4650.58,4654.46,76660609
2022-09-12T23:00:00Z,4654.46,4657.86,4639.55,4645.92,80565486
2022-09-13T00:00:00Z,4645.92,4649.37,4636.93,4638.83,68118188
2022-09-13T01:00:00Z,4638.83,4650.98,4636.46,4644.67,75791590
2022-09-13T02:00:00Z,4644.67,4649.90,4644.19,4644.47,51533824
2022-09-13T03:00:00Z,4644.47,4646.83,4637.25,4642.43,72842362
2022-09-13T04:00:00Z,4642.43,4645.11,4633.88,4636.77,66200642
2022-09-13T05:00:00Z,4636.77,4649.65,4632.45,4646.89,86634860
2022-09-13T06:00:00Z,4646.89,4651.43,4630.51,4635.79,74675638
2022-09-13T07:00:00Z,4635.79,4642.12,4618.86,4622.38,89665363
2022-09-13T08:00:00Z,4622.38,4626.84,4614.55,4617.01,70352098
2022-09-13T09:00:00Z,4617.01,4623.23,4608.55,4611.24,73639274
2022-09-13T10:00:00Z,4611.24,4623.82,4606.27,4618.75,78613198
2022-09-13T11:00:00Z,4618.75,4624.02,4606.08,4612.94,69464262
2022-09-13T12:00:00Z,4612.94,4613.24,4609.17,4610.85,62782706
2022-09-13T13:00:00Z,4610.85,4625.77,4609.28,4620.54,81030730
2022-09-13T14:00:00Z,4620.54,4627.55,4614.41,4626.87,69072134
2022-09-13T15:00:00Z,4626.87,4627.33,4613.40,4617.05,75256066
2022-09-13T16:00:00Z,4617.05,4626.65,4614.74,4622.31,64824957
2022-09-13T17:00:00Z,4622.31,4622.90,4601.07,4605.22,88079677
2022-09-13T18:00:00Z,4605.22,4606.54,4596.50,4603.44,53207299
2022-09-13T19:00:00Z,4603.44,4607.22,4597.08,4597.29,78968166
2022-09-13T20:00:00Z,4597.29,4599.26,4590.18,4595.03,73809790
2022-09-13T21:00:00Z,4595.03,4600.11,4576.19,4582.02,88844220
2022-09-13T22:00:00Z,4582.02,4587.13,4575.67,4581.36,63596690
2022-09-13T23:00:00Z,4581.36,4597.57,4577.10,4590.69,71936013
2022-09-14T00:00:00Z,4590.69,4596.33,4568.12,4571.87,88976569
2022-09-14T01:00:00Z,4571.87,4572.19,4557.71,4558.54,87507486
2022-09-14T02:00:00Z,4558.54,4558.78,4554.27,4554.48,65305331
2022-09-14T03:00:00Z,4554.48,4558.87,4545.26,4546.26,83771586
2022-09-14T04:00:00Z,4546.26,4563.63,4545.14,4561.07,91280458
2022-09-14T05:00:00Z,4561.07,4580.13,4556.70,4575.16,78145256
2022-09-14T06:00:00Z,4575.16,4575.76,4558.63,4562.88,78910784
2022-09-14T07:00:00Z,4562.88,4568.15,4556.76,4561.77,53087763
2022-09-14T08:00:00Z,4561.77,4565.86,4559.47,4562.11,58403746
2022-09-14T09:00:00Z,4562.11,4568.64,4549.34,4552.64,77243089
2022-09-14T10:00:00Z,4552.64,4569.68,4548.17,4568.12,93498871
2022-09-14T11:00:00Z,4568.12,4594.56,4562.93,4589.81,94101464
2022-09-14T12:00:00Z,4589.81,4594.01,4580.12,4583.89,63500904
2022-09-14T13:00:00Z,4583.89,4597.29,4580.58,4595.25,80135730
2022-09-14T14:00:00Z,4595.25,4597.33,4579.80,4582.51,76425884
2022-09-14T15:00:00Z,4582.51,4588.00,4582.23,4585.34,55545426
2022-09-14T16:00:00Z,4585.34,4586.02,4576.85,4582.28,74635588
2022-09-14T17:00:00Z,4582.28,4593.29,4577.93,4586.60,63267508
2022-09-14T18:00:00Z,4586.60,4613.49,4579.91,4607.08,98715974
2022-09-14T19:00:00Z,4607.08,4616.23,4601.24,4615.14,77626785
2022-09-14T20:00:00Z,4615.14,4620.29,4611.17,4615.46,63505388
2022-09-14T21:00:00Z,4615.46,4630.04,4610.74,4624.51,68894208
2022-09-14T22:00:00Z,4624.51,4630.77,4615.34,4618.20,66399303
2022-09-14T23:00:00Z,4618.20,4624.84,4615.75,4618.48,64057040
2022-09-15T00:00:00Z,4618.48,4620.53,4612.05,4620.17,62563207
2022-09-15T01:00:00Z,4620.17,4631.68,4614.03,4626.31,73851117
2022-09-15T02:00:00Z,4626.31,4632.60,4624.43,4631.94,76979513
2022-09-15T03:00:00Z,4631.94,4641.29,4631.38,4634.70,58832806
2022-09-15T04:00:00Z,4634.70,4637.61,4629.24,4633.98,53972388
2022-09-15T05:00:00Z,4633.98,4653.34,4630.34,4649.28,79383899
2022-09-15T06:00:00Z,4649.28,4659.17,4644.97,4653.11,69001707
2022-09-15T07:00:00Z,4653.11,4655.34,4641.44,4642.54,77017974
2022-09-15T08:00:00Z,4642.54,4653.76,4636.02,4653.08,77101105
2022-09-15T09:00:00Z,4653.08,4665.62,4647.05,4660.86,69438953
2022-09-15T10:00:00Z,4660.86,4661.50,4659.59,4661.32,51871139
2022-09-15T11:00:00Z,4661.32,4673.79,4657.83,4668.29,62794442
2022-09-15T12:00:00Z,4668.29,4673.18,4664.84,4672.97,70025021
2022-09-15T13:00:00Z,4672.97,4683.55,4668.62,4679.98,72154271
2022-09-15T14:00:00Z,4679.98,4680.96,4667.78,4671.99,70774267
2022-09-15T15:00:00Z,4671.99,4681.11,4667.41,4676.25,67607982
2022-09-15T16:00:00Z,4676.25,4677.39,4667.76,4671.92,70188778
2022-09-15T17:00:00Z,4671.92,4690.91,4667.19,4685.70,85988065
2022-09-15T18:00:00Z,4685.70,4701.61,4680.41,4701.22,77683629
2022-09-15T19:00:00Z,4701.22,4703.98,4689.46,4695.46,63051166
2022-09-15T20:00:00Z,4695.46,4712.84,4689.88,4712.14,90027461
2022-09-15T21:00:00Z,4712.14,4713.78,4709.39,4711.23,58420606
2022-09-15T22:00:00Z,4711.23,4717.39,4709.28,4713.95,58641225
2022-09-15T23:00:00Z,4713.95,4717.67,4701.22,4706.75,64758879
2022-09-16T00:00:00Z,4706.75,4709.30,4693.78,4699.52,75187014
2022-09-16T01:00:00Z,4699.52,4716.02,4695.00,4710.57,71927385
2022-09-16T02:00:00Z,4710.57,4718.28,4704.78,4713.04,68669041
2022-09-16T03:00:00Z,4713.04,4718.07,4702.81,4708.19,62955982
2022-09-16T04:00:00Z,4708.19,4713.46,4704.58,4705.40,59466852
2022-09-16T05:00:00Z,4705.40,4710.14,4687.74,4694.44,69773504
2022-09-16T06:00:00Z,4694.44,4698.40,4681.67,4684.47,76297580
2022-09-16T07:00:00Z,4684.47,4687.71,4680.55,4686.37,58721846
2022-09-16T08:00:00Z,4686.37,4688.73,4670.82,4677.03,79859824
2022-09-16T09:00:00Z,4677.03,4682.42,4673.71,4678.25,62399304
2022-09-16T10:00:00Z,4678.25,4689.82,4672.98,4683.47,74509205
2022-09-16T11:00:00Z,4683.47,4689.26,4677.61,4688.85,74480584
2022-09-16T12:00:00Z,4688.85,4692.76,4677.03,4680.34,70961403
2022-09-16T13:00:00Z,4680.34,4682.27,4666.43,4669.20,69671969
2022-09-16T14:00:00Z,4669.20,4670.40,4659.15,4660.67,76707175
2022-09-16T15:00:00Z,4660.67,4666.98,4654.88,4663.17,67591913
2022-09-16T16:00:00Z,4663.17,4668.69,4657.66,4668.19,65186317
2022-09-16T17:00:00Z,4668.19,4672.53,4659.88,4664.29,73638385
2022-09-16T18:00:00Z,4664.29,4667.99,4663.99,4665.38,52802712
2022-09-16T19:00:00Z,4665.38,4675.96,4660.78,4673.64,78802619
2022-09-16T20:00:00Z,4673.64,4679.30,4662.66,4669.67,71149751
2022-09-16T21:00:00Z,4669.67,4673.04,4661.26,4663.49,74689437
2022-09-16T22:00:00Z,4663.49,4682.61,4661.86,4681.07,81986575
2022-09-16T23:00:00Z,4681.07,4693.62,4680.43,4686.92,61821204
2022-09-17T00:00:00Z,4686.92,4696.69,4680.58,4694.41,82139540
2022-09-17T01:00:00Z,4694.41,4706.47,4689.32,4703.80,69401513
2022-09-17T02:00:00Z,4703.80,4709.09,4696.31,4696.93,75230405
2022-09-17T03:00:00Z,4696.93,4707.63,4692.06,4707.27,71451861
2022-09-17T04:00:00Z,4707.27,4711.86,4691.51,4697.75,82292928
2022-09-17T05:00:00Z,4697.75,4708.76,4692.68,4702.64,64114800
2022-09-17T06:00:00Z,4702.64,4704.47,4692.90,4695.54,80285898
2022-09-17T07:00:00Z,4695.54,4701.19,4679.01,4679.09,82133482
2022-09-17T08:00:00Z,4679.09,4679.34,4655.96,4660.38,90971293
2022-09-17T09:00:00Z,4660.38,4663.99,4653.38,4656.66,71263507
2022-09-17T10:00:00Z,4656.66,4665.12,4650.52,4660.45,64225272
2022-09-17T11:00:00Z,4660.45,4664.72,4643.14,4650.10,82628503
2022-09-17T12:00:00Z,4650.10,4655.59,4632.75,4633.77,82670325
2022-09-17T13:00:00Z,4633.77,4654.63,4627.27,4650.27,96089806
2022-09-17T14:00:00Z,4650.27,4668.33,4647.40,4667.77,87947320
2022-09-17T15:00:00Z,4667.77,4672.89,4665.74,4672.13,58169485
2022-09-17T16:00:00Z,4672.13,4674.22,4665.20,4668.78,70206653
2022-09-17T17:00:00Z,4668.78,4670.80,4653.32,4654.21,87493999
2022-09-17T18:00:00Z,4654.21,4660.44,4649.06,4655.56,55212576
2022-09-17T19:00:00Z,4655.56,4670.93,4654.07,4670.04,78211951
2022-09-17T20:00:00Z,4670.04,4675.25,4654.55,4657.73,73773381
2022-09-17T21:00:00Z,4657.73,4672.36,4655.03,4670.11,71747270
2022-09-17T22:00:00Z,4670.11,4678.97,4663.92,4675.12,67659007
2022-09-17T23:00:00Z,4675.12,4683.18,4674.45,4679.63,69739045
2022-09-18T00:00:00Z,4679.63,4683.25,4673.87,4679.41,62127041
2022-09-18T01:00:00Z,4679.41,4684.30,4661.73,4668.05,83002722
2022-09-18T02:00:00Z,4668.05,4680.89,4666.40,4679.72,76827933
2022-09-18T03:00:00Z,4679.72,4684.14,4679.39,4680.33,60625902
2022-09-18T04:00:00Z,4680.33,4687.11,4669.30,4669.98,82901829
2022-09-18T05:00:00Z,4669.98,4670.16,4650.96,4656.28,91465565
2022-09-18T06:00:00Z,4656.28,4656.34,4645.36,4648.23,76165054
2022-09-18T07:00:00Z,4648.23,4651.58,4630.99,4634.77,84665906
2022-09-18T08:00:00Z,4634.77,4635.80,4620.07,4626.21,67481277
2022-09-18T09:00:00Z,4626.21,4632.95,4613.28,4618.54,77658352
2022-09-18T10:00:00Z,4618.54,4623.16,4612.29,4612.96,73940550
2022-09-18T11:00:00Z,4612.96,4616.51,4607.09,4609.22,74607038
2022-09-18T12:00:00Z,4609.22,4613.47,4602.74,4604.49,73448773
2022-09-18T13:00:00Z,4604.49,4616.24,4604.10,4611.39,66127853
2022-09-18T14:00:00Z,4611.39,4626.41,4608.83,4621.61,87375338
2022-09-18T15:00:00Z,4621.61,4625.08,4615.09,4618.29,63458148
2022-09-18T16:00:00Z,4618.29,4638.95,4615.38,4632.68,88368710
2022-09-18T17:00:00Z,4632.68,4636.21,4615.34,4618.17,76149497
2022-09-18T18:00:00Z,4618.17,4632.61,4612.36,4628.61,85727681
2022-09-18T19:00:00Z,4628.61,4636.74,4626.03,4630.49,72634765
2022-09-18T20:00:00Z,4630.49,4636.89,4629.15,4633.22,64648834
2022-09-18T21:00:00Z,4633.22,4638.16,4622.46,4624.43,83645135
2022-09-18T22:00:00Z,4624.43,4626.44,4618.60,4620.02,69750961
2022-09-18T23:00:00Z,4620.02,4628.28,4614.73,4625.61,76509409
2022-09-19T00:00:00Z,4625.61,4635.67,4621.52,4630.65,70149035
2022-09-19T01:00:00Z,4630.65,4631.30,4619.61,4624.55,72604021
2022-09-19T02:00:00Z,4624.55,4635.66,4623.73,4631.81,69026060
2022-09-19T03:00:00Z,4631.81,4648.46,4625.08,4644.32,76676496
2022-09-19T04:00:00Z,4644.32,4645.87,4633.61,4639.52,68842962
2022-09-19T05:00:00Z,4639.52,4644.58,4638.26,4642.25,59525903
2022-09-19T06:00:00Z,4642.25,4658.26,4638.39,4651.56,86001867
2022-09-19T07:00:00Z,4651.56,4655.56,4639.82,4641.41,73346354
2022-09-19T08:00:00Z,4641.41,4645.88,4635.25,4638.06,62812141
2022-09-19T09:00:00Z,4638.06,4641.48,4624.44,4629.70,81433768
2022-09-19T10:00:00Z,4629.70,4632.97,4622.16,4622.55,66177844
2022-09-19T11:00:00Z,4622.55,4633.97,4620.33,4630.08,81613297
2022-09-19T12:00:00Z,4630.08,4636.39,4624.41,4628.97,67266334
2022-09-19T13:00:00Z,4628.97,4638.56,4627.84,4633.66,77609002
2022-09-19T14:00:00Z,4633.66,4638.67,4630.13,4636.70,56693424
2022-09-19T15:00:00Z,4636.70,4639.34,4631.06,4636.95,65451950
2022-09-19T16:00:00Z,4636.95,4647.86,4632.26,4640.99,70972462
2022-09-19T17:00:00Z,4640.99,4643.91,4636.50,4637.30,71762225
2022-09-19T18:00:00Z,4637.30,4640.32,4630.11,4635.28,60351297
2022-09-19T19:00:00Z,4635.28,4658.79,4634.81,4652.17,90982960
2022-09-19T20:00:00Z,4652.17,4659.39,4651.33,4653.11,54642069
2022-09-19T21:00:00Z,4653.11,4659.92,4642.77,4644.19,69588728
2022-09-19T22:00:00Z,4644.19,4649.68,4627.52,4629.46,79669759
2022-09-19T23:00:00Z,4629.46,4631.44,4626.39,4630.09,62752472
2022-09-20T00:00:00Z,4630.09,4636.55,4619.84,4624.65,73566346
2022-09-20T01:00:00Z,4624.65,4632.05,4624.21,4626.55,68256174
2022-09-20T02:00:00Z,4626.55,4626.82,4601.45,4604.84,97086838
2022-09-20T03:00:00Z,4604.84,4606.31,4596.37,4603.06,54738874
2022-09-20T04:00:00Z,4603.06,4611.58,4602.64,4609.48,61345312
2022-09-20T05:00:00Z,4609.48,4619.48,4606.62,4618.48,77242803
2022-09-20T06:00:00Z,4618.48,4633.56,4618.09,4627.97,70724870
2022-09-20T07:00:00Z,4627.97,4633.06,4625.10,4625.65,59625412
2022-09-20T08:00:00Z,4625.65,4630.76,4621.90,4629.32,62900807
2022-09-20T09:00:00Z,4629.32,4634.64,4620.33,4627.21,57047726
2022-09-20T10:00:00Z,4627.21,4627.88,4612.10,4614.31,90317301
2022-09-20T11:00:00Z,4614.31,4618.46,4605.57,4609.17,63480307
2022-09-20T12:00:00Z,4609.17,4612.98,4594.84,4599.48,82023195
2022-09-20T13:00:00Z,4599.48,4605.12,4586.61,4593.11,69672798
2022-09-20T14:00:00Z,4593.11,4593.62,4562.76,4568.92,98174894
2022-09-20T15:00:00Z,4568.92,4576.75,4563.55,4570.25,69021004
2022-09-20T16:00:00Z,4570.25,4580.22,4566.59,4579.80,77380826
2022-09-20T17:00:00Z,4579.80,4585.61,4569.55,4570.56,69083693
2022-09-20T18:00:00Z,4570.56,4587.02,4569.44,4586.09,92926004
2022-09-20T19:00:00Z,4586.09,4589.20,4570.60,4576.71,72735079
2022-09-20T20:00:00Z,4576.71,4584.46,4576.38,4582.97,79685759
2022-09-20T21:00:00Z,4582.97,4583.34,4565.96,4572.61,70050951
2022-09-20T22:00:00Z,4572.61,4573.90,4563.42,4564.11,75595025
2022-09-20T23:00:00Z,4564.11,4584.43,4558.98,4582.38,94272761
2022-09-21T00:00:00Z,4582.38,4588.30,4576.01,4585.57,62406109
2022-09-21T01:00:00Z,4585.57,4589.19,4571.85,4577.65,71286462
2022-09-21T02:00:00Z,4577.65,4580.60,4563.63,4569.79,83613017
2022-09-21T03:00:00Z,4569.79,4572.09,4564.77,4570.47,56230286
2022-09-21T04:00:00Z,4570.47,4576.67,4562.02,4566.07,74811129
2022-09-21T05:00:00Z,4566.07,4576.49,4563.01,4571.27,67303069
2022-09-21T06:00:00Z,4571.27,4584.04,4564.90,4582.90,76759292
2022-09-21T07:00:00Z,4582.90,4585.05,4570.77,4576.97,63622356
2022-09-21T08:00:00Z,4576.97,4577.53,4570.88,4572.25,71629476
2022-09-21T09:00:00Z,4572.25,4578.76,4570.56,4577.13,68587642
2022-09-21T10:00:00Z,4577.13,4577.99,4557.86,4562.94,83061761
2022-09-21T11:00:00Z,4562.94,4572.64,4556.22,4565.91,59550082
2022-09-21T12:00:00Z,4565.91,4569.32,4550.02,4550.75,77973455
2022-09-21T13:00:00Z,4550.75,4553.53,4544.97,4549.54,54862868
2022-09-21T14:00:00Z,4549.54,4550.03,4533.16,4535.86,86848570
2022-09-21T15:00:00Z,4535.86,4537.47,4519.56,4521.77,92660447
2022-09-21T16:00:00Z,4521.77,4528.05,4498.67,4500.80,91409829
2022-09-21T17:00:00Z,4500.80,4514.69,4498.81,4513.58,77582903
2022-09-21T18:00:00Z,4513.58,4524.98,4512.75,4522.26,77468428
2022-09-21T19:00:00Z,4522.26,4523.03,4520.13,4521.93,63025374
2022-09-21T20:00:00Z,4521.93,4540.28,4519.84,4536.92,84503693
2022-09-21T21:00:00Z,4536.92,4541.00,4520.79,4525.35,79094369
2022-09-21T22:00:00Z,4525.35,4532.70,4520.13,4528.48,71842563
2022-09-21T23:00:00Z,4528.48,4542.08,4522.44,4540.42,77039556
2022-09-22T00:00:00Z,4540.42,4557.35,4536.15,4552.67,89737261
2022-09-22T01:00:00Z,4552.67,4559.38,4536.81,4541.20,81054271
2022-09-22T02:00:00Z,4541.20,4547.40,4540.84,4545.36,73068877
2022-09-22T03:00:00Z,4545.36,4551.06,4544.58,4545.77,58649721
2022-09-22T04:00:00Z,4545.77,4560.75,4541.17,4559.03,82207952
2022-09-22T05:00:00Z,4559.03,4559.38,4550.39,4550.59,69731972
2022-09-22T06:00:00Z,4550.59,4554.52,4532.43,4536.19,89949040
2022-09-22T07:00:00Z,4536.19,4541.34,4532.02,4540.92,77127602
2022-09-22T08:00:00Z,4540.92,4563.31,4536.80,4560.60,101393419
2022-09-22T09:00:00Z,4560.60,4564.63,4543.04,4546.35,81010248
2022-09-22T10:00:00Z,4546.35,4547.78,4540.02,4542.46,73006751
2022-09-22T11:00:00Z,4542.46,4549.48,4537.88,4548.82,70510991
2022-09-22T12:00:00Z,4548.82,4551.14,4546.38,4548.31,60852842
2022-09-22T13:00:00Z,4548.31,4551.39,4531.17,4533.84,78570402
2022-09-22T14:00:00Z,4533.84,4536.83,4523.19,4528.93,72846642
2022-09-22T15:00:00Z,4528.93,4535.61,4523.42,4530.23,67025356
2022-09-22T16:00:00Z,4530.23,4540.14,4528.61,4533.82,75918076
2022-09-22T17:00:00Z,4533.82,4558.81,4532.77,4552.99,89887755
2022-09-22T18:00:00Z,4552.99,4553.85,4536.97,4538.74,88449832
2022-09-22T19:00:00Z,4538.74,4548.81,4538.35,4546.59,79475266
2022-09-22T20:00:00Z,4546.59,4552.15,4540.51,4546.24,62420782
2022-09-22T21:00:00Z,4546.24,4549.70,4546.16,4548.62,55488983
2022-09-22T22:00:00Z,4548.62,4559.43,4543.49,4557.67,85292088
2022-09-22T23:00:00Z,4557.67,4561.74,4551.10,4552.14,78869238
2022-09-23T00:00:00Z,4552.14,4552.98,4551.55,4552.12,52883498
2022-09-23T01:00:00Z,4552.12,4555.10,4535.06,4541.62,70503053
2022-09-23T02:00:00Z,4541.62,4551.00,4539.57,4549.14,75691398
2022-09-23T03:00:00Z,4549.14,4557.93,4543.00,4556.37,70965567
2022-09-23T04:00:00Z,4556.37,4558.06,4542.89,4549.42,71053643
2022-09-23T05:00:00Z,4549.42,4550.93,4540.45,4541.77,78732440
2022-09-23T06:00:00Z,4541.77,4550.56,4538.04,4549.20,81130402
2022-09-23T07:00:00Z,4549.20,4551.42,4537.76,4538.98,85646130
2022-09-23T08:00:00Z,4538.98,4541.23,4530.02,4530.61,67547815
2022-09-23T09:00:00Z,4530.61,4533.93,4514.52,4520.70,82061224
2022-09-23T10:00:00Z,4520.70,4522.08,4505.94,4506.89,77060990
2022-09-23T11:00:00Z,4506.89,4507.99,4486.34,4486.59,102363933
2022-09-23T12:00:00Z,4486.59,4489.98,4476.90,4480.92,61322278
2022-09-23T13:00:00Z,4480.92,4486.26,4477.11,4478.49,58764073
2022-09-23T14:00:00Z,4478.49,4489.42,4475.57,4489.06,72444696
2022-09-23T15:00:00Z,4489.06,4492.16,4483.70,4485.21,63100751
2022-09-23T16:00:00Z,4485.21,4488.83,4478.70,4480.13,78647884
2022-09-23T17:00:00Z,4480.13,4482.39,4473.07,4473.92,78735498
2022-09-23T18:00:00Z,4473.92,4479.77,4458.07,4461.08,81404959
2022-09-23T19:00:00Z,4461.08,4470.09,4458.33,4466.21,64363853
2022-09-23T20:00:00Z,4466.21,4472.90,4448.06,4454.15,86599956
2022-09-23T21:00:00Z,4454.15,4462.70,4449.09,4456.86,57644850
2022-09-23T22:00:00Z,4456.86,4461.29,4437.24,4439.59,96403014
2022-09-23T23:00:00Z,4439.59,4447.49,4436.10,4442.94,68987127
2022-09-24T00:00:00Z,4442.94,4461.51,4439.58,4456.35,80690919
2022-09-24T01:00:00Z,4456.35,4462.18,4451.83,4454.54,58952072
2022-09-24T02:00:00Z,4454.54,4462.99,4449.95,4462.20,71492072
2022-09-24T03:00:00Z,4462.20,4467.26,4455.98,4459.95,54121662
2022-09-24T04:00:00Z,4459.95,4465.64,4438.60,4445.12,77841255
2022-09-24T05:00:00Z,4445.12,4451.82,4422.29,4428.63,85829694
2022-09-24T06:00:00Z,4428.63,4431.19,4422.37,4428.46,63220335
2022-09-24T07:00:00Z,4428.46,4432.90,4422.33,4423.95,76055290
2022-09-24T08:00:00Z,4423.95,4427.96,4420.62,4423.58,64664753
2022-09-24T09:00:00Z,4423.58,4428.67,4419.64,4422.83,53811454
2022-09-24T10:00:00Z,4422.83,4439.96,4417.82,4436.82,86346069
2022-09-24T11:00:00Z,4436.82,4442.57,4427.74,4430.14,76243132
2022-09-24T12:00:00Z,4430.14,4434.12,4422.30,4425.46,70279180
2022-09-24T13:00:00Z,4425.46,4431.22,4419.14,4422.67,60306191
2022-09-24T14:00:00Z,4422.67,4441.31,4421.18,4435.03,88915600
2022-09-24T15:00:00Z,4435.03,4435.28,4422.57,4426.17,77687574
2022-09-24T16:00:00Z,4426.17,4436.59,4419.59,4431.21,78996084
2022-09-24T17:00:00Z,4431.21,4444.45,4427.33,4443.38,88112710
2022-09-24T18:00:00Z,4443.38,4447.54,4430.95,4432.77,88666718
2022-09-24T19:00:00Z,4432.77,4437.94,4422.89,4426.01,80579353
2022-09-24T20:00:00Z,4426.01,4431.27,4425.04,4425.83,62249808
2022-09-24T21:00:00Z,4425.83,4434.34,4422.84,4432.42,66756621
2022-09-24T22:00:00Z,4432.42,4448.87,4427.08,4444.86,91450406
2022-09-24T23:00:00Z,4444.86,4449.61,4427.87,4431.07,92950510
2022-09-25T00:00:00Z,4431.07,4431.25,4416.31,4421.42,70263711
2022-09-25T01:00:00Z,4421.42,4428.90,4420.86,4427.31,74856693
2022-09-25T02:00:00Z,4427.31,4440.30,4423.42,4436.04,83781095
2022-09-25T03:00:00Z,4436.04,4438.72,4423.86,4428.25,80664336
2022-09-25T04:00:00Z,4428.25,4434.90,4408.05,4413.22,95465899
2022-09-25T05:00:00Z,4413.22,4415.67,4394.10,4395.45,100121987
2022-09-25T06:00:00Z,4395.45,4400.00,4389.69,4397.37,69444477
2022-09-25T07:00:00Z,4397.37,4401.70,4379.19,4385.82,77976886
2022-09-25T08:00:00Z,4385.82,4387.45,4383.36,4386.92,63517562
2022-09-25T09:00:00Z,4386.92,4388.34,4382.24,4384.07,70732001
2022-09-25T10:00:00Z,4384.07,4388.29,4373.57,4378.39,60670648
2022-09-25T11:00:00Z,4378.39,4382.52,4375.70,4378.60,66903369
2022-09-25T12:00:00Z,4378.60,4381.16,4366.84,4369.51,77229080
2022-09-25T13:00:00Z,4369.51,4382.32,4366.05,4378.97,82405064
2022-09-25T14:00:00Z,4378.97,4396.61,4378.87,4394.87,93528901
2022-09-25T15:00:00Z,4394.87,4399.88,4394.19,4399.79,65160770
2022-09-25T16:00:00Z,4399.79,4406.06,4394.06,4401.27,54671096
2022-09-25T17:00:00Z,4401.27,4411.38,4400.72,4407.23,62392854
2022-09-25T18:00:00Z,4407.23,4409.22,4397.49,4401.12,73080538
2022-09-25T19:00:00Z,4401.12,4404.45,4400.11,4401.67,68724957
2022-09-25T20:00:00Z,4401.67,4414.29,4399.78,4414.07,79711092
2022-09-25T21:00:00Z,4414.07,4417.56,4398.88,4402.26,76525389
2022-09-25T22:00:00Z,4402.26,4410.23,4397.55,4404.16,66716594
2022-09-25T23:00:00Z,4404.16,4412.48,4403.73,4408.77,70577203
2022-09-26T00:00:00Z,4408.77,4410.51,4398.10,4403.55,72044753
2022-09-26T01:00:00Z,4403.55,4404.55,4384.10,4386.61,82687631
2022-09-26T02:00:00Z,4386.61,4393.78,4384.80,4388.96,72019166
2022-09-26T03:00:00Z,4388.96,4391.94,4382.61,4387.46,66915629
2022-09-26T04:00:00Z,4387.46,4397.76,4384.88,4396.20,76731639
2022-09-26T05:00:00Z,4396.20,4402.03,4395.34,4397.50,60544629
2022-09-26T06:00:00Z,4397.50,4398.20,4389.49,4391.37,74874650
2022-09-26T07:00:00Z,4391.37,4397.26,4387.77,4393.72,57132983
2022-09-26T08:00:00Z,4393.72,4403.33,4390.55,4400.91,69580760
2022-09-26T09:00:00Z,4400.91,4407.30,4400.46,4404.77,59260867
2022-09-26T10:00:00Z,4404.77,4415.50,4403.15,4410.39,80086279
2022-09-26T11:00:00Z,4410.39,4410.96,4408.74,4410.85,59699301
2022-09-26T12:00:00Z,4410.85,4412.12,4401.09,4405.75,72874201
2022-09-26T13:00:00Z,4405.75,4405.83,4382.82,4389.21,89326602
2022-09-26T14:00:00Z,4389.21,4389.24,4380.12,4384.19,68740415
2022-09-26T15:00:00Z,4384.19,4385.80,4369.31,4370.02,89672493
2022-09-26T16:00:00Z,4370.02,4382.00,4365.18,4381.21,89893734
2022-09-26T17:00:00Z,4381.21,4382.66,4375.45,4382.56,63603187
2022-09-26T18:00:00Z,4382.56,4394.24,4376.78,4391.58,83069635
2022-09-26T19:00:00Z,4391.58,4406.50,4389.08,4404.12,75041750
2022-09-26T20:00:00Z,4404.12,4405.95,4391.79,4395.91,75070537
2022-09-26T21:00:00Z,4395.91,4399.13,4382.91,4386.35,70086359
2022-09-26T22:00:00Z,4386.35,4387.34,4375.07,4380.41,78622372
2022-09-26T23:00:00Z,4380.41,4389.02,4376.44,4386.86,75795641
2022-09-27T00:00:00Z,4386.86,4389.49,4373.23,4379.46,72449138
2022-09-27T01:00:00Z,4379.46,4385.67,4374.00,4374.80,62549401
2022-09-27T02:00:00Z,4374.80,4377.27,4361.75,4365.04,74327882
2022-09-27T03:00:00Z,4365.04,4368.68,4353.58,4358.85,69174698
2022-09-27T04:00:00Z,4358.85,4359.61,4344.68,4346.10,89608940
2022-09-27T05:00:00Z,4346.10,4351.38,4344.76,4347.48,57944582
2022-09-27T06:00:00Z,4347.48,4351.25,4338.98,4345.11,72290657
2022-09-27T07:00:00Z,4345.11,4356.53,4344.78,4354.22,69310760
2022-09-27T08:00:00Z,4354.22,4358.15,4332.94,4337.00,95901638
2022-09-27T09:00:00Z,4337.00,4345.93,4332.99,4342.40,69058647
2022-09-27T10:00:00Z,4342.40,4370.02,4336.31,4365.11,94719231
2022-09-27T11:00:00Z,4365.11,4371.66,4358.53,4364.31,69582361
2022-09-27T12:00:00Z,4364.31,4367.34,4354.58,4358.68,65239827
2022-09-27T13:00:00Z,4358.68,4360.28,4338.57,4342.91,91191843
2022-09-27T14:00:00Z,4342.91,4346.08,4333.75,4337.33,66988868
2022-09-27T15:00:00Z,4337.33,4338.19,4327.29,4331.58,64286095
2022-09-27T16:00:00Z,4331.58,4334.02,4329.01,4333.15,63899708
2022-09-27T17:00:00Z,4333.15,4335.50,4325.08,4331.22,66285313
2022-09-27T18:00:00Z,4331.22,4334.15,4320.89,4325.95,77810743
2022-09-27T19:00:00Z,4325.95,4327.81,4317.51,4320.88,65014076
2022-09-27T20:00:00Z,4320.88,4327.60,4318.81,4325.33,67803519
2022-09-27T21:00:00Z,4325.33,4330.71,4320.34,4327.30,54381434
2022-09-27T22:00:00Z,4327.30,4330.51,4321.12,4321.77,75602867
2022-09-27T23:00:00Z,4321.77,4334.77,4319.47,4330.21,74926590
2022-09-28T00:00:00Z,4330.21,4331.82,4312.13,4314.14,80125039
2022-09-28T01:00:00Z,4314.14,4322.88,4308.28,4322.49,68470477
2022-09-28T02:00:00Z,4322.49,4329.86,4319.59,4328.01,78127744
2022-09-28T03:00:00Z,4328.01,4330.31,4325.43,4330.09,61357663
2022-09-28T04:00:00Z,4330.09,4331.18,4316.93,4317.46,91535032
2022-09-28T05:00:00Z,4317.46,4317.74,4295.60,4298.90,96558288
2022-09-28T06:00:00Z,4298.90,4318.41,4294.81,4313.35,90605482
2022-09-28T07:00:00Z,4313.35,4323.93,4307.54,4321.29,83807757
2022-09-28T08:00:00Z,4321.29,4321.40,4311.52,4312.97,67495277
2022-09-28T09:00:00Z,4312.97,4316.09,4297.12,4302.38,70854652
2022-09-28T10:00:00Z,4302.38,4304.68,4300.39,4302.23,51649817
2022-09-28T11:00:00Z,4302.23,4319.86,4299.85,4314.87,77274807
2022-09-28T12:00:00Z,4314.87,4324.53,4313.18,4321.21,79077372
2022-09-28T13:00:00Z,4321.21,4331.41,4318.09,4329.70,82241789
2022-09-28T14:00:00Z,4329.70,4330.34,4312.23,4316.96,92765133
2022-09-28T15:00:00Z,4316.96,4317.57,4304.44,4309.33,75407015
2022-09-28T16:00:00Z,4309.33,4313.00,4289.75,4294.15,86856542
2022-09-28T17:00:00Z,4294.15,4298.89,4282.02,4283.66,79183794
2022-09-28T18:00:00Z,4283.66,4287.87,4280.98,4282.94,68508932
2022-09-28T19:00:00Z,4282.94,4296.49,4277.59,4292.96,87004065
2022-09-28T20:00:00Z,4292.96,4293.67,4288.78,4292.43,69846424
2022-09-28T21:00:00Z,4292.43,4300.52,4288.58,4297.26,72017247
2022-09-28T22:00:00Z,4297.26,4309.10,4296.24,4307.50,83397732
2022-09-28T23:00:00Z,4307.50,4313.33,4306.11,4306.15,57286425
2022-09-29T00:00:00Z,4306.15,4315.51,4304.64,4309.01,66741412
2022-09-29T01:00:00Z,4309.01,4310.57,4305.18,4305.81,61104191
2022-09-29T02:00:00Z,4305.81,4314.61,4300.28,4310.82,78122318
2022-09-29T03:00:00Z,4310.82,4324.99,4307.76,4322.94,88666230
2022-09-29T04:00:00Z,4322.94,4325.39,4305.03,4307.00,96219334
2022-09-29T05:00:00Z,4307.00,4308.05,4288.88,4291.49,79960640
2022-09-29T06:00:00Z,4291.49,4296.51,4289.99,4290.67,60885256
2022-09-29T07:00:00Z,4290.67,4294.54,4286.74,4291.12,61344854
2022-09-29T08:00:00Z,4291.12,4300.20,4288.80,4300.20,76653057
2022-09-29T09:00:00Z,4300.20,4305.22,4292.36,4295.84,74153684
2022-09-29T10:00:00Z,4295.84,4297.70,4286.76,4288.57,74766433
2022-09-29T11:00:00Z,4288.57,4302.34,4283.10,4297.52,78479471
2022-09-29T12:00:00Z,4297.52,4311.50,4292.34,4311.50,78826840
2022-09-29T13:00:00Z,4311.50,4318.81,4307.82,4312.71,70360544
2022-09-29T14:00:00Z,4312.71,4313.83,4306.13,4309.93,56562236
2022-09-29T15:00:00Z,4309.93,4311.19,4305.49,4306.26,65249528
2022-09-29T16:00:00Z,4306.26,4306.36,4298.73,4300.55,80308075
2022-09-29T17:00:00Z,4300.55,4303.29,4297.12,4299.42,57491975
2022-09-29T18:00:00Z,4299.42,4302.44,4294.34,4299.95,66119925
2022-09-29T19:00:00Z,4299.95,4300.13,4297.14,4298.16,70336417
2022-09-29T20:00:00Z,4298.16,4299.76,4280.14,4285.07,82329716
2022-09-29T21:00:00Z,4285.07,4292.99,4282.24,4291.95,72127224
2022-09-29T22:00:00Z,4291.95,4296.16,4273.19,4279.10,76677590
2022-09-29T23:00:00Z,4279.10,4284.75,4268.95,4271.82,79479613
2022-09-30T00:00:00Z,4271.82,4280.44,4268.49,4275.67,70093980
2022-09-30T01:00:00Z,4275.67,4280.81,4261.54,4266.36,78404512
2022-09-30T02:00:00Z,4266.36,4271.51,4245.32,4247.21,98213005
2022-09-30T03:00:00Z,4247.21,4247.24,4241.41,4243.61,73497864
2022-09-30T04:00:00Z,4243.61,4254.54,4238.90,4251.95,67701640
2022-09-30T05:00:00Z,4251.95,4255.29,4247.33,4254.74,55807740
2022-09-30T06:00:00Z,4254.74,4257.49,4252.97,4256.84,62534935
2022-09-30T07:00:00Z,4256.84,4271.44,4251.59,4267.37,73887308
2022-09-30T08:00:00Z,4267.37,4269.21,4249.91,4250.44,92245079
2022-09-30T09:00:00Z,4250.44,4254.64,4247.68,4249.28,61472878
2022-09-30T10:00:00Z,4249.28,4249.85,4234.92,4236.68,91958194
2022-09-30T11:00:00Z,4236.68,4241.11,4233.26,4234.77,66278994
2022-09-30T12:00:00Z,4234.77,4238.34,4228.63,4233.96,69321826
2022-09-30T13:00:00Z,4233.96,4239.44,4233.81,4236.09,58457610
2022-09-30T14:00:00Z,4236.09,4238.32,4216.12,4219.84,90635144
2022-09-30T15:00:00Z,4219.84,4224.96,4208.21,4213.68,74048178
2022-09-30T16:00:00Z,4213.68,4218.50,4190.08,4196.17,88861039
2022-09-30T17:00:00Z,4196.17,4196.44,4191.34,4195.84,68006351
2022-09-30T18:00:00Z,4195.84,4202.11,4193.12,4196.89,53707951
2022-09-30T19:00:00Z,4196.89,4205.75,4194.67,4200.98,69352837
2022-09-30T20:00:00Z,4200.98,4205.86,4189.93,4195.05,67162515
2022-09-30T21:00:00Z,4195.05,4198.90,4188.07,4191.14,71713644
2022-09-30T22:00:00Z,4191.14,4191.74,4184.93,4190.22,55733702
2022-09-30T23:00:00Z,4190.22,4190.61,4176.42,4182.64,72546266
2022-10-01T00:00:00Z,4182.64,4182.82,4169.15,4173.85,77894510
2022-10-01T01:00:00Z,4173.85,4185.37,4170.80,4180.94,83309466
2022-10-01T02:00:00Z,4180.94,4181.97,4159.68,4164.14,90246802
2022-10-01T03:00:00Z,4164.14,4167.69,4158.49,4166.47,72469852
2022-10-01T04:00:00Z,4166.47,4171.06,4159.97,4165.13,63602993
2022-10-01T05:00:00Z,4165.13,4166.24,4141.96,4146.31,98869190
2022-10-01T06:00:00Z,4146.31,4149.87,4134.66,4139.37,63807341
2022-10-01T07:00:00Z,4139.37,4147.97,4135.54,4144.02,69710625
2022-10-01T08:00:00Z,4144.02,4157.54,4139.84,4153.71,86729264
2022-10-01T09:00:00Z,4153.71,4163.15,4149.51,4156.86,65402119
2022-10-01T10:00:00Z,4156.86,4171.75,4154.76,4169.16,74871107
2022-10-01T11:00:00Z,4169.16,4175.75,4168.03,4171.71,74690309
2022-10-01T12:00:00Z,4171.71,4176.51,4159.08,4160.57,73567067
2022-10-01T13:00:00Z,4160.57,4170.58,4157.62,4167.34,71124194
2022-10-01T14:00:00Z,4167.34,4172.66,4156.61,4159.39,68024994
2022-10-01T15:00:00Z,4159.39,4165.11,4154.85,4161.40,73358296
2022-10-01T16:00:00Z,4161.40,4167.78,4160.21,4166.57,79549986
2022-10-01T17:00:00Z,4166.57,4172.18,4160.64,4165.94,62823473
2022-10-01T18:00:00Z,4165.94,4178.49,4159.81,4174.55,76847547
2022-10-01T19:00:00Z,4174.55,4179.50,4172.13,4172.57,57875666
2022-10-01T20:00:00Z,4172.57,4181.67,4172.16,4177.83,75855768
2022-10-01T21:00:00Z,4177.83,4179.79,4162.64,4166.15,89077214
2022-10-01T22:00:00Z,4166.15,4186.27,4161.23,4181.19,98042430
2022-10-01T23:00:00Z,4181.19,4184.83,4180.08,4180.58,64200135
2022-10-02T00:00:00Z,4180.58,4189.39,4175.13,4185.08,65951723
2022-10-02T01:00:00Z,4185.08,4188.43,4180.48,4184.44,63715500
2022-10-02T02:00:00Z,4184.44,4204.75,4179.02,4201.73,86901909
2022-10-02T03:00:00Z,4201.73,4208.16,4198.07,4203.80,71291606
2022-10-02T04:00:00Z,4203.80,4213.98,4200.23,4210.40,75126137
2022-10-02T05:00:00Z,4210.40,4212.81,4206.62,4207.80,64120187
2022-10-02T06:00:00Z,4207.80,4214.06,4184.70,4190.46,98137183
2022-10-02T07:00:00Z,4190.46,4194.37,4185.01,4194.31,69032325
2022-10-02T08:00:00Z,4194.31,4197.84,4193.54,4193.70,67032362
2022-10-02T09:00:00Z,4193.70,4199.60,4187.87,4194.44,66139620
2022-10-02T10:00:00Z,4194.44,4196.60,4189.94,4194.61,60427793
2022-10-02T11:00:00Z,4194.61,4195.05,4170.16,4173.83,99049344
2022-10-02T12:00:00Z,4173.83,4180.65,4169.83,4177.10,59992362
2022-10-02T13:00:00Z,4177.10,4181.53,4166.89,4168.90,71998904
2022-10-02T14:00:00Z,4168.90,4169.78,4157.65,4162.78,65698725
2022-10-02T15:00:00Z,4162.78,4166.41,4153.69,4156.94,66870819
2022-10-02T16:00:00Z,4156.94,4160.85,4143.74,4147.56,84637406
2022-10-02T17:00:00Z,4147.56,4153.75,4130.90,4135.91,83331197
2022-10-02T18:00:00Z,4135.91,4138.79,4130.13,4138.36,56554389
2022-10-02T19:00:00Z,4138.36,4141.34,4126.02,4129.96,76311564
2022-10-02T20:00:00Z,4129.96,4134.46,4117.95,4118.43,72353467
2022-10-02T21:00:00Z,4118.43,4121.24,4115.37,4117.24,60006354
2022-10-02T22:00:00Z,4117.24,4119.77,4107.07,4111.20,72916898
2022-10-02T23:00:00Z,4111.20,4117.27,4095.91,4100.03,87222036
2022-10-03T00:00:00Z,4100.03,4104.31,4091.28,4092.06,85541234
2022-10-03T01:00:00Z,4092.06,4096.90,4089.18,4094.94,73928299
2022-10-03T02:00:00Z,4094.94,4101.28,4093.56,4097.21,62221191
2022-10-03T03:00:00Z,4097.21,4104.66,4096.49,4104.00,64863747
2022-10-03T04:00:00Z,4104.00,4108.49,4102.28,4105.70,58030006
2022-10-03T05:00:00Z,4105.70,4117.80,4104.83,4111.68,77121763
2022-10-03T06:00:00Z,4111.68,4117.70,4094.00,4096.28,96284408
2022-10-03T07:00:00Z,4096.28,4100.42,4090.23,4093.46,63129608
2022-10-03T08:00:00Z,4093.46,4097.81,4093.02,4097.27,72163885
2022-10-03T09:00:00Z,4097.27,4100.53,4086.41,4089.10,78800651
2022-10-03T10:00:00Z,4089.10,4110.67,4087.30,4108.57,94755004
2022-10-03T11:00:00Z,4108.57,4125.01,4104.65,4121.98,95156280
2022-10-03T12:00:00Z,4121.98,4124.07,4106.00,4111.14,77269757
2022-10-03T13:00:00Z,4111.14,4116.75,4108.04,4115.11,67659191
2022-10-03T14:00:00Z,4115.11,4118.43,4104.14,4109.96,71361978
2022-10-03T15:00:00Z,4109.96,4123.43,4109.06,4118.62,86629861
2022-10-03T16:00:00Z,4118.62,4131.76,4116.45,4128.99,87423487
2022-10-03T17:00:00Z,4128.99,4138.72,4126.02,4138.31,71266166
2022-10-03T18:00:00Z,4138.31,4140.23,4124.73,4127.50,84250621
2022-10-03T19:00:00Z,4127.50,4130.24,4123.20,4128.19,69682403
2022-10-03T20:00:00Z,4128.19,4128.24,4117.22,4120.52,78088157
2022-10-03T21:00:00Z,4120.52,4125.32,4112.07,4114.77,65364718
2022-10-03T22:00:00Z,4114.77,4121.17,4111.61,4117.60,67314140
2022-10-03T23:00:00Z,4117.60,4124.95,4115.33,4119.92,63770846
2022-10-04T00:00:00Z,4119.92,4123.34,4114.92,4122.55,60472442
2022-10-04T01:00:00Z,4122.55,4127.58,4116.78,4117.30,65842068
2022-10-04T02:00:00Z,4117.30,4117.83,4106.12,4111.69,63887322
2022-10-04T03:00:00Z,4111.69,4114.65,4105.79,4108.83,75087898
2022-10-04T04:00:00Z,4108.83,4114.61,4102.04,4105.23,74613662
2022-10-04T05:00:00Z,4105.23,4109.14,4092.66,4095.19,74809482
2022-10-04T06:00:00Z,4095.19,4100.27,4091.67,4098.28,69691117
2022-10-04T07:00:00Z,4098.28,4100.19,4093.71,4098.33,64835574
2022-10-04T08:00:00Z,4098.33,4103.18,4085.12,4088.15,75537670
2022-10-04T09:00:00Z,4088.15,4096.37,4085.24,4094.82,72998043
2022-10-04T10:00:00Z,4094.82,4097.50,4084.97,4088.11,71855318
2022-10-04T11:00:00Z,4088.11,4094.34,4084.65,4090.41,73611595
2022-10-04T12:00:00Z,4090.41,4100.93,4086.11,4097.04,65898115
2022-10-04T13:00:00Z,4097.04,4106.24,4095.99,4100.48,66715245
2022-10-04T14:00:00Z,4100.48,4108.63,4100.23,4105.94,68333936
2022-10-04T15:00:00Z,4105.94,4111.95,4100.28,4104.32,69970504
2022-10-04T16:00:00Z,4104.32,4114.59,4100.87,4112.75,80513658
2022-10-04T17:00:00Z,4112.75,4116.56,4103.56,4103.99,70889106
2022-10-04T18:00:00Z,4103.99,4109.74,4097.62,4102.11,60468467
2022-10-04T19:00:00Z,4102.11,4124.97,4098.96,4120.22,89638348
2022-10-04T20:00:00Z,4120.22,4122.47,4120.05,4120.79,66586250
2022-10-04T21:00:00Z,4120.79,4127.84,4120.13,4123.71,61010133
2022-10-04T22:00:00Z,4123.71,4138.28,4121.59,4133.54,85462724
2022-10-04T23:00:00Z,4133.54,4140.73,4131.58,4139.56,69433279
2022-10-05T00:00:00Z,4139.56,4156.78,4136.64,4151.37,78004748
2022-10-05T01:00:00Z,4151.37,4157.02,4150.24,4150.27,65905767
2022-10-05T02:00:00Z,4150.27,4150.89,4137.81,4140.25,81071043
2022-10-05T03:00:00Z,4140.25,4140.26,4133.37,4134.82,61803261
2022-10-05T04:00:00Z,4134.82,4139.08,4131.88,4132.64,69589096
2022-10-05T05:00:00Z,4132.64,4137.05,4128.73,4134.38,55349997
2022-10-05T06:00:00Z,4134.38,4139.41,4125.23,4131.39,56704672
2022-10-05T07:00:00Z,4131.39,4133.50,4129.56,4132.05,67861074
2022-10-05T08:00:00Z,4132.05,4136.50,4121.50,4124.97,81673039
2022-10-05T09:00:00Z,4124.97,4132.91,4124.87,4127.85,60794285
2022-10-05T10:00:00Z,4127.85,4130.68,4118.58,4123.64,67845398
2022-10-05T11:00:00Z,4123.64,4124.96,4111.20,4113.65,85326999
2022-10-05T12:00:00Z,4113.65,4115.80,4112.77,4115.38,67136309
2022-10-05T13:00:00Z,4115.38,4120.91,4104.46,4105.46,79599388
2022-10-05T14:00:00Z,4105.46,4106.60,4092.15,4094.73,81942528
2022-10-05T15:00:00Z,4094.73,4098.28,4087.73,4089.14,65492725
2022-10-05T16:00:00Z,4089.14,4092.77,4073.27,4079.09,86801487
2022-10-05T17:00:00Z,4079.09,4088.93,4077.80,4084.48,69927890
2022-10-05T18:00:00Z,4084.48,4085.92,4062.70,4065.78,92974327
2022-10-05T19:00:00Z,4065.78,4066.56,4055.12,4057.23,70979240
2022-10-05T20:00:00Z,4057.23,4068.45,4051.54,4063.33,74642960
2022-10-05T21:00:00Z,4063.33,4068.34,4055.70,4060.07,58409292
2022-10-05T22:00:00Z,4060.07,4064.43,4042.70,4045.38,85910755
2022-10-05T23:00:00Z,4045.38,4058.80,4041.04,4058.02,79514235
2022-10-06T00:00:00Z,4058.02,4059.34,4056.87,4059.06,64671305
2022-10-06T01:00:00Z,4059.06,4062.35,4056.15,4056.71,55614869
2022-10-06T02:00:00Z,4056.71,4062.81,4054.57,4058.45,67154722
2022-10-06T03:00:00Z,4058.45,4059.83,4055.38,4058.55,59998944
2022-10-06T04:00:00Z,4058.55,4060.05,4039.16,4040.74,95462689
2022-10-06T05:00:00Z,4040.74,4045.38,4026.71,4030.29,77814771
2022-10-06T06:00:00Z,4030.29,4043.71,4027.55,4039.06,71203474
2022-10-06T07:00:00Z,4039.06,4043.53,4030.03,4031.12,75205999
2022-10-06T08:00:00Z,4031.12,4048.99,4026.42,4043.19,75204934
2022-10-06T09:00:00Z,4043.19,4048.74,4037.41,4047.05,60541679
2022-10-06T10:00:00Z,4047.05,4050.98,4038.17,4041.05,69147907
2022-10-06T11:00:00Z,4041.05,4046.83,4039.08,4042.53,67591660
2022-10-06T12:00:00Z,4042.53,4047.37,4040.12,4044.42,65178339
2022-10-06T13:00:00Z,4044.42,4050.88,4039.64,4046.96,55326345
2022-10-06T14:00:00Z,4046.96,4047.14,4033.97,4038.69,80272763
2022-10-06T15:00:00Z,4038.69,4040.50,4026.65,4032.10,68581100
2022-10-06T16:00:00Z,4032.10,4039.76,4027.19,4034.38,57169978
2022-10-06T17:00:00Z,4034.38,4038.24,4030.63,4036.96,60219987
2022-10-06T18:00:00Z,4036.96,4058.44,4032.88,4055.18,89522310
2022-10-06T19:00:00Z,4055.18,4074.37,4049.83,4069.53,81695265
2022-10-06T20:00:00Z,4069.53,4072.23,4066.09,4070.09,56665467
2022-10-06T21:00:00Z,4070.09,4074.67,4064.64,4071.12,61498389
2022-10-06T22:00:00Z,4071.12,4090.68,4066.86,4087.51,99064059
2022-10-06T23:00:00Z,4087.51,4090.74,4078.69,4079.77,68132497
2022-10-07T00:00:00Z,4079.77,4084.80,4070.36,4070.67,67991399
2022-10-07T01:00:00Z,4070.67,4075.18,4063.64,4065.16,71070282
2022-10-07T02:00:00Z,4065.16,4070.68,4059.78,4069.02,59488885
2022-10-07T03:00:00Z,4069.02,4070.98,4064.53,4067.36,70083793
2022-10-07T04:00:00Z,4067.36,4072.59,4060.79,4064.21,75203689
2022-10-07T05:00:00Z,4064.21,4065.47,4056.01,4057.71,76397024
2022-10-07T06:00:00Z,4057.71,4061.57,4052.99,4053.55,77044636
2022-10-07T07:00:00Z,4053.55,4055.49,4048.29,4054.65,63167251
2022-10-07T08:00:00Z,4054.65,4057.77,4042.05,4046.60,68022392
2022-10-07T09:00:00Z,4046.60,4049.76,4039.49,4040.10,79020144
2022-10-07T10:00:00Z,4040.10,4044.91,4023.68,4026.49,92446502
2022-10-07T11:00:00Z,4026.49,4032.45,4020.54,4027.36,56160237
2022-10-07T12:00:00Z,4027.36,4036.86,4021.45,4035.53,85150625
2022-10-07T13:00:00Z,4035.53,4041.05,4022.94,4023.36,78723366
2022-10-07T14:00:00Z,4023.36,4035.12,4021.42,4030.84,66433039
2022-10-07T15:00:00Z,4030.84,4041.28,4029.09,4040.16,82034521
2022-10-07T16:00:00Z,4040.16,4042.04,4033.29,4035.38,76738952
2022-10-07T17:00:00Z,4035.38,4039.72,4027.00,4030.65,65788846
2022-10-07T18:00:00Z,4030.65,4035.42,4016.34,4019.51,78361689
2022-10-07T19:00:00Z,4019.51,4024.35,4007.08,4012.24,71694507
2022-10-07T20:00:00Z,4012.24,4021.31,4007.61,4016.80,70743854
2022-10-07T21:00:00Z,4016.80,4017.48,4015.01,4016.49,53092863
2022-10-07T22:00:00Z,4016.49,4022.40,4010.00,4011.55,79328463
2022-10-07T23:00:00Z,4011.55,4021.71,4006.19,4020.62,85850516
2022-10-08T00:00:00Z,4020.62,4024.44,4007.32,4011.47,77130118
2022-10-08T01:00:00Z,4011.47,4022.93,4005.73,4020.69,68599604
2022-10-08T02:00:00Z,4020.69,4024.06,3994.87,4000.67,92975255
2022-10-08T03:00:00Z,4000.67,4012.58,3999.38,4009.78,71074331
2022-10-08T04:00:00Z,4009.78,4010.14,3994.59,4000.24,82994085
2022-10-08T05:00:00Z,4000.24,4006.00,3980.43,3980.61,101302336
2022-10-08T06:00:00Z,3980.61,4000.48,3976.13,3995.46,80530637
2022-10-08T07:00:00Z,3995.46,3999.48,3990.07,3995.87,53792145
2022-10-08T08:00:00Z,3995.87,4001.15,3991.56,3996.01,55853537
2022-10-08T09:00:00Z,3996.01,4012.71,3994.61,4006.73,88189537
2022-10-08T10:00:00Z,4006.73,4009.81,3993.38,3999.39,80607598
2022-10-08T11:00:00Z,3999.39,4004.05,3998.30,4003.79,70025840
2022-10-08T12:00:00Z,4003.79,4006.23,3987.70,3992.45,78126456
2022-10-08T13:00:00Z,3992.45,3995.56,3986.48,3986.82,71767220
2022-10-08T14:00:00Z,3986.82,3989.81,3980.67,3985.23,61430822
2022-10-08T15:00:00Z,3985.23,3993.79,3979.37,3989.06,60826171
2022-10-08T16:00:00Z,3989.06,3991.68,3974.41,3979.99,80243263
2022-10-08T17:00:00Z,3979.99,3983.72,3979.24,3979.31,54497692
2022-10-08T18:00:00Z,3979.31,3986.07,3979.25,3982.70,60786391
2022-10-08T19:00:00Z,3982.70,3990.21,3982.37,3988.82,75489828
2022-10-08T20:00:00Z,3988.82,3992.33,3975.40,3978.15,86002701
2022-10-08T21:00:00Z,3978.15,3983.60,3977.77,3982.88,78472267
2022-10-08T22:00:00Z,3982.88,3986.00,3967.32,3968.83,90425365
2022-10-08T23:00:00Z,3968.83,3980.33,3963.90,3974.35,71329705
2022-10-09T00:00:00Z,3974.35,3984.89,3970.44,3980.90,67567474
2022-10-09T01:00:00Z,3980.90,3987.74,3977.81,3983.23,68190101
2022-10-09T02:00:00Z,3983.23,3987.39,3976.61,3981.25,60925925
2022-10-09T03:00:00Z,3981.25,3985.93,3973.69,3979.43,70678051
2022-10-09T04:00:00Z,3979.43,3985.86,3979.05,3982.10,68751165
2022-10-09T05:00:00Z,3982.10,3984.29,3981.78,3981.99,60969395
2022-10-09T06:00:00Z,3981.99,3989.90,3980.88,3986.06,61178157
2022-10-09T07:00:00Z,3986.06,3991.61,3976.50,3982.51,74457567
2022-10-09T08:00:00Z,3982.51,3998.42,3980.22,3995.04,85131254
2022-10-09T09:00:00Z,3995.04,3995.19,3978.07,3981.63,82367132
2022-10-09T10:00:00Z,3981.63,3981.74,3973.46,3976.40,68288271
2022-10-09T11:00:00Z,3976.40,3980.76,3968.39,3971.75,72320175
2022-10-09T12:00:00Z,3971.75,3974.40,3959.93,3965.25,63127829
2022-10-09T13:00:00Z,3965.25,3969.45,3961.45,3961.77,67884875
2022-10-09T14:00:00Z,3961.77,3971.53,3958.21,3965.68,64915319
2022-10-09T15:00:00Z,3965.68,3972.69,3960.01,3971.20,66066142
2022-10-09T16:00:00Z,3971.20,3976.51,3956.50,3960.45,89606171
2022-10-09T17:00:00Z,3960.45,3971.10,3957.44,3966.00,61438962
2022-10-09T18:00:00Z,3966.00,3971.38,3963.04,3966.78,61278123
2022-10-09T19:00:00Z,3966.78,3978.63,3964.59,3974.00,83261124
2022-10-09T20:00:00Z,3974.00,3982.55,3968.79,3980.58,75809545
2022-10-09T21:00:00Z,3980.58,3981.75,3980.00,3980.40,66535546
2022-10-09T22:00:00Z,3980.40,4005.19,3976.76,4003.48,108566407
2022-10-09T23:00:00Z,4003.48,4006.24,3989.77,3993.98,78408542
2022-10-10T00:00:00Z,3993.98,3997.61,3982.56,3984.89,87493759
2022-10-10T01:00:00Z,3984.89,3987.38,3968.95,3972.44,93655386
2022-10-10T02:00:00Z,3972.44,3974.69,3965.02,3970.78,59244543
2022-10-10T03:00:00Z,3970.78,3976.45,3961.45,3961.53,75970280
2022-10-10T04:00:00Z,3961.53,3962.14,3951.50,3956.41,69946984
2022-10-10T05:00:00Z,3956.41,3968.44,3950.65,3964.09,83789755
2022-10-10T06:00:00Z,3964.09,3969.60,3949.27,3951.35,79164152
2022-10-10T07:00:00Z,3951.35,3956.58,3950.08,3952.05,60377927
2022-10-10T08:00:00Z,3952.05,3956.81,3948.66,3950.31,59880327
2022-10-10T09:00:00Z,3950.31,3960.33,3945.40,3958.72,70101314
2022-10-10T10:00:00Z,3958.72,3970.28,3958.11,3965.53,66586166
2022-10-10T11:00:00Z,3965.53,3969.76,3958.10,3958.74,66675927
2022-10-10T12:00:00Z,3958.74,3960.14,3952.83,3958.39,66848028
2022-10-10T13:00:00Z,3958.39,3976.73,3953.29,3976.35,90633592
2022-10-10T14:00:00Z,3976.35,3976.88,3968.37,3971.07,67155175
2022-10-10T15:00:00Z,3971.07,3976.28,3968.43,3975.32,60140748
2022-10-10T16:00:00Z,3975.32,3976.19,3967.03,3971.34,77184354
2022-10-10T17:00:00Z,3971.34,3992.90,3968.92,3990.57,102359123
2022-10-10T18:00:00Z,3990.57,4007.70,3986.12,4003.10,86350735
2022-10-10T19:00:00Z,4003.10,4006.52,3999.48,4005.80,66726466
2022-10-10T20:00:00Z,4005.80,4018.58,4001.05,4017.09,78473598
2022-10-10T21:00:00Z,4017.09,4043.46,4014.48,4040.27,114563489
2022-10-10T22:00:00Z,4040.27,4041.67,4035.39,4037.89,63426581
2022-10-10T23:00:00Z,4037.89,4045.03,4034.25,4039.17,57951330
2022-10-11T00:00:00Z,4039.17,4046.74,4038.94,4044.63,77728611
2022-10-11T01:00:00Z,4044.63,4050.51,4022.49,4024.66,108331178
2022-10-11T02:00:00Z,4024.66,4030.00,4016.14,4021.06,70217895
2022-10-11T03:00:00Z,4021.06,4024.57,4006.12,4011.62,86406929
2022-10-11T04:00:00Z,4011.62,4012.66,4005.43,4008.50,68586372
2022-10-11T05:00:00Z,4008.50,4009.10,4000.54,4003.97,70045563
2022-10-11T06:00:00Z,4003.97,4008.87,4001.68,4006.47,60691867
2022-10-11T07:00:00Z,4006.47,4015.65,4003.21,4010.73,69201790
2022-10-11T08:00:00Z,4010.73,4013.48,4004.66,4006.70,65952056
2022-10-11T09:00:00Z,4006.70,4022.56,4002.82,4017.72,86404537
2022-10-11T10:00:00Z,4017.72,4021.73,4005.39,4007.12,79009732
2022-10-11T11:00:00Z,4007.12,4016.13,4003.74,4014.18,79902273
2022-10-11T12:00:00Z,4014.18,4018.93,4010.61,4013.16,54580880
2022-10-11T13:00:00Z,4013.16,4014.76,4007.33,4012.76,67492956
2022-10-11T14:00:00Z,4012.76,4018.56,4011.55,4013.08,58657067
2022-10-11T15:00:00Z,4013.08,4015.66,4007.03,4010.16,61573553
2022-10-11T16:00:00Z,4010.16,4013.38,4002.95,4004.89,64716759
2022-10-11T17:00:00Z,4004.89,4010.05,3999.21,4008.71,68815758
2022-10-11T18:00:00Z,4008.71,4012.00,4000.91,4001.18,67107257
2022-10-11T19:00:00Z,4001.18,4011.64,3997.56,4006.30,60728988
2022-10-11T20:00:00Z,4006.30,4008.91,3996.73,4001.84,70413269
2022-10-11T21:00:00Z,4001.84,4011.08,4001.22,4007.42,80552217
2022-10-11T22:00:00Z,4007.42,4013.11,3979.66,3985.43,111383926
2022-10-11T23:00:00Z,3985.43,3989.42,3984.92,3988.61,71316269
2022-10-12T00:00:00Z,3988.61,3991.13,3973.93,3978.53,87298315
2022-10-12T01:00:00Z,3978.53,3980.90,3973.35,3977.63,63996172
2022-10-12T02:00:00Z,3977.63,3983.52,3977.50,3980.54,72618914
2022-10-12T03:00:00Z,3980.54,3982.00,3974.84,3981.32,71111267
2022-10-12T04:00:00Z,3981.32,3991.48,3978.88,3986.30,70231940
2022-10-12T05:00:00Z,3986.30,3990.29,3983.50,3984.41,56227234
2022-10-12T06:00:00Z,3984.41,3986.09,3976.80,3982.17,61675256
2022-10-12T07:00:00Z,3982.17,3991.43,3978.45,3988.72,73115683
2022-10-12T08:00:00Z,3988.72,3989.79,3980.20,3985.66,60618132
2022-10-12T09:00:00Z,3985.66,3989.48,3979.72,3979.90,66009720
2022-10-12T10:00:00Z,3979.90,3985.43,3969.69,3969.74,72866896
2022-10-12T11:00:00Z,3969.74,3972.32,3960.34,3960.37,87409886
2022-10-12T12:00:00Z,3960.37,3966.23,3953.86,3955.59,76734367
2022-10-12T13:00:00Z,3955.59,3972.68,3949.82,3969.71,86273628
2022-10-12T14:00:00Z,3969.71,3976.70,3969.11,3971.83,61109637
2022-10-12T15:00:00Z,3971.83,3976.07,3968.15,3970.67,71660928
2022-10-12T16:00:00Z,3970.67,3985.38,3965.57,3982.96,83733792
2022-10-12T17:00:00Z,3982.96,3987.89,3978.48,3983.50,59886294
2022-10-12T18:00:00Z,3983.50,3988.01,3979.58,3979.58,60132673
2022-10-12T19:00:00Z,3979.58,3983.99,3965.32,3971.02,77026676
2022-10-12T20:00:00Z,3971.02,3974.26,3966.88,3971.93,60897056
2022-10-12T21:00:00Z,3971.93,3974.95,3966.84,3972.86,64784109
2022-10-12T22:00:00Z,3972.86,3978.08,3960.47,3964.38,84806474
2022-10-12T23:00:00Z,3964.38,3970.94,3964.22,3967.51,62725535
2022-10-13T00:00:00Z,3967.51,3970.57,3963.45,3964.08,73147127
2022-10-13T01:00:00Z,3964.08,3968.07,3945.24,3950.60,90628747
2022-10-13T02:00:00Z,3950.60,3951.32,3946.36,3947.16,75934613
2022-10-13T03:00:00Z,3947.16,3948.89,3940.55,3942.01,64908832
2022-10-13T04:00:00Z,3942.01,3943.92,3931.37,3932.11,73272815
2022-10-13T05:00:00Z,3932.11,3936.13,3927.06,3930.66,70686011
2022-10-13T06:00:00Z,3930.66,3939.54,3928.81,3937.12,76882553
2022-10-13T07:00:00Z,3937.12,3942.17,3934.64,3936.79,52952562
2022-10-13T08:00:00Z,3936.79,3947.56,3936.29,3944.12,81579504
2022-10-13T09:00:00Z,3944.12,3949.24,3940.92,3948.97,64795045
2022-10-13T10:00:00Z,3948.97,3953.14,3944.81,3947.21,66223396
2022-10-13T11:00:00Z,3947.21,3951.45,3943.39,3947.81,51473059
2022-10-13T12:00:00Z,3947.81,3956.78,3945.97,3952.49,79149650
2022-10-13T13:00:00Z,3952.49,3957.41,3942.55,3947.33,76807601
2022-10-13T14:00:00Z,3947.33,3960.09,3946.64,3955.64,69965344
2022-10-13T15:00:00Z,3955.64,3960.41,3955.47,3956.63,63209598
2022-10-13T16:00:00Z,3956.63,3958.10,3955.38,3956.68,60970157
2022-10-13T17:00:00Z,3956.68,3972.38,3955.66,3968.21,78421097
2022-10-13T18:00:00Z,3968.21,3973.27,3965.64,3968.63,63048547
2022-10-13T19:00:00Z,3968.63,3970.65,3962.71,3962.89,68460543
2022-10-13T20:00:00Z,3962.89,3965.27,3960.48,3962.97,55625136
2022-10-13T21:00:00Z,3962.97,3968.49,3959.74,3964.69,69121958
2022-10-13T22:00:00Z,3964.69,3972.28,3964.02,3970.18,65613123
2022-10-13T23:00:00Z,3970.18,3970.40,3960.14,3964.34,78209161
2022-10-14T00:00:00Z,3964.34,3965.20,3961.71,3964.96,54380142
2022-10-14T01:00:00Z,3964.96,3967.75,3961.44,3963.84,67541649
2022-10-14T02:00:00Z,3963.84,3973.69,3959.29,3969.06,77534983
2022-10-14T03:00:00Z,3969.06,3971.89,3963.62,3965.48,62277959
2022-10-14T04:00:00Z,3965.48,3967.63,3958.90,3961.86,70554317
2022-10-14T05:00:00Z,3961.86,3968.43,3961.83,3967.51,73369612
2022-10-14T06:00:00Z,3967.51,3972.93,3964.34,3972.36,60805017
2022-10-14T07:00:00Z,3972.36,3979.21,3967.83,3977.95,76999206
2022-10-14T08:00:00Z,3977.95,3979.31,3969.74,3971.91,62759337
2022-10-14T09:00:00Z,3971.91,3975.44,3968.92,3972.94,52702041
2022-10-14T10:00:00Z,3972.94,3976.04,3960.85,3964.19,72339689
2022-10-14T11:00:00Z,3964.19,3973.88,3960.76,3973.17,77351866
2022-10-14T12:00:00Z,3973.17,3983.49,3971.51,3982.64,87899003
2022-10-14T13:00:00Z,3982.64,3983.83,3975.59,3979.48,57984821
2022-10-14T14:00:00Z,3979.48,3983.56,3971.75,3973.24,73145113
2022-10-14T15:00:00Z,3973.24,3980.19,3969.86,3977.85,64389764
2022-10-14T16:00:00Z,3977.85,3987.01,3973.09,3985.19,83136752
2022-10-14T17:00:00Z,3985.19,3993.20,3981.69,3989.11,69624452
2022-10-14T18:00:00Z,3989.11,3993.85,3985.05,3991.36,60701832
2022-10-14T19:00:00Z,3991.36,3992.40,3978.97,3983.45,75817113
2022-10-14T20:00:00Z,3983.45,3992.83,3979.88,3990.61,81602760
2022-10-14T21:00:00Z,3990.61,4000.83,3986.37,4000.06,70550477
2022-10-14T22:00:00Z,4000.06,4005.81,3998.96,4001.62,56442017
2022-10-14T23:00:00Z,4001.62,4004.69,3998.20,4003.06,67676024
2022-10-15T00:00:00Z,4003.06,4013.61,4001.71,4009.23,68828717
2022-10-15T01:00:00Z,4009.23,4017.14,4007.63,4015.43,80319180
2022-10-15T02:00:00Z,4015.43,4017.94,4008.34,4012.98,68487080
2022-10-15T03:00:00Z,4012.98,4013.41,4007.14,4009.21,64837438
2022-10-15T04:00:00Z,4009.21,4021.58,4008.79,4019.24,70573268
2022-10-15T05:00:00Z,4019.24,4031.06,4017.56,4027.66,84960513
2022-10-15T06:00:00Z,4027.66,4039.17,4024.52,4035.40,67093037
2022-10-15T07:00:00Z,4035.40,4036.01,4023.41,4027.58,85365112
2022-10-15T08:00:00Z,4027.58,4031.78,4020.34,4021.62,68583227
2022-10-15T09:00:00Z,4021.62,4025.99,4019.34,4025.32,76702972
2022-10-15T10:00:00Z,4025.32,4034.59,4021.01,4030.87,67175620
2022-10-15T11:00:00Z,4030.87,4031.55,4025.71,4029.47,64602070
2022-10-15T12:00:00Z,4029.47,4031.92,4028.63,4028.64,64478263
2022-10-15T13:00:00Z,4028.64,4042.39,4025.23,4039.42,77731372
2022-10-15T14:00:00Z,4039.42,4042.42,4035.71,4038.58,71324008
2022-10-15T15:00:00Z,4038.58,4048.72,4033.87,4045.79,83189626
2022-10-15T16:00:00Z,4045.79,4054.16,4041.34,4052.86,75790114
2022-10-15T17:00:00Z,4052.86,4061.64,4049.17,4056.84,70710578
2022-10-15T18:00:00Z,4056.84,4064.45,4052.61,4061.18,61951140
2022-10-15T19:00:00Z,4061.18,4063.26,4055.42,4059.08,55395119
2022-10-15T20:00:00Z,4059.08,4066.28,4055.58,4063.43,77739013
2022-10-15T21:00:00Z,4063.43,4068.17,4058.98,4066.56,71661809
2022-10-15T22:00:00Z,4066.56,4069.69,4055.36,4059.30,78260289
2022-10-15T23:00:00Z,4059.30,4070.25,4059.20,4065.98,79053625
2022-10-16T00:00:00Z,4065.98,4067.25,4056.84,4060.70,71508204
2022-10-16T01:00:00Z,4060.70,4062.52,4056.51,4060.10,60944448
2022-10-16T02:00:00Z,4060.10,4063.82,4051.31,4054.56,64158198
2022-10-16T03:00:00Z,4054.56,4055.66,4049.99,4053.76,64627429
2022-10-16T04:00:00Z,4053.76,4056.69,4050.31,4056.07,56024465
2022-10-16T05:00:00Z,4056.07,4064.75,4055.72,4062.76,66185033
2022-10-16T06:00:00Z,4062.76,4074.69,4059.48,4073.13,74200298
2022-10-16T07:00:00Z,4073.13,4083.17,4072.37,4080.29,83295354
2022-10-16T08:00:00Z,4080.29,4081.30,4066.65,4067.80,82663337
2022-10-16T09:00:00Z,4067.80,4075.56,4063.06,4071.56,71112551
2022-10-16T10:00:00Z,4071.56,4080.41,4069.89,4077.67,71454632
2022-10-16T11:00:00Z,4077.67,4085.55,4075.90,4084.45,78063594
2022-10-16T12:00:00Z,4084.45,4085.68,4075.05,4077.39,78765546
2022-10-16T13:00:00Z,4077.39,4081.50,4074.19,4075.99,69480299
2022-10-16T14:00:00Z,4075.99,4080.14,4073.01,4073.33,72222726
2022-10-16T15:00:00Z,4073.33,4077.20,4070.36,4074.22,61334736
2022-10-16T16:00:00Z,4074.22,4075.80,4059.86,4062.24,81372546
2022-10-16T17:00:00Z,4062.24,4063.23,4051.44,4054.77,76290534
2022-10-16T18:00:00Z,4054.77,4072.61,4054.72,4068.30,77658887
2022-10-16T19:00:00Z,4068.30,4073.20,4065.26,4070.90,60915305
2022-10-16T20:00:00Z,4070.90,4087.16,4068.08,4082.82,78464279
2022-10-16T21:00:00Z,4082.82,4087.43,4082.52,4087.15,66526186
2022-10-16T22:00:00Z,4087.15,4091.87,4082.42,4082.45,68995978
2022-10-16T23:00:00Z,4082.45,4083.67,4073.28,4075.44,78523919
2022-10-17T00:00:00Z,4075.44,4077.46,4072.76,4077.03,57934882
2022-10-17T01:00:00Z,4077.03,4080.52,4072.12,4073.08,69702119
2022-10-17T02:00:00Z,4073.08,4075.35,4063.49,4065.83,79178864
2022-10-17T03:00:00Z,4065.83,4067.43,4059.63,4061.64,64984255
2022-10-17T04:00:00Z,4061.64,4064.27,4057.21,4058.66,58901180
2022-10-17T05:00:00Z,4058.66,4062.02,4053.41,4058.08,60710350
2022-10-17T06:00:00Z,4058.08,4060.34,4045.77,4048.71,84334288
2022-10-17T07:00:00Z,4048.71,4049.39,4040.78,4041.12,83948600
2022-10-17T08:00:00Z,4041.12,4047.69,4036.61,4043.77,68022149
2022-10-17T09:00:00Z,4043.77,4051.94,4040.66,4050.58,69112231
2022-10-17T10:00:00Z,4050.58,4058.61,4046.30,4056.17,64669926
2022-10-17T11:00:00Z,4056.17,4068.71,4055.83,4066.95,90832749
2022-10-17T12:00:00Z,4066.95,4070.50,4064.61,4070.03,61341805
2022-10-17T13:00:00Z,4070.03,4073.85,4069.42,4073.68,62704399
2022-10-17T14:00:00Z,4073.68,4078.13,4061.02,4063.80,81863004
2022-10-17T15:00:00Z,4063.80,4065.18,4052.74,4054.05,69947008
2022-10-17T16:00:00Z,4054.05,4062.46,4051.01,4061.56,75130411
2022-10-17T17:00:00Z,4061.56,4068.39,4057.10,4065.63,58233905
2022-10-17T18:00:00Z,4065.63,4067.47,4054.36,4058.31,74707180
2022-10-17T19:00:00Z,4058.31,4060.80,4055.91,4057.11,64350946
2022-10-17T20:00:00Z,4057.11,4061.69,4050.90,4053.99,70196128
2022-10-17T21:00:00Z,4053.99,4054.65,4047.92,4050.37,72907593
2022-10-17T22:00:00Z,4050.37,4057.97,4047.34,4057.57,75327886
2022-10-17T23:00:00Z,4057.57,4060.82,4052.95,4054.33,73183288
2022-10-18T00:00:00Z,4054.33,4058.58,4048.56,4051.86,61017642
2022-10-18T01:00:00Z,4051.86,4054.50,4035.95,4039.84,88844912
2022-10-18T02:00:00Z,4039.84,4041.56,4031.72,4036.31,70891859
2022-10-18T03:00:00Z,4036.31,4039.39,4024.76,4028.95,80059810
2022-10-18T04:00:00Z,4028.95,4046.36,4024.68,4043.52,86700882
2022-10-18T05:00:00Z,4043.52,4047.90,4038.03,4042.78,65492724
2022-10-18T06:00:00Z,4042.78,4052.88,4038.40,4050.14,82577217
2022-10-18T07:00:00Z,4050.14,4055.37,4045.69,4050.82,53745636
2022-10-18T08:00:00Z,4050.82,4054.51,4041.52,4043.60,78073322
2022-10-18T09:00:00Z,4043.60,4046.28,4035.06,4039.32,64844236
2022-10-18T10:00:00Z,4039.32,4045.53,4036.84,4043.29,62049678
2022-10-18T11:00:00Z,4043.29,4055.75,4040.81,4051.81,75167386
2022-10-18T12:00:00Z,4051.81,4055.01,4041.40,4042.01,79944805
2022-10-18T13:00:00Z,4042.01,4043.83,4036.83,4040.39,62532258
2022-10-18T14:00:00Z,4040.39,4046.67,4038.91,4042.70,60414146
2022-10-18T15:00:00Z,4042.70,4046.02,4035.91,4039.47,66669272
2022-10-18T16:00:00Z,4039.47,4042.78,4036.48,4036.69,71101936
2022-10-18T17:00:00Z,4036.69,4044.39,4033.31,4043.43,68489900
2022-10-18T18:00:00Z,4043.43,4061.72,4043.05,4057.58,94211292
2022-10-18T19:00:00Z,4057.58,4062.10,4054.05,4057.59,64236068
2022-10-18T20:00:00Z,4057.59,4063.43,4057.22,4062.37,72074751
2022-10-18T21:00:00Z,4062.37,4066.37,4059.61,4065.33,56393380
2022-10-18T22:00:00Z,4065.33,4067.81,4059.20,4062.17,69090957
2022-10-18T23:00:00Z,4062.17,4065.02,4056.39,4058.34,64967649
2022-10-19T00:00:00Z,4058.34,4067.84,4056.57,4063.10,78608847
2022-10-19T01:00:00Z,4063.10,4071.57,4058.40,4070.91,76554996
2022-10-19T02:00:00Z,4070.91,4073.19,4065.07,4065.42,71512955
2022-10-19T03:00:00Z,4065.42,4069.62,4060.88,4066.78,57312591
2022-10-19T04:00:00Z,4066.78,4071.59,4066.29,4070.53,58470051
2022-10-19T05:00:00Z,4070.53,4074.60,4067.33,4069.46,71394139
2022-10-19T06:00:00Z,4069.46,4070.93,4067.47,4070.88,61847693
2022-10-19T07:00:00Z,4070.88,4074.55,4069.97,4073.14,59045088
2022-10-19T08:00:00Z,4073.14,4079.64,4069.75,4077.03,74030188
2022-10-19T09:00:00Z,4077.03,4081.63,4076.65,4077.67,68391160
2022-10-19T10:00:00Z,4077.67,4081.74,4075.61,4081.21,68682186
2022-10-19T11:00:00Z,4081.21,4094.53,4076.47,4091.04,84667598
2022-10-19T12:00:00Z,4091.04,4095.66,4088.90,4093.20,71286116
2022-10-19T13:00:00Z,4093.20,4093.27,4088.55,4092.69,64301226
2022-10-19T14:00:00Z,4092.69,4098.29,4091.70,4096.50,68706941
2022-10-19T15:00:00Z,4096.50,4102.57,4096.49,4098.60,59249144
2022-10-19T16:00:00Z,4098.60,4100.44,4088.03,4092.85,67571722
2022-10-19T17:00:00Z,4092.85,4097.10,4087.13,4091.19,65026430
2022-10-19T18:00:00Z,4091.19,4091.20,4090.08,4090.17,53356526
2022-10-19T19:00:00Z,4090.17,4094.76,4085.99,4089.98,66502364
2022-10-19T20:00:00Z,4089.98,4099.02,4086.32,4097.44,84148998
2022-10-19T21:00:00Z,4097.44,4102.15,4092.10,4092.81,76848316
2022-10-19T22:00:00Z,4092.81,4100.51,4091.08,4099.04,63917686
2022-10-19T23:00:00Z,4099.04,4103.85,4095.22,4102.20,70000685
2022-10-20T00:00:00Z,4102.20,4112.02,4101.82,4109.35,71170719
2022-10-20T01:00:00Z,4109.35,4110.66,4099.89,4102.52,69696929
2022-10-20T02:00:00Z,4102.52,4107.66,4101.25,4103.06,63405187
2022-10-20T03:00:00Z,4103.06,4105.40,4100.91,4101.35,62005715
2022-10-20T04:00:00Z,4101.35,4105.29,4089.97,4093.69,70356266
2022-10-20T05:00:00Z,4093.69,4094.22,4080.44,4083.03,77544816
2022-10-20T06:00:00Z,4083.03,4094.44,4079.50,4089.94,67116337
2022-10-20T07:00:00Z,4089.94,4092.03,4088.34,4090.17,70222733
2022-10-20T08:00:00Z,4090.17,4090.66,4089.05,4090.05,69811429
2022-10-20T09:00:00Z,4090.05,4094.16,4083.28,4087.49,57483762
2022-10-20T10:00:00Z,4087.49,4103.67,4086.26,4100.77,84416411
2022-10-20T11:00:00Z,4100.77,4107.40,4098.57,4103.04,67550045
2022-10-20T12:00:00Z,4103.04,4114.56,4100.58,4112.25,81786819
2022-10-20T13:00:00Z,4112.25,4120.30,4110.94,4117.14,72663775
2022-10-20T14:00:00Z,4117.14,4126.65,4116.64,4122.45,79922377
2022-10-20T15:00:00Z,4122.45,4137.94,4121.78,4134.24,85229477
2022-10-20T16:00:00Z,4134.24,4136.44,4128.41,4130.77,65453748
2022-10-20T17:00:00Z,4130.77,4142.13,4129.75,4141.08,83709617
2022-10-20T18:00:00Z,4141.08,4143.18,4126.75,4127.93,81898387
2022-10-20T19:00:00Z,4127.93,4130.73,4123.77,4127.58,55362922
2022-10-20T20:00:00Z,4127.58,4131.76,4126.74,4128.67,71959125
2022-10-20T21:00:00Z,4128.67,4144.52,4126.32,4140.25,76131244
2022-10-20T22:00:00Z,4140.25,4143.80,4138.18,4142.01,72516113
2022-10-20T23:00:00Z,4142.01,4145.09,4139.11,4139.44,65054920
2022-10-21T00:00:00Z,4139.44,4142.90,4137.68,4141.49,70279971
2022-10-21T01:00:00Z,4141.49,4145.81,4120.19,4122.64,87935474
2022-10-21T02:00:00Z,4122.64,4127.36,4118.01,4121.75,59081654
2022-10-21T03:00:00Z,4121.75,4124.43,4111.78,4112.36,79486387
2022-10-21T04:00:00Z,4112.36,4127.16,4107.75,4123.53,88181372
2022-10-21T05:00:00Z,4123.53,4131.11,4122.44,4127.82,69657174
2022-10-21T06:00:00Z,4127.82,4132.44,4126.97,4130.62,65384989
2022-10-21T07:00:00Z,4130.62,4135.43,4129.02,4132.64,61184959
2022-10-21T08:00:00Z,4132.64,4133.43,4130.15,4132.73,58435234
2022-10-21T09:00:00Z,4132.73,4137.27,4121.76,4123.80,81611044
2022-10-21T10:00:00Z,4123.80,4132.12,4123.57,4129.01,69770777
2022-10-21T11:00:00Z,4129.01,4132.14,4123.42,4126.24,62444410
2022-10-21T12:00:00Z,4126.24,4128.50,4121.18,4125.16,57675727
2022-10-21T13:00:00Z,4125.16,4138.63,4124.06,4135.68,76086255
2022-10-21T14:00:00Z,4135.68,4139.58,4130.21,4133.48,67868347
2022-10-21T15:00:00Z,4133.48,4133.78,4125.55,4128.80,65672069
2022-10-21T16:00:00Z,4128.80,4134.51,4125.61,4129.89,53848295
2022-10-21T17:00:00Z,4129.89,4129.90,4122.82,4123.75,64881032
2022-10-21T18:00:00Z,4123.75,4128.91,4119.38,4125.82,56554632
2022-10-21T19:00:00Z,4125.82,4127.71,4121.88,4124.10,68704414
2022-10-21T20:00:00Z,4124.10,4127.98,4122.37,4123.51,53401081
2022-10-21T21:00:00Z,4123.51,4127.99,4120.03,4120.52,58706421
2022-10-21T22:00:00Z,4120.52,4121.67,4110.91,4115.01,72890077
2022-10-21T23:00:00Z,4115.01,4118.38,4108.51,4110.67,64060484
2022-10-22T00:00:00Z,4110.67,4112.59,4099.99,4101.98,86118954
2022-10-22T01:00:00Z,4101.98,4104.45,4098.69,4104.23,59912213
2022-10-22T02:00:00Z,4104.23,4106.11,4093.47,4098.33,65858512
2022-10-22T03:00:00Z,4098.33,4106.83,4097.46,4103.94,63011173
2022-10-22T04:00:00Z,4103.94,4106.55,4095.09,4095.79,73203286
2022-10-22T05:00:00Z,4095.79,4097.43,4093.48,4096.35,56809589
2022-10-22T06:00:00Z,4096.35,4099.49,4090.34,4091.77,72979446
2022-10-22T07:00:00Z,4091.77,4095.66,4086.00,4087.27,72786327
2022-10-22T08:00:00Z,4087.27,4090.58,4085.80,4086.58,71275908
2022-10-22T09:00:00Z,4086.58,4090.60,4080.80,4084.41,61781494
2022-10-22T10:00:00Z,4084.41,4085.08,4079.18,4083.28,62941950
2022-10-22T11:00:00Z,4083.28,4086.17,4075.82,4076.43,80707438
2022-10-22T12:00:00Z,4076.43,4078.16,4065.50,4065.61,73278880
2022-10-22T13:00:00Z,4065.61,4067.65,4058.94,4063.44,58936540
2022-10-22T14:00:00Z,4063.44,4063.88,4061.90,4063.76,56363112
2022-10-22T15:00:00Z,4063.76,4066.47,4058.99,4061.35,63315721
2022-10-22T16:00:00Z,4061.35,4064.83,4060.28,4064.42,60344828
2022-10-22T17:00:00Z,4064.42,4068.59,4057.46,4061.45,62939690
2022-10-22T18:00:00Z,4061.45,4062.23,4052.63,4056.67,74367971
2022-10-22T19:00:00Z,4056.67,4057.25,4053.71,4054.65,61863373
2022-10-22T20:00:00Z,4054.65,4063.09,4050.12,4061.57,71450913
2022-10-22T21:00:00Z,4061.57,4065.94,4051.39,4054.46,65451822
2022-10-22T22:00:00Z,4054.46,4058.58,4046.38,4050.42,63654034
2022-10-22T23:00:00Z,4050.42,4067.02,4049.60,4065.42,94175307
2022-10-23T00:00:00Z,4065.42,4068.84,4062.76,4064.43,68626052
2022-10-23T01:00:00Z,4064.43,4080.62,4061.90,4080.01,89565377
2022-10-23T02:00:00Z,4080.01,4084.13,4076.68,4080.28,61105416
2022-10-23T03:00:00Z,4080.28,4082.20,4078.67,4078.70,54780504
2022-10-23T04:00:00Z,4078.70,4081.32,4077.79,4080.57,69962746
2022-10-23T05:00:00Z,4080.57,4082.99,4074.75,4077.71,65174752
2022-10-23T06:00:00Z,4077.71,4078.74,4070.28,4071.97,63248976
2022-10-23T07:00:00Z,4071.97,4076.49,4069.74,4075.00,74373801
2022-10-23T08:00:00Z,4075.00,4078.87,4065.97,4070.56,64766147
2022-10-23T09:00:00Z,4070.56,4078.58,4070.29,4075.02,62777161
2022-10-23T10:00:00Z,4075.02,4077.41,4071.60,4075.25,53244338
2022-10-23T11:00:00Z,4075.25,4081.99,4072.12,4078.50,62097559
2022-10-23T12:00:00Z,4078.50,4078.97,4071.99,4076.81,63766838
2022-10-23T13:00:00Z,4076.81,4078.36,4070.76,4074.66,71305256
2022-10-23T14:00:00Z,4074.66,4080.17,4071.60,4078.89,71059064
2022-10-23T15:00:00Z,4078.89,4081.33,4075.41,4080.59,71047997
2022-10-23T16:00:00Z,4080.59,4085.25,4078.22,4078.73,55337913
2022-10-23T17:00:00Z,4078.73,4083.66,4077.19,4079.80,52731741
2022-10-23T18:00:00Z,4079.80,4087.72,4079.53,4084.25,75063098
2022-10-23T19:00:00Z,4084.25,4089.41,4082.78,4086.24,65742799
2022-10-23T20:00:00Z,4086.24,4089.78,4084.30,4088.25,66670641
2022-10-23T21:00:00Z,4088.25,4093.88,4085.14,4089.15,62903714
2022-10-23T22:00:00Z,4089.15,4091.85,4088.95,4090.15,68689862
2022-10-23T23:00:00Z,4090.15,4094.69,4076.24,4076.25,86203839
2022-10-24T00:00:00Z,4076.25,4078.94,4072.82,4074.71,65399905
2022-10-24T01:00:00Z,4074.71,4078.54,4064.02,4068.69,77080310
2022-10-24T02:00:00Z,4068.69,4080.34,4065.76,4076.30,83529649
2022-10-24T03:00:00Z,4076.30,4080.43,4072.82,4076.73,58436165
2022-10-24T04:00:00Z,4076.73,4077.45,4074.28,4075.28,60727064
2022-10-24T05:00:00Z,4075.28,4077.46,4068.65,4070.42,70755791
2022-10-24T06:00:00Z,4070.42,4072.25,4060.57,4063.16,68051464
2022-10-24T07:00:00Z,4063.16,4064.21,4057.46,4060.16,61577140
2022-10-24T08:00:00Z,4060.16,4067.83,4057.46,4063.81,67415011
2022-10-24T09:00:00Z,4063.81,4068.47,4061.39,4068.20,73473858
2022-10-24T10:00:00Z,4068.20,4084.33,4064.55,4079.88,75422741
2022-10-24T11:00:00Z,4079.88,4084.75,4078.00,4081.99,64396928
2022-10-24T12:00:00Z,4081.99,4083.76,4078.31,4081.02,65372214
2022-10-24T13:00:00Z,4081.02,4086.87,4079.52,4085.67,67225568
2022-10-24T14:00:00Z,4085.67,4088.76,4078.01,4082.79,70403941
2022-10-24T15:00:00Z,4082.79,4085.64,4071.92,4076.16,69788645
2022-10-24T16:00:00Z,4076.16,4080.10,4065.40,4069.01,65916011
2022-10-24T17:00:00Z,4069.01,4072.73,4057.33,4059.69,73792787
2022-10-24T18:00:00Z,4059.69,4062.99,4049.07,4052.63,69238084
2022-10-24T19:00:00Z,4052.63,4054.82,4046.88,4049.75,66016532
2022-10-24T20:00:00Z,4049.75,4058.58,4046.48,4054.16,64726389
2022-10-24T21:00:00Z,4054.16,4055.70,4052.70,4053.46,54220249
2022-10-24T22:00:00Z,4053.46,4053.55,4050.81,4051.41,60926136
2022-10-24T23:00:00Z,4051.41,4063.97,4050.16,4062.32,73756602
2022-10-25T00:00:00Z,4062.32,4062.75,4060.34,4060.56,65286825
2022-10-25T01:00:00Z,4060.56,4066.69,4059.86,4064.42,71773162
2022-10-25T02:00:00Z,4064.42,4068.30,4059.23,4061.60,67772862
2022-10-25T03:00:00Z,4061.60,4068.88,4060.75,4064.34,67769282
2022-10-25T04:00:00Z,4064.34,4065.81,4056.07,4059.10,75743632
2022-10-25T05:00:00Z,4059.10,4060.36,4048.57,4049.81,85941719
2022-10-25T06:00:00Z,4049.81,4051.47,4036.44,4038.87,79578998
2022-10-25T07:00:00Z,4038.87,4042.52,4038.14,4041.93,75216622
2022-10-25T08:00:00Z,4041.93,4046.06,4031.22,4034.80,81417977
2022-10-25T09:00:00Z,4034.80,4038.83,4033.70,4036.18,63433577
2022-10-25T10:00:00Z,4036.18,4039.43,4030.61,4030.74,74408120
2022-10-25T11:00:00Z,4030.74,4030.74,4023.92,4028.48,63117169
2022-10-25T12:00:00Z,4028.48,4030.80,4023.17,4024.95,75064418
2022-10-25T13:00:00Z,4024.95,4028.22,4021.10,4027.21,61227987
2022-10-25T14:00:00Z,4027.21,4028.13,4022.90,4025.53,62718561
2022-10-25T15:00:00Z,4025.53,4030.06,4021.82,4024.39,57730415
2022-10-25T16:00:00Z,4024.39,4025.67,4017.41,4022.11,71742296
2022-10-25T17:00:00Z,4022.11,4026.75,4013.85,4017.34,70815878
2022-10-25T18:00:00Z,4017.34,4018.96,4012.75,4016.30,61700508
2022-10-25T19:00:00Z,4016.30,4019.90,4014.19,4016.60,51743669
2022-10-25T20:00:00Z,4016.60,4027.36,4015.89,4024.12,81825770
2022-10-25T21:00:00Z,4024.12,4027.09,4016.83,4020.87,60342623
2022-10-25T22:00:00Z,4020.87,4021.62,4017.89,4018.49,69242749
2022-10-25T23:00:00Z,4018.49,4018.51,4015.06,4018.42,67676025
2022-10-26T00:00:00Z,4018.42,4035.98,4013.75,4034.56,92782168
2022-10-26T01:00:00Z,4034.56,4044.66,4031.72,4040.20,71652598
2022-10-26T02:00:00Z,4040.20,4040.20,4035.65,4039.53,66470289
2022-10-26T03:00:00Z,4039.53,4039.71,4037.60,4038.67,63899359
2022-10-26T04:00:00Z,4038.67,4039.70,4034.05,4036.25,69643805
2022-10-26T05:00:00Z,4036.25,4039.71,4034.48,4034.57,64685127
2022-10-26T06:00:00Z,4034.57,4037.67,4030.08,4031.53,58270019
2022-10-26T07:00:00Z,4031.53,4035.67,4027.43,4029.34,62848202
2022-10-26T08:00:00Z,4029.34,4033.95,4028.46,4032.65,72821923
2022-10-26T09:00:00Z,4032.65,4036.56,4011.90,4014.79,98240771
2022-10-26T10:00:00Z,4014.79,4019.36,4010.79,4015.37,68853257
2022-10-26T11:00:00Z,4015.37,4015.74,4010.00,4013.27,64278991
2022-10-26T12:00:00Z,4013.27,4022.66,4012.95,4018.15,64472966
2022-10-26T13:00:00Z,4018.15,4023.44,4016.28,4019.40,60600541
2022-10-26T14:00:00Z,4019.40,4024.55,4018.58,4021.46,65500752
2022-10-26T15:00:00Z,4021.46,4023.85,4016.07,4019.66,71843254
2022-10-26T16:00:00Z,4019.66,4020.60,4010.96,4015.70,75089881
2022-10-26T17:00:00Z,4015.70,4023.82,4012.67,4019.97,64520521
2022-10-26T18:00:00Z,4019.97,4027.51,4015.39,4023.59,62934150
2022-10-26T19:00:00Z,4023.59,4028.11,4016.57,4021.19,60398158
2022-10-26T20:00:00Z,4021.19,4030.73,4018.88,4026.24,63953395
2022-10-26T21:00:00Z,4026.24,4030.98,4019.37,4022.82,63477997
2022-10-26T22:00:00Z,4022.82,4031.98,4022.12,4028.18,65841849
2022-10-26T23:00:00Z,4028.18,4037.91,4027.38,4033.94,76746185
2022-10-27T00:00:00Z,4033.94,4041.48,4030.70,4039.34,72362836
2022-10-27T01:00:00Z,4039.34,4040.88,4034.77,4039.68,64173444
2022-10-27T02:00:00Z,4039.68,4039.80,4029.36,4033.35,72891058
2022-10-27T03:00:00Z,4033.35,4034.38,4029.56,4032.04,63028980
2022-10-27T04:00:00Z,4032.04,4039.08,4029.79,4034.99,63008971
2022-10-27T05:00:00Z,4034.99,4035.51,4032.60,4034.36,63754280
2022-10-27T06:00:00Z,4034.36,4034.43,4023.72,4026.77,76815888
2022-10-27T07:00:00Z,4026.77,4028.91,4025.88,4028.82,70909760
2022-10-27T08:00:00Z,4028.82,4041.98,4027.77,4037.31,71684903
2022-10-27T09:00:00Z,4037.31,4038.86,4029.65,4030.89,80816451
2022-10-27T10:00:00Z,4030.89,4040.13,4026.14,4039.46,78277922
2022-10-27T11:00:00Z,4039.46,4048.15,4036.42,4045.36,80782330
2022-10-27T12:00:00Z,4045.36,4047.41,4040.52,4044.05,54072378
2022-10-27T13:00:00Z,4044.05,4045.04,4041.27,4042.69,69283127
2022-10-27T14:00:00Z,4042.69,4054.31,4040.50,4053.99,72726981
2022-10-27T15:00:00Z,4053.99,4069.76,4049.74,4067.20,92965893
2022-10-27T16:00:00Z,4067.20,4071.05,4059.19,4061.64,75404409
2022-10-27T17:00:00Z,4061.64,4065.76,4054.86,4059.37,62651868
2022-10-27T18:00:00Z,4059.37,4068.01,4056.23,4067.02,68192365
2022-10-27T19:00:00Z,4067.02,4068.70,4061.93,4062.93,75251390
2022-10-27T20:00:00Z,4062.93,4074.84,4061.75,4071.20,75461126
2022-10-27T21:00:00Z,4071.20,4077.78,4069.50,4074.34,61199494
2022-10-27T22:00:00Z,4074.34,4075.85,4064.70,4066.42,69719310
2022-10-27T23:00:00Z,4066.42,4069.70,4064.34,4065.19,52646612
2022-10-28T00:00:00Z,4065.19,4069.44,4062.17,4063.38,72700029
2022-10-28T01:00:00Z,4063.38,4074.00,4061.18,4070.67,66506531
2022-10-28T02:00:00Z,4070.67,4071.75,4066.52,4067.41,65907153
2022-10-28T03:00:00Z,4067.41,4070.86,4064.49,4064.66,60458438
2022-10-28T04:00:00Z,4064.66,4076.38,4061.16,4073.19,86346866
2022-10-28T05:00:00Z,4073.19,4076.23,4065.81,4067.43,65145301
2022-10-28T06:00:00Z,4067.43,4068.73,4058.34,4058.46,69266927
2022-10-28T07:00:00Z,4058.46,4072.34,4057.35,4070.63,76957215
2022-10-28T08:00:00Z,4070.63,4072.00,4062.34,4066.06,67182594
2022-10-28T09:00:00Z,4066.06,4067.25,4048.89,4051.90,92321773
2022-10-28T10:00:00Z,4051.90,4054.07,4038.58,4041.61,72456086
2022-10-28T11:00:00Z,4041.61,4050.87,4040.74,4048.66,78485204
2022-10-28T12:00:00Z,4048.66,4051.46,4044.68,4047.11,65777864
2022-10-28T13:00:00Z,4047.11,4048.62,4045.25,4045.33,71734512
2022-10-28T14:00:00Z,4045.33,4056.22,4041.01,4053.04,78694006
2022-10-28T15:00:00Z,4053.04,4058.65,4051.14,4054.49,61718902
2022-10-28T16:00:00Z,4054.49,4060.93,4053.79,4060.20,80293195
2022-10-28T17:00:00Z,4060.20,4061.94,4057.29,4061.20,63723646
2022-10-28T18:00:00Z,4061.20,4064.46,4059.19,4062.56,59350406
2022-10-28T19:00:00Z,4062.56,4067.25,4058.15,4061.42,53769206
2022-10-28T20:00:00Z,4061.42,4062.69,4053.87,4056.95,69620327
2022-10-28T21:00:00Z,4056.95,4061.59,4053.65,4056.44,70122382
2022-10-28T22:00:00Z,4056.44,4057.62,4052.68,4054.91,72564333
2022-10-28T23:00:00Z,4054.91,4063.66,4050.66,4063.62,68706394
2022-10-29T00:00:00Z,4063.62,4067.67,4057.10,4057.14,65775526
2022-10-29T01:00:00Z,4057.14,4061.90,4037.36,4037.78,92661570
2022-10-29T02:00:00Z,4037.78,4052.04,4035.92,4050.43,82649892
2022-10-29T03:00:00Z,4050.43,4054.58,4050.06,4053.53,74319976
2022-10-29T04:00:00Z,4053.53,4057.91,4039.52,4039.94,88334003
2022-10-29T05:00:00Z,4039.94,4043.11,4035.84,4037.09,72839684
2022-10-29T06:00:00Z,4037.09,4039.13,4028.79,4032.10,63242411
2022-10-29T07:00:00Z,4032.10,4035.43,4028.35,4028.44,58522930
2022-10-29T08:00:00Z,4028.44,4038.44,4028.10,4034.80,75818602
2022-10-29T09:00:00Z,4034.80,4039.91,4033.78,4036.52,62410893
2022-10-29T10:00:00Z,4036.52,4037.77,4027.72,4028.63,83744871
2022-10-29T11:00:00Z,4028.63,4044.56,4024.08,4043.34,92737290
2022-10-29T12:00:00Z,4043.34,4044.16,4032.54,4035.94,72761586
2022-10-29T13:00:00Z,4035.94,4037.79,4033.78,4037.28,68881431
2022-10-29T14:00:00Z,4037.28,4040.53,4031.33,4035.26,73137292
2022-10-29T15:00:00Z,4035.26,4036.93,4027.52,4031.05,73328433
2022-10-29T16:00:00Z,4031.05,4038.66,4026.26,4036.45,60766347
2022-10-29T17:00:00Z,4036.45,4046.69,4033.46,4046.60,87538619
2022-10-29T18:00:00Z,4046.60,4049.19,4042.22,4046.57,64847503
2022-10-29T19:00:00Z,4046.57,4049.99,4044.97,4046.80,65703738
2022-10-29T20:00:00Z,4046.80,4049.91,4038.28,4041.97,75020738
2022-10-29T21:00:00Z,4041.97,4044.43,4025.66,4027.73,82875287
2022-10-29T22:00:00Z,4027.73,4029.86,4019.41,4024.08,59046111
2022-10-29T23:00:00Z,4024.08,4026.15,4020.45,4021.87,59210803
2022-10-30T00:00:00Z,4021.87,4022.55,4011.99,4013.12,78333610
2022-10-30T01:00:00Z,4013.12,4020.57,4009.87,4019.93,70104651
2022-10-30T02:00:00Z,4019.93,4033.70,4016.94,4032.17,76096625
2022-10-30T03:00:00Z,4032.17,4033.87,4025.88,4030.25,54863563
2022-10-30T04:00:00Z,4030.25,4032.37,4022.93,4026.45,75683105
2022-10-30T05:00:00Z,4026.45,4027.62,4023.33,4027.53,52346833
2022-10-30T06:00:00Z,4027.53,4044.47,4025.80,4040.02,76066233
2022-10-30T07:00:00Z,4040.02,4051.04,4035.94,4049.76,76329051
2022-10-30T08:00:00Z,4049.76,4052.72,4046.11,4052.67,59541871
2022-10-30T09:00:00Z,4052.67,4054.11,4048.40,4052.54,56166138
2022-10-30T10:00:00Z,4052.54,4060.25,4051.25,4055.72,61599214
2022-10-30T11:00:00Z,4055.72,4060.13,4054.52,4054.64,62338768
2022-10-30T12:00:00Z,4054.64,4059.30,4050.50,4053.54,52420940
2022-10-30T13:00:00Z,4053.54,4055.88,4049.18,4054.11,68675415
2022-10-30T14:00:00Z,4054.11,4068.79,4051.52,4064.75,74949842
2022-10-30T15:00:00Z,4064.75,4066.23,4053.53,4057.59,67427522
2022-10-30T16:00:00Z,4057.59,4062.57,4053.30,4060.18,58078312
2022-10-30T17:00:00Z,4060.18,4062.19,4058.60,4059.93,54277300
2022-10-30T18:00:00Z,4059.93,4061.46,4051.41,4054.78,65961859
2022-10-30T19:00:00Z,4054.78,4058.58,4050.64,4057.42,75101423
2022-10-30T20:00:00Z,4057.42,4065.78,4055.76,4063.69,69217472
2022-10-30T21:00:00Z,4063.69,4064.11,4057.25,4058.69,72306495
2022-10-30T22:00:00Z,4058.69,4066.12,4056.19,4064.72,62577642
2022-10-30T23:00:00Z,4064.72,4066.16,4046.46,4050.95,87060817
2022-10-31T00:00:00Z,4050.95,4058.20,4049.48,4053.60,71855093
2022-10-31T01:00:00Z,4053.60,4057.02,4047.62,4049.82,65064962
2022-10-31T02:00:00Z,4049.82,4051.99,4045.86,4051.23,64321351
2022-10-31T03:00:00Z,4051.23,4053.17,4047.79,4052.18,64650779
2022-10-31T04:00:00Z,4052.18,4060.96,4051.96,4056.47,74083962
2022-10-31T05:00:00Z,4056.47,4057.33,4050.72,4052.25,63256598
2022-10-31T06:00:00Z,4052.25,4055.79,4049.11,4052.85,66595592
2022-10-31T07:00:00Z,4052.85,4054.60,4048.03,4050.72,59717620
2022-10-31T08:00:00Z,4050.72,4055.48,4046.62,4048.29,56143725
2022-10-31T09:00:00Z,4048.29,4051.61,4040.37,4041.69,68786057
2022-10-31T10:00:00Z,4041.69,4043.60,4033.29,4036.76,66159764
2022-10-31T11:00:00Z,4036.76,4038.58,4030.67,4032.78,76819075
2022-10-31T12:00:00Z,4032.78,4039.65,4030.16,4036.22,61816644
2022-10-31T13:00:00Z,4036.22,4040.37,4033.57,4035.57,61373115
2022-10-31T14:00:00Z,4035.57,4040.26,4031.75,4036.45,53455408
2022-10-31T15:00:00Z,4036.45,4046.76,4033.32,4043.43,75620523
2022-10-31T16:00:00Z,4043.43,4047.25,4040.85,4041.57,60623800
2022-10-31T17:00:00Z,4041.57,4052.06,4040.83,4050.99,71279934
2022-10-31T18:00:00Z,4050.99,4053.79,4050.09,4050.54,53983668
2022-10-31T19:00:00Z,4050.54,4055.23,4045.56,4048.57,68905211
2022-10-31T20:00:00Z,4048.57,4053.38,4044.30,4051.46,64425563
2022-10-31T21:00:00Z,4051.46,4058.18,4050.39,4053.58,71406018
2022-10-31T22:00:00Z,4053.58,4056.62,4039.74,4044.14,84191959
2022-10-31T23:00:00Z,4044.14,4048.70,4039.90,4048.17,62994467
2022-11-01T00:00:00Z,4048.17,4050.32,4045.35,4048.51,67679494
2022-11-01T01:00:00Z,4048.51,4058.25,4045.28,4053.56,74149353
2022-11-01T02:00:00Z,4053.56,4055.33,4042.31,4043.95,78087626
2022-11-01T03:00:00Z,4043.95,4054.09,4043.43,4049.51,73970493
2022-11-01T04:00:00Z,4049.51,4050.88,4045.64,4049.32,66365608
2022-11-01T05:00:00Z,4049.32,4062.57,4045.33,4058.30,80205787
2022-11-01T06:00:00Z,4058.30,4061.51,4047.76,4048.91,81632102
2022-11-01T07:00:00Z,4048.91,4053.27,4041.14,4044.79,67003237
2022-11-01T08:00:00Z,4044.79,4052.34,4042.29,4049.84,61093048
2022-11-01T09:00:00Z,4049.84,4052.91,4048.74,4049.43,52923516
2022-11-01T10:00:00Z,4049.43,4054.49,4049.21,4052.37,63216859
2022-11-01T11:00:00Z,4052.37,4065.43,4049.53,4062.18,86561573
2022-11-01T12:00:00Z,4062.18,4063.27,4053.04,4057.10,72995250
2022-11-01T13:00:00Z,4057.10,4058.97,4053.26,4056.82,62046238
2022-11-01T14:00:00Z,4056.82,4059.35,4038.70,4042.83,89669827
2022-11-01T15:00:00Z,4042.83,4046.51,4040.14,4046.06,60165665
2022-11-01T16:00:00Z,4046.06,4046.68,4042.67,4044.04,62490137
2022-11-01T17:00:00Z,4044.04,4049.72,4043.33,4048.40,67324443
2022-11-01T18:00:00Z,4048.40,4049.57,4039.37,4042.31,76547146
2022-11-01T19:00:00Z,4042.31,4042.66,4030.95,4033.46,76733515
2022-11-01T20:00:00Z,4033.46,4038.40,4030.98,4034.78,65597497
2022-11-01T21:00:00Z,4034.78,4036.45,4027.14,4027.54,72410317
2022-11-01T22:00:00Z,4027.54,4035.60,4023.70,4032.50,79850865
2022-11-01T23:00:00Z,4032.50,4033.12,4023.24,4027.83,63327091
2022-11-02T00:00:00Z,4027.83,4035.53,4023.65,4034.84,74363814
2022-11-02T01:00:00Z,4034.84,4035.05,4029.41,4030.06,76499573
2022-11-02T02:00:00Z,4030.06,4032.61,4013.44,4017.35,81055122
2022-11-02T03:00:00Z,4017.35,4020.05,4014.21,4015.94,65862116
2022-11-02T04:00:00Z,4015.94,4020.37,4015.34,4015.78,60131639
2022-11-02T05:00:00Z,4015.78,4017.15,4009.64,4014.40,60990195
2022-11-02T06:00:00Z,4014.40,4017.61,4011.27,4013.30,53648429
2022-11-02T07:00:00Z,4013.30,4017.72,4000.88,4004.20,84462345
2022-11-02T08:00:00Z,4004.20,4006.85,4000.41,4003.03,70826215
2022-11-02T09:00:00Z,4003.03,4011.33,4000.20,4008.80,71119332
2022-11-02T10:00:00Z,4008.80,4017.32,4005.41,4016.60,76537368
2022-11-02T11:00:00Z,4016.60,4019.44,4011.60,4011.80,69820547
2022-11-02T12:00:00Z,4011.80,4017.06,4009.05,4014.57,68876471
2022-11-02T13:00:00Z,4014.57,4023.04,4013.38,4020.47,71394798
2022-11-02T14:00:00Z,4020.47,4028.79,4017.87,4026.80,75540696
2022-11-02T15:00:00Z,4026.80,4030.02,4014.74,4017.99,76393223
2022-11-02T16:00:00Z,4017.99,4018.31,4009.40,4013.17,68762205
2022-11-02T17:00:00Z,4013.17,4014.20,4010.02,4011.42,55948501
2022-11-02T18:00:00Z,4011.42,4013.04,4001.73,4004.91,73489339
2022-11-02T19:00:00Z,4004.91,4009.62,4003.40,4003.86,67062189
2022-11-02T20:00:00Z,4003.86,4007.50,3996.57,3996.77,74152545
2022-11-02T21:00:00Z,3996.77,3999.68,3979.16,3983.04,87878953
2022-11-02T22:00:00Z,3983.04,3989.59,3980.75,3985.33,55135052
2022-11-02T23:00:00Z,3985.33,3993.64,3981.83,3989.26,61434499
2022-11-03T00:00:00Z,3989.26,3993.17,3984.25,3988.26,55069998
2022-11-03T01:00:00Z,3988.26,3991.25,3986.37,3988.30,54853691
2022-11-03T02:00:00Z,3988.30,4003.27,3985.16,4000.63,80841449
2022-11-03T03:00:00Z,4000.63,4004.10,3994.00,3996.09,72902483
2022-11-03T04:00:00Z,3996.09,3997.49,3976.63,3980.40,85756047
2022-11-03T05:00:00Z,3980.40,3981.60,3970.43,3971.93,79934723
2022-11-03T06:00:00Z,3971.93,3973.62,3962.44,3965.79,70542071
2022-11-03T07:00:00Z,3965.79,3969.62,3954.94,3957.23,85654862
2022-11-03T08:00:00Z,3957.23,3966.03,3953.51,3961.91,67546359
2022-11-03T09:00:00Z,3961.91,3966.04,3956.04,3959.52,66715912
2022-11-03T10:00:00Z,3959.52,3964.39,3956.15,3959.73,51304040
2022-11-03T11:00:00Z,3959.73,3961.80,3954.26,3954.57,60767472
2022-11-03T12:00:00Z,3954.57,3957.95,3941.43,3945.70,73480398
2022-11-03T13:00:00Z,3945.70,3947.86,3943.57,3946.81,67205570
2022-11-03T14:00:00Z,3946.81,3948.59,3939.98,3941.49,75510821
2022-11-03T15:00:00Z,3941.49,3943.19,3929.05,3929.68,80158108
2022-11-03T16:00:00Z,3929.68,3932.15,3920.57,3924.07,66337984
2022-11-03T17:00:00Z,3924.07,3931.84,3919.67,3928.15,65659435
2022-11-03T18:00:00Z,3928.15,3939.35,3925.98,3937.18,86989564
2022-11-03T19:00:00Z,3937.18,3941.79,3932.83,3940.20,60146785
2022-11-03T20:00:00Z,3940.20,3949.15,3937.10,3945.47,63171168
2022-11-03T21:00:00Z,3945.47,3952.55,3942.36,3949.91,66558972
2022-11-03T22:00:00Z,3949.91,3953.82,3941.76,3943.41,78830682
2022-11-03T23:00:00Z,3943.41,3947.11,3941.54,3945.88,69438663
2022-11-04T00:00:00Z,3945.88,3948.54,3942.69,3947.37,66520414
2022-11-04T01:00:00Z,3947.37,3948.24,3945.56,3946.82,60612316
2022-11-04T02:00:00Z,3946.82,3946.96,3941.46,3944.73,62701880
2022-11-04T03:00:00Z,3944.73,3950.74,3940.66,3947.83,64250285
2022-11-04T04:00:00Z,3947.83,3953.89,3944.12,3952.71,71125407
2022-11-04T05:00:00Z,3952.71,3955.58,3941.81,3945.75,65603976
2022-11-04T06:00:00Z,3945.75,3954.22,3945.70,3950.56,69759129
2022-11-04T07:00:00Z,3950.56,3953.23,3945.60,3949.02,61801748
2022-11-04T08:00:00Z,3949.02,3958.81,3945.12,3956.74,80448406
2022-11-04T09:00:00Z,3956.74,3961.44,3956.39,3959.28,63983457
2022-11-04T10:00:00Z,3959.28,3959.47,3955.03,3955.73,57861883
2022-11-04T11:00:00Z,3955.73,3966.60,3952.15,3965.08,78474690
2022-11-04T12:00:00Z,3965.08,3975.47,3961.66,3971.63,70095727
2022-11-04T13:00:00Z,3971.63,3971.78,3963.41,3966.85,61991653
2022-11-04T14:00:00Z,3966.85,3967.17,3959.98,3961.43,76575249
2022-11-04T15:00:00Z,3961.43,3963.61,3954.61,3957.56,64053304
2022-11-04T16:00:00Z,3957.56,3958.58,3950.57,3951.35,80026173
2022-11-04T17:00:00Z,3951.35,3955.48,3951.28,3953.21,58003740
2022-11-04T18:00:00Z,3953.21,3961.13,3949.23,3959.15,79181642
2022-11-04T19:00:00Z,3959.15,3966.57,3958.58,3964.36,62851970
2022-11-04T20:00:00Z,3964.36,3966.69,3957.29,3958.34,79261768
2022-11-04T21:00:00Z,3958.34,3972.01,3956.71,3970.79,80744914
2022-11-04T22:00:00Z,3970.79,3974.98,3955.08,3956.61,80277250
2022-11-04T23:00:00Z,3956.61,3964.23,3952.01,3960.86,70235949
2022-11-05T00:00:00Z,3960.86,3972.02,3958.93,3968.18,74916277
2022-11-05T01:00:00Z,3968.18,3969.71,3962.15,3966.05,59873957
2022-11-05T02:00:00Z,3966.05,3972.57,3963.58,3969.88,72086223
2022-11-05T03:00:00Z,3969.88,3971.49,3962.94,3967.53,63260037
2022-11-05T04:00:00Z,3967.53,3976.92,3964.48,3972.73,62272715
2022-11-05T05:00:00Z,3972.73,3979.81,3969.19,3979.31,68372383
2022-11-05T06:00:00Z,3979.31,3980.60,3975.94,3980.32,53712039
2022-11-05T07:00:00Z,3980.32,3981.43,3975.78,3977.13,62531214
2022-11-05T08:00:00Z,3977.13,3977.18,3971.77,3973.86,75082943
2022-11-05T09:00:00Z,3973.86,3974.90,3966.67,3970.97,73445479
2022-11-05T10:00:00Z,3970.97,3973.21,3966.03,3970.36,67754306
2022-11-05T11:00:00Z,3970.36,3971.01,3959.13,3962.50,70751995
2022-11-05T12:00:00Z,3962.50,3963.57,3958.50,3962.69,66198273
2022-11-05T13:00:00Z,3962.69,3976.61,3961.77,3973.59,82211963
2022-11-05T14:00:00Z,3973.59,3974.42,3964.28,3966.89,73832209
2022-11-05T15:00:00Z,3966.89,3970.32,3964.75,3969.04,67811358
2022-11-05T16:00:00Z,3969.04,3973.17,3966.25,3969.41,57773389
2022-11-05T17:00:00Z,3969.41,3975.19,3967.15,3974.10,61611856
2022-11-05T18:00:00Z,3974.10,3976.83,3970.95,3976.08,61560497
2022-11-05T19:00:00Z,3976.08,3979.33,3963.16,3967.23,87120142
2022-11-05T20:00:00Z,3967.23,3973.09,3966.33,3968.69,69051144
2022-11-05T21:00:00Z,3968.69,3969.99,3964.03,3966.02,56457860
2022-11-05T22:00:00Z,3966.02,3974.51,3962.46,3969.97,75456960
2022-11-05T23:00:00Z,3969.97,3971.96,3966.99,3971.18,54838592
2022-11-06T00:00:00Z,3971.18,3972.36,3962.99,3966.38,69431664
2022-11-06T01:00:00Z,3966.38,3968.48,3963.12,3964.69,68748451
2022-11-06T02:00:00Z,3964.69,3969.31,3964.42,3965.30,55318741
2022-11-06T03:00:00Z,3965.30,3965.88,3962.87,3965.01,66891464
2022-11-06T04:00:00Z,3965.01,3967.77,3955.88,3957.26,75139373
2022-11-06T05:00:00Z,3957.26,3963.83,3952.88,3959.58,58356098
2022-11-06T06:00:00Z,3959.58,3961.19,3959.28,3960.21,67914287
2022-11-06T07:00:00Z,3960.21,3960.66,3952.35,3955.03,77650366
2022-11-06T08:00:00Z,3955.03,3968.27,3955.01,3964.55,79667254
2022-11-06T09:00:00Z,3964.55,3968.81,3954.82,3955.84,85979605
2022-11-06T10:00:00Z,3955.84,3956.13,3951.92,3956.07,58912492
2022-11-06T11:00:00Z,3956.07,3964.82,3955.49,3963.54,79942263
2022-11-06T12:00:00Z,3963.54,3963.90,3957.17,3959.56,59633852
2022-11-06T13:00:00Z,3959.56,3964.09,3952.96,3955.66,65478821
2022-11-06T14:00:00Z,3955.66,3961.42,3952.97,3959.25,66111259
2022-11-06T15:00:00Z,3959.25,3963.70,3955.24,3961.52,58393933
2022-11-06T16:00:00Z,3961.52,3962.85,3947.93,3950.98,77819837
2022-11-06T17:00:00Z,3950.98,3953.96,3946.89,3952.12,54827351
2022-11-06T18:00:00Z,3952.12,3962.11,3949.54,3957.55,72526321
2022-11-06T19:00:00Z,3957.55,3960.56,3951.84,3954.56,60154791
2022-11-06T20:00:00Z,3954.56,3958.62,3949.82,3950.21,64909017
2022-11-06T21:00:00Z,3950.21,3957.90,3948.56,3955.04,65774659
2022-11-06T22:00:00Z,3955.04,3956.49,3946.53,3951.17,63544895
2022-11-06T23:00:00Z,3951.17,3953.70,3948.61,3949.81,55271869
2022-11-07T00:00:00Z,3949.81,3960.40,3948.82,3959.44,76171124
2022-11-07T01:00:00Z,3959.44,3963.93,3958.12,3962.70,63073676
2022-11-07T02:00:00Z,3962.70,3965.97,3958.61,3963.96,63636805
2022-11-07T03:00:00Z,3963.96,3967.24,3958.69,3959.77,76299676
2022-11-07T04:00:00Z,3959.77,3960.09,3945.97,3950.63,76598213
2022-11-07T05:00:00Z,3950.63,3959.78,3947.93,3957.14,78706744
2022-11-07T06:00:00Z,3957.14,3961.45,3955.48,3955.79,52856005
2022-11-07T07:00:00Z,3955.79,3959.95,3949.57,3953.50,64215381
2022-11-07T08:00:00Z,3953.50,3953.71,3944.76,3947.87,78901179
2022-11-07T09:00:00Z,3947.87,3959.87,3943.65,3956.99,79823170
2022-11-07T10:00:00Z,3956.99,3972.58,3954.95,3971.37,94323068
2022-11-07T11:00:00Z,3971.37,3972.73,3964.07,3965.15,65902065
2022-11-07T12:00:00Z,3965.15,3967.77,3952.39,3956.89,70491299
2022-11-07T13:00:00Z,3956.89,3958.02,3954.07,3957.74,64536220
2022-11-07T14:00:00Z,3957.74,3959.59,3954.69,3956.85,63118495
2022-11-07T15:00:00Z,3956.85,3974.17,3954.54,3969.62,80240458
2022-11-07T16:00:00Z,3969.62,3971.44,3960.97,3965.02,60742213
2022-11-07T17:00:00Z,3965.02,3968.03,3957.73,3960.95,69956771
2022-11-07T18:00:00Z,3960.95,3964.13,3955.62,3958.66,68050181
2022-11-07T19:00:00Z,3958.66,3963.11,3947.64,3950.89,77110986
2022-11-07T20:00:00Z,3950.89,3955.10,3942.65,3942.96,67162866
2022-11-07T21:00:00Z,3942.96,3948.22,3942.30,3945.55,62756056
2022-11-07T22:00:00Z,3945.55,3949.61,3944.94,3948.17,67832785
2022-11-07T23:00:00Z,3948.17,3949.65,3936.01,3939.10,83511065
2022-11-08T00:00:00Z,3939.10,3949.28,3938.84,3947.53,67432830
2022-11-08T01:00:00Z,3947.53,3951.95,3944.11,3946.33,62921026
2022-11-08T02:00:00Z,3946.33,3947.44,3937.82,3939.51,68348783
2022-11-08T03:00:00Z,3939.51,3941.22,3931.22,3931.43,81200632
2022-11-08T04:00:00Z,3931.43,3935.61,3925.54,3929.28,55534697
2022-11-08T05:00:00Z,3929.28,3935.39,3928.99,3933.16,58503905
2022-11-08T06:00:00Z,3933.16,3937.26,3930.21,3936.67,76118680
2022-11-08T07:00:00Z,3936.67,3939.32,3936.56,3937.98,70245500
2022-11-08T08:00:00Z,3937.98,3942.02,3932.35,3935.11,68123176
2022-11-08T09:00:00Z,3935.11,3938.85,3934.76,3935.14,51075275
2022-11-08T10:00:00Z,3935.14,3938.04,3932.42,3937.70,61719586
2022-11-08T11:00:00Z,3937.70,3941.83,3931.88,3933.77,72537611
2022-11-08T12:00:00Z,3933.77,3936.90,3929.30,3932.87,63915160
2022-11-08T13:00:00Z,3932.87,3938.15,3930.45,3936.26,70222453
2022-11-08T14:00:00Z,3936.26,3958.14,3935.01,3955.61,96873882
2022-11-08T15:00:00Z,3955.61,3968.08,3953.93,3963.37,76606291
2022-11-08T16:00:00Z,3963.37,3966.11,3961.36,3966.06,59231362
2022-11-08T17:00:00Z,3966.06,3968.25,3964.56,3965.75,57730543
2022-11-08T18:00:00Z,3965.75,3971.46,3961.97,3966.83,57102033
2022-11-08T19:00:00Z,3966.83,3973.33,3965.54,3972.37,70425331
2022-11-08T20:00:00Z,3972.37,3979.37,3971.95,3977.87,67395297
2022-11-08T21:00:00Z,3977.87,3981.94,3974.85,3980.59,61857137
2022-11-08T22:00:00Z,3980.59,3981.26,3974.88,3979.43,65497604
2022-11-08T23:00:00Z,3979.43,3984.99,3978.86,3980.26,55972898
2022-11-09T00:00:00Z,3980.26,3982.81,3975.08,3977.75,55046798
2022-11-09T01:00:00Z,3977.75,3984.26,3976.96,3980.50,65251715
2022-11-09T02:00:00Z,3980.50,3982.35,3971.55,3976.00,73286660
2022-11-09T03:00:00Z,3976.00,3979.03,3969.90,3974.18,60716488
2022-11-09T04:00:00Z,3974.18,3977.11,3967.36,3970.87,76134707
2022-11-09T05:00:00Z,3970.87,3981.67,3968.11,3980.80,74041618
2022-11-09T06:00:00Z,3980.80,3983.38,3980.24,3981.46,65307093
2022-11-09T07:00:00Z,3981.46,3999.46,3978.34,3998.27,96069277
2022-11-09T08:00:00Z,3998.27,4003.97,3993.53,4002.11,60022520
2022-11-09T09:00:00Z,4002.11,4006.50,3996.51,4000.75,67381040
2022-11-09T10:00:00Z,4000.75,4001.40,3993.86,3997.13,67943793
2022-11-09T11:00:00Z,3997.13,4001.75,3995.84,3997.29,54938956
2022-11-09T12:00:00Z,3997.29,3998.66,3990.99,3992.03,70566903
2022-11-09T13:00:00Z,3992.03,3997.81,3989.93,3996.88,66119527
2022-11-09T14:00:00Z,3996.88,4000.04,3996.05,3999.87,70390691
2022-11-09T15:00:00Z,3999.87,4003.03,3989.27,3993.41,70945716
2022-11-09T16:00:00Z,3993.41,4000.61,3993.01,4000.23,65180597
2022-11-09T17:00:00Z,4000.23,4004.85,3999.89,4000.14,66688032
2022-11-09T18:00:00Z,4000.14,4002.30,3994.59,3997.74,62881927
2022-11-09T19:00:00Z,3997.74,4002.13,3996.08,3999.69,73192906
2022-11-09T20:00:00Z,3999.69,4013.60,3998.90,4011.35,81974058
2022-11-09T21:00:00Z,4011.35,4015.74,4004.27,4009.03,64159131
2022-11-09T22:00:00Z,4009.03,4014.12,4004.47,4012.82,65705018
2022-11-09T23:00:00Z,4012.82,4014.39,4007.36,4008.06,75124521
2022-11-10T00:00:00Z,4008.06,4017.54,4006.24,4016.31,74380389
2022-11-10T01:00:00Z,4016.31,4016.92,4006.29,4008.68,77358678
2022-11-10T02:00:00Z,4008.68,4016.11,4005.01,4014.26,62817459
2022-11-10T03:00:00Z,4014.26,4018.13,3996.76,4001.20,83047289
2022-11-10T04:00:00Z,4001.20,4006.88,3999.83,4004.98,62082568
2022-11-10T05:00:00Z,4004.98,4007.74,4003.17,4003.57,65779272
2022-11-10T06:00:00Z,4003.57,4003.73,3999.91,4000.38,70417154
2022-11-10T07:00:00Z,4000.38,4004.43,3993.22,3994.85,63934750
2022-11-10T08:00:00Z,3994.85,3995.78,3987.16,3991.36,71833038
2022-11-10T09:00:00Z,3991.36,3992.60,3981.85,3985.42,75685702
2022-11-10T10:00:00Z,3985.42,3988.34,3983.46,3987.10,71622170
2022-11-10T11:00:00Z,3987.10,3989.05,3983.50,3984.63,65041079
2022-11-10T12:00:00Z,3984.63,3988.73,3980.76,3988.00,59173313
2022-11-10T13:00:00Z,3988.00,3991.02,3979.86,3980.27,69753617
2022-11-10T14:00:00Z,3980.27,3991.63,3978.69,3988.45,83061743
2022-11-10T15:00:00Z,3988.45,3993.88,3983.80,3991.77,75806225
2022-11-10T16:00:00Z,3991.77,3998.75,3989.43,3997.50,63291344
2022-11-10T17:00:00Z,3997.50,4002.28,3992.99,3997.54,69706033
2022-11-10T18:00:00Z,3997.54,4003.13,3997.50,3998.42,59501818
2022-11-10T19:00:00Z,3998.42,4010.81,3995.95,4007.70,77593776
2022-11-10T20:00:00Z,4007.70,4010.40,4003.57,4007.88,62520184
2022-11-10T21:00:00Z,4007.88,4012.78,4004.53,4008.40,65567898
2022-11-10T22:00:00Z,4008.40,4010.98,4004.53,4006.05,67355152
2022-11-10T23:00:00Z,4006.05,4012.32,4003.33,4010.81,66705093
2022-11-11T00:00:00Z,4010.81,4014.64,4002.02,4005.94,65845726
2022-11-11T01:00:00Z,4005.94,4010.61,4002.23,4005.08,61692524
2022-11-11T02:00:00Z,4005.08,4014.74,4004.60,4011.03,78390349
2022-11-11T03:00:00Z,4011.03,4011.17,4008.21,4008.26,65790177
2022-11-11T04:00:00Z,4008.26,4014.34,4007.91,4010.42,70391221
2022-11-11T05:00:00Z,4010.42,4019.67,4006.19,4014.94,61321351
2022-11-11T06:00:00Z,4014.94,4020.44,4012.89,4019.52,60757499
2022-11-11T07:00:00Z,4019.52,4022.84,4006.27,4010.75,83120462
2022-11-11T08:00:00Z,4010.75,4013.75,4009.12,4010.54,70161639
2022-11-11T09:00:00Z,4010.54,4018.51,4007.31,4015.45,65504072
2022-11-11T10:00:00Z,4015.45,4026.19,4014.27,4022.93,76359852
2022-11-11T11:00:00Z,4022.93,4027.14,4021.59,4021.70,58691249
2022-11-11T12:00:00Z,4021.70,4026.97,4018.51,4025.05,67583555
2022-11-11T13:00:00Z,4025.05,4025.74,4021.64,4022.02,65766302
2022-11-11T14:00:00Z,4022.02,4026.52,4014.37,4018.60,76085612
2022-11-11T15:00:00Z,4018.60,4034.34,4018.14,4030.03,74027526
2022-11-11T16:00:00Z,4030.03,4034.19,4026.81,4031.46,53087657
2022-11-11T17:00:00Z,4031.46,4044.48,4029.76,4040.84,84949823
2022-11-11T18:00:00Z,4040.84,4043.61,4039.00,4039.52,55015366
2022-11-11T19:00:00Z,4039.52,4047.64,4038.21,4045.39,75054055
2022-11-11T20:00:00Z,4045.39,4047.77,4034.97,4038.97,80899054
2022-11-11T21:00:00Z,4038.97,4040.86,4026.10,4028.53,82115371
2022-11-11T22:00:00Z,4028.53,4040.70,4027.13,4037.48,77766827
2022-11-11T23:00:00Z,4037.48,4040.61,4018.33,4021.60,84017919
2022-11-12T00:00:00Z,4021.60,4023.57,4018.50,4020.65,57112236
2022-11-12T01:00:00Z,4020.65,4025.43,4015.83,4016.76,63559458
2022-11-12T02:00:00Z,4016.76,4020.77,4013.51,4016.99,60374164
2022-11-12T03:00:00Z,4016.99,4018.26,4009.12,4012.48,76223046
2022-11-12T04:00:00Z,4012.48,4016.97,4011.52,4012.24,63301696
2022-11-12T05:00:00Z,4012.24,4017.95,4011.61,4017.48,70097002
2022-11-12T06:00:00Z,4017.48,4026.49,4012.73,4022.36,62186625
2022-11-12T07:00:00Z,4022.36,4027.29,4022.28,4023.30,65394217
2022-11-12T08:00:00Z,4023.30,4031.88,4020.41,4027.68,72193689
2022-11-12T09:00:00Z,4027.68,4028.87,4025.73,4027.72,68409732
2022-11-12T10:00:00Z,4027.72,4030.86,4025.51,4028.10,58465672
2022-11-12T11:00:00Z,4028.10,4043.71,4026.33,4040.06,93409879
2022-11-12T12:00:00Z,4040.06,4040.93,4039.21,4039.95,60362127
2022-11-12T13:00:00Z,4039.95,4053.18,4036.37,4049.50,82599866
2022-11-12T14:00:00Z,4049.50,4054.03,4045.95,4050.82,69347857
2022-11-12T15:00:00Z,4050.82,4057.15,4048.38,4053.76,75218467
2022-11-12T16:00:00Z,4053.76,4056.08,4049.29,4051.47,70641621
2022-11-12T17:00:00Z,4051.47,4055.55,4044.91,4045.68,70773095
2022-11-12T18:00:00Z,4045.68,4046.18,4039.50,4043.01,62089589
2022-11-12T19:00:00Z,4043.01,4046.85,4036.27,4037.31,67136705
2022-11-12T20:00:00Z,4037.31,4042.05,4028.47,4030.26,82586635
2022-11-12T21:00:00Z,4030.26,4037.99,4028.39,4037.19,69622409
2022-11-12T22:00:00Z,4037.19,4041.61,4034.54,4038.73,62146659
2022-11-12T23:00:00Z,4038.73,4041.84,4034.93,4041.35,55695785
2022-11-13T00:00:00Z,4041.35,4050.93,4039.43,4046.85,65441237
2022-11-13T01:00:00Z,4046.85,4047.65,4041.17,4044.43,54817644
2022-11-13T02:00:00Z,4044.43,4056.66,4042.07,4054.81,72795408
2022-11-13T03:00:00Z,4054.81,4059.01,4047.92,4051.46,67033439
2022-11-13T04:00:00Z,4051.46,4053.26,4042.24,4045.37,73708994
2022-11-13T05:00:00Z,4045.37,4046.34,4040.70,4046.29,58274664
2022-11-13T06:00:00Z,4046.29,4056.63,4043.10,4052.89,75333096
2022-11-13T07:00:00Z,4052.89,4057.66,4046.32,4047.54,74053274
2022-11-13T08:00:00Z,4047.54,4048.86,4043.23,4045.56,61925589
2022-11-13T09:00:00Z,4045.56,4046.92,4037.19,4040.70,73801650
2022-11-13T10:00:00Z,4040.70,4046.57,4038.49,4045.14,64647877
2022-11-13T11:00:00Z,4045.14,4045.83,4032.60,4036.06,69897698
2022-11-13T12:00:00Z,4036.06,4050.45,4033.37,4050.42,81850000
2022-11-13T13:00:00Z,4050.42,4061.81,4045.82,4057.55,65828710
2022-11-13T14:00:00Z,4057.55,4061.86,4051.96,4053.97,71066010
2022-11-13T15:00:00Z,4053.97,4055.83,4052.91,4054.72,59306124
2022-11-13T16:00:00Z,4054.72,4058.59,4048.96,4051.54,61340039
2022-11-13T17:00:00Z,4051.54,4066.52,4050.33,4064.21,84744779
2022-11-13T18:00:00Z,4064.21,4066.80,4062.16,4064.72,58005830
2022-11-13T19:00:00Z,4064.72,4072.00,4060.34,4070.57,63891218
2022-11-13T20:00:00Z,4070.57,4076.62,4069.88,4073.94,60923304
2022-11-13T21:00:00Z,4073.94,4073.95,4073.50,4073.90,68231113
2022-11-13T22:00:00Z,4073.90,4079.35,4072.96,4076.88,66625502
2022-11-13T23:00:00Z,4076.88,4079.08,4074.59,4076.03,55785237
2022-11-14T00:00:00Z,4076.03,4081.83,4075.34,4078.66,56077877
2022-11-14T01:00:00Z,4078.66,4080.29,4074.67,4076.04,70086060
2022-11-14T02:00:00Z,4076.04,4084.34,4073.41,4080.09,67493003
2022-11-14T03:00:00Z,4080.09,4082.84,4076.32,4082.27,69347457
2022-11-14T04:00:00Z,4082.27,4086.27,4067.20,4070.42,76759782
2022-11-14T05:00:00Z,4070.42,4073.55,4063.04,4063.43,66648829
2022-11-14T06:00:00Z,4063.43,4063.81,4053.21,4055.41,78797269
2022-11-14T07:00:00Z,4055.41,4061.21,4054.91,4060.72,72967461
2022-11-14T08:00:00Z,4060.72,4073.18,4056.67,4070.88,84607519
2022-11-14T09:00:00Z,4070.88,4082.46,4066.89,4077.81,69172722
2022-11-14T10:00:00Z,4077.81,4081.85,4073.44,4081.10,67989213
2022-11-14T11:00:00Z,4081.10,4082.32,4073.64,4077.77,62572404
2022-11-14T12:00:00Z,4077.77,4080.74,4073.39,4079.85,55099968
2022-11-14T13:00:00Z,4079.85,4083.43,4077.05,4081.63,58261020
2022-11-14T14:00:00Z,4081.63,4086.86,4077.03,4085.46,65375177
2022-11-14T15:00:00Z,4085.46,4087.79,4084.90,4086.04,56280741
2022-11-14T16:00:00Z,4086.04,4089.72,4083.99,4087.22,60908561
2022-11-14T17:00:00Z,4087.22,4092.44,4083.64,4088.62,55670150
2022-11-14T18:00:00Z,4088.62,4092.06,4076.49,4079.75,79896073
2022-11-14T19:00:00Z,4079.75,4086.13,4075.33,4082.31,66715738
2022-11-14T20:00:00Z,4082.31,4087.46,4077.91,4086.18,74443938
2022-11-14T21:00:00Z,4086.18,4089.38,4071.58,4073.64,89079545
2022-11-14T22:00:00Z,4073.64,4081.27,4072.65,4079.22,64214910
2022-11-14T23:00:00Z,4079.22,4081.88,4067.99,4072.14,77860876
2022-11-15T00:00:00Z,4072.14,4076.49,4070.79,4074.95,63373191
2022-11-15T01:00:00Z,4074.95,4090.33,4074.69,4087.80,83443121
2022-11-15T02:00:00Z,4087.80,4091.24,4079.17,4083.53,74323569
2022-11-15T03:00:00Z,4083.53,4086.80,4079.83,4082.91,58185079
2022-11-15T04:00:00Z,4082.91,4082.99,4078.23,4080.45,72049369
2022-11-15T05:00:00Z,4080.45,4087.65,4075.80,4087.17,72161710
2022-11-15T06:00:00Z,4087.17,4090.57,4082.64,4086.45,66898716
2022-11-15T07:00:00Z,4086.45,4086.55,4078.23,4081.49,78058173
2022-11-15T08:00:00Z,4081.49,4084.58,4075.41,4078.85,67110141
2022-11-15T09:00:00Z,4078.85,4081.76,4074.38,4078.23,57706124
2022-11-15T10:00:00Z,4078.23,4082.19,4072.02,4074.01,74103593
2022-11-15T11:00:00Z,4074.01,4084.92,4072.97,4082.76,72295656
2022-11-15T12:00:00Z,4082.76,4086.40,4079.04,4084.09,59164576
2022-11-15T13:00:00Z,4084.09,4086.13,4079.32,4080.94,61318950
2022-11-15T14:00:00Z,4080.94,4083.47,4076.92,4079.04,62669200
2022-11-15T15:00:00Z,4079.04,4079.96,4074.07,4078.24,55414257
2022-11-15T16:00:00Z,4078.24,4087.44,4077.99,4085.93,83578763
2022-11-15T17:00:00Z,4085.93,4086.26,4081.56,4084.16,58296417
2022-11-15T18:00:00Z,4084.16,4089.53,4084.16,4086.82,63809941
2022-11-15T19:00:00Z,4086.82,4087.53,4076.23,4080.95,70694905
2022-11-15T20:00:00Z,4080.95,4082.87,4078.14,4080.26,64638058
2022-11-15T21:00:00Z,4080.26,4083.82,4073.91,4077.82,72212854
2022-11-15T22:00:00Z,4077.82,4080.90,4075.56,4079.63,69625388
2022-11-15T23:00:00Z,4079.63,4080.22,4077.54,4078.62,58633574
2022-11-16T00:00:00Z,4078.62,4086.46,4076.12,4082.81,63816679
2022-11-16T01:00:00Z,4082.81,4084.22,4074.05,4076.60,67825275
2022-11-16T02:00:00Z,4076.60,4087.42,4076.29,4083.68,79478993
2022-11-16T03:00:00Z,4083.68,4088.38,4079.97,4088.04,58721687
2022-11-16T04:00:00Z,4088.04,4100.23,4085.01,4096.90,76090139
2022-11-16T05:00:00Z,4096.90,4101.40,4087.12,4091.85,68302452
2022-11-16T06:00:00Z,4091.85,4096.41,4090.75,4092.47,54492329
2022-11-16T07:00:00Z,4092.47,4095.49,4087.79,4088.02,70477080
2022-11-16T08:00:00Z,4088.02,4097.59,4084.35,4097.16,76192331
2022-11-16T09:00:00Z,4097.16,4107.07,4093.77,4102.26,70177392
2022-11-16T10:00:00Z,4102.26,4104.30,4102.21,4103.22,53597777
2022-11-16T11:00:00Z,4103.22,4106.54,4102.42,4103.29,52877325
2022-11-16T12:00:00Z,4103.29,4105.38,4093.66,4096.71,67864497
2022-11-16T13:00:00Z,4096.71,4105.30,4094.48,4101.18,59595418
2022-11-16T14:00:00Z,4101.18,4105.86,4100.07,4105.80,72007797
2022-11-16T15:00:00Z,4105.80,4110.05,4100.22,4103.28,71342062
2022-11-16T16:00:00Z,4103.28,4103.77,4085.19,4090.00,76631275
2022-11-16T17:00:00Z,4090.00,4091.04,4080.52,4083.38,77182825
2022-11-16T18:00:00Z,4083.38,4087.85,4082.02,4085.02,57966695
2022-11-16T19:00:00Z,4085.02,4096.99,4082.35,4093.32,80426055
2022-11-16T20:00:00Z,4093.32,4093.53,4080.60,4084.94,78739675
2022-11-16T21:00:00Z,4084.94,4085.62,4069.95,4074.27,74442317
2022-11-16T22:00:00Z,4074.27,4076.33,4062.30,4067.09,82281165
2022-11-16T23:00:00Z,4067.09,4068.71,4062.79,4066.80,66109840
2022-11-17T00:00:00Z,4066.80,4070.34,4057.40,4060.04,72216290
2022-11-17T01:00:00Z,4060.04,4064.41,4050.89,4052.54,66974219
2022-11-17T02:00:00Z,4052.54,4053.90,4041.83,4042.80,87517023
2022-11-17T03:00:00Z,4042.80,4047.18,4039.52,4040.29,73804710
2022-11-17T04:00:00Z,4040.29,4043.37,4031.86,4034.20,64821069
2022-11-17T05:00:00Z,4034.20,4041.50,4033.15,4036.74,59008087
2022-11-17T06:00:00Z,4036.74,4038.23,4024.85,4028.19,81697508
2022-11-17T07:00:00Z,4028.19,4032.91,4027.82,4031.26,71960490
2022-11-17T08:00:00Z,4031.26,4034.99,4024.35,4028.58,58284186
2022-11-17T09:00:00Z,4028.58,4032.29,4023.29,4025.58,65396338
2022-11-17T10:00:00Z,4025.58,4029.48,4023.47,4027.29,58615188
2022-11-17T11:00:00Z,4027.29,4031.99,4025.49,4026.19,70785973
2022-11-17T12:00:00Z,4026.19,4029.33,4024.20,4027.94,57495367
2022-11-17T13:00:00Z,4027.94,4033.74,4025.47,4029.73,63465031
2022-11-17T14:00:00Z,4029.73,4033.95,4014.20,4015.63,95540818
2022-11-17T15:00:00Z,4015.63,4023.72,4012.59,4020.17,65859750
2022-11-17T16:00:00Z,4020.17,4024.26,4014.55,4016.19,76925402
2022-11-17T17:00:00Z,4016.19,4020.93,4011.62,4018.95,67491134
2022-11-17T18:00:00Z,4018.95,4023.66,4002.19,4005.69,79608649
2022-11-17T19:00:00Z,4005.69,4007.39,4002.14,4004.35,55202769
2022-11-17T20:00:00Z,4004.35,4005.88,3990.54,3994.72,73287881
2022-11-17T21:00:00Z,3994.72,3996.47,3985.00,3985.69,77216166
2022-11-17T22:00:00Z,3985.69,3987.70,3971.73,3975.56,89221761
2022-11-17T23:00:00Z,3975.56,3978.25,3971.52,3974.37,52965454
2022-11-18T00:00:00Z,3974.37,3977.26,3964.26,3968.70,76464667
2022-11-18T01:00:00Z,3968.70,3969.82,3964.20,3966.99,57662683
2022-11-18T02:00:00Z,3966.99,3973.10,3964.77,3972.93,74331094
2022-11-18T03:00:00Z,3972.93,3978.79,3971.28,3976.28,63324022
2022-11-18T04:00:00Z,3976.28,3980.38,3971.71,3979.00,73589350
2022-11-18T05:00:00Z,3979.00,3988.46,3976.81,3988.20,68629925
2022-11-18T06:00:00Z,3988.20,3992.79,3985.04,3989.66,68390891
2022-11-18T07:00:00Z,3989.66,3990.91,3980.84,3981.46,75296117
2022-11-18T08:00:00Z,3981.46,3982.44,3975.59,3977.30,75569099
2022-11-18T09:00:00Z,3977.30,3981.26,3972.48,3973.61,76459217
2022-11-18T10:00:00Z,3973.61,3977.08,3969.84,3971.67,71843108
2022-11-18T11:00:00Z,3971.67,3978.55,3968.27,3974.52,62913682
2022-11-18T12:00:00Z,3974.52,3978.24,3958.87,3962.12,75261079
2022-11-18T13:00:00Z,3962.12,3962.46,3955.88,3957.42,62957176
2022-11-18T14:00:00Z,3957.42,3963.28,3955.86,3962.53,73274780
2022-11-18T15:00:00Z,3962.53,3968.36,3961.25,3968.19,62941697
2022-11-18T16:00:00Z,3968.19,3972.61,3966.71,3971.47,74413161
2022-11-18T17:00:00Z,3971.47,3973.00,3964.51,3968.30,68112777
2022-11-18T18:00:00Z,3968.30,3969.42,3957.35,3960.91,76262316
2022-11-18T19:00:00Z,3960.91,3975.49,3959.20,3971.10,82152632
2022-11-18T20:00:00Z,3971.10,3974.74,3967.35,3971.59,56102786
2022-11-18T21:00:00Z,3971.59,3984.64,3968.42,3981.80,74400165
2022-11-18T22:00:00Z,3981.80,3993.74,3977.61,3989.34,83959298
2022-11-18T23:00:00Z,3989.34,3989.82,3977.05,3979.10,76385980
2022-11-19T00:00:00Z,3979.10,3984.50,3976.97,3981.32,61398043
2022-11-19T01:00:00Z,3981.32,3988.56,3980.40,3988.00,74273477
2022-11-19T02:00:00Z,3988.00,3989.16,3979.99,3981.32,80613892
2022-11-19T03:00:00Z,3981.32,3987.20,3978.04,3982.69,60838876
2022-11-19T04:00:00Z,3982.69,3990.52,3982.14,3987.79,78012299
2022-11-19T05:00:00Z,3987.79,3994.61,3985.90,3990.56,61230988
2022-11-19T06:00:00Z,3990.56,3994.19,3979.22,3981.79,69971532
2022-11-19T07:00:00Z,3981.79,3986.12,3977.41,3981.94,57121785
2022-11-19T08:00:00Z,3981.94,3985.43,3971.21,3971.25,89437829
2022-11-19T09:00:00Z,3971.25,3982.81,3967.69,3981.20,83779770
2022-11-19T10:00:00Z,3981.20,3982.69,3971.55,3975.44,68511700
2022-11-19T11:00:00Z,3975.44,3980.45,3974.11,3978.28,64692243
2022-11-19T12:00:00Z,3978.28,3986.44,3977.23,3985.22,66697930
2022-11-19T13:00:00Z,3985.22,3990.16,3983.53,3988.79,66158083
2022-11-19T14:00:00Z,3988.79,3989.49,3980.74,3985.11,58168959
2022-11-19T15:00:00Z,3985.11,3989.63,3977.14,3980.72,68768933
2022-11-19T16:00:00Z,3980.72,3984.95,3977.44,3984.14,70057633
2022-11-19T17:00:00Z,3984.14,3997.50,3982.46,3994.34,80730029
2022-11-19T18:00:00Z,3994.34,3995.97,3989.36,3989.84,75293187
2022-11-19T19:00:00Z,3989.84,3991.97,3986.96,3991.76,63728835
2022-11-19T20:00:00Z,3991.76,4001.96,3987.28,3997.20,73280038
2022-11-19T21:00:00Z,3997.20,3998.70,3995.46,3995.89,58382154
2022-11-19T22:00:00Z,3995.89,3998.60,3994.74,3996.09,55678191
2022-11-19T23:00:00Z,3996.09,3999.70,3994.76,3995.75,54001557
2022-11-20T00:00:00Z,3995.75,3999.87,3992.93,3999.05,74946108
2022-11-20T01:00:00Z,3999.05,4003.09,3995.14,4002.49,61078416
2022-11-20T02:00:00Z,4002.49,4004.80,3996.92,3998.26,63835768
2022-11-20T03:00:00Z,3998.26,4000.87,3993.95,3996.74,59618155
2022-11-20T04:00:00Z,3996.74,3999.65,3996.65,3999.03,54815510
2022-11-20T05:00:00Z,3999.03,4015.75,3995.94,4011.56,93980999
2022-11-20T06:00:00Z,4011.56,4014.06,4002.70,4002.99,82304968
2022-11-20T07:00:00Z,4002.99,4004.01,3999.89,3999.98,65085141
2022-11-20T08:00:00Z,3999.98,4000.27,3998.96,4000.20,68813812
2022-11-20T09:00:00Z,4000.20,4001.02,3998.05,3999.09,56590319
2022-11-20T10:00:00Z,3999.09,4004.88,3997.81,4003.83,70611268
2022-11-20T11:00:00Z,4003.83,4017.79,3999.94,4014.22,83010402
2022-11-20T12:00:00Z,4014.22,4014.42,4009.77,4010.99,71496765
2022-11-20T13:00:00Z,4010.99,4016.20,4007.26,4011.68,64126156
2022-11-20T14:00:00Z,4011.68,4019.27,4009.20,4016.83,69254169
2022-11-20T15:00:00Z,4016.83,4022.01,4013.05,4020.14,71623256
2022-11-20T16:00:00Z,4020.14,4024.25,4012.31,4016.66,72796300
2022-11-20T17:00:00Z,4016.66,4023.71,4016.50,4022.65,67752176
2022-11-20T18:00:00Z,4022.65,4028.92,4020.61,4025.68,68706419
2022-11-20T19:00:00Z,4025.68,4029.97,4011.57,4015.87,81592081
2022-11-20T20:00:00Z,4015.87,4030.16,4011.66,4026.53,85209265
2022-11-20T21:00:00Z,4026.53,4034.89,4023.94,4034.45,81634266
2022-11-20T22:00:00Z,4034.45,4034.92,4032.97,4033.12,60541190
2022-11-20T23:00:00Z,4033.12,4041.96,4030.76,4039.64,80234975
2022-11-21T00:00:00Z,4039.64,4042.36,4035.15,4041.55,72526204
2022-11-21T01:00:00Z,4041.55,4041.97,4033.03,4036.63,73155355
2022-11-21T02:00:00Z,4036.63,4039.89,4036.11,4037.59,66022593
2022-11-21T03:00:00Z,4037.59,4046.98,4035.09,4044.55,70421460
2022-11-21T04:00:00Z,4044.55,4056.50,4042.13,4052.80,71017890
2022-11-21T05:00:00Z,4052.80,4063.60,4052.46,4058.98,64991000
2022-11-21T06:00:00Z,4058.98,4066.73,4055.18,4061.92,69868003
2022-11-21T07:00:00Z,4061.92,4064.73,4051.96,4054.82,79695423
2022-11-21T08:00:00Z,4054.82,4056.79,4052.58,4053.19,69725529
2022-11-21T09:00:00Z,4053.19,4057.09,4044.45,4048.56,78646805
2022-11-21T10:00:00Z,4048.56,4049.21,4037.54,4039.55,70749370
2022-11-21T11:00:00Z,4039.55,4049.38,4037.92,4046.10,75043614
2022-11-21T12:00:00Z,4046.10,4053.02,4045.74,4051.11,67982073
2022-11-21T13:00:00Z,4051.11,4055.30,4045.53,4048.19,66723145
2022-11-21T14:00:00Z,4048.19,4056.16,4043.92,4054.61,67439763
2022-11-21T15:00:00Z,4054.61,4057.94,4052.24,4052.89,58261083
2022-11-21T16:00:00Z,4052.89,4061.99,4049.72,4058.40,72519340
2022-11-21T17:00:00Z,4058.40,4072.04,4053.83,4070.21,84103018
2022-11-21T18:00:00Z,4070.21,4073.40,4060.89,4062.70,78598376
2022-11-21T19:00:00Z,4062.70,4065.78,4061.31,4064.25,57714465
2022-11-21T20:00:00Z,4064.25,4065.20,4054.35,4058.33,61770010
2022-11-21T21:00:00Z,4058.33,4069.31,4057.49,4068.60,81451859
2022-11-21T22:00:00Z,4068.60,4072.50,4065.77,4067.44,70515801
2022-11-21T23:00:00Z,4067.44,4079.34,4063.10,4077.37,73344847
2022-11-22T00:00:00Z,4077.37,4078.94,4058.82,4062.99,81334925
2022-11-22T01:00:00Z,4062.99,4074.49,4062.90,4070.00,76290105
2022-11-22T02:00:00Z,4070.00,4072.55,4069.27,4070.57,69180630
2022-11-22T03:00:00Z,4070.57,4072.17,4067.36,4068.87,59355459
2022-11-22T04:00:00Z,4068.87,4069.42,4059.15,4060.19,80547603
2022-11-22T05:00:00Z,4060.19,4060.72,4049.37,4049.91,86370059
2022-11-22T06:00:00Z,4049.91,4050.01,4045.93,4046.12,71175432
2022-11-22T07:00:00Z,4046.12,4051.99,4045.87,4050.24,59686079
2022-11-22T08:00:00Z,4050.24,4052.68,4041.61,4044.25,67224217
2022-11-22T09:00:00Z,4044.25,4048.21,4035.72,4036.55,80750734
2022-11-22T10:00:00Z,4036.55,4038.60,4032.17,4038.35,63658897
2022-11-22T11:00:00Z,4038.35,4042.67,4035.84,4040.10,66998187
2022-11-22T12:00:00Z,4040.10,4042.04,4038.22,4040.69,65906873
2022-11-22T13:00:00Z,4040.69,4050.60,4036.82,4046.69,78439337
2022-11-22T14:00:00Z,4046.69,4047.36,4029.13,4029.89,88001167
2022-11-22T15:00:00Z,4029.89,4034.18,4024.20,4026.85,65210779
2022-11-22T16:00:00Z,4026.85,4030.23,4023.96,4029.33,66037017
2022-11-22T17:00:00Z,4029.33,4031.78,4020.01,4023.76,75876530
2022-11-22T18:00:00Z,4023.76,4025.56,4018.90,4022.75,63741356
2022-11-22T19:00:00Z,4022.75,4026.02,4020.47,4020.56,63051983
2022-11-22T20:00:00Z,4020.56,4023.81,4007.70,4011.78,87014469
2022-11-22T21:00:00Z,4011.78,4013.81,4009.86,4010.73,62584200
2022-11-22T22:00:00Z,4010.73,4011.95,3998.49,4003.07,84531694
2022-11-22T23:00:00Z,4003.07,4006.63,3987.86,3992.26,75156752
2022-11-23T00:00:00Z,3992.26,3996.69,3989.20,3994.48,67378513
2022-11-23T01:00:00Z,3994.48,3995.79,3988.98,3991.20,71753059
2022-11-23T02:00:00Z,3991.20,3994.85,3987.60,3988.43,55839579
2022-11-23T03:00:00Z,3988.43,3988.87,3982.19,3982.56,64483232
2022-11-23T04:00:00Z,3982.56,3987.09,3978.22,3981.53,69204128
2022-11-23T05:00:00Z,3981.53,3993.47,3979.47,3990.23,76703199
2022-11-23T06:00:00Z,3990.23,3994.22,3988.19,3991.11,65302832
2022-11-23T07:00:00Z,3991.11,3994.60,3981.43,3983.76,82609092
2022-11-23T08:00:00Z,3983.76,3984.28,3974.50,3974.94,82061590
2022-11-23T09:00:00Z,3974.94,3976.39,3966.69,3967.45,79845481
2022-11-23T10:00:00Z,3967.45,3971.95,3964.94,3970.07,66490952
2022-11-23T11:00:00Z,3970.07,3972.80,3957.74,3960.94,71633217
2022-11-23T12:00:00Z,3960.94,3966.95,3956.25,3964.04,57536425
2022-11-23T13:00:00Z,3964.04,3968.16,3955.63,3958.51,75148998
2022-11-23T14:00:00Z,3958.51,3961.48,3951.34,3953.71,68556525
2022-11-23T15:00:00Z,3953.71,3960.54,3949.18,3959.74,74424339
2022-11-23T16:00:00Z,3959.74,3961.47,3949.63,3953.51,69447587
2022-11-23T17:00:00Z,3953.51,3955.90,3944.07,3947.76,75200255
2022-11-23T18:00:00Z,3947.76,3951.00,3940.55,3944.24,58767261
2022-11-23T19:00:00Z,3944.24,3948.09,3930.24,3930.40,79555647
2022-11-23T20:00:00Z,3930.40,3932.74,3922.64,3926.45,64222201
2022-11-23T21:00:00Z,3926.45,3929.22,3922.68,3923.75,57044519
2022-11-23T22:00:00Z,3923.75,3924.92,3916.26,3919.38,73373083
2022-11-23T23:00:00Z,3919.38,3930.85,3915.05,3926.47,70510298
2022-11-24T00:00:00Z,3926.47,3932.35,3924.31,3931.72,78269077
2022-11-24T01:00:00Z,3931.72,3935.04,3922.30,3924.18,82592555
2022-11-24T02:00:00Z,3924.18,3928.57,3920.93,3928.43,59723311
2022-11-24T03:00:00Z,3928.43,3930.54,3924.34,3925.18,63764892
2022-11-24T04:00:00Z,3925.18,3934.26,3922.58,3932.07,83929328
2022-11-24T05:00:00Z,3932.07,3935.68,3924.95,3925.91,74536298
2022-11-24T06:00:00Z,3925.91,3931.92,3924.69,3927.70,66308898
2022-11-24T07:00:00Z,3927.70,3927.98,3913.00,3913.20,90237952
2022-11-24T08:00:00Z,3913.20,3916.50,3911.73,3914.49,72489909
2022-11-24T09:00:00Z,3914.49,3924.80,3912.67,3921.29,82445228
2022-11-24T10:00:00Z,3921.29,3924.70,3917.00,3923.89,55589483
2022-11-24T11:00:00Z,3923.89,3924.37,3907.08,3911.35,85479962
2022-11-24T12:00:00Z,3911.35,3914.56,3897.38,3898.37,95427936
2022-11-24T13:00:00Z,3898.37,3902.56,3896.80,3899.55,68015926
2022-11-24T14:00:00Z,3899.55,3901.51,3895.18,3897.19,59858484
2022-11-24T15:00:00Z,3897.19,3906.18,3895.03,3902.52,71488171
2022-11-24T16:00:00Z,3902.52,3905.95,3899.85,3901.22,52871298
2022-11-24T17:00:00Z,3901.22,3905.28,3892.94,3893.75,71003769
2022-11-24T18:00:00Z,3893.75,3901.81,3890.44,3898.68,70648912
2022-11-24T19:00:00Z,3898.68,3908.33,3898.39,3906.91,74288949
2022-11-24T20:00:00Z,3906.91,3911.72,3906.80,3908.06,53144325
2022-11-24T21:00:00Z,3908.06,3912.45,3906.08,3912.06,65420671
2022-11-24T22:00:00Z,3912.06,3912.53,3902.73,3903.02,72693390
2022-11-24T23:00:00Z,3903.02,3909.45,3901.86,3905.20,70991996
2022-11-25T00:00:00Z,3905.20,3914.64,3903.38,3914.18,72458203
2022-11-25T01:00:00Z,3914.18,3934.66,3910.98,3931.44,94197020
2022-11-25T02:00:00Z,3931.44,3935.63,3920.98,3924.87,79735883
2022-11-25T03:00:00Z,3924.87,3938.15,3920.88,3935.35,86454124
2022-11-25T04:00:00Z,3935.35,3937.38,3931.17,3932.53,60716764
2022-11-25T05:00:00Z,3932.53,3940.31,3932.41,3936.70,65442073
2022-11-25T06:00:00Z,3936.70,3940.78,3926.95,3930.19,69260870
2022-11-25T07:00:00Z,3930.19,3938.00,3928.87,3933.69,69063806
2022-11-25T08:00:00Z,3933.69,3937.77,3931.72,3935.79,65690818
2022-11-25T09:00:00Z,3935.79,3937.02,3923.66,3926.49,85511396
2022-11-25T10:00:00Z,3926.49,3935.33,3926.08,3932.84,71537631
2022-11-25T11:00:00Z,3932.84,3940.76,3931.64,3937.53,60126545
2022-11-25T12:00:00Z,3937.53,3939.11,3916.10,3920.21,98597058
2022-11-25T13:00:00Z,3920.21,3921.87,3916.48,3920.69,63905250
2022-11-25T14:00:00Z,3920.69,3920.93,3913.01,3917.59,64745714
2022-11-25T15:00:00Z,3917.59,3919.76,3915.81,3916.81,69419328
2022-11-25T16:00:00Z,3916.81,3921.03,3915.29,3919.26,66092221
2022-11-25T17:00:00Z,3919.26,3923.22,3913.65,3915.12,58654671
2022-11-25T18:00:00Z,3915.12,3916.75,3908.94,3911.63,67578224
2022-11-25T19:00:00Z,3911.63,3914.86,3910.85,3911.27,57294135
2022-11-25T20:00:00Z,3911.27,3914.01,3902.38,3904.43,83542492
2022-11-25T21:00:00Z,3904.43,3910.40,3902.06,3909.11,63729370
2022-11-25T22:00:00Z,3909.11,3909.50,3902.73,3903.59,79548091
2022-11-25T23:00:00Z,3903.59,3911.69,3899.54,3907.74,73283574
2022-11-26T00:00:00Z,3907.74,3912.11,3904.75,3907.31,51648323
2022-11-26T01:00:00Z,3907.31,3909.51,3904.46,3909.14,55223809
2022-11-26T02:00:00Z,3909.14,3912.95,3900.92,3904.89,67421074
2022-11-26T03:00:00Z,3904.89,3907.72,3900.13,3904.45,67073644
2022-11-26T04:00:00Z,3904.45,3908.44,3896.92,3899.23,77831629
2022-11-26T05:00:00Z,3899.23,3899.65,3895.16,3896.66,66335888
2022-11-26T06:00:00Z,3896.66,3900.11,3891.46,3893.31,68734470
2022-11-26T07:00:00Z,3893.31,3897.59,3890.87,3897.00,68970899
2022-11-26T08:00:00Z,3897.00,3897.86,3890.70,3891.32,77344496
2022-11-26T09:00:00Z,3891.32,3891.92,3888.80,3891.18,59242570
2022-11-26T10:00:00Z,3891.18,3907.67,3888.87,3903.38,93779421
2022-11-26T11:00:00Z,3903.38,3906.57,3891.37,3892.62,79076289
2022-11-26T12:00:00Z,3892.62,3893.58,3890.45,3891.65,58530372
2022-11-26T13:00:00Z,3891.65,3893.44,3888.05,3891.62,58590014
2022-11-26T14:00:00Z,3891.62,3897.15,3889.59,3893.88,70115686
2022-11-26T15:00:00Z,3893.88,3904.28,3893.47,3900.27,64492293
2022-11-26T16:00:00Z,3900.27,3904.37,3895.34,3899.89,59096860
2022-11-26T17:00:00Z,3899.89,3901.83,3898.03,3899.41,57297830
2022-11-26T18:00:00Z,3899.41,3902.78,3894.85,3898.97,56790762
2022-11-26T19:00:00Z,3898.97,3908.78,3898.93,3904.52,68208478
2022-11-26T20:00:00Z,3904.52,3907.64,3894.75,3896.06,83484072
2022-11-26T21:00:00Z,3896.06,3909.18,3895.49,3907.70,90618448
2022-11-26T22:00:00Z,3907.70,3911.46,3903.54,3910.20,55860911
2022-11-26T23:00:00Z,3910.20,3911.08,3901.00,3905.00,76057005
2022-11-27T00:00:00Z,3905.00,3908.00,3901.79,3907.72,72665902
2022-11-27T01:00:00Z,3907.72,3908.06,3902.42,3905.16,69083087
2022-11-27T02:00:00Z,3905.16,3917.63,3902.66,3914.32,82218127
2022-11-27T03:00:00Z,3914.32,3915.96,3910.93,3914.36,60712507
2022-11-27T04:00:00Z,3914.36,3926.75,3911.98,3926.09,87736184
2022-11-27T05:00:00Z,3926.09,3927.25,3924.95,3926.67,54770417
2022-11-27T06:00:00Z,3926.67,3932.31,3922.65,3931.07,65304406
2022-11-27T07:00:00Z,3931.07,3933.22,3929.39,3930.60,60539800
2022-11-27T08:00:00Z,3930.60,3935.62,3928.28,3933.99,57775525
2022-11-27T09:00:00Z,3933.99,3937.40,3923.69,3925.05,80847782
2022-11-27T10:00:00Z,3925.05,3926.86,3923.53,3926.00,52859503
2022-11-27T11:00:00Z,3926.00,3928.87,3916.97,3920.59,65811401
2022-11-27T12:00:00Z,3920.59,3922.12,3910.08,3912.83,72458314
2022-11-27T13:00:00Z,3912.83,3914.27,3910.99,3912.48,55886065
2022-11-27T14:00:00Z,3912.48,3913.08,3909.36,3911.62,66887150
2022-11-27T15:00:00Z,3911.62,3914.12,3905.32,3906.87,71296647
2022-11-27T16:00:00Z,3906.87,3913.73,3903.29,3911.70,62565667
2022-11-27T17:00:00Z,3911.70,3917.48,3908.96,3916.11,72668864
2022-11-27T18:00:00Z,3916.11,3917.18,3897.51,3900.39,85128356
2022-11-27T19:00:00Z,3900.39,3904.02,3898.33,3903.43,65578456
2022-11-27T20:00:00Z,3903.43,3910.07,3903.40,3909.23,71189925
2022-11-27T21:00:00Z,3909.23,3912.99,3905.10,3911.98,74985536
2022-11-27T22:00:00Z,3911.98,3915.40,3911.14,3914.92,71145482
2022-11-27T23:00:00Z,3914.92,3917.13,3910.31,3914.69,70393292
2022-11-28T00:00:00Z,3914.69,3919.00,3911.80,3913.42,71853263
2022-11-28T01:00:00Z,3913.42,3919.15,3909.13,3915.52,55981126
2022-11-28T02:00:00Z,3915.52,3923.47,3914.27,3919.28,68584422
2022-11-28T03:00:00Z,3919.28,3919.63,3911.76,3912.71,72939692
2022-11-28T04:00:00Z,3912.71,3920.32,3910.83,3918.47,70434602
2022-11-28T05:00:00Z,3918.47,3920.46,3910.35,3912.61,74036694
2022-11-28T06:00:00Z,3912.61,3915.96,3909.08,3913.34,70934445
2022-11-28T07:00:00Z,3913.34,3913.37,3910.43,3913.16,54503147
2022-11-28T08:00:00Z,3913.16,3916.52,3911.04,3914.42,57066047
2022-11-28T09:00:00Z,3914.42,3925.12,3914.23,3924.94,80555684
2022-11-28T10:00:00Z,3924.94,3934.64,3924.43,3931.31,80856841
2022-11-28T11:00:00Z,3931.31,3934.49,3921.81,3925.97,67867362
2022-11-28T12:00:00Z,3925.97,3929.24,3915.45,3915.79,76787935
2022-11-28T13:00:00Z,3915.79,3919.45,3913.15,3914.36,59253961
2022-11-28T14:00:00Z,3914.36,3917.70,3911.98,3913.71,58005243
2022-11-28T15:00:00Z,3913.71,3920.60,3911.18,3917.04,59883333
2022-11-28T16:00:00Z,3917.04,3920.81,3912.48,3919.62,71262307
2022-11-28T17:00:00Z,3919.62,3920.12,3906.29,3908.59,76674608
2022-11-28T18:00:00Z,3908.59,3912.79,3907.07,3911.21,55705319
2022-11-28T19:00:00Z,3911.21,3920.66,3908.73,3917.98,83374738
2022-11-28T20:00:00Z,3917.98,3918.85,3913.53,3915.60,69405361
2022-11-28T21:00:00Z,3915.60,3920.18,3900.62,3905.26,85834324
2022-11-28T22:00:00Z,3905.26,3914.15,3901.68,3912.28,83421797
2022-11-28T23:00:00Z,3912.28,3912.54,3901.51,3906.14,69512318
2022-11-29T00:00:00Z,3906.14,3912.97,3905.58,3910.17,62996084
2022-11-29T01:00:00Z,3910.17,3912.90,3895.08,3895.84,99348481
2022-11-29T02:00:00Z,3895.84,3900.95,3894.40,3898.17,67414373
2022-11-29T03:00:00Z,3898.17,3902.31,3889.86,3894.40,77234316
2022-11-29T04:00:00Z,3894.40,3904.32,3894.18,3902.91,71723421
2022-11-29T05:00:00Z,3902.91,3908.93,3898.47,3907.72,70119488
2022-11-29T06:00:00Z,3907.72,3910.62,3902.37,3906.52,70196143
2022-11-29T07:00:00Z,3906.52,3916.93,3901.89,3913.08,78697860
2022-11-29T08:00:00Z,3913.08,3918.31,3909.17,3916.79,63697293
2022-11-29T09:00:00Z,3916.79,3928.50,3912.71,3925.22,76832743
2022-11-29T10:00:00Z,3925.22,3932.16,3925.08,3930.23,77515508
2022-11-29T11:00:00Z,3930.23,3930.37,3924.53,3925.03,66386438
2022-11-29T12:00:00Z,3925.03,3927.86,3913.72,3917.43,81573954
2022-11-29T13:00:00Z,3917.43,3927.65,3914.67,3927.58,78201959
2022-11-29T14:00:00Z,3927.58,3932.17,3921.52,3923.90,70604593
2022-11-29T15:00:00Z,3923.90,3928.36,3921.44,3927.45,71523820
2022-11-29T16:00:00Z,3927.45,3942.92,3927.26,3938.51,84877821
2022-11-29T17:00:00Z,3938.51,3941.21,3928.42,3930.87,69963763
2022-11-29T18:00:00Z,3930.87,3936.50,3927.37,3932.10,63611463
2022-11-29T19:00:00Z,3932.10,3933.75,3915.72,3920.03,82548435
2022-11-29T20:00:00Z,3920.03,3923.48,3917.85,3919.05,65732629
2022-11-29T21:00:00Z,3919.05,3920.64,3914.11,3917.27,61251393
2022-11-29T22:00:00Z,3917.27,3918.32,3910.67,3912.30,68415997
2022-11-29T23:00:00Z,3912.30,3915.22,3909.15,3913.00,69953965
2022-11-30T00:00:00Z,3913.00,3914.94,3910.24,3912.79,52109381
2022-11-30T01:00:00Z,3912.79,3917.43,3904.72,3907.36,73846289
2022-11-30T02:00:00Z,3907.36,3910.77,3895.57,3899.71,70080507
2022-11-30T03:00:00Z,3899.71,3900.12,3896.84,3899.23,55347339
2022-11-30T04:00:00Z,3899.23,3914.59,3897.21,3910.84,93782909
2022-11-30T05:00:00Z,3910.84,3913.49,3904.54,3905.37,75384493
2022-11-30T06:00:00Z,3905.37,3907.65,3901.04,3901.97,62577087
2022-11-30T07:00:00Z,3901.97,3902.05,3898.32,3901.15,63189460
2022-11-30T08:00:00Z,3901.15,3907.23,3898.41,3905.37,64185492
2022-11-30T09:00:00Z,3905.37,3909.46,3901.08,3907.44,57082835
2022-11-30T10:00:00Z,3907.44,3909.39,3902.95,3908.44,66679103
2022-11-30T11:00:00Z,3908.44,3917.91,3904.12,3915.00,72912992
2022-11-30T12:00:00Z,3915.00,3918.15,3913.65,3913.75,62592527
2022-11-30T13:00:00Z,3913.75,3917.55,3910.85,3916.99,63803541
2022-11-30T14:00:00Z,3916.99,3924.01,3916.64,3919.60,58613414
2022-11-30T15:00:00Z,3919.60,3922.05,3917.09,3920.44,57605224
2022-11-30T16:00:00Z,3920.44,3921.46,3913.80,3918.21,59381392
2022-11-30T17:00:00Z,3918.21,3918.64,3907.41,3911.08,67769437
2022-11-30T18:00:00Z,3911.08,3911.09,3902.97,3906.06,71495016
2022-11-30T19:00:00Z,3906.06,3909.37,3900.81,3904.24,61267346
2022-11-30T20:00:00Z,3904.24,3908.57,3900.96,3905.51,65826786
2022-11-30T21:00:00Z,3905.51,3906.76,3899.54,3900.24,74614626
2022-11-30T22:00:00Z,3900.24,3912.36,3899.59,3909.43,77878187
2022-11-30T23:00:00Z,3909.43,3925.21,3908.90,3922.40,84471175
2022-12-01T00:00:00Z,3922.40,3930.02,3921.11,3927.09,68259465
2022-12-01T01:00:00Z,3927.09,3930.20,3918.32,3918.38,85136304
2022-12-01T02:00:00Z,3918.38,3922.25,3914.15,3917.67,67180790
2022-12-01T03:00:00Z,3917.67,3918.14,3909.33,3910.47,65827901
2022-12-01T04:00:00Z,3910.47,3916.67,3908.42,3915.20,77920174
2022-12-01T05:00:00Z,3915.20,3915.71,3912.37,3914.82,68972746
2022-12-01T06:00:00Z,3914.82,3918.71,3911.75,3917.32,60962811
2022-12-01T07:00:00Z,3917.32,3922.29,3912.78,3917.70,68262932
2022-12-01T08:00:00Z,3917.70,3921.86,3909.54,3912.15,75130381
2022-12-01T09:00:00Z,3912.15,3920.15,3910.62,3915.75,75338678
2022-12-01T10:00:00Z,3915.75,3917.88,3904.45,3907.64,68183495
2022-12-01T11:00:00Z,3907.64,3914.14,3903.08,3913.75,74784246
2022-12-01T12:00:00Z,3913.75,3922.65,3910.74,3919.46,68795600
2022-12-01T13:00:00Z,3919.46,3924.42,3916.69,3921.88,55444810
2022-12-01T14:00:00Z,3921.88,3922.34,3919.60,3920.45,63613154
2022-12-01T15:00:00Z,3920.45,3924.33,3919.17,3922.10,67536361
2022-12-01T16:00:00Z,3922.10,3924.87,3920.22,3921.58,51553053
2022-12-01T17:00:00Z,3921.58,3926.24,3918.69,3924.78,62646757
2022-12-01T18:00:00Z,3924.78,3928.83,3910.56,3913.25,87342370
2022-12-01T19:00:00Z,3913.25,3921.12,3912.86,3919.01,69302100
2022-12-01T20:00:00Z,3919.01,3920.91,3916.79,3917.71,70933373
2022-12-01T21:00:00Z,3917.71,3922.67,3913.31,3921.72,69193444
2022-12-01T22:00:00Z,3921.72,3925.48,3919.19,3920.74,69925419
2022-12-01T23:00:00Z,3920.74,3925.91,3920.04,3923.15,71725910
2022-12-02T00:00:00Z,3923.15,3927.02,3920.36,3925.06,69065355
2022-12-02T01:00:00Z,3925.06,3925.62,3920.36,3924.76,61558197
2022-12-02T02:00:00Z,3924.76,3929.47,3924.70,3924.98,58005029
2022-12-02T03:00:00Z,3924.98,3929.64,3916.69,3918.55,64260730
2022-12-02T04:00:00Z,3918.55,3931.32,3916.10,3926.88,70809118
2022-12-02T05:00:00Z,3926.88,3930.29,3924.22,3927.68,53660909
2022-12-02T06:00:00Z,3927.68,3933.66,3926.79,3932.95,68725836
2022-12-02T07:00:00Z,3932.95,3936.96,3926.20,3930.06,60802236
2022-12-02T08:00:00Z,3930.06,3937.87,3927.72,3935.95,67967192
2022-12-02T09:00:00Z,3935.95,3945.32,3933.31,3942.11,76371453
2022-12-02T10:00:00Z,3942.11,3946.22,3939.87,3943.90,67122364
2022-12-02T11:00:00Z,3943.90,3946.61,3941.78,3944.28,64346000
2022-12-02T12:00:00Z,3944.28,3958.92,3941.92,3954.76,80944110
2022-12-02T13:00:00Z,3954.76,3959.34,3949.06,3952.69,54522618
2022-12-02T14:00:00Z,3952.69,3955.63,3946.69,3946.89,67676023
2022-12-02T15:00:00Z,3946.89,3948.00,3942.36,3945.34,65241629
2022-12-02T16:00:00Z,3945.34,3952.32,3941.02,3951.70,64242597
2022-12-02T17:00:00Z,3951.70,3964.14,3947.35,3959.79,77469419
2022-12-02T18:00:00Z,3959.79,3963.34,3954.13,3956.97,60761087
2022-12-02T19:00:00Z,3956.97,3960.91,3951.96,3954.12,57505622
2022-12-02T20:00:00Z,3954.12,3956.69,3944.21,3945.88,75345368
2022-12-02T21:00:00Z,3945.88,3947.07,3941.35,3943.14,63110087
2022-12-02T22:00:00Z,3943.14,3945.32,3937.70,3939.36,62833052
2022-12-02T23:00:00Z,3939.36,3941.47,3935.41,3938.58,69341225
2022-12-03T00:00:00Z,3938.58,3942.09,3934.41,3938.31,62434192
2022-12-03T01:00:00Z,3938.31,3941.49,3936.98,3941.15,68790713
2022-12-03T02:00:00Z,3941.15,3951.12,3937.17,3949.30,67750825
2022-12-03T03:00:00Z,3949.30,3950.11,3947.05,3948.46,61964727
2022-12-03T04:00:00Z,3948.46,3956.68,3945.68,3954.28,77985748
2022-12-03T05:00:00Z,3954.28,3961.26,3952.26,3957.53,71931085
2022-12-03T06:00:00Z,3957.53,3959.06,3949.65,3953.80,73146883
2022-12-03T07:00:00Z,3953.80,3957.53,3949.73,3951.00,68694658
2022-12-03T08:00:00Z,3951.00,3952.20,3940.09,3943.28,72486162
2022-12-03T09:00:00Z,3943.28,3949.25,3938.85,3946.67,65078849
2022-12-03T10:00:00Z,3946.67,3952.97,3946.32,3949.62,74069872
2022-12-03T11:00:00Z,3949.62,3963.17,3949.19,3958.94,73946676
2022-12-03T12:00:00Z,3958.94,3964.95,3957.56,3960.67,59689990
2022-12-03T13:00:00Z,3960.67,3962.65,3949.88,3950.12,78924665
2022-12-03T14:00:00Z,3950.12,3951.83,3937.55,3941.40,69976065
2022-12-03T15:00:00Z,3941.40,3943.53,3941.21,3942.77,71935265
2022-12-03T16:00:00Z,3942.77,3949.58,3940.25,3947.60,61325179
2022-12-03T17:00:00Z,3947.60,3951.62,3938.97,3943.41,75573363
2022-12-03T18:00:00Z,3943.41,3947.60,3932.19,3932.86,71574779
2022-12-03T19:00:00Z,3932.86,3941.86,3932.68,3941.63,78874967
2022-12-03T20:00:00Z,3941.63,3943.78,3941.48,3941.88,58869950
2022-12-03T21:00:00Z,3941.88,3947.17,3940.92,3942.84,68193552
2022-12-03T22:00:00Z,3942.84,3950.51,3938.54,3946.46,59992563
2022-12-03T23:00:00Z,3946.46,3954.79,3944.69,3951.79,76529284
2022-12-04T00:00:00Z,3951.79,3959.49,3949.30,3955.31,58813713
2022-12-04T01:00:00Z,3955.31,3959.17,3949.30,3952.89,65680921
2022-12-04T02:00:00Z,3952.89,3954.82,3952.80,3954.50,69633527
2022-12-04T03:00:00Z,3954.50,3957.01,3945.09,3946.64,82771933
2022-12-04T04:00:00Z,3946.64,3955.51,3944.71,3952.39,75847209
2022-12-04T05:00:00Z,3952.39,3954.60,3949.09,3953.48,58318479
2022-12-04T06:00:00Z,3953.48,3960.59,3951.36,3960.25,68118966
2022-12-04T07:00:00Z,3960.25,3967.51,3955.77,3965.93,73116235
2022-12-04T08:00:00Z,3965.93,3969.68,3955.81,3958.14,70212003
2022-12-04T09:00:00Z,3958.14,3962.30,3956.03,3960.63,63139218
2022-12-04T10:00:00Z,3960.63,3969.88,3958.15,3967.27,68729029
2022-12-04T11:00:00Z,3967.27,3971.91,3959.14,3963.42,77652247
2022-12-04T12:00:00Z,3963.42,3964.72,3958.76,3961.92,71320960
2022-12-04T13:00:00Z,3961.92,3964.56,3954.94,3957.78,65458277
2022-12-04T14:00:00Z,3957.78,3959.76,3951.58,3952.64,75852652
2022-12-04T15:00:00Z,3952.64,3961.95,3949.08,3961.61,85086146
2022-12-04T16:00:00Z,3961.61,3964.91,3960.59,3964.76,61136972
2022-12-04T17:00:00Z,3964.76,3967.33,3961.21,3962.26,57902891
2022-12-04T18:00:00Z,3962.26,3962.57,3958.49,3959.87,61354687
2022-12-04T19:00:00Z,3959.87,3964.82,3955.71,3963.00,75766339
2022-12-04T20:00:00Z,3963.00,3966.09,3950.00,3950.05,91069011
2022-12-04T21:00:00Z,3950.05,3957.34,3946.68,3953.12,56606127
2022-12-04T22:00:00Z,3953.12,3959.90,3948.89,3957.95,65163180
2022-12-04T23:00:00Z,3957.95,3961.73,3956.36,3960.80,68550941
2022-12-05T00:00:00Z,3960.80,3964.78,3958.08,3958.55,68668129
2022-12-05T01:00:00Z,3958.55,3966.03,3958.21,3963.61,75052213
2022-12-05T02:00:00Z,3963.61,3967.77,3954.70,3955.07,78051825
2022-12-05T03:00:00Z,3955.07,3958.86,3946.61,3948.53,70984198
2022-12-05T04:00:00Z,3948.53,3952.80,3941.57,3946.11,71232130
2022-12-05T05:00:00Z,3946.11,3947.44,3937.74,3938.23,69618716
2022-12-05T06:00:00Z,3938.23,3946.83,3937.93,3942.13,65820666
2022-12-05T07:00:00Z,3942.13,3944.65,3938.80,3939.19,74500514
2022-12-05T08:00:00Z,3939.19,3943.55,3935.09,3939.27,57969451
2022-12-05T09:00:00Z,3939.27,3942.56,3937.28,3939.69,63910540
2022-12-05T10:00:00Z,3939.69,3941.96,3936.11,3938.73,65763746
2022-12-05T11:00:00Z,3938.73,3940.15,3932.65,3935.56,66048478
2022-12-05T12:00:00Z,3935.56,3938.14,3928.55,3930.38,64625295
2022-12-05T13:00:00Z,3930.38,3934.43,3927.35,3933.54,74242421
2022-12-05T14:00:00Z,3933.54,3942.81,3929.82,3941.73,73683032
2022-12-05T15:00:00Z,3941.73,3944.54,3940.66,3942.54,68217521
2022-12-05T16:00:00Z,3942.54,3944.01,3931.51,3936.19,65009560
2022-12-05T17:00:00Z,3936.19,3940.34,3929.98,3932.84,70833156
2022-12-05T18:00:00Z,3932.84,3943.96,3932.06,3939.95,68288652
2022-12-05T19:00:00Z,3939.95,3943.17,3936.56,3940.58,61320912
2022-12-05T20:00:00Z,3940.58,3944.01,3936.54,3939.61,66901990
2022-12-05T21:00:00Z,3939.61,3943.74,3931.35,3932.89,75763376
2022-12-05T22:00:00Z,3932.89,3934.15,3930.35,3932.46,54286987
2022-12-05T23:00:00Z,3932.46,3937.28,3931.79,3934.99,59891438
2022-12-06T00:00:00Z,3934.99,3937.18,3931.53,3936.19,66749168
2022-12-06T01:00:00Z,3936.19,3938.47,3931.96,3937.98,64146027
2022-12-06T02:00:00Z,3937.98,3944.00,3937.03,3942.79,69934545
2022-12-06T03:00:00Z,3942.79,3945.26,3934.01,3937.46,65602600
2022-12-06T04:00:00Z,3937.46,3948.22,3934.97,3946.73,75344764
2022-12-06T05:00:00Z,3946.73,3948.92,3945.31,3945.38,56397540
2022-12-06T06:00:00Z,3945.38,3950.24,3945.07,3945.55,52490555
2022-12-06T07:00:00Z,3945.55,3949.05,3940.78,3942.78,61281299
2022-12-06T08:00:00Z,3942.78,3945.56,3937.02,3940.15,65940681
2022-12-06T09:00:00Z,3940.15,3944.89,3938.03,3941.46,67815748
2022-12-06T10:00:00Z,3941.46,3941.88,3923.22,3925.01,102306591
2022-12-06T11:00:00Z,3925.01,3926.31,3923.84,3924.35,57703399
2022-12-06T12:00:00Z,3924.35,3933.16,3924.17,3928.88,64775003
2022-12-06T13:00:00Z,3928.88,3929.96,3918.01,3921.37,76533632
2022-12-06T14:00:00Z,3921.37,3926.87,3918.11,3924.27,70365302
2022-12-06T15:00:00Z,3924.27,3931.28,3921.69,3927.12,75726686
2022-12-06T16:00:00Z,3927.12,3943.41,3924.50,3940.34,94110250
2022-12-06T17:00:00Z,3940.34,3949.91,3939.47,3947.68,81722278
2022-12-06T18:00:00Z,3947.68,3955.70,3946.83,3951.27,67810011
2022-12-06T19:00:00Z,3951.27,3951.57,3948.04,3949.13,67814969
2022-12-06T20:00:00Z,3949.13,3949.91,3940.15,3944.03,74645359
2022-12-06T21:00:00Z,3944.03,3947.44,3940.23,3945.51,64215471
2022-12-06T22:00:00Z,3945.51,3947.14,3940.67,3942.65,68085191
2022-12-06T23:00:00Z,3942.65,3944.86,3938.73,3940.58,57511152
2022-12-07T00:00:00Z,3940.58,3947.08,3937.50,3943.53,61605813
2022-12-07T01:00:00Z,3943.53,3950.12,3943.04,3945.62,55251277
2022-12-07T02:00:00Z,3945.62,3949.54,3936.73,3937.20,67300836
2022-12-07T03:00:00Z,3937.20,3946.41,3936.25,3941.90,68173529
2022-12-07T04:00:00Z,3941.90,3945.99,3941.86,3944.62,71659449
2022-12-07T05:00:00Z,3944.62,3946.34,3938.44,3940.58,67563741
2022-12-07T06:00:00Z,3940.58,3944.54,3936.61,3940.93,62881460
2022-12-07T07:00:00Z,3940.93,3945.44,3930.44,3933.06,85417662
2022-12-07T08:00:00Z,3933.06,3933.85,3926.07,3927.94,61431557
2022-12-07T09:00:00Z,3927.94,3931.78,3923.04,3925.02,60375402
2022-12-07T10:00:00Z,3925.02,3928.07,3917.66,3919.99,68193379
2022-12-07T11:00:00Z,3919.99,3924.32,3913.36,3916.90,58134991
2022-12-07T12:00:00Z,3916.90,3919.21,3907.29,3911.10,72023953
2022-12-07T13:00:00Z,3911.10,3919.42,3910.90,3917.32,76097518
2022-12-07T14:00:00Z,3917.32,3918.34,3913.03,3918.27,66953633
2022-12-07T15:00:00Z,3918.27,3919.94,3917.06,3917.96,59368470
2022-12-07T16:00:00Z,3917.96,3921.06,3908.28,3910.63,68276285
2022-12-07T17:00:00Z,3910.63,3911.71,3905.15,3907.98,69456329
2022-12-07T18:00:00Z,3907.98,3917.12,3906.84,3914.81,73750923
2022-12-07T19:00:00Z,3914.81,3916.82,3902.43,3904.64,74998547
2022-12-07T20:00:00Z,3904.64,3907.88,3901.28,3905.27,68728907
2022-12-07T21:00:00Z,3905.27,3917.97,3903.22,3913.72,68995551
2022-12-07T22:00:00Z,3913.72,3913.72,3903.27,3904.35,75742239
2022-12-07T23:00:00Z,3904.35,3906.09,3903.54,3904.06,61965258
2022-12-08T00:00:00Z,3904.06,3911.77,3901.24,3907.87,64241098
2022-12-08T01:00:00Z,3907.87,3915.32,3903.36,3912.73,63652522
2022-12-08T02:00:00Z,3912.73,3917.48,3911.64,3914.01,52634701
2022-12-08T03:00:00Z,3914.01,3917.78,3904.35,3907.27,69733718
2022-12-08T04:00:00Z,3907.27,3910.32,3902.97,3908.82,72325695
2022-12-08T05:00:00Z,3908.82,3910.27,3905.68,3908.26,55250241
2022-12-08T06:00:00Z,3908.26,3911.29,3906.61,3908.32,61598748
2022-12-08T07:00:00Z,3908.32,3910.87,3893.82,3897.02,77785446
2022-12-08T08:00:00Z,3897.02,3897.20,3892.98,3893.90,62285273
2022-12-08T09:00:00Z,3893.90,3902.97,3891.39,3898.93,69167138
2022-12-08T10:00:00Z,3898.93,3901.49,3890.33,3891.27,73997670
2022-12-08T11:00:00Z,3891.27,3892.86,3887.81,3891.22,69516588
2022-12-08T12:00:00Z,3891.22,3892.05,3886.47,3887.05,59941707
2022-12-08T13:00:00Z,3887.05,3893.97,3885.94,3893.66,79933679
2022-12-08T14:00:00Z,3893.66,3896.29,3890.45,3892.10,70506050
2022-12-08T15:00:00Z,3892.10,3894.13,3885.07,3887.72,62894012
2022-12-08T16:00:00Z,3887.72,3888.12,3877.97,3882.22,66375163
2022-12-08T17:00:00Z,3882.22,3898.84,3880.79,3897.46,87941034
2022-12-08T18:00:00Z,3897.46,3899.79,3896.53,3897.75,57378649
2022-12-08T19:00:00Z,3897.75,3899.39,3893.11,3893.53,71051944
2022-12-08T20:00:00Z,3893.53,3896.82,3889.72,3896.18,69987044
2022-12-08T21:00:00Z,3896.18,3906.55,3895.74,3901.93,70902622
2022-12-08T22:00:00Z,3901.93,3902.65,3888.79,3892.59,69562071
2022-12-08T23:00:00Z,3892.59,3896.86,3884.44,3887.06,70594902
2022-12-09T00:00:00Z,3887.06,3887.64,3883.70,3885.97,59142524
2022-12-09T01:00:00Z,3885.97,3890.53,3885.08,3890.17,74615633
2022-12-09T02:00:00Z,3890.17,3896.34,3889.33,3892.90,68516523
2022-12-09T03:00:00Z,3892.90,3900.50,3889.24,3900.30,71613882
2022-12-09T04:00:00Z,3900.30,3902.38,3888.51,3889.56,88353482
2022-12-09T05:00:00Z,3889.56,3894.39,3887.88,3891.47,64693521
2022-12-09T06:00:00Z,3891.47,3892.21,3877.36,3880.35,75560751
2022-12-09T07:00:00Z,3880.35,3889.00,3879.37,3886.22,78610356
2022-12-09T08:00:00Z,3886.22,3891.61,3884.16,3889.47,70597612
2022-12-09T09:00:00Z,3889.47,3890.36,3883.94,3887.80,64461270
2022-12-09T10:00:00Z,3887.80,3888.47,3882.72,3884.54,69915717
2022-12-09T11:00:00Z,3884.54,3885.69,3875.55,3879.57,62026225
2022-12-09T12:00:00Z,3879.57,3882.37,3868.65,3873.20,65578975
2022-12-09T13:00:00Z,3873.20,3874.02,3866.68,3870.22,75570322
2022-12-09T14:00:00Z,3870.22,3886.88,3866.32,3882.46,86860200
2022-12-09T15:00:00Z,3882.46,3888.05,3881.12,3884.40,63340945
2022-12-09T16:00:00Z,3884.40,3895.76,3882.66,3894.07,77676713
2022-12-09T17:00:00Z,3894.07,3899.04,3891.19,3895.42,61511445
2022-12-09T18:00:00Z,3895.42,3898.12,3894.03,3896.64,61474013
2022-12-09T19:00:00Z,3896.64,3908.34,3896.15,3906.83,76446571
2022-12-09T20:00:00Z,3906.83,3906.88,3892.63,3895.03,94013485
2022-12-09T21:00:00Z,3895.03,3900.05,3890.51,3897.36,74169396
2022-12-09T22:00:00Z,3897.36,3897.87,3884.02,3887.85,72210040
2022-12-09T23:00:00Z,3887.85,3893.01,3885.81,3892.07,68770794
2022-12-10T00:00:00Z,3892.07,3893.70,3891.05,3891.99,61580206
2022-12-10T01:00:00Z,3891.99,3893.54,3886.76,3890.39,60013658
2022-12-10T02:00:00Z,3890.39,3890.59,3885.57,3889.59,69265090
2022-12-10T03:00:00Z,3889.59,3892.74,3888.84,3892.14,68438628
2022-12-10T04:00:00Z,3892.14,3897.01,3892.10,3896.25,62203797
2022-12-10T05:00:00Z,3896.25,3899.32,3895.25,3896.69,68865839
2022-12-10T06:00:00Z,3896.69,3901.10,3890.87,3891.61,70949672
2022-12-10T07:00:00Z,3891.61,3894.32,3888.55,3892.55,58115374
2022-12-10T08:00:00Z,3892.55,3896.73,3892.50,3893.98,53374788
2022-12-10T09:00:00Z,3893.98,3903.83,3893.29,3900.47,81997523
2022-12-10T10:00:00Z,3900.47,3903.30,3893.98,3897.06,60429305
2022-12-10T11:00:00Z,3897.06,3900.96,3893.83,3900.51,73612427
2022-12-10T12:00:00Z,3900.51,3914.14,3898.09,3911.04,89525793
2022-12-10T13:00:00Z,3911.04,3911.36,3906.47,3909.81,68222526
2022-12-10T14:00:00Z,3909.81,3914.26,3902.05,3903.54,68847531
2022-12-10T15:00:00Z,3903.54,3908.87,3901.22,3906.12,67463546
2022-12-10T16:00:00Z,3906.12,3917.73,3905.49,3915.73,81953830
2022-12-10T17:00:00Z,3915.73,3918.10,3906.21,3910.45,73085727
2022-12-10T18:00:00Z,3910.45,3913.35,3909.95,3912.60,64981993
2022-12-10T19:00:00Z,3912.60,3923.75,3909.75,3920.56,69941596
2022-12-10T20:00:00Z,3920.56,3923.90,3919.79,3923.65,72108704
2022-12-10T21:00:00Z,3923.65,3924.82,3918.11,3919.26,77928604
2022-12-10T22:00:00Z,3919.26,3922.19,3917.69,3920.68,68085153
2022-12-10T23:00:00Z,3920.68,3924.45,3913.48,3914.71,73712406
2022-12-11T00:00:00Z,3914.71,3919.89,3913.60,3917.54,66358246
2022-12-11T01:00:00Z,3917.54,3921.88,3916.41,3917.51,53176080
2022-12-11T02:00:00Z,3917.51,3917.86,3905.19,3907.89,81088439
2022-12-11T03:00:00Z,3907.89,3909.22,3889.56,3892.85,84606949
2022-12-11T04:00:00Z,3892.85,3904.85,3890.99,3900.21,75768265
2022-12-11T05:00:00Z,3900.21,3902.40,3898.68,3899.35,67444194
2022-12-11T06:00:00Z,3899.35,3899.41,3896.69,3897.31,62341139
2022-12-11T07:00:00Z,3897.31,3897.61,3890.15,3893.70,75268916
2022-12-11T08:00:00Z,3893.70,3894.91,3885.00,3889.17,75233215
2022-12-11T09:00:00Z,3889.17,3891.47,3888.76,3889.87,66074687
2022-12-11T10:00:00Z,3889.87,3891.03,3875.21,3877.44,86308293
2022-12-11T11:00:00Z,3877.44,3878.03,3871.44,3875.67,66799668
2022-12-11T12:00:00Z,3875.67,3888.14,3874.18,3887.59,79016402
2022-12-11T13:00:00Z,3887.59,3889.68,3881.85,3881.90,66808304
2022-12-11T14:00:00Z,3881.90,3882.18,3877.20,3877.63,69202041
2022-12-11T15:00:00Z,3877.63,3879.78,3874.91,3879.66,73522108
2022-12-11T16:00:00Z,3879.66,3882.17,3879.29,3881.60,68679558
2022-12-11T17:00:00Z,3881.60,3883.86,3875.73,3877.92,59048997
2022-12-11T18:00:00Z,3877.92,3881.11,3873.94,3877.48,57668078
2022-12-11T19:00:00Z,3877.48,3880.41,3866.14,3870.18,66026844
2022-12-11T20:00:00Z,3870.18,3872.76,3868.82,3870.97,60141222
2022-12-11T21:00:00Z,3870.97,3871.76,3864.70,3865.12,74501078
2022-12-11T22:00:00Z,3865.12,3866.42,3857.74,3861.01,71576439
2022-12-11T23:00:00Z,3861.01,3865.33,3858.17,3864.95,65791672
2022-12-12T00:00:00Z,3864.95,3867.48,3854.81,3859.35,74654109
2022-12-12T01:00:00Z,3859.35,3862.25,3857.89,3859.34,50805001
2022-12-12T02:00:00Z,3859.34,3862.41,3851.76,3854.23,66982135
2022-12-12T03:00:00Z,3854.23,3865.97,3853.98,3862.19,76848985
2022-12-12T04:00:00Z,3862.19,3864.83,3853.77,3855.35,65838798
2022-12-12T05:00:00Z,3855.35,3857.18,3844.66,3847.11,79201271
2022-12-12T06:00:00Z,3847.11,3852.95,3846.39,3849.08,66775409
2022-12-12T07:00:00Z,3849.08,3851.01,3848.22,3850.59,64100247
2022-12-12T08:00:00Z,3850.59,3855.54,3848.21,3852.03,68953762
2022-12-12T09:00:00Z,3852.03,3857.19,3850.16,3856.46,75040444
2022-12-12T10:00:00Z,3856.46,3866.52,3853.35,3861.93,64908391
2022-12-12T11:00:00Z,3861.93,3867.46,3859.96,3864.21,59168537
2022-12-12T12:00:00Z,3864.21,3868.09,3859.69,3864.02,68437190
2022-12-12T13:00:00Z,3864.02,3870.34,3861.76,3869.72,62393156
2022-12-12T14:00:00Z,3869.72,3870.95,3868.88,3869.58,68897856
2022-12-12T15:00:00Z,3869.58,3883.91,3869.10,3882.83,88654579
2022-12-12T16:00:00Z,3882.83,3883.66,3874.71,3876.16,78866918
2022-12-12T17:00:00Z,3876.16,3879.43,3872.71,3875.14,67795996
2022-12-12T18:00:00Z,3875.14,3888.11,3874.11,3886.01,86500121
2022-12-12T19:00:00Z,3886.01,3892.09,3884.84,3891.40,79789246
2022-12-12T20:00:00Z,3891.40,3893.14,3887.92,3888.44,67266608
2022-12-12T21:00:00Z,3888.44,3888.84,3878.98,3880.02,75676517
2022-12-12T22:00:00Z,3880.02,3880.27,3873.18,3875.68,62828756
2022-12-12T23:00:00Z,3875.68,3877.17,3870.51,3872.31,70379006
2022-12-13T00:00:00Z,3872.31,3872.64,3868.20,3871.30,56430434
2022-12-13T01:00:00Z,3871.30,3873.26,3866.58,3867.18,63900291
2022-12-13T02:00:00Z,3867.18,3871.44,3852.16,3854.45,95130999
2022-12-13T03:00:00Z,3854.45,3856.58,3847.19,3850.56,61402711
2022-12-13T04:00:00Z,3850.56,3853.24,3845.81,3848.93,54184375
2022-12-13T05:00:00Z,3848.93,3853.41,3840.07,3844.31,60953477
2022-12-13T06:00:00Z,3844.31,3849.95,3839.80,3848.00,68140951
2022-12-13T07:00:00Z,3848.00,3851.23,3836.26,3836.92,84495970
2022-12-13T08:00:00Z,3836.92,3844.80,3836.00,3844.02,78060668
2022-12-13T09:00:00Z,3844.02,3845.77,3836.03,3839.73,61363068
2022-12-13T10:00:00Z,3839.73,3842.54,3835.54,3836.84,68228332
2022-12-13T11:00:00Z,3836.84,3838.75,3828.77,3832.74,62919466
2022-12-13T12:00:00Z,3832.74,3834.11,3825.31,3826.64,63671917
2022-12-13T13:00:00Z,3826.64,3828.55,3819.23,3819.89,71283096
2022-12-13T14:00:00Z,3819.89,3824.02,3808.33,3812.41,75378166
2022-12-13T15:00:00Z,3812.41,3812.74,3806.75,3808.50,74502667
2022-12-13T16:00:00Z,3808.50,3812.43,3802.24,3805.73,64983372
2022-12-13T17:00:00Z,3805.73,3807.61,3803.16,3805.48,57944589
2022-12-13T18:00:00Z,3805.48,3808.12,3800.70,3804.03,70132459
2022-12-13T19:00:00Z,3804.03,3808.59,3802.15,3805.61,72750113
2022-12-13T20:00:00Z,3805.61,3816.53,3804.15,3812.57,69842288
2022-12-13T21:00:00Z,3812.57,3817.05,3797.01,3801.28,82571562
2022-12-13T22:00:00Z,3801.28,3801.56,3798.62,3800.66,62582546
2022-12-13T23:00:00Z,3800.66,3805.50,3800.47,3801.15,68059018
2022-12-14T00:00:00Z,3801.15,3816.70,3799.39,3812.91,82163010
2022-12-14T01:00:00Z,3812.91,3813.80,3806.39,3810.05,59860668
2022-12-14T02:00:00Z,3810.05,3814.46,3802.58,3804.25,79131676
2022-12-14T03:00:00Z,3804.25,3806.16,3791.01,3792.55,80311511
2022-12-14T04:00:00Z,3792.55,3798.55,3790.99,3795.70,72530172
2022-12-14T05:00:00Z,3795.70,3803.49,3792.89,3802.15,65594301
2022-12-14T06:00:00Z,3802.15,3815.60,3798.84,3811.76,71483597
2022-12-14T07:00:00Z,3811.76,3814.40,3805.04,3807.99,76339817
2022-12-14T08:00:00Z,3807.99,3812.14,3807.37,3810.74,68228602
2022-12-14T09:00:00Z,3810.74,3815.28,3807.67,3812.77,54396824
2022-12-14T10:00:00Z,3812.77,3815.91,3809.45,3811.54,69819580
2022-12-14T11:00:00Z,3811.54,3819.91,3810.39,3816.63,74582598
2022-12-14T12:00:00Z,3816.63,3816.75,3809.47,3813.11,76906571
2022-12-14T13:00:00Z,3813.11,3823.11,3811.40,3821.78,70816950
2022-12-14T14:00:00Z,3821.78,3825.95,3817.98,3818.38,67263588
2022-12-14T15:00:00Z,3818.38,3822.75,3818.22,3818.58,50888583
2022-12-14T16:00:00Z,3818.58,3821.82,3816.77,3819.13,58384144
2022-12-14T17:00:00Z,3819.13,3822.02,3810.56,3814.40,62262855
2022-12-14T18:00:00Z,3814.40,3818.50,3810.53,3810.97,70028533
2022-12-14T19:00:00Z,3810.97,3812.37,3806.39,3809.38,68402183
2022-12-14T20:00:00Z,3809.38,3813.72,3806.75,3808.81,55799717
2022-12-14T21:00:00Z,3808.81,3812.15,3804.35,3809.53,59938776
2022-12-14T22:00:00Z,3809.53,3813.03,3801.65,3803.99,73502702
2022-12-14T23:00:00Z,3803.99,3808.02,3800.25,3807.24,73411418
2022-12-15T00:00:00Z,3807.24,3808.71,3806.98,3807.11,56154324
2022-12-15T01:00:00Z,3807.11,3810.23,3805.61,3806.54,65807251
2022-12-15T02:00:00Z,3806.54,3808.85,3805.37,3806.34,68743478
2022-12-15T03:00:00Z,3806.34,3809.44,3803.13,3809.39,71928883
2022-12-15T04:00:00Z,3809.39,3818.23,3808.32,3814.88,79825531
2022-12-15T05:00:00Z,3814.88,3817.88,3807.82,3808.93,80839207
2022-12-15T06:00:00Z,3808.93,3815.46,3805.70,3814.06,68998892
2022-12-15T07:00:00Z,3814.06,3818.32,3805.95,3809.65,68905672
2022-12-15T08:00:00Z,3809.65,3812.10,3808.06,3810.32,63095581
2022-12-15T09:00:00Z,3810.32,3814.85,3807.90,3814.45,76770093
2022-12-15T10:00:00Z,3814.45,3819.00,3813.23,3814.54,63286429
2022-12-15T11:00:00Z,3814.54,3817.15,3812.89,3816.00,68461007
2022-12-15T12:00:00Z,3816.00,3824.48,3815.12,3822.84,65141449
2022-12-15T13:00:00Z,3822.84,3831.52,3821.67,3828.30,67874978
2022-12-15T14:00:00Z,3828.30,3833.33,3825.77,3832.14,60656096
2022-12-15T15:00:00Z,3832.14,3835.77,3823.92,3828.17,76145391
2022-12-15T16:00:00Z,3828.17,3832.22,3816.23,3818.57,88524179
2022-12-15T17:00:00Z,3818.57,3821.50,3817.73,3821.40,65242728
2022-12-15T18:00:00Z,3821.40,3825.90,3811.86,3814.94,63745910
2022-12-15T19:00:00Z,3814.94,3818.56,3811.87,3814.59,66179176
2022-12-15T20:00:00Z,3814.59,3818.01,3802.27,3805.32,83852888
2022-12-15T21:00:00Z,3805.32,3807.62,3788.08,3790.87,86201822
2022-12-15T22:00:00Z,3790.87,3793.39,3783.21,3783.75,65646620
2022-12-15T23:00:00Z,3783.75,3786.16,3780.19,3780.23,66017245
2022-12-16T00:00:00Z,3780.23,3783.11,3774.40,3775.00,67249872
2022-12-16T01:00:00Z,3775.00,3778.46,3771.98,3777.58,69702968
2022-12-16T02:00:00Z,3777.58,3781.35,3776.57,3778.22,55184259
2022-12-16T03:00:00Z,3778.22,3778.69,3768.74,3771.56,64946995
2022-12-16T04:00:00Z,3771.56,3773.05,3766.51,3769.16,55982840
2022-12-16T05:00:00Z,3769.16,3773.63,3763.41,3764.93,74861857
2022-12-16T06:00:00Z,3764.93,3770.39,3762.53,3769.53,68833288
2022-12-16T07:00:00Z,3769.53,3774.10,3768.40,3771.68,64764577
2022-12-16T08:00:00Z,3771.68,3772.32,3766.92,3768.81,74628802
2022-12-16T09:00:00Z,3768.81,3782.45,3765.63,3781.56,81904626
2022-12-16T10:00:00Z,3781.56,3785.80,3772.96,3776.14,74309009
2022-12-16T11:00:00Z,3776.14,3778.50,3774.50,3776.09,64970232
2022-12-16T12:00:00Z,3776.09,3783.16,3772.17,3782.10,68924946
2022-12-16T13:00:00Z,3782.10,3785.31,3780.04,3783.16,69990256
2022-12-16T14:00:00Z,3783.16,3789.48,3780.33,3787.20,74106801
2022-12-16T15:00:00Z,3787.20,3787.48,3781.53,3785.08,65904655
2022-12-16T16:00:00Z,3785.08,3791.68,3783.21,3791.58,80900806
2022-12-16T17:00:00Z,3791.58,3793.33,3784.74,3787.73,64322924
2022-12-16T18:00:00Z,3787.73,3791.91,3780.06,3784.52,68811059
2022-12-16T19:00:00Z,3784.52,3789.75,3782.60,3786.51,69801618
2022-12-16T20:00:00Z,3786.51,3801.78,3783.22,3798.36,92307429
2022-12-16T21:00:00Z,3798.36,3798.80,3792.46,3796.49,54870274
2022-12-16T22:00:00Z,3796.49,3799.11,3796.20,3798.32,71419636
2022-12-16T23:00:00Z,3798.32,3798.65,3791.03,3794.47,75498818
2022-12-17T00:00:00Z,3794.47,3795.60,3790.02,3795.30,61202260
2022-12-17T01:00:00Z,3795.30,3802.07,3791.91,3799.59,63597071
2022-12-17T02:00:00Z,3799.59,3799.84,3797.24,3798.02,72784907
2022-12-17T03:00:00Z,3798.02,3801.77,3793.68,3801.20,59634522
2022-12-17T04:00:00Z,3801.20,3804.94,3797.51,3798.64,63957681
2022-12-17T05:00:00Z,3798.64,3806.43,3798.20,3802.29,58900227
2022-12-17T06:00:00Z,3802.29,3807.14,3799.80,3803.92,62202996
2022-12-17T07:00:00Z,3803.92,3812.61,3800.09,3808.37,69490501
2022-12-17T08:00:00Z,3808.37,3810.04,3800.21,3800.77,67431266
2022-12-17T09:00:00Z,3800.77,3804.38,3796.14,3798.13,68964404
2022-12-17T10:00:00Z,3798.13,3810.26,3794.65,3807.58,86059295
2022-12-17T11:00:00Z,3807.58,3809.10,3799.39,3803.06,60446198
2022-12-17T12:00:00Z,3803.06,3803.37,3798.10,3799.69,60496089
2022-12-17T13:00:00Z,3799.69,3811.38,3798.30,3808.15,85507645
2022-12-17T14:00:00Z,3808.15,3814.12,3806.40,3809.94,54339390
2022-12-17T15:00:00Z,3809.94,3816.94,3809.17,3813.43,75343281
2022-12-17T16:00:00Z,3813.43,3816.61,3811.70,3814.78,71925901
2022-12-17T17:00:00Z,3814.78,3816.81,3810.13,3812.24,62626762
2022-12-17T18:00:00Z,3812.24,3818.79,3811.73,3815.55,61185485
2022-12-17T19:00:00Z,3815.55,3823.63,3814.71,3821.31,81660079
2022-12-17T20:00:00Z,3821.31,3823.44,3811.85,3813.14,81042011
2022-12-17T21:00:00Z,3813.14,3815.84,3810.91,3813.67,57718719
2022-12-17T22:00:00Z,3813.67,3815.40,3803.90,3807.94,66078636
2022-12-17T23:00:00Z,3807.94,3812.48,3806.58,3808.10,55035586
2022-12-18T00:00:00Z,3808.10,3816.14,3803.68,3815.07,79087954
2022-12-18T01:00:00Z,3815.07,3822.98,3812.75,3819.30,74273035
2022-12-18T02:00:00Z,3819.30,3819.89,3806.85,3811.18,71107531
2022-12-18T03:00:00Z,3811.18,3813.01,3807.93,3808.77,69892171
2022-12-18T04:00:00Z,3808.77,3809.95,3806.54,3808.95,66594413
2022-12-18T05:00:00Z,3808.95,3821.94,3804.93,3818.38,87978265
2022-12-18T06:00:00Z,3818.38,3819.12,3814.15,3814.19,59487617
2022-12-18T07:00:00Z,3814.19,3818.31,3811.43,3816.57,70412078
2022-12-18T08:00:00Z,3816.57,3822.36,3813.52,3820.75,66227172
2022-12-18T09:00:00Z,3820.75,3839.13,3816.64,3835.73,86720678
2022-12-18T10:00:00Z,3835.73,3839.35,3833.26,3835.92,66777492
2022-12-18T11:00:00Z,3835.92,3839.58,3828.40,3831.13,77603236
2022-12-18T12:00:00Z,3831.13,3837.56,3830.87,3835.90,74482073
2022-12-18T13:00:00Z,3835.90,3841.75,3834.23,3838.48,59554396
2022-12-18T14:00:00Z,3838.48,3850.24,3837.11,3846.67,74701009
2022-12-18T15:00:00Z,3846.67,3852.78,3845.18,3850.50,63216948
2022-12-18T16:00:00Z,3850.50,3854.00,3846.53,3852.74,64034751
2022-12-18T17:00:00Z,3852.74,3853.08,3847.85,3850.87,70528720
2022-12-18T18:00:00Z,3850.87,3852.57,3845.90,3848.16,66548173
2022-12-18T19:00:00Z,3848.16,3849.65,3843.81,3847.65,55278966
2022-12-18T20:00:00Z,3847.65,3856.99,3843.74,3854.02,76618278
2022-12-18T21:00:00Z,3854.02,3855.45,3839.31,3840.65,89447430
2022-12-18T22:00:00Z,3840.65,3844.40,3840.09,3843.86,63992600
2022-12-18T23:00:00Z,3843.86,3848.10,3836.63,3839.30,67542810
2022-12-19T00:00:00Z,3839.30,3841.08,3836.35,3837.40,56467152
2022-12-19T01:00:00Z,3837.40,3839.62,3836.94,3837.89,55163209
2022-12-19T02:00:00Z,3837.89,3848.15,3835.13,3844.12,64485903
2022-12-19T03:00:00Z,3844.12,3845.45,3839.21,3840.14,65280075
2022-12-19T04:00:00Z,3840.14,3843.41,3831.68,3834.31,76541576
2022-12-19T05:00:00Z,3834.31,3835.41,3831.96,3832.26,62302616
2022-12-19T06:00:00Z,3832.26,3836.25,3826.96,3831.39,64278429
2022-12-19T07:00:00Z,3831.39,3833.04,3827.24,3832.18,66207586
2022-12-19T08:00:00Z,3832.18,3833.21,3827.17,3830.36,61205866
2022-12-19T09:00:00Z,3830.36,3833.72,3826.34,3827.57,61279217
2022-12-19T10:00:00Z,3827.57,3828.21,3819.92,3820.72,83331980
2022-12-19T11:00:00Z,3820.72,3823.32,3810.73,3813.30,70549792
2022-12-19T12:00:00Z,3813.30,3828.81,3812.62,3825.43,82728013
2022-12-19T13:00:00Z,3825.43,3828.03,3818.78,3818.94,74564178
2022-12-19T14:00:00Z,3818.94,3823.04,3806.99,3808.76,76472381
2022-12-19T15:00:00Z,3808.76,3812.08,3795.90,3797.76,91678504
2022-12-19T16:00:00Z,3797.76,3800.42,3793.98,3796.40,70641872
2022-12-19T17:00:00Z,3796.40,3803.34,3795.33,3799.22,67031263
2022-12-19T18:00:00Z,3799.22,3805.72,3795.35,3804.45,68790487
2022-12-19T19:00:00Z,3804.45,3806.02,3795.59,3799.22,79175676
2022-12-19T20:00:00Z,3799.22,3805.54,3795.12,3803.48,72465301
2022-12-19T21:00:00Z,3803.48,3805.83,3799.06,3802.25,72406420
2022-12-19T22:00:00Z,3802.25,3802.34,3794.11,3795.76,71941081
2022-12-19T23:00:00Z,3795.76,3800.18,3789.14,3790.82,66614444
2022-12-20T00:00:00Z,3790.82,3792.03,3786.06,3788.93,67295483
2022-12-20T01:00:00Z,3788.93,3794.78,3788.20,3791.07,59556143
2022-12-20T02:00:00Z,3791.07,3796.73,3787.68,3795.55,68898502
2022-12-20T03:00:00Z,3795.55,3798.19,3792.84,3797.37,72766773
2022-12-20T04:00:00Z,3797.37,3805.51,3796.51,3801.37,70233250
2022-12-20T05:00:00Z,3801.37,3805.84,3795.46,3799.38,61661313
2022-12-20T06:00:00Z,3799.38,3802.62,3791.46,3794.28,74252687
2022-12-20T07:00:00Z,3794.28,3794.95,3783.36,3785.19,80302037
2022-12-20T08:00:00Z,3785.19,3789.08,3783.19,3788.66,71344495
2022-12-20T09:00:00Z,3788.66,3789.87,3784.40,3787.06,59735538
2022-12-20T10:00:00Z,3787.06,3791.17,3782.49,3784.15,74103287
2022-12-20T11:00:00Z,3784.15,3788.10,3780.42,3785.00,71266992
2022-12-20T12:00:00Z,3785.00,3785.79,3780.93,3785.79,65486130
2022-12-20T13:00:00Z,3785.79,3789.62,3778.91,3779.95,73579978
2022-12-20T14:00:00Z,3779.95,3786.86,3777.76,3786.03,78333787
2022-12-20T15:00:00Z,3786.03,3800.06,3782.17,3799.47,97445989
2022-12-20T16:00:00Z,3799.47,3810.54,3798.69,3807.34,72273422
2022-12-20T17:00:00Z,3807.34,3811.85,3794.89,3796.70,81679638
2022-12-20T18:00:00Z,3796.70,3801.95,3795.31,3801.37,71273890
2022-12-20T19:00:00Z,3801.37,3805.05,3798.30,3802.10,68827568
2022-12-20T20:00:00Z,3802.10,3810.85,3798.27,3806.90,74244611
2022-12-20T21:00:00Z,3806.90,3809.83,3795.50,3797.84,72116669
2022-12-20T22:00:00Z,3797.84,3803.55,3795.20,3801.26,58036553
2022-12-20T23:00:00Z,3801.26,3807.22,3800.50,3806.84,68848007
2022-12-21T00:00:00Z,3806.84,3818.13,3804.55,3813.79,77877261
2022-12-21T01:00:00Z,3813.79,3817.68,3812.90,3814.00,53734805
2022-12-21T02:00:00Z,3814.00,3823.28,3811.06,3821.87,71526485
2022-12-21T03:00:00Z,3821.87,3822.43,3819.52,3819.98,65760374
2022-12-21T04:00:00Z,3819.98,3821.52,3817.42,3820.37,56411239
2022-12-21T05:00:00Z,3820.37,3821.13,3812.77,3816.16,76751247
2022-12-21T06:00:00Z,3816.16,3819.30,3813.76,3818.28,63036488
2022-12-21T07:00:00Z,3818.28,3819.55,3815.87,3818.87,71082068
2022-12-21T08:00:00Z,3818.87,3830.41,3817.45,3827.60,83796266
2022-12-21T09:00:00Z,3827.60,3834.62,3826.14,3832.94,80906944
2022-12-21T10:00:00Z,3832.94,3833.11,3830.07,3831.51,64095987
2022-12-21T11:00:00Z,3831.51,3835.77,3828.07,3830.22,69820954
2022-12-21T12:00:00Z,3830.22,3830.47,3826.57,3826.62,65018634
2022-12-21T13:00:00Z,3826.62,3831.13,3824.34,3826.86,53969932
2022-12-21T14:00:00Z,3826.86,3830.95,3824.27,3827.23,59670507
2022-12-21T15:00:00Z,3827.23,3836.87,3824.51,3836.55,72515022
2022-12-21T16:00:00Z,3836.55,3839.93,3827.12,3829.46,70879954
2022-12-21T17:00:00Z,3829.46,3829.58,3815.57,3816.76,91919125
2022-12-21T18:00:00Z,3816.76,3828.54,3816.31,3828.53,93062862
2022-12-21T19:00:00Z,3828.53,3831.70,3822.58,3823.45,68840462
2022-12-21T20:00:00Z,3823.45,3827.91,3814.59,3815.40,74824297
2022-12-21T21:00:00Z,3815.40,3819.43,3810.33,3811.73,70650295
2022-12-21T22:00:00Z,3811.73,3821.83,3807.69,3819.41,78759104
2022-12-21T23:00:00Z,3819.41,3820.86,3814.21,3816.85,61972733
2022-12-22T00:00:00Z,3816.85,3821.66,3813.56,3819.34,63151268
2022-12-22T01:00:00Z,3819.34,3831.17,3816.53,3828.35,76148276
2022-12-22T02:00:00Z,3828.35,3830.84,3823.13,3825.81,62210660
2022-12-22T03:00:00Z,3825.81,3830.05,3820.80,3822.98,57701810
2022-12-22T04:00:00Z,3822.98,3827.77,3819.37,3827.09,74976899
2022-12-22T05:00:00Z,3827.09,3829.49,3824.61,3825.65,58264996
2022-12-22T06:00:00Z,3825.65,3829.17,3814.82,3817.55,74741852
2022-12-22T07:00:00Z,3817.55,3821.48,3814.39,3816.44,71166561
2022-12-22T08:00:00Z,3816.44,3820.31,3814.96,3817.15,58616200
2022-12-22T09:00:00Z,3817.15,3822.57,3815.66,3818.87,69864714
2022-12-22T10:00:00Z,3818.87,3823.11,3814.77,3815.19,70961011
2022-12-22T11:00:00Z,3815.19,3820.62,3810.87,3820.15,75755274
2022-12-22T12:00:00Z,3820.15,3826.00,3816.79,3823.72,75900544
2022-12-22T13:00:00Z,3823.72,3828.60,3819.30,3827.93,74325812
2022-12-22T14:00:00Z,3827.93,3840.23,3824.22,3837.84,86555801
2022-12-22T15:00:00Z,3837.84,3839.50,3833.67,3837.65,67804806
2022-12-22T16:00:00Z,3837.65,3841.91,3833.96,3841.85,76626610
2022-12-22T17:00:00Z,3841.85,3842.93,3825.04,3829.05,92552427
2022-12-22T18:00:00Z,3829.05,3842.45,3825.81,3841.38,95039035
2022-12-22T19:00:00Z,3841.38,3848.62,3836.91,3844.66,72140691
2022-12-22T20:00:00Z,3844.66,3848.67,3838.97,3843.06,72672557
2022-12-22T21:00:00Z,3843.06,3851.44,3840.79,3851.20,80143267
2022-12-22T22:00:00Z,3851.20,3859.30,3847.69,3857.15,68561292
2022-12-22T23:00:00Z,3857.15,3860.98,3851.77,3853.93,67413725
2022-12-23T00:00:00Z,3853.93,3858.55,3852.94,3857.52,74061465
2022-12-23T01:00:00Z,3857.52,3861.58,3851.25,3852.89,74081316
2022-12-23T02:00:00Z,3852.89,3869.15,3848.69,3866.83,96792319
2022-12-23T03:00:00Z,3866.83,3869.92,3858.03,3858.84,82968784
2022-12-23T04:00:00Z,3858.84,3870.45,3855.19,3868.38,83737467
2022-12-23T05:00:00Z,3868.38,3871.94,3852.94,3855.61,96351515
2022-12-23T06:00:00Z,3855.61,3860.13,3843.76,3846.17,75859801
2022-12-23T07:00:00Z,3846.17,3850.44,3842.50,3844.70,56462110
2022-12-23T08:00:00Z,3844.70,3846.92,3843.05,3843.92,52183486
2022-12-23T09:00:00Z,3843.92,3845.44,3834.33,3834.41,70470972
2022-12-23T10:00:00Z,3834.41,3844.90,3832.61,3843.38,72906475
2022-12-23T11:00:00Z,3843.38,3850.68,3842.04,3846.17,71647734
2022-12-23T12:00:00Z,3846.17,3854.49,3845.66,3853.19,74539939
2022-12-23T13:00:00Z,3853.19,3857.18,3845.41,3848.42,71134002
2022-12-23T14:00:00Z,3848.42,3849.42,3830.70,3834.70,93936164
2022-12-23T15:00:00Z,3834.70,3838.00,3826.61,3827.53,79856396
2022-12-23T16:00:00Z,3827.53,3838.59,3823.52,3836.38,87635294
2022-12-23T17:00:00Z,3836.38,3840.58,3831.20,3831.55,74945068
2022-12-23T18:00:00Z,3831.55,3838.81,3829.41,3836.67,73379030
2022-12-23T19:00:00Z,3836.67,3842.51,3833.05,3841.82,70119109
2022-12-23T20:00:00Z,3841.82,3850.89,3837.98,3846.84,64544312
2022-12-23T21:00:00Z,3846.84,3848.77,3840.29,3841.89,62071982
2022-12-23T22:00:00Z,3841.89,3842.81,3828.02,3828.98,80950291
2022-12-23T23:00:00Z,3828.98,3831.74,3825.49,3829.24,62700371
2022-12-24T00:00:00Z,3829.24,3838.51,3828.15,3837.48,68728968
2022-12-24T01:00:00Z,3837.48,3839.95,3828.98,3830.49,72784886
2022-12-24T02:00:00Z,3830.49,3841.13,3829.15,3838.09,70468209
2022-12-24T03:00:00Z,3838.09,3838.22,3835.80,3837.79,64612002
2022-12-24T04:00:00Z,3837.79,3844.39,3837.07,3841.55,59772291
2022-12-24T05:00:00Z,3841.55,3842.86,3835.35,3837.88,62710916
2022-12-24T06:00:00Z,3837.88,3841.90,3833.35,3840.19,66453487
2022-12-24T07:00:00Z,3840.19,3843.43,3830.43,3833.35,71058402
2022-12-24T08:00:00Z,3833.35,3835.86,3830.98,3831.00,55067994
2022-12-24T09:00:00Z,3831.00,3833.60,3826.04,3830.15,58501349
2022-12-24T10:00:00Z,3830.15,3831.21,3827.05,3829.83,53608975
2022-12-24T11:00:00Z,3829.83,3831.16,3819.94,3822.61,67343107
2022-12-24T12:00:00Z,3822.61,3823.53,3805.90,3807.15,83701016
2022-12-24T13:00:00Z,3807.15,3807.62,3796.70,3800.23,73538018
2022-12-24T14:00:00Z,3800.23,3800.65,3797.91,3800.51,62053697
2022-12-24T15:00:00Z,3800.51,3812.72,3798.33,3808.63,84768789
2022-12-24T16:00:00Z,3808.63,3813.18,3808.00,3812.49,70759569
2022-12-24T17:00:00Z,3812.49,3817.04,3811.01,3814.32,62767427
2022-12-24T18:00:00Z,3814.32,3816.79,3813.25,3815.57,61904421
2022-12-24T19:00:00Z,3815.57,3820.08,3812.72,3817.18,70182341
2022-12-24T20:00:00Z,3817.18,3821.09,3807.21,3811.51,73260195
2022-12-24T21:00:00Z,3811.51,3812.44,3801.05,3804.31,77504033
2022-12-24T22:00:00Z,3804.31,3816.05,3802.33,3813.87,78900428
2022-12-24T23:00:00Z,3813.87,3819.92,3809.87,3818.49,64381218
2022-12-25T00:00:00Z,3818.49,3821.11,3809.45,3812.16,81021803
2022-12-25T01:00:00Z,3812.16,3813.71,3807.99,3810.33,68085078
2022-12-25T02:00:00Z,3810.33,3813.58,3803.61,3805.26,69582802
2022-12-25T03:00:00Z,3805.26,3805.80,3796.35,3799.67,70793186
2022-12-25T04:00:00Z,3799.67,3803.60,3795.04,3796.25,68953657
2022-12-25T05:00:00Z,3796.25,3803.48,3793.19,3798.99,64689659
2022-12-25T06:00:00Z,3798.99,3801.57,3797.16,3797.42,58129983
2022-12-25T07:00:00Z,3797.42,3798.59,3788.74,3793.15,76814612
2022-12-25T08:00:00Z,3793.15,3803.76,3791.70,3803.28,73636660
2022-12-25T09:00:00Z,3803.28,3811.70,3801.18,3809.06,72013957
2022-12-25T10:00:00Z,3809.06,3813.32,3799.26,3802.99,68666574
2022-12-25T11:00:00Z,3802.99,3806.86,3791.06,3795.26,83206910
2022-12-25T12:00:00Z,3795.26,3798.93,3790.98,3793.61,71867324
2022-12-25T13:00:00Z,3793.61,3799.67,3793.52,3798.12,69072834
2022-12-25T14:00:00Z,3798.12,3799.37,3793.48,3797.30,70268900
2022-12-25T15:00:00Z,3797.30,3798.15,3792.08,3794.84,63868283
2022-12-25T16:00:00Z,3794.84,3807.35,3792.61,3806.59,79023907
2022-12-25T17:00:00Z,3806.59,3819.55,3803.57,3817.20,77698633
2022-12-25T18:00:00Z,3817.20,3818.62,3807.75,3810.17,64944994
2022-12-25T19:00:00Z,3810.17,3822.45,3808.20,3819.24,76682462
2022-12-25T20:00:00Z,3819.24,3829.11,3818.40,3826.32,82643556
2022-12-25T21:00:00Z,3826.32,3829.14,3823.79,3827.61,62380383
2022-12-25T22:00:00Z,3827.61,3830.91,3825.64,3828.04,53463109
2022-12-25T23:00:00Z,3828.04,3829.59,3823.30,3825.95,59412314
2022-12-26T00:00:00Z,3825.95,3833.29,3823.78,3832.62,64802397
2022-12-26T01:00:00Z,3832.62,3836.90,3824.22,3824.73,81766727
2022-12-26T02:00:00Z,3824.73,3829.93,3821.56,3828.17,76025335
2022-12-26T03:00:00Z,3828.17,3832.01,3827.16,3831.61,67431353
2022-12-26T04:00:00Z,3831.61,3836.58,3828.92,3833.76,60659527
2022-12-26T05:00:00Z,3833.76,3838.28,3833.67,3835.07,67129580
2022-12-26T06:00:00Z,3835.07,3843.94,3834.11,3840.25,80654418
2022-12-26T07:00:00Z,3840.25,3844.27,3826.75,3831.14,74547060
2022-12-26T08:00:00Z,3831.14,3838.76,3829.52,3836.50,75891692
2022-12-26T09:00:00Z,3836.50,3837.69,3829.95,3833.91,65422954
2022-12-26T10:00:00Z,3833.91,3836.91,3823.94,3825.86,73319887
2022-12-26T11:00:00Z,3825.86,3827.35,3819.20,3821.16,73410192
2022-12-26T12:00:00Z,3821.16,3825.65,3819.63,3820.78,56691716
2022-12-26T13:00:00Z,3820.78,3830.47,3816.75,3827.29,66082809
2022-12-26T14:00:00Z,3827.29,3830.09,3825.99,3828.76,62680134
2022-12-26T15:00:00Z,3828.76,3832.10,3828.64,3831.78,58747723
2022-12-26T16:00:00Z,3831.78,3833.95,3821.11,3821.76,85222431
2022-12-26T17:00:00Z,3821.76,3824.85,3815.32,3818.77,75435461
2022-12-26T18:00:00Z,3818.77,3822.07,3817.94,3819.63,68227171
2022-12-26T19:00:00Z,3819.63,3823.75,3811.14,3814.74,76245998
2022-12-26T20:00:00Z,3814.74,3830.29,3812.85,3826.04,87336728
2022-12-26T21:00:00Z,3826.04,3829.29,3822.54,3823.20,59133687
2022-12-26T22:00:00Z,3823.20,3836.74,3821.12,3834.15,81109286
2022-12-26T23:00:00Z,3834.15,3841.35,3834.03,3837.39,58867968
2022-12-27T00:00:00Z,3837.39,3840.28,3829.89,3833.25,66858624
2022-12-27T01:00:00Z,3833.25,3836.81,3820.31,3824.03,69869074
2022-12-27T02:00:00Z,3824.03,3829.41,3822.43,3827.21,68432990
2022-12-27T03:00:00Z,3827.21,3827.89,3824.18,3827.07,64883428
2022-12-27T04:00:00Z,3827.07,3832.60,3822.92,3828.42,72376082
2022-12-27T05:00:00Z,3828.42,3830.74,3821.51,3821.65,81639938
2022-12-27T06:00:00Z,3821.65,3823.34,3818.42,3818.80,68841887
2022-12-27T07:00:00Z,3818.80,3819.86,3812.97,3816.96,61135554
2022-12-27T08:00:00Z,3816.96,3820.74,3815.11,3818.65,68522658
2022-12-27T09:00:00Z,3818.65,3820.25,3812.27,3813.84,62606328
2022-12-27T10:00:00Z,3813.84,3829.09,3810.85,3826.49,85638628
2022-12-27T11:00:00Z,3826.49,3830.62,3826.08,3827.09,65465794
2022-12-27T12:00:00Z,3827.09,3830.57,3818.65,3821.39,70940632
2022-12-27T13:00:00Z,3821.39,3824.16,3818.08,3818.39,75739323
2022-12-27T14:00:00Z,3818.39,3821.76,3816.38,3818.86,55662178
2022-12-27T15:00:00Z,3818.86,3819.07,3810.71,3813.21,77840862
2022-12-27T16:00:00Z,3813.21,3816.43,3808.40,3812.47,61580596
2022-12-27T17:00:00Z,3812.47,3817.34,3808.45,3816.07,58710659
2022-12-27T18:00:00Z,3816.07,3826.29,3813.83,3823.39,83347276
2022-12-27T19:00:00Z,3823.39,3825.91,3818.20,3820.28,65492822
2022-12-27T20:00:00Z,3820.28,3822.34,3812.65,3812.90,68913193
2022-12-27T21:00:00Z,3812.90,3814.56,3810.74,3811.37,63818983
2022-12-27T22:00:00Z,3811.37,3813.66,3811.16,3812.13,63371514
2022-12-27T23:00:00Z,3812.13,3815.95,3808.91,3813.72,60427943
2022-12-28T00:00:00Z,3813.72,3814.59,3804.82,3807.37,82607549
2022-12-28T01:00:00Z,3807.37,3809.54,3803.41,3809.13,70484687
2022-12-28T02:00:00Z,3809.13,3812.83,3797.55,3799.69,82187680
2022-12-28T03:00:00Z,3799.69,3803.26,3794.82,3795.32,71495620
2022-12-28T04:00:00Z,3795.32,3798.01,3789.74,3792.19,59444796
2022-12-28T05:00:00Z,3792.19,3799.21,3788.19,3795.78,76553407
2022-12-28T06:00:00Z,3795.78,3801.62,3792.97,3797.87,57412609
2022-12-28T07:00:00Z,3797.87,3799.20,3792.27,3794.25,75610766
2022-12-28T08:00:00Z,3794.25,3796.18,3789.97,3791.63,58000320
2022-12-28T09:00:00Z,3791.63,3795.98,3789.80,3793.86,73555237
2022-12-28T10:00:00Z,3793.86,3794.88,3782.92,3786.50,77825295
2022-12-28T11:00:00Z,3786.50,3796.44,3782.60,3792.67,69005524
2022-12-28T12:00:00Z,3792.67,3797.78,3788.45,3795.76,60432780
2022-12-28T13:00:00Z,3795.76,3798.36,3785.63,3789.95,69623675
2022-12-28T14:00:00Z,3789.95,3796.71,3787.75,3793.55,60169951
2022-12-28T15:00:00Z,3793.55,3797.00,3790.10,3791.21,62599441
2022-12-28T16:00:00Z,3791.21,3800.38,3787.95,3796.56,66184017
2022-12-28T17:00:00Z,3796.56,3798.50,3794.42,3797.33,60817796
2022-12-28T18:00:00Z,3797.33,3804.17,3795.64,3799.68,71043013
2022-12-28T19:00:00Z,3799.68,3803.76,3798.48,3803.54,73049511
2022-12-28T20:00:00Z,3803.54,3812.98,3799.49,3809.33,76986749
2022-12-28T21:00:00Z,3809.33,3811.38,3804.07,3806.31,73185341
2022-12-28T22:00:00Z,3806.31,3810.09,3800.85,3803.98,73124671
2022-12-28T23:00:00Z,3803.98,3804.12,3797.78,3800.03,70379777
2022-12-29T00:00:00Z,3800.03,3806.91,3798.19,3805.64,80113467
2022-12-29T01:00:00Z,3805.64,3807.90,3799.71,3804.12,73094615
2022-12-29T02:00:00Z,3804.12,3806.60,3800.54,3806.18,63085692
2022-12-29T03:00:00Z,3806.18,3825.56,3802.46,3821.30,96074436
2022-12-29T04:00:00Z,3821.30,3828.07,3818.49,3825.77,67620343
2022-12-29T05:00:00Z,3825.77,3827.16,3820.19,3821.44,64757944
2022-12-29T06:00:00Z,3821.44,3836.97,3818.88,3832.41,92319684
2022-12-29T07:00:00Z,3832.41,3838.52,3829.53,3834.50,66862630
2022-12-29T08:00:00Z,3834.50,3838.46,3819.43,3822.25,88717642
2022-12-29T09:00:00Z,3822.25,3822.30,3816.96,3818.05,61799084
2022-12-29T10:00:00Z,3818.05,3825.03,3817.16,3820.83,69520386
2022-12-29T11:00:00Z,3820.83,3824.32,3806.41,3809.20,91034511
2022-12-29T12:00:00Z,3809.20,3817.00,3806.24,3815.72,73314830
2022-12-29T13:00:00Z,3815.72,3816.87,3806.17,3809.52,64144333
2022-12-29T14:00:00Z,3809.52,3812.61,3791.58,3794.94,83495025
2022-12-29T15:00:00Z,3794.94,3801.21,3794.00,3800.91,75983156
2022-12-29T16:00:00Z,3800.91,3807.36,3797.67,3805.85,69931255
2022-12-29T17:00:00Z,3805.85,3813.67,3805.51,3812.74,81438935
2022-12-29T18:00:00Z,3812.74,3825.07,3811.12,3822.47,85505518
2022-12-29T19:00:00Z,3822.47,3832.36,3819.72,3830.02,76298800
2022-12-29T20:00:00Z,3830.02,3841.02,3828.17,3838.11,74320014
2022-12-29T21:00:00Z,3838.11,3848.43,3834.10,3844.77,82264413
2022-12-29T22:00:00Z,3844.77,3848.38,3839.59,3840.52,71118568
2022-12-29T23:00:00Z,3840.52,3851.95,3837.41,3848.03,82558822
2022-12-30T00:00:00Z,3848.03,3849.43,3844.99,3846.16,73096536
2022-12-30T01:00:00Z,3846.16,3855.08,3845.64,3850.55,73380124
2022-12-30T02:00:00Z,3850.55,3852.96,3843.82,3847.57,64571496
2022-12-30T03:00:00Z,3847.57,3853.46,3843.45,3852.27,63528288
2022-12-30T04:00:00Z,3852.27,3859.73,3848.02,3857.87,75379421
2022-12-30T05:00:00Z,3857.87,3859.35,3851.35,3852.14,81545477
2022-12-30T06:00:00Z,3852.14,3855.89,3850.94,3851.29,60911742
2022-12-30T07:00:00Z,3851.29,3851.88,3846.78,3847.20,61867197
2022-12-30T08:00:00Z,3847.20,3849.89,3843.38,3845.40,72633723
2022-12-30T09:00:00Z,3845.40,3851.07,3845.12,3848.85,59519180
2022-12-30T10:00:00Z,3848.85,3849.66,3840.07,3842.77,73424472
2022-12-30T11:00:00Z,3842.77,3847.27,3834.62,3836.61,65183359
2022-12-30T12:00:00Z,3836.61,3838.67,3830.15,3831.88,65084879
2022-12-30T13:00:00Z,3831.88,3834.23,3831.54,3832.46,63742589
2022-12-30T14:00:00Z,3832.46,3832.58,3827.71,3828.85,61869765
2022-12-30T15:00:00Z,3828.85,3832.43,3824.30,3824.31,68536829
2022-12-30T16:00:00Z,3824.31,3827.44,3817.38,3817.96,73794285
2022-12-30T17:00:00Z,3817.96,3830.06,3817.66,3825.61,84982680
2022-12-30T18:00:00Z,3825.61,3827.59,3822.69,3823.47,65258708
2022-12-30T19:00:00Z,3823.47,3826.62,3815.37,3818.37,80537461
2022-12-30T20:00:00Z,3818.37,3818.74,3814.01,3817.31,61542788
2022-12-30T21:00:00Z,3817.31,3818.88,3809.00,3810.88,77800748
2022-12-30T22:00:00Z,3810.88,3814.89,3808.10,3812.30,64667604
2022-12-30T23:00:00Z,3812.30,3814.56,3807.67,3810.77,62540385
2022-12-31T00:00:00Z,3810.77,3815.02,3807.70,3813.02,71559748
2022-12-31T01:00:00Z,3813.02,3814.97,3807.41,3809.98,63369446
2022-12-31T02:00:00Z,3809.98,3811.57,3803.76,3804.38,62011712
2022-12-31T03:00:00Z,3804.38,3816.08,3803.22,3813.61,86782765
2022-12-31T04:00:00Z,3813.61,3825.96,3810.65,3821.56,68419362
2022-12-31T05:00:00Z,3821.56,3822.64,3813.76,3816.64,63813908
2022-12-31T06:00:00Z,3816.64,3820.41,3815.83,3816.53,65583559
2022-12-31T07:00:00Z,3816.53,3821.19,3815.01,3820.33,70475944
2022-12-31T08:00:00Z,3820.33,3824.82,3813.51,3817.67,59884204
2022-12-31T09:00:00Z,3817.67,3818.66,3808.89,3812.27,75088225
2022-12-31T10:00:00Z,3812.27,3814.65,3809.47,3810.98,62079533
2022-12-31T11:00:00Z,3810.98,3811.69,3807.26,3810.14,59663109
2022-12-31T12:00:00Z,3810.14,3810.75,3798.93,3800.79,77123400
2022-12-31T13:00:00Z,3800.79,3804.60,3796.77,3797.14,59068741
2022-12-31T14:00:00Z,3797.14,3801.45,3793.11,3795.29,56866425
2022-12-31T15:00:00Z,3795.29,3798.52,3789.80,3791.74,59770658
2022-12-31T16:00:00Z,3791.74,3794.71,3790.91,3793.59,61325854
2022-12-31T17:00:00Z,3793.59,3796.60,3790.11,3790.61,56743011
2022-12-31T18:00:00Z,3790.61,3791.80,3781.35,3784.53,70040946
2022-12-31T19:00:00Z,3784.53,3788.90,3779.22,3779.69,71108563
2022-12-31T20:00:00Z,3779.69,3781.03,3770.32,3773.76,76236451
2022-12-31T21:00:00Z,3773.76,3776.22,3766.20,3768.51,79386196
2022-12-31T22:00:00Z,3768.51,3772.96,3761.17,3762.58,65046864
2022-12-31T23:00:00Z,3762.58,3763.43,3759.30,3762.53,52416164
