time,open,high,low,close,volume
2020-01-01T00:00:00Z,3231.00,3232.86,3230.03,3232.36,60372078
2020-01-01T01:00:00Z,3232.36,3232.75,3223.43,3224.32,85570201
2020-01-01T02:00:00Z,3224.32,3226.49,3221.12,3221.23,62064956
2020-01-01T03:00:00Z,3221.23,3225.78,3219.78,3222.82,54275577
2020-01-01T04:00:00Z,3222.82,3224.20,3220.15,3222.37,68275193
2020-01-01T05:00:00Z,3222.37,3225.08,3216.67,3217.01,72013204
2020-01-01T06:00:00Z,3217.01,3217.25,3212.46,3212.74,72400000
2020-01-01T07:00:00Z,3212.74,3224.44,3210.22,3221.97,83796702
2020-01-01T08:00:00Z,3221.97,3223.52,3219.96,3221.76,68833141
2020-01-01T09:00:00Z,3221.76,3222.07,3217.44,3218.73,61717093
2020-01-01T10:00:00Z,3218.73,3221.45,3216.16,3220.94,68897176
2020-01-01T11:00:00Z,3220.94,3221.83,3219.68,3221.39,52647545
2020-01-01T12:00:00Z,3221.39,3225.16,3219.99,3223.46,71445860
2020-01-01T13:00:00Z,3223.46,3225.42,3218.21,3220.13,72508013
2020-01-01T14:00:00Z,3220.13,3220.84,3218.36,3219.99,69171117
2020-01-01T15:00:00Z,3219.99,3223.51,3219.13,3221.10,67507519
2020-01-01T16:00:00Z,3221.10,3222.42,3216.80,3219.46,61209398
2020-01-01T17:00:00Z,3219.46,3221.87,3217.87,3221.38,55175067
2020-01-01T18:00:00Z,3221.38,3223.08,3218.35,3219.66,68689923
2020-01-01T19:00:00Z,3219.66,3222.68,3219.20,3221.77,61060529
2020-01-01T20:00:00Z,3221.77,3222.35,3215.51,3216.97,70053272
2020-01-01T21:00:00Z,3216.97,3219.59,3212.43,3213.11,68183940
2020-01-01T22:00:00Z,3213.11,3213.54,3209.84,3212.16,70520556
2020-01-01T23:00:00Z,3212.16,3213.97,3208.89,3211.23,65460678
2020-01-02T00:00:00Z,3211.23,3211.54,3208.52,3209.10,55601614
2020-01-02T01:00:00Z,3209.10,3211.35,3205.74,3207.55,55158557
2020-01-02T02:00:00Z,3207.55,3212.19,3207.49,3209.68,68688394
2020-01-02T03:00:00Z,3209.68,3210.84,3202.02,3202.78,77514783
2020-01-02T04:00:00Z,3202.78,3205.92,3201.18,3203.95,56185567
2020-01-02T05:00:00Z,3203.95,3205.83,3201.61,3203.25,70160886
2020-01-02T06:00:00Z,3203.25,3206.28,3200.70,3204.04,54851782
2020-01-02T07:00:00Z,3204.04,3204.13,3200.74,3201.35,58092032
2020-01-02T08:00:00Z,3201.35,3202.40,3199.57,3200.46,69640909
2020-01-02T09:00:00Z,3200.46,3202.73,3197.99,3202.42,70407702
2020-01-02T10:00:00Z,3202.42,3203.63,3199.12,3201.35,61297421
2020-01-02T11:00:00Z,3201.35,3202.94,3198.78,3200.21,61660712
2020-01-02T12:00:00Z,3200.21,3201.91,3194.55,3195.58,79149840
2020-01-02T13:00:00Z,3195.58,3198.11,3188.54,3190.96,67365330
2020-01-02T14:00:00Z,3190.96,3191.39,3188.71,3190.92,59231348
2020-01-02T15:00:00Z,3190.92,3196.96,3190.83,3196.26,80739935
2020-01-02T16:00:00Z,3196.26,3202.97,3194.74,3202.20,70651326
2020-01-02T17:00:00Z,3202.20,3204.17,3201.94,3203.60,59713669
2020-01-02T18:00:00Z,3203.60,3208.18,3202.68,3206.16,62492741
2020-01-02T19:00:00Z,3206.16,3208.42,3204.44,3207.22,65091971
2020-01-02T20:00:00Z,3207.22,3207.67,3204.19,3205.63,65934540
2020-01-02T21:00:00Z,3205.63,3207.67,3201.94,3202.73,69250845
2020-01-02T22:00:00Z,3202.73,3205.60,3202.38,3203.51,54771913
2020-01-02T23:00:00Z,3203.51,3204.51,3199.48,3201.88,66320023
2020-01-03T00:00:00Z,3201.88,3203.76,3201.41,3202.45,64824856
2020-01-03T01:00:00Z,3202.45,3207.24,3201.91,3205.38,65149798
2020-01-03T02:00:00Z,3205.38,3207.33,3203.23,3204.71,57006178
2020-01-03T03:00:00Z,3204.71,3204.87,3202.31,3202.66,57301548
2020-01-03T04:00:00Z,3202.66,3204.18,3201.20,3203.54,56392850
2020-01-03T05:00:00Z,3203.54,3205.49,3202.60,3204.42,65937127
2020-01-03T06:00:00Z,3204.42,3207.95,3203.20,3205.54,71300369
2020-01-03T07:00:00Z,3205.54,3206.66,3203.35,3206.11,55931169
2020-01-03T08:00:00Z,3206.11,3206.23,3202.36,3204.46,72249385
2020-01-03T09:00:00Z,3204.46,3204.74,3203.01,3203.19,72600377
2020-01-03T10:00:00Z,3203.19,3204.05,3203.10,3203.36,50856065
2020-01-03T11:00:00Z,3203.36,3204.22,3201.30,3203.71,65894591
2020-01-03T12:00:00Z,3203.71,3205.85,3201.71,3204.48,55344548
2020-01-03T13:00:00Z,3204.48,3206.01,3201.12,3203.06,54632076
2020-01-03T14:00:00Z,3203.06,3204.55,3199.28,3199.97,68852764
2020-01-03T15:00:00Z,3199.97,3201.63,3199.07,3200.47,69658227
2020-01-03T16:00:00Z,3200.47,3201.62,3199.46,3199.82,60052229
2020-01-03T17:00:00Z,3199.82,3202.20,3199.01,3199.69,63995888
2020-01-03T18:00:00Z,3199.69,3201.58,3198.63,3199.43,51873811
2020-01-03T19:00:00Z,3199.43,3201.15,3197.26,3197.65,59142549
2020-01-03T20:00:00Z,3197.65,3199.20,3196.71,3198.11,56121054
2020-01-03T21:00:00Z,3198.11,3200.41,3198.00,3200.06,61193136
2020-01-03T22:00:00Z,3200.06,3202.90,3198.28,3201.99,65976555
2020-01-03T23:00:00Z,3201.99,3204.58,3201.12,3204.41,70020571
2020-01-04T00:00:00Z,3204.41,3208.28,3201.98,3205.94,59840980
2020-01-04T01:00:00Z,3205.94,3212.58,3205.14,3211.89,69883147
2020-01-04T02:00:00Z,3211.89,3215.20,3211.06,3213.95,55375240
2020-01-04T03:00:00Z,3213.95,3214.17,3212.82,3213.81,54897988
2020-01-04T04:00:00Z,3213.81,3221.08,3212.08,3219.94,79238954
2020-01-04T05:00:00Z,3219.94,3221.99,3217.87,3221.01,58677084
2020-01-04T06:00:00Z,3221.01,3221.29,3216.33,3218.28,63491252
2020-01-04T07:00:00Z,3218.28,3220.24,3217.37,3220.01,57953579
2020-01-04T08:00:00Z,3220.01,3223.06,3218.96,3222.42,59291863
2020-01-04T09:00:00Z,3222.42,3226.47,3221.43,3224.36,73838112
2020-01-04T10:00:00Z,3224.36,3227.29,3223.66,3226.18,74235587
2020-01-04T11:00:00Z,3226.18,3230.13,3225.81,3228.67,68023594
2020-01-04T12:00:00Z,3228.67,3229.21,3224.13,3226.33,70639195
2020-01-04T13:00:00Z,3226.33,3230.12,3224.19,3229.47,66405246
2020-01-04T14:00:00Z,3229.47,3230.78,3225.92,3226.32,71942400
2020-01-04T15:00:00Z,3226.32,3227.62,3224.48,3225.35,70592945
2020-01-04T16:00:00Z,3225.35,3230.36,3222.91,3227.96,60799926
2020-01-04T17:00:00Z,3227.96,3231.08,3227.17,3230.98,58790705
2020-01-04T18:00:00Z,3230.98,3233.22,3226.73,3227.08,62385673
2020-01-04T19:00:00Z,3227.08,3232.22,3226.91,3231.41,73842420
2020-01-04T20:00:00Z,3231.41,3233.91,3226.33,3228.64,59086418
2020-01-04T21:00:00Z,3228.64,3233.77,3228.41,3232.29,65952506
2020-01-04T22:00:00Z,3232.29,3232.97,3229.82,3230.35,63644510
2020-01-04T23:00:00Z,3230.35,3230.76,3227.65,3228.52,62076131
2020-01-05T00:00:00Z,3228.52,3231.94,3227.75,3229.71,72210364
2020-01-05T01:00:00Z,3229.71,3230.59,3228.50,3228.81,59410439
2020-01-05T02:00:00Z,3228.81,3230.86,3226.40,3228.11,64743425
2020-01-05T03:00:00Z,3228.11,3230.92,3227.92,3228.58,52606083
2020-01-05T04:00:00Z,3228.58,3229.16,3224.23,3226.38,73299234
2020-01-05T05:00:00Z,3226.38,3229.09,3226.31,3228.51,59538851
2020-01-05T06:00:00Z,3228.51,3230.59,3223.33,3225.01,64076830
2020-01-05T07:00:00Z,3225.01,3228.45,3222.54,3227.02,63087663
2020-01-05T08:00:00Z,3227.02,3229.21,3222.96,3224.71,60972052
2020-01-05T09:00:00Z,3224.71,3226.18,3223.06,3224.83,55043074
2020-01-05T10:00:00Z,3224.83,3227.41,3223.37,3225.88,54321922
2020-01-05T11:00:00Z,3225.88,3230.28,3225.83,3228.91,62250745
2020-01-05T12:00:00Z,3228.91,3230.60,3224.74,3225.10,77217822
2020-01-05T13:00:00Z,3225.10,3227.86,3224.70,3226.34,60075902
2020-01-05T14:00:00Z,3226.34,3233.23,3224.40,3230.76,65322983
2020-01-05T15:00:00Z,3230.76,3232.48,3227.00,3228.52,72575394
2020-01-05T16:00:00Z,3228.52,3232.47,3226.82,3230.36,67979153
2020-01-05T17:00:00Z,3230.36,3230.56,3228.34,3229.36,72211088
2020-01-05T18:00:00Z,3229.36,3231.97,3227.15,3231.07,58585050
2020-01-05T19:00:00Z,3231.07,3231.65,3230.43,3231.50,53027264
2020-01-05T20:00:00Z,3231.50,3235.80,3230.31,3235.09,59066331
2020-01-05T21:00:00Z,3235.09,3235.76,3231.68,3233.81,70338451
2020-01-05T22:00:00Z,3233.81,3234.32,3231.83,3233.71,64681180
2020-01-05T23:00:00Z,3233.71,3235.79,3233.52,3235.21,67146907
2020-01-06T00:00:00Z,3235.21,3242.81,3234.87,3240.40,80743656
2020-01-06T01:00:00Z,3240.40,3242.45,3238.97,3240.00,52357778
2020-01-06T02:00:00Z,3240.00,3245.72,3239.61,3244.66,79371192
2020-01-06T03:00:00Z,3244.66,3246.10,3240.77,3243.26,67905794
2020-01-06T04:00:00Z,3243.26,3247.71,3241.67,3246.51,65669385
2020-01-06T05:00:00Z,3246.51,3247.41,3243.75,3246.01,52853337
2020-01-06T06:00:00Z,3246.01,3253.96,3243.89,3252.95,82999946
2020-01-06T07:00:00Z,3252.95,3257.28,3251.21,3254.95,61316889
2020-01-06T08:00:00Z,3254.95,3255.56,3249.62,3251.66,64797627
2020-01-06T09:00:00Z,3251.66,3253.26,3249.92,3250.19,64541177
2020-01-06T10:00:00Z,3250.19,3252.97,3249.67,3251.78,61297386
2020-01-06T11:00:00Z,3251.78,3253.87,3248.76,3249.28,64865510
2020-01-06T12:00:00Z,3249.28,3253.66,3247.18,3251.54,61443137
2020-01-06T13:00:00Z,3251.54,3251.89,3248.41,3248.72,71148015
2020-01-06T14:00:00Z,3248.72,3249.61,3243.34,3244.57,64198037
2020-01-06T15:00:00Z,3244.57,3247.03,3239.49,3240.43,63298931
2020-01-06T16:00:00Z,3240.43,3243.96,3238.12,3241.67,58965713
2020-01-06T17:00:00Z,3241.67,3243.81,3241.19,3243.63,62943749
2020-01-06T18:00:00Z,3243.63,3247.54,3241.68,3247.01,59241986
2020-01-06T19:00:00Z,3247.01,3250.55,3246.39,3249.57,57087858
2020-01-06T20:00:00Z,3249.57,3250.38,3245.86,3247.83,63542928
2020-01-06T21:00:00Z,3247.83,3257.03,3246.81,3254.69,84544228
2020-01-06T22:00:00Z,3254.69,3259.39,3253.22,3257.88,71147895
2020-01-06T23:00:00Z,3257.88,3260.76,3255.75,3259.72,66350391
2020-01-07T00:00:00Z,3259.72,3261.61,3254.35,3255.11,62210844
2020-01-07T01:00:00Z,3255.11,3257.01,3253.51,3256.90,67820170
2020-01-07T02:00:00Z,3256.90,3260.16,3254.34,3259.93,58574725
2020-01-07T03:00:00Z,3259.93,3264.10,3258.08,3261.64,57363429
2020-01-07T04:00:00Z,3261.64,3262.90,3257.31,3259.66,59371942
2020-01-07T05:00:00Z,3259.66,3260.62,3257.18,3260.12,63596849
2020-01-07T06:00:00Z,3260.12,3262.16,3257.78,3257.80,70793847
2020-01-07T07:00:00Z,3257.80,3259.06,3256.05,3258.45,60699308
2020-01-07T08:00:00Z,3258.45,3261.39,3256.83,3260.83,62951713
2020-01-07T09:00:00Z,3260.83,3263.28,3258.00,3260.40,60090977
2020-01-07T10:00:00Z,3260.40,3262.32,3257.49,3259.10,57611521
2020-01-07T11:00:00Z,3259.10,3261.66,3258.90,3261.61,67227385
2020-01-07T12:00:00Z,3261.61,3268.13,3261.49,3267.12,77423817
2020-01-07T13:00:00Z,3267.12,3269.44,3265.36,3268.30,66292311
2020-01-07T14:00:00Z,3268.30,3270.33,3265.31,3267.29,64912129
2020-01-07T15:00:00Z,3267.29,3270.81,3265.52,3270.09,63922126
2020-01-07T16:00:00Z,3270.09,3272.10,3264.21,3266.49,73766101
2020-01-07T17:00:00Z,3266.49,3268.62,3264.12,3267.26,62071692
2020-01-07T18:00:00Z,3267.26,3269.50,3266.52,3267.32,58196491
2020-01-07T19:00:00Z,3267.32,3268.33,3264.94,3266.44,66045872
2020-01-07T20:00:00Z,3266.44,3268.86,3265.63,3267.58,71706057
2020-01-07T21:00:00Z,3267.58,3270.48,3266.66,3268.16,58275197
2020-01-07T22:00:00Z,3268.16,3269.84,3266.98,3267.16,62061392
2020-01-07T23:00:00Z,3267.16,3269.98,3266.40,3268.13,59144930
2020-01-08T00:00:00Z,3268.13,3270.57,3265.70,3268.18,59561616
2020-01-08T01:00:00Z,3268.18,3271.95,3267.45,3271.75,78668248
2020-01-08T02:00:00Z,3271.75,3275.48,3270.34,3273.03,59299826
2020-01-08T03:00:00Z,3273.03,3278.57,3272.13,3277.88,65031530
2020-01-08T04:00:00Z,3277.88,3280.44,3275.50,3276.48,57502923
2020-01-08T05:00:00Z,3276.48,3278.57,3274.59,3278.50,58019957
2020-01-08T06:00:00Z,3278.50,3279.77,3274.79,3275.68,65950644
2020-01-08T07:00:00Z,3275.68,3279.61,3273.76,3279.21,66153705
2020-01-08T08:00:00Z,3279.21,3280.98,3275.24,3276.87,66522270
2020-01-08T09:00:00Z,3276.87,3278.34,3269.57,3271.66,66375635
2020-01-08T10:00:00Z,3271.66,3271.78,3269.69,3271.35,70331281
2020-01-08T11:00:00Z,3271.35,3272.74,3266.08,3268.59,64889631
2020-01-08T12:00:00Z,3268.59,3268.89,3266.38,3268.75,56654702
2020-01-08T13:00:00Z,3268.75,3274.02,3267.99,3272.25,60507567
2020-01-08T14:00:00Z,3272.25,3275.75,3270.36,3275.05,58645503
2020-01-08T15:00:00Z,3275.05,3276.69,3272.60,3274.96,64102659
2020-01-08T16:00:00Z,3274.96,3278.97,3272.64,3277.00,58719756
2020-01-08T17:00:00Z,3277.00,3277.56,3270.24,3272.20,71137888
2020-01-08T18:00:00Z,3272.20,3280.61,3271.67,3278.13,67442468
2020-01-08T19:00:00Z,3278.13,3280.68,3275.83,3279.63,58503228
2020-01-08T20:00:00Z,3279.63,3282.15,3278.57,3279.95,56285056
2020-01-08T21:00:00Z,3279.95,3281.71,3273.99,3276.31,68604737
2020-01-08T22:00:00Z,3276.31,3279.74,3273.90,3278.88,70438935
2020-01-08T23:00:00Z,3278.88,3283.78,3277.18,3281.78,68017646
2020-01-09T00:00:00Z,3281.78,3287.77,3279.77,3287.67,70111573
2020-01-09T01:00:00Z,3287.67,3288.26,3285.32,3288.16,69575707
2020-01-09T02:00:00Z,3288.16,3291.91,3286.28,3291.89,75670648
2020-01-09T03:00:00Z,3291.89,3293.91,3290.49,3290.66,53551286
2020-01-09T04:00:00Z,3290.66,3294.19,3288.83,3291.69,63865464
2020-01-09T05:00:00Z,3291.69,3292.38,3289.96,3290.63,66178626
2020-01-09T06:00:00Z,3290.63,3292.51,3287.60,3289.85,64183840
2020-01-09T07:00:00Z,3289.85,3291.66,3284.58,3286.34,76182903
2020-01-09T08:00:00Z,3286.34,3286.64,3284.92,3286.64,57027351
2020-01-09T09:00:00Z,3286.64,3288.48,3285.33,3286.66,60022461
2020-01-09T10:00:00Z,3286.66,3287.81,3286.32,3287.69,59310393
2020-01-09T11:00:00Z,3287.69,3287.98,3285.92,3287.33,52323848
2020-01-09T12:00:00Z,3287.33,3287.86,3280.88,3282.01,73243363
2020-01-09T13:00:00Z,3282.01,3282.94,3272.96,3274.12,79646375
2020-01-09T14:00:00Z,3274.12,3275.07,3272.20,3273.93,65001245
2020-01-09T15:00:00Z,3273.93,3275.06,3272.74,3272.86,60238514
2020-01-09T16:00:00Z,3272.86,3276.06,3271.57,3274.75,70190797
2020-01-09T17:00:00Z,3274.75,3276.24,3271.04,3272.59,61995787
2020-01-09T18:00:00Z,3272.59,3272.84,3270.69,3271.77,58597353
2020-01-09T19:00:00Z,3271.77,3274.78,3270.38,3272.73,57538413
2020-01-09T20:00:00Z,3272.73,3273.52,3270.50,3271.12,54256125
2020-01-09T21:00:00Z,3271.12,3272.66,3268.71,3270.08,65866093
2020-01-09T22:00:00Z,3270.08,3271.62,3268.51,3269.04,59100794
2020-01-09T23:00:00Z,3269.04,3270.32,3266.92,3267.11,68872021
2020-01-10T00:00:00Z,3267.11,3271.72,3266.58,3269.53,72633928
2020-01-10T01:00:00Z,3269.53,3275.63,3267.56,3273.08,64818505
2020-01-10T02:00:00Z,3273.08,3274.19,3265.53,3268.02,71358189
2020-01-10T03:00:00Z,3268.02,3271.44,3267.96,3270.85,76807631
2020-01-10T04:00:00Z,3270.85,3276.39,3269.05,3275.57,72537766
2020-01-10T05:00:00Z,3275.57,3275.79,3272.56,3273.89,61635071
2020-01-10T06:00:00Z,3273.89,3279.23,3272.10,3278.30,75960408
2020-01-10T07:00:00Z,3278.30,3286.42,3277.22,3284.00,76835101
2020-01-10T08:00:00Z,3284.00,3285.57,3281.94,3283.60,57118068
2020-01-10T09:00:00Z,3283.60,3285.84,3280.72,3280.94,62701084
2020-01-10T10:00:00Z,3280.94,3282.36,3279.71,3279.86,60673985
2020-01-10T11:00:00Z,3279.86,3280.14,3276.06,3276.75,62862595
2020-01-10T12:00:00Z,3276.75,3278.88,3270.64,3271.04,65394003
2020-01-10T13:00:00Z,3271.04,3273.26,3268.77,3271.07,65088048
2020-01-10T14:00:00Z,3271.07,3271.76,3269.86,3270.43,65025483
2020-01-10T15:00:00Z,3270.43,3271.35,3268.00,3270.16,54976353
2020-01-10T16:00:00Z,3270.16,3272.57,3269.08,3271.12,66531764
2020-01-10T17:00:00Z,3271.12,3278.15,3268.58,3277.26,77143230
2020-01-10T18:00:00Z,3277.26,3278.96,3274.70,3275.14,72874015
2020-01-10T19:00:00Z,3275.14,3277.30,3269.10,3271.45,77448201
2020-01-10T20:00:00Z,3271.45,3273.81,3270.61,3272.70,57754327
2020-01-10T21:00:00Z,3272.70,3273.89,3267.80,3270.26,64861121
2020-01-10T22:00:00Z,3270.26,3272.69,3269.97,3270.58,66505429
2020-01-10T23:00:00Z,3270.58,3271.38,3266.97,3267.21,73985711
2020-01-11T00:00:00Z,3267.21,3270.01,3265.31,3269.65,75114704
2020-01-11T01:00:00Z,3269.65,3271.73,3267.19,3270.13,61258557
2020-01-11T02:00:00Z,3270.13,3271.71,3268.13,3269.90,70139381
2020-01-11T03:00:00Z,3269.90,3271.47,3268.17,3269.73,66823144
2020-01-11T04:00:00Z,3269.73,3271.88,3268.01,3269.46,67133748
2020-01-11T05:00:00Z,3269.46,3270.10,3266.65,3268.54,68496940
2020-01-11T06:00:00Z,3268.54,3271.86,3266.64,3269.40,64340177
2020-01-11T07:00:00Z,3269.40,3276.16,3267.49,3274.51,70210491
2020-01-11T08:00:00Z,3274.51,3276.65,3271.23,3271.70,69045839
2020-01-11T09:00:00Z,3271.70,3272.77,3268.26,3269.69,61838271
2020-01-11T10:00:00Z,3269.69,3270.33,3266.77,3267.30,65083453
2020-01-11T11:00:00Z,3267.30,3269.31,3262.72,3263.81,77333967
2020-01-11T12:00:00Z,3263.81,3266.31,3262.13,3263.79,67309780
2020-01-11T13:00:00Z,3263.79,3265.85,3260.70,3262.72,63769012
2020-01-11T14:00:00Z,3262.72,3264.56,3259.43,3260.40,60714847
2020-01-11T15:00:00Z,3260.40,3265.44,3259.46,3263.98,65576042
2020-01-11T16:00:00Z,3263.98,3264.51,3260.56,3261.95,63002199
2020-01-11T17:00:00Z,3261.95,3265.51,3260.62,3263.40,64733180
2020-01-11T18:00:00Z,3263.40,3266.51,3261.24,3264.13,56989702
2020-01-11T19:00:00Z,3264.13,3264.95,3261.57,3264.43,57574447
2020-01-11T20:00:00Z,3264.43,3264.53,3262.10,3262.24,69199425
2020-01-11T21:00:00Z,3262.24,3262.90,3259.10,3259.55,75142582
2020-01-11T22:00:00Z,3259.55,3264.34,3257.45,3262.87,66380633
2020-01-11T23:00:00Z,3262.87,3266.08,3260.77,3264.95,60368371
2020-01-12T00:00:00Z,3264.95,3266.52,3260.70,3261.91,61652757
2020-01-12T01:00:00Z,3261.91,3267.92,3261.22,3265.74,70552383
2020-01-12T02:00:00Z,3265.74,3265.95,3264.64,3264.67,55778344
2020-01-12T03:00:00Z,3264.67,3265.20,3257.89,3259.97,71428047
2020-01-12T04:00:00Z,3259.97,3262.32,3259.81,3261.74,56827740
2020-01-12T05:00:00Z,3261.74,3263.31,3259.95,3260.92,68705244
2020-01-12T06:00:00Z,3260.92,3262.11,3258.94,3260.02,54217013
2020-01-12T07:00:00Z,3260.02,3263.60,3259.97,3261.77,72141099
2020-01-12T08:00:00Z,3261.77,3261.99,3260.99,3261.92,56825764
2020-01-12T09:00:00Z,3261.92,3267.60,3260.02,3266.67,69605202
2020-01-12T10:00:00Z,3266.67,3266.99,3264.03,3265.12,72433490
2020-01-12T11:00:00Z,3265.12,3266.86,3265.11,3265.89,69669957
2020-01-12T12:00:00Z,3265.89,3267.63,3263.51,3264.52,58410747
2020-01-12T13:00:00Z,3264.52,3265.25,3259.21,3260.36,74630119
2020-01-12T14:00:00Z,3260.36,3263.75,3258.75,3262.75,58404948
2020-01-12T15:00:00Z,3262.75,3262.90,3259.10,3261.43,61752129
2020-01-12T16:00:00Z,3261.43,3262.06,3257.46,3257.82,72860926
2020-01-12T17:00:00Z,3257.82,3260.07,3255.71,3259.26,73467003
2020-01-12T18:00:00Z,3259.26,3261.63,3257.44,3258.05,57128977
2020-01-12T19:00:00Z,3258.05,3258.78,3257.11,3257.38,65236793
2020-01-12T20:00:00Z,3257.38,3257.96,3256.05,3256.32,54019091
2020-01-12T21:00:00Z,3256.32,3256.62,3255.38,3255.94,65920163
2020-01-12T22:00:00Z,3255.94,3259.71,3253.78,3257.75,58879494
2020-01-12T23:00:00Z,3257.75,3261.35,3256.80,3259.02,55029501
2020-01-13T00:00:00Z,3259.02,3261.06,3253.27,3254.28,81638741
2020-01-13T01:00:00Z,3254.28,3255.31,3251.13,3252.36,73747157
2020-01-13T02:00:00Z,3252.36,3253.03,3250.08,3250.43,57452996
2020-01-13T03:00:00Z,3250.43,3256.45,3248.56,3254.49,61812337
2020-01-13T04:00:00Z,3254.49,3256.69,3253.48,3255.16,67556832
2020-01-13T05:00:00Z,3255.16,3255.48,3252.07,3253.25,55555554
2020-01-13T06:00:00Z,3253.25,3253.57,3247.78,3249.74,66260634
2020-01-13T07:00:00Z,3249.74,3254.79,3249.06,3252.89,76562360
2020-01-13T08:00:00Z,3252.89,3256.03,3250.56,3253.89,63813188
2020-01-13T09:00:00Z,3253.89,3255.24,3252.59,3252.99,64103883
2020-01-13T10:00:00Z,3252.99,3256.93,3251.57,3256.19,65114931
2020-01-13T11:00:00Z,3256.19,3259.57,3256.15,3257.24,64535443
2020-01-13T12:00:00Z,3257.24,3261.09,3256.88,3259.02,58221816
2020-01-13T13:00:00Z,3259.02,3260.48,3258.75,3259.09,63905244
2020-01-13T14:00:00Z,3259.09,3260.47,3258.06,3258.42,63775394
2020-01-13T15:00:00Z,3258.42,3260.26,3256.27,3260.18,69148410
2020-01-13T16:00:00Z,3260.18,3260.69,3258.34,3260.15,68711689
2020-01-13T17:00:00Z,3260.15,3261.23,3251.99,3252.17,81892497
2020-01-13T18:00:00Z,3252.17,3255.56,3250.57,3253.33,61979908
2020-01-13T19:00:00Z,3253.33,3253.61,3251.95,3253.26,56885019
2020-01-13T20:00:00Z,3253.26,3255.53,3253.13,3254.60,67580462
2020-01-13T21:00:00Z,3254.60,3258.33,3253.99,3257.15,70712353
2020-01-13T22:00:00Z,3257.15,3259.33,3253.44,3254.91,71922664
2020-01-13T23:00:00Z,3254.91,3261.83,3253.74,3259.91,76435389
2020-01-14T00:00:00Z,3259.91,3265.29,3258.19,3263.51,60445371
2020-01-14T01:00:00Z,3263.51,3269.87,3263.22,3269.71,83523157
2020-01-14T02:00:00Z,3269.71,3279.16,3268.06,3277.80,76163407
2020-01-14T03:00:00Z,3277.80,3278.37,3276.87,3277.13,57982689
2020-01-14T04:00:00Z,3277.13,3278.78,3272.68,3275.08,56853783
2020-01-14T05:00:00Z,3275.08,3277.58,3274.76,3275.02,57219865
2020-01-14T06:00:00Z,3275.02,3276.51,3271.17,3272.84,59925107
2020-01-14T07:00:00Z,3272.84,3273.36,3267.97,3269.77,73742279
2020-01-14T08:00:00Z,3269.77,3274.08,3267.47,3271.93,60082281
2020-01-14T09:00:00Z,3271.93,3273.80,3270.84,3271.23,65710377
2020-01-14T10:00:00Z,3271.23,3272.84,3271.13,3272.62,67739690
2020-01-14T11:00:00Z,3272.62,3275.84,3271.44,3274.39,70537709
2020-01-14T12:00:00Z,3274.39,3277.73,3272.44,3276.40,66838556
2020-01-14T13:00:00Z,3276.40,3278.92,3276.32,3277.10,55730578
2020-01-14T14:00:00Z,3277.10,3277.35,3275.38,3277.03,52138986
2020-01-14T15:00:00Z,3277.03,3280.05,3276.24,3277.48,53186274
2020-01-14T16:00:00Z,3277.48,3281.97,3275.50,3279.93,68924213
2020-01-14T17:00:00Z,3279.93,3283.01,3279.57,3281.52,55886099
2020-01-14T18:00:00Z,3281.52,3284.45,3281.16,3281.95,62540556
2020-01-14T19:00:00Z,3281.95,3286.06,3280.07,3284.88,60842149
2020-01-14T20:00:00Z,3284.88,3285.42,3283.86,3284.61,63361802
2020-01-14T21:00:00Z,3284.61,3284.98,3282.34,3283.09,56161053
2020-01-14T22:00:00Z,3283.09,3287.56,3282.19,3286.72,65924892
2020-01-14T23:00:00Z,3286.72,3289.20,3282.39,3283.09,66329933
2020-01-15T00:00:00Z,3283.09,3285.38,3281.52,3284.08,59731778
2020-01-15T01:00:00Z,3284.08,3290.42,3282.35,3289.29,74051365
2020-01-15T02:00:00Z,3289.29,3297.74,3288.03,3295.16,73766439
2020-01-15T03:00:00Z,3295.16,3301.24,3294.96,3298.82,59476116
2020-01-15T04:00:00Z,3298.82,3299.33,3297.74,3298.03,54336975
2020-01-15T05:00:00Z,3298.03,3302.48,3297.37,3301.48,65422190
2020-01-15T06:00:00Z,3301.48,3304.17,3300.18,3302.15,61861740
2020-01-15T07:00:00Z,3302.15,3306.80,3301.83,3304.31,68175130
2020-01-15T08:00:00Z,3304.31,3307.87,3304.29,3307.66,68828345
2020-01-15T09:00:00Z,3307.66,3308.58,3306.63,3307.21,57617132
2020-01-15T10:00:00Z,3307.21,3309.35,3305.33,3307.62,69080749
2020-01-15T11:00:00Z,3307.62,3310.65,3306.96,3309.16,64422241
2020-01-15T12:00:00Z,3309.16,3310.89,3306.09,3307.34,63500238
2020-01-15T13:00:00Z,3307.34,3308.55,3303.50,3305.34,58557416
2020-01-15T14:00:00Z,3305.34,3307.77,3303.49,3304.21,60242546
2020-01-15T15:00:00Z,3304.21,3304.61,3303.00,3303.57,65689680
2020-01-15T16:00:00Z,3303.57,3307.99,3302.88,3306.03,56558660
2020-01-15T17:00:00Z,3306.03,3310.10,3304.46,3307.74,55713200
2020-01-15T18:00:00Z,3307.74,3308.01,3303.47,3305.62,73208280
2020-01-15T19:00:00Z,3305.62,3313.00,3304.06,3310.77,72140734
2020-01-15T20:00:00Z,3310.77,3311.17,3308.63,3310.72,63924411
2020-01-15T21:00:00Z,3310.72,3313.43,3309.89,3311.55,68503577
2020-01-15T22:00:00Z,3311.55,3312.63,3310.28,3310.84,55386830
2020-01-15T23:00:00Z,3310.84,3313.31,3307.69,3310.12,55915699
2020-01-16T00:00:00Z,3310.12,3312.26,3308.99,3310.77,52800611
2020-01-16T01:00:00Z,3310.77,3317.68,3309.09,3315.65,63515368
2020-01-16T02:00:00Z,3315.65,3317.08,3307.11,3308.52,67682318
2020-01-16T03:00:00Z,3308.52,3308.59,3306.13,3308.05,60245069
2020-01-16T04:00:00Z,3308.05,3308.99,3304.75,3305.17,63431605
2020-01-16T05:00:00Z,3305.17,3305.85,3301.57,3303.74,54670020
2020-01-16T06:00:00Z,3303.74,3306.27,3301.13,3303.39,68091300
2020-01-16T07:00:00Z,3303.39,3303.78,3303.07,3303.28,65774470
2020-01-16T08:00:00Z,3303.28,3304.55,3301.48,3301.53,68357452
2020-01-16T09:00:00Z,3301.53,3304.83,3299.92,3304.69,66352297
2020-01-16T10:00:00Z,3304.69,3305.34,3301.03,3302.28,67309677
2020-01-16T11:00:00Z,3302.28,3303.11,3301.73,3302.05,57800027
2020-01-16T12:00:00Z,3302.05,3303.50,3300.02,3302.73,51869204
2020-01-16T13:00:00Z,3302.73,3303.12,3298.33,3300.57,58914852
2020-01-16T14:00:00Z,3300.57,3305.90,3299.36,3303.84,74980397
2020-01-16T15:00:00Z,3303.84,3311.25,3303.51,3309.79,68318257
2020-01-16T16:00:00Z,3309.79,3310.88,3307.06,3307.91,69340618
2020-01-16T17:00:00Z,3307.91,3309.80,3306.25,3308.03,67946044
2020-01-16T18:00:00Z,3308.03,3309.14,3307.67,3308.79,61910352
2020-01-16T19:00:00Z,3308.79,3314.08,3307.55,3312.08,70639295
2020-01-16T20:00:00Z,3312.08,3319.30,3311.49,3317.73,80342046
2020-01-16T21:00:00Z,3317.73,3320.53,3317.20,3318.49,68695784
2020-01-16T22:00:00Z,3318.49,3320.94,3311.58,3312.24,79145780
2020-01-16T23:00:00Z,3312.24,3314.16,3309.33,3311.37,71203406
2020-01-17T00:00:00Z,3311.37,3318.08,3310.97,3315.66,60687446
2020-01-17T01:00:00Z,3315.66,3315.86,3312.47,3314.38,62605086
2020-01-17T02:00:00Z,3314.38,3314.80,3307.94,3310.47,63088348
2020-01-17T03:00:00Z,3310.47,3315.48,3309.70,3314.14,74570629
2020-01-17T04:00:00Z,3314.14,3314.27,3312.54,3313.33,52565147
2020-01-17T05:00:00Z,3313.33,3314.92,3308.47,3309.60,69589751
2020-01-17T06:00:00Z,3309.60,3311.34,3307.33,3307.51,59564646
2020-01-17T07:00:00Z,3307.51,3311.61,3305.87,3309.32,54756534
2020-01-17T08:00:00Z,3309.32,3310.74,3309.20,3309.65,57261124
2020-01-17T09:00:00Z,3309.65,3310.68,3308.93,3310.36,60832820
2020-01-17T10:00:00Z,3310.36,3311.18,3308.52,3308.97,63641833
2020-01-17T11:00:00Z,3308.97,3310.53,3307.68,3308.42,58904564
2020-01-17T12:00:00Z,3308.42,3314.82,3306.73,3312.50,69237061
2020-01-17T13:00:00Z,3312.50,3317.90,3311.20,3316.71,79263093
2020-01-17T14:00:00Z,3316.71,3318.79,3313.26,3315.34,57738590
2020-01-17T15:00:00Z,3315.34,3316.89,3313.84,3315.79,51986741
2020-01-17T16:00:00Z,3315.79,3316.52,3310.90,3312.68,64798696
2020-01-17T17:00:00Z,3312.68,3315.56,3311.48,3314.31,68270574
2020-01-17T18:00:00Z,3314.31,3317.18,3311.88,3315.10,65430702
2020-01-17T19:00:00Z,3315.10,3315.66,3314.23,3315.36,57597297
2020-01-17T20:00:00Z,3315.36,3318.16,3313.86,3316.11,64958538
2020-01-17T21:00:00Z,3316.11,3316.82,3310.00,3310.37,66908940
2020-01-17T22:00:00Z,3310.37,3311.09,3303.18,3304.36,74011248
2020-01-17T23:00:00Z,3304.36,3307.41,3302.38,3306.56,65589166
2020-01-18T00:00:00Z,3306.56,3309.18,3305.52,3308.70,71280632
2020-01-18T01:00:00Z,3308.70,3309.94,3306.90,3309.20,68910969
2020-01-18T02:00:00Z,3309.20,3314.30,3307.72,3312.14,57430938
2020-01-18T03:00:00Z,3312.14,3313.78,3309.31,3310.66,58625598
2020-01-18T04:00:00Z,3310.66,3312.00,3308.38,3310.33,61900415
2020-01-18T05:00:00Z,3310.33,3313.58,3308.72,3311.37,68268020
2020-01-18T06:00:00Z,3311.37,3314.38,3309.10,3313.71,58784770
2020-01-18T07:00:00Z,3313.71,3314.11,3312.02,3312.30,72083111
2020-01-18T08:00:00Z,3312.30,3313.48,3308.31,3310.69,65656065
2020-01-18T09:00:00Z,3310.69,3311.91,3306.00,3307.44,70157198
2020-01-18T10:00:00Z,3307.44,3310.26,3305.58,3307.79,69808417
2020-01-18T11:00:00Z,3307.79,3310.01,3306.34,3306.92,63118626
2020-01-18T12:00:00Z,3306.92,3308.97,3304.31,3305.65,60915022
2020-01-18T13:00:00Z,3305.65,3307.26,3302.33,3304.80,65741865
2020-01-18T14:00:00Z,3304.80,3305.81,3302.50,3304.75,55920464
2020-01-18T15:00:00Z,3304.75,3305.62,3304.20,3304.38,68265691
2020-01-18T16:00:00Z,3304.38,3304.54,3302.84,3303.58,59941122
2020-01-18T17:00:00Z,3303.58,3306.57,3302.03,3304.57,54880466
2020-01-18T18:00:00Z,3304.57,3307.66,3304.30,3306.96,73115776
2020-01-18T19:00:00Z,3306.96,3312.37,3306.25,3311.61,81123230
2020-01-18T20:00:00Z,3311.61,3312.08,3307.59,3310.16,60408786
2020-01-18T21:00:00Z,3310.16,3313.78,3308.25,3312.32,69533618
2020-01-18T22:00:00Z,3312.32,3314.48,3308.61,3309.42,70929773
2020-01-18T23:00:00Z,3309.42,3309.67,3306.48,3309.00,70396193
2020-01-19T00:00:00Z,3309.00,3310.66,3308.68,3308.96,59947650
2020-01-19T01:00:00Z,3308.96,3312.17,3308.57,3309.65,52544043
2020-01-19T02:00:00Z,3309.65,3310.58,3307.06,3308.54,55505608
2020-01-19T03:00:00Z,3308.54,3313.55,3307.27,3311.41,70173206
2020-01-19T04:00:00Z,3311.41,3313.03,3311.36,3312.73,68539679
2020-01-19T05:00:00Z,3312.73,3312.83,3305.05,3307.35,65134290
2020-01-19T06:00:00Z,3307.35,3308.98,3307.13,3307.83,57530146
2020-01-19T07:00:00Z,3307.83,3310.60,3307.44,3308.26,52218571
2020-01-19T08:00:00Z,3308.26,3310.98,3306.45,3310.43,61250488
2020-01-19T09:00:00Z,3310.43,3313.41,3309.24,3312.12,55620588
2020-01-19T10:00:00Z,3312.12,3314.79,3311.83,3314.29,64497033
2020-01-19T11:00:00Z,3314.29,3316.22,3312.90,3316.08,63032008
2020-01-19T12:00:00Z,3316.08,3321.53,3313.73,3321.39,78400648
2020-01-19T13:00:00Z,3321.39,3323.32,3319.71,3319.88,63604560
2020-01-19T14:00:00Z,3319.88,3320.03,3318.61,3319.09,67973238
2020-01-19T15:00:00Z,3319.09,3323.66,3318.15,3322.45,62319855
2020-01-19T16:00:00Z,3322.45,3325.96,3321.89,3324.94,73306879
2020-01-19T17:00:00Z,3324.94,3330.82,3323.99,3329.65,62217338
2020-01-19T18:00:00Z,3329.65,3333.46,3328.49,3332.40,60398990
2020-01-19T19:00:00Z,3332.40,3337.30,3331.64,3335.14,67229931
2020-01-19T20:00:00Z,3335.14,3336.49,3332.72,3334.75,58434711
2020-01-19T21:00:00Z,3334.75,3337.22,3326.01,3327.25,76297930
2020-01-19T22:00:00Z,3327.25,3328.07,3323.85,3326.25,57922319
2020-01-19T23:00:00Z,3326.25,3328.27,3321.30,3323.09,77580779
2020-01-20T00:00:00Z,3323.09,3323.36,3320.39,3321.25,60479013
2020-01-20T01:00:00Z,3321.25,3321.34,3317.68,3319.11,73804021
2020-01-20T02:00:00Z,3319.11,3320.09,3316.58,3316.70,59988012
2020-01-20T03:00:00Z,3316.70,3319.11,3313.51,3314.24,60904628
2020-01-20T04:00:00Z,3314.24,3317.31,3312.68,3316.04,64557247
2020-01-20T05:00:00Z,3316.04,3319.82,3314.07,3318.41,56778735
2020-01-20T06:00:00Z,3318.41,3319.16,3316.43,3319.09,63078378
2020-01-20T07:00:00Z,3319.09,3323.67,3318.56,3323.63,78973854
2020-01-20T08:00:00Z,3323.63,3324.10,3319.48,3319.77,77847779
2020-01-20T09:00:00Z,3319.77,3320.33,3311.92,3312.81,77254567
2020-01-20T10:00:00Z,3312.81,3315.72,3310.86,3313.82,72353749
2020-01-20T11:00:00Z,3313.82,3315.88,3312.42,3313.71,67048268
2020-01-20T12:00:00Z,3313.71,3317.34,3312.73,3315.82,70018847
2020-01-20T13:00:00Z,3315.82,3320.61,3315.08,3318.03,65251345
2020-01-20T14:00:00Z,3318.03,3320.26,3314.88,3315.77,69607032
2020-01-20T15:00:00Z,3315.77,3317.63,3310.02,3311.71,62610595
2020-01-20T16:00:00Z,3311.71,3313.77,3306.28,3307.58,78796206
2020-01-20T17:00:00Z,3307.58,3308.61,3302.78,3303.16,79458113
2020-01-20T18:00:00Z,3303.16,3304.61,3302.95,3303.97,70348478
2020-01-20T19:00:00Z,3303.97,3308.12,3302.02,3306.35,56898054
2020-01-20T20:00:00Z,3306.35,3310.07,3304.25,3308.99,64621106
2020-01-20T21:00:00Z,3308.99,3309.27,3306.28,3307.75,55265951
2020-01-20T22:00:00Z,3307.75,3309.72,3305.59,3309.18,64947835
2020-01-20T23:00:00Z,3309.18,3310.40,3305.44,3307.83,57946077
2020-01-21T00:00:00Z,3307.83,3309.89,3300.94,3301.90,77738451
2020-01-21T01:00:00Z,3301.90,3303.98,3297.76,3299.74,65559463
2020-01-21T02:00:00Z,3299.74,3302.96,3299.47,3301.09,54890240
2020-01-21T03:00:00Z,3301.09,3303.08,3298.99,3302.16,70177579
2020-01-21T04:00:00Z,3302.16,3311.79,3300.11,3309.80,76636534
2020-01-21T05:00:00Z,3309.80,3312.34,3308.10,3310.38,61288923
2020-01-21T06:00:00Z,3310.38,3314.19,3309.31,3313.95,78452606
2020-01-21T07:00:00Z,3313.95,3316.50,3306.44,3307.18,71953450
2020-01-21T08:00:00Z,3307.18,3307.86,3306.77,3307.15,51369070
2020-01-21T09:00:00Z,3307.15,3307.61,3304.47,3305.10,62590613
2020-01-21T10:00:00Z,3305.10,3306.63,3301.46,3303.28,70558989
2020-01-21T11:00:00Z,3303.28,3305.63,3298.82,3300.24,65129367
2020-01-21T12:00:00Z,3300.24,3303.90,3297.69,3302.43,58910538
2020-01-21T13:00:00Z,3302.43,3307.97,3300.11,3306.83,64706765
2020-01-21T14:00:00Z,3306.83,3310.06,3305.57,3307.84,54180660
2020-01-21T15:00:00Z,3307.84,3308.67,3303.06,3304.50,70701843
2020-01-21T16:00:00Z,3304.50,3306.34,3298.59,3300.82,65021616
2020-01-21T17:00:00Z,3300.82,3302.57,3296.86,3297.68,75009337
2020-01-21T18:00:00Z,3297.68,3299.33,3295.16,3295.20,56155018
2020-01-21T19:00:00Z,3295.20,3299.16,3293.62,3297.55,57947845
2020-01-21T20:00:00Z,3297.55,3302.78,3295.51,3302.04,80164525
2020-01-21T21:00:00Z,3302.04,3306.61,3300.51,3305.83,71306866
2020-01-21T22:00:00Z,3305.83,3308.34,3303.11,3304.40,64063509
2020-01-21T23:00:00Z,3304.40,3305.44,3299.02,3300.24,75843971
2020-01-22T00:00:00Z,3300.24,3300.28,3298.56,3298.80,62047220
2020-01-22T01:00:00Z,3298.80,3300.60,3296.37,3297.63,72774112
2020-01-22T02:00:00Z,3297.63,3299.94,3292.16,3294.72,71360769
2020-01-22T03:00:00Z,3294.72,3296.17,3293.09,3295.40,59953671
2020-01-22T04:00:00Z,3295.40,3300.46,3293.72,3299.10,61820972
2020-01-22T05:00:00Z,3299.10,3299.51,3297.60,3298.18,59679729
2020-01-22T06:00:00Z,3298.18,3303.90,3297.34,3301.53,62625902
2020-01-22T07:00:00Z,3301.53,3303.25,3296.88,3298.00,62532874
2020-01-22T08:00:00Z,3298.00,3303.22,3296.34,3300.69,67688101
2020-01-22T09:00:00Z,3300.69,3301.58,3298.15,3300.31,59668913
2020-01-22T10:00:00Z,3300.31,3301.39,3299.66,3300.19,53827039
2020-01-22T11:00:00Z,3300.19,3304.96,3298.14,3304.01,73839934
2020-01-22T12:00:00Z,3304.01,3304.84,3301.24,3301.71,69700211
2020-01-22T13:00:00Z,3301.71,3301.93,3301.55,3301.86,63868989
2020-01-22T14:00:00Z,3301.86,3302.70,3298.57,3300.16,71420859
2020-01-22T15:00:00Z,3300.16,3300.55,3298.87,3298.88,68881929
2020-01-22T16:00:00Z,3298.88,3305.31,3298.82,3304.48,68791319
2020-01-22T17:00:00Z,3304.48,3309.09,3304.41,3306.94,66418595
2020-01-22T18:00:00Z,3306.94,3308.48,3299.42,3301.15,65817739
2020-01-22T19:00:00Z,3301.15,3305.40,3299.46,3303.33,59652576
2020-01-22T20:00:00Z,3303.33,3312.08,3302.58,3310.62,74869046
2020-01-22T21:00:00Z,3310.62,3310.85,3309.97,3310.43,59467540
2020-01-22T22:00:00Z,3310.43,3312.66,3307.31,3308.67,65127133
2020-01-22T23:00:00Z,3308.67,3311.68,3308.46,3309.27,62173563
2020-01-23T00:00:00Z,3309.27,3310.50,3306.00,3306.58,72196351
2020-01-23T01:00:00Z,3306.58,3309.16,3302.16,3303.95,59699840
2020-01-23T02:00:00Z,3303.95,3304.75,3302.72,3304.41,53159381
2020-01-23T03:00:00Z,3304.41,3305.75,3301.17,3303.25,61044243
2020-01-23T04:00:00Z,3303.25,3303.52,3299.57,3302.06,56280150
2020-01-23T05:00:00Z,3302.06,3305.03,3301.58,3302.74,63356911
2020-01-23T06:00:00Z,3302.74,3308.89,3302.74,3308.30,75892500
2020-01-23T07:00:00Z,3308.30,3309.93,3307.65,3308.21,64570149
2020-01-23T08:00:00Z,3308.21,3315.16,3308.03,3312.57,61670081
2020-01-23T09:00:00Z,3312.57,3314.14,3310.88,3312.31,52084813
2020-01-23T10:00:00Z,3312.31,3314.15,3307.40,3309.83,58640408
2020-01-23T11:00:00Z,3309.83,3311.58,3305.81,3306.59,72512151
2020-01-23T12:00:00Z,3306.59,3308.58,3302.74,3304.52,71313828
2020-01-23T13:00:00Z,3304.52,3305.06,3302.57,3303.27,63337192
2020-01-23T14:00:00Z,3303.27,3305.83,3298.93,3300.25,68703051
2020-01-23T15:00:00Z,3300.25,3304.25,3297.81,3302.80,62755801
2020-01-23T16:00:00Z,3302.80,3305.38,3300.61,3300.74,74512401
2020-01-23T17:00:00Z,3300.74,3301.90,3295.74,3296.22,69321586
2020-01-23T18:00:00Z,3296.22,3299.66,3295.16,3298.79,63612055
2020-01-23T19:00:00Z,3298.79,3300.77,3296.97,3299.42,61538667
2020-01-23T20:00:00Z,3299.42,3300.31,3298.22,3298.32,53093257
2020-01-23T21:00:00Z,3298.32,3300.10,3288.03,3288.79,76018248
2020-01-23T22:00:00Z,3288.79,3290.50,3284.14,3285.33,60657275
2020-01-23T23:00:00Z,3285.33,3287.78,3282.71,3283.88,71057697
2020-01-24T00:00:00Z,3283.88,3291.45,3281.31,3289.96,82747000
2020-01-24T01:00:00Z,3289.96,3291.85,3289.08,3289.16,69498926
2020-01-24T02:00:00Z,3289.16,3292.89,3286.82,3291.39,72123187
2020-01-24T03:00:00Z,3291.39,3296.13,3291.30,3293.69,60844037
2020-01-24T04:00:00Z,3293.69,3295.51,3290.32,3292.02,65469199
2020-01-24T05:00:00Z,3292.02,3292.70,3289.07,3291.23,58027449
2020-01-24T06:00:00Z,3291.23,3293.39,3290.28,3293.27,59272988
2020-01-24T07:00:00Z,3293.27,3293.51,3287.84,3290.40,75939551
2020-01-24T08:00:00Z,3290.40,3293.45,3290.07,3293.11,59808478
2020-01-24T09:00:00Z,3293.11,3295.05,3292.33,3293.84,64250471
2020-01-24T10:00:00Z,3293.84,3296.68,3291.32,3295.28,59347765
2020-01-24T11:00:00Z,3295.28,3298.61,3294.60,3297.90,72759346
2020-01-24T12:00:00Z,3297.90,3302.54,3295.47,3300.09,61193604
2020-01-24T13:00:00Z,3300.09,3306.26,3298.95,3305.67,70578736
2020-01-24T14:00:00Z,3305.67,3308.02,3303.26,3305.94,69789756
2020-01-24T15:00:00Z,3305.94,3306.88,3302.55,3303.39,75086429
2020-01-24T16:00:00Z,3303.39,3304.84,3295.17,3297.48,79769598
2020-01-24T17:00:00Z,3297.48,3297.71,3296.77,3297.69,54565817
2020-01-24T18:00:00Z,3297.69,3300.73,3296.31,3298.57,64939672
2020-01-24T19:00:00Z,3298.57,3309.07,3298.39,3308.06,90917133
2020-01-24T20:00:00Z,3308.06,3309.04,3304.89,3306.21,60808442
2020-01-24T21:00:00Z,3306.21,3314.46,3304.16,3312.45,80797344
2020-01-24T22:00:00Z,3312.45,3314.86,3310.00,3313.68,69600891
2020-01-24T23:00:00Z,3313.68,3320.00,3311.63,3318.43,75062898
2020-01-25T00:00:00Z,3318.43,3320.23,3314.58,3315.24,75852615
2020-01-25T01:00:00Z,3315.24,3321.46,3314.21,3319.58,79633378
2020-01-25T02:00:00Z,3319.58,3321.59,3312.70,3314.82,79201866
2020-01-25T03:00:00Z,3314.82,3317.08,3311.92,3313.72,68945083
2020-01-25T04:00:00Z,3313.72,3320.24,3312.41,3319.54,78078230
2020-01-25T05:00:00Z,3319.54,3320.53,3318.46,3319.12,53733471
2020-01-25T06:00:00Z,3319.12,3319.35,3314.08,3316.53,71715835
2020-01-25T07:00:00Z,3316.53,3320.51,3316.46,3318.85,59675442
2020-01-25T08:00:00Z,3318.85,3319.75,3316.83,3316.91,72067071
2020-01-25T09:00:00Z,3316.91,3318.73,3314.15,3315.93,64981594
2020-01-25T10:00:00Z,3315.93,3317.23,3315.60,3316.48,54550023
2020-01-25T11:00:00Z,3316.48,3318.37,3314.06,3317.80,66474197
2020-01-25T12:00:00Z,3317.80,3318.32,3313.56,3314.77,69056176
2020-01-25T13:00:00Z,3314.77,3319.42,3314.28,3317.05,68569505
2020-01-25T14:00:00Z,3317.05,3319.47,3313.51,3314.65,70205461
2020-01-25T15:00:00Z,3314.65,3315.35,3310.00,3311.04,67307304
2020-01-25T16:00:00Z,3311.04,3313.69,3310.13,3312.82,69590847
2020-01-25T17:00:00Z,3312.82,3317.15,3310.59,3315.20,66677020
2020-01-25T18:00:00Z,3315.20,3317.26,3313.70,3314.74,66879377
2020-01-25T19:00:00Z,3314.74,3315.32,3311.56,3312.98,72882950
2020-01-25T20:00:00Z,3312.98,3313.77,3308.50,3308.85,66275173
2020-01-25T21:00:00Z,3308.85,3310.20,3307.29,3309.18,68896113
2020-01-25T22:00:00Z,3309.18,3310.27,3307.55,3309.69,64303801
2020-01-25T23:00:00Z,3309.69,3310.22,3306.64,3309.17,68746456
2020-01-26T00:00:00Z,3309.17,3309.38,3308.81,3308.91,56818091
2020-01-26T01:00:00Z,3308.91,3310.04,3306.39,3309.32,63400677
2020-01-26T02:00:00Z,3309.32,3312.01,3307.73,3311.05,60918745
2020-01-26T03:00:00Z,3311.05,3311.22,3307.61,3308.42,74647150
2020-01-26T04:00:00Z,3308.42,3311.64,3306.42,3311.46,61529639
2020-01-26T05:00:00Z,3311.46,3313.35,3311.32,3312.79,60318836
2020-01-26T06:00:00Z,3312.79,3318.04,3312.44,3316.14,65977401
2020-01-26T07:00:00Z,3316.14,3316.51,3312.69,3313.12,67059717
2020-01-26T08:00:00Z,3313.12,3313.98,3310.34,3310.94,55910530
2020-01-26T09:00:00Z,3310.94,3312.55,3308.24,3310.66,60565179
2020-01-26T10:00:00Z,3310.66,3314.20,3308.55,3311.89,67625859
2020-01-26T11:00:00Z,3311.89,3314.47,3306.63,3306.69,78374946
2020-01-26T12:00:00Z,3306.69,3308.64,3302.37,3304.83,68958958
2020-01-26T13:00:00Z,3304.83,3308.74,3302.45,3306.19,65602192
2020-01-26T14:00:00Z,3306.19,3309.44,3305.85,3306.84,71010679
2020-01-26T15:00:00Z,3306.84,3307.11,3303.80,3305.51,73025762
2020-01-26T16:00:00Z,3305.51,3312.04,3303.17,3311.17,73963180
2020-01-26T17:00:00Z,3311.17,3312.15,3305.29,3306.28,79613873
2020-01-26T18:00:00Z,3306.28,3307.81,3303.82,3304.54,60038886
2020-01-26T19:00:00Z,3304.54,3308.93,3303.54,3308.25,65042121
2020-01-26T20:00:00Z,3308.25,3309.51,3308.11,3308.62,53043972
2020-01-26T21:00:00Z,3308.62,3312.06,3307.84,3310.77,64681482
2020-01-26T22:00:00Z,3310.77,3317.72,3308.37,3316.73,79586941
2020-01-26T23:00:00Z,3316.73,3318.91,3310.32,3310.90,66627344
2020-01-27T00:00:00Z,3310.90,3315.79,3308.57,3315.79,73441921
2020-01-27T01:00:00Z,3315.79,3317.16,3315.78,3315.94,54904220
2020-01-27T02:00:00Z,3315.94,3316.16,3314.24,3314.59,59934241
2020-01-27T03:00:00Z,3314.59,3319.74,3312.94,3319.52,79834395
2020-01-27T04:00:00Z,3319.52,3323.43,3317.13,3322.23,73356376
2020-01-27T05:00:00Z,3322.23,3323.48,3318.55,3319.68,64014481
2020-01-27T06:00:00Z,3319.68,3324.28,3318.04,3324.21,69827307
2020-01-27T07:00:00Z,3324.21,3325.76,3323.16,3323.91,66256551
2020-01-27T08:00:00Z,3323.91,3331.90,3323.48,3329.85,75972654
2020-01-27T09:00:00Z,3329.85,3334.02,3328.91,3331.49,54464027
2020-01-27T10:00:00Z,3331.49,3335.21,3329.63,3334.87,75742449
2020-01-27T11:00:00Z,3334.87,3336.33,3329.75,3331.83,65475574
2020-01-27T12:00:00Z,3331.83,3332.12,3329.91,3331.87,51343705
2020-01-27T13:00:00Z,3331.87,3334.43,3330.07,3332.27,69679684
2020-01-27T14:00:00Z,3332.27,3333.45,3325.77,3327.60,74042224
2020-01-27T15:00:00Z,3327.60,3328.28,3326.86,3327.41,56001026
2020-01-27T16:00:00Z,3327.41,3329.50,3324.86,3327.84,52721190
2020-01-27T17:00:00Z,3327.84,3329.62,3326.12,3328.38,64968929
2020-01-27T18:00:00Z,3328.38,3329.91,3324.39,3326.44,64529466
2020-01-27T19:00:00Z,3326.44,3328.77,3322.99,3324.81,58968815
2020-01-27T20:00:00Z,3324.81,3326.54,3321.21,3321.98,69953440
2020-01-27T21:00:00Z,3321.98,3322.86,3316.62,3318.12,73024869
2020-01-27T22:00:00Z,3318.12,3323.87,3315.94,3321.45,69308226
2020-01-27T23:00:00Z,3321.45,3324.27,3319.12,3322.73,56394618
2020-01-28T00:00:00Z,3322.73,3325.10,3321.18,3323.37,56698914
2020-01-28T01:00:00Z,3323.37,3324.53,3317.89,3320.27,71373873
2020-01-28T02:00:00Z,3320.27,3322.12,3318.35,3320.48,70031623
2020-01-28T03:00:00Z,3320.48,3324.66,3320.11,3322.23,54701029
2020-01-28T04:00:00Z,3322.23,3325.38,3320.25,3324.07,57292073
2020-01-28T05:00:00Z,3324.07,3324.47,3321.78,3323.02,59056036
2020-01-28T06:00:00Z,3323.02,3324.11,3321.80,3323.30,56914854
2020-01-28T07:00:00Z,3323.30,3325.57,3319.46,3321.34,61086865
2020-01-28T08:00:00Z,3321.34,3322.83,3312.91,3314.60,75413193
2020-01-28T09:00:00Z,3314.60,3318.12,3312.82,3315.79,72840303
2020-01-28T10:00:00Z,3315.79,3316.69,3312.47,3313.92,56454005
2020-01-28T11:00:00Z,3313.92,3314.91,3308.77,3309.57,76092049
2020-01-28T12:00:00Z,3309.57,3314.16,3309.20,3311.73,58024966
2020-01-28T13:00:00Z,3311.73,3316.11,3311.14,3315.88,67549308
2020-01-28T14:00:00Z,3315.88,3320.20,3314.45,3317.67,58002857
2020-01-28T15:00:00Z,3317.67,3325.10,3315.15,3323.25,71556213
2020-01-28T16:00:00Z,3323.25,3330.22,3321.29,3329.35,80818333
2020-01-28T17:00:00Z,3329.35,3330.51,3327.90,3328.35,70637922
2020-01-28T18:00:00Z,3328.35,3332.98,3327.97,3332.43,67480667
2020-01-28T19:00:00Z,3332.43,3335.37,3331.86,3333.10,68534562
2020-01-28T20:00:00Z,3333.10,3338.64,3332.04,3336.84,73928074
2020-01-28T21:00:00Z,3336.84,3339.02,3335.12,3338.33,66053707
2020-01-28T22:00:00Z,3338.33,3339.89,3336.97,3339.03,65417002
2020-01-28T23:00:00Z,3339.03,3341.65,3335.73,3338.33,54037891
2020-01-29T00:00:00Z,3338.33,3346.23,3336.78,3344.03,63935718
2020-01-29T01:00:00Z,3344.03,3346.41,3342.99,3343.78,65601440
2020-01-29T02:00:00Z,3343.78,3344.99,3342.83,3344.57,71857670
2020-01-29T03:00:00Z,3344.57,3348.47,3342.59,3347.15,61811709
2020-01-29T04:00:00Z,3347.15,3352.70,3345.24,3350.68,61176017
2020-01-29T05:00:00Z,3350.68,3350.80,3348.36,3349.40,56617806
2020-01-29T06:00:00Z,3349.40,3351.96,3347.45,3351.75,67328413
2020-01-29T07:00:00Z,3351.75,3359.29,3349.71,3357.29,76299126
2020-01-29T08:00:00Z,3357.29,3357.95,3354.71,3356.81,65680713
2020-01-29T09:00:00Z,3356.81,3360.32,3356.24,3358.28,68909652
2020-01-29T10:00:00Z,3358.28,3364.36,3358.20,3362.47,73396700
2020-01-29T11:00:00Z,3362.47,3364.00,3356.26,3358.59,62865221
2020-01-29T12:00:00Z,3358.59,3361.78,3358.22,3361.01,69681399
2020-01-29T13:00:00Z,3361.01,3361.13,3358.42,3360.66,59079605
2020-01-29T14:00:00Z,3360.66,3362.55,3356.38,3356.73,77354578
2020-01-29T15:00:00Z,3356.73,3357.56,3353.85,3356.26,66555857
2020-01-29T16:00:00Z,3356.26,3358.54,3352.29,3354.28,66426850
2020-01-29T17:00:00Z,3354.28,3354.49,3351.22,3353.47,57113400
2020-01-29T18:00:00Z,3353.47,3355.45,3352.05,3355.19,57235604
2020-01-29T19:00:00Z,3355.19,3355.50,3352.69,3353.46,55838572
2020-01-29T20:00:00Z,3353.46,3358.63,3351.49,3357.41,69694287
2020-01-29T21:00:00Z,3357.41,3361.95,3356.25,3361.73,73982143
2020-01-29T22:00:00Z,3361.73,3363.40,3354.06,3355.98,68999334
2020-01-29T23:00:00Z,3355.98,3358.17,3353.97,3354.90,58211995
2020-01-30T00:00:00Z,3354.90,3356.90,3352.46,3356.30,63416584
2020-01-30T01:00:00Z,3356.30,3357.49,3355.19,3355.89,69431968
2020-01-30T02:00:00Z,3355.89,3360.16,3355.86,3360.09,75309610
2020-01-30T03:00:00Z,3360.09,3360.65,3356.99,3358.60,70169947
2020-01-30T04:00:00Z,3358.60,3360.66,3357.76,3358.26,53138977
2020-01-30T05:00:00Z,3358.26,3360.31,3356.53,3358.80,52409554
2020-01-30T06:00:00Z,3358.80,3359.42,3357.09,3359.03,64290080
2020-01-30T07:00:00Z,3359.03,3360.59,3355.50,3357.53,65187525
2020-01-30T08:00:00Z,3357.53,3361.72,3357.22,3360.94,76843139
2020-01-30T09:00:00Z,3360.94,3361.95,3360.77,3360.88,69203433
2020-01-30T10:00:00Z,3360.88,3362.21,3355.55,3358.08,58164416
2020-01-30T11:00:00Z,3358.08,3359.68,3355.59,3355.72,63247092
2020-01-30T12:00:00Z,3355.72,3357.44,3353.28,3356.36,52494946
2020-01-30T13:00:00Z,3356.36,3357.27,3351.75,3354.29,74386433
2020-01-30T14:00:00Z,3354.29,3356.06,3352.17,3353.47,52502809
2020-01-30T15:00:00Z,3353.47,3355.60,3351.87,3355.36,61822771
2020-01-30T16:00:00Z,3355.36,3357.91,3355.36,3355.99,59948489
2020-01-30T17:00:00Z,3355.99,3358.55,3353.17,3355.19,58482686
2020-01-30T18:00:00Z,3355.19,3356.66,3353.69,3356.24,52793576
2020-01-30T19:00:00Z,3356.24,3361.56,3354.37,3361.50,69424858
2020-01-30T20:00:00Z,3361.50,3365.38,3360.07,3363.90,66869829
2020-01-30T21:00:00Z,3363.90,3369.32,3362.73,3368.13,65449214
2020-01-30T22:00:00Z,3368.13,3369.41,3363.61,3364.64,63114417
2020-01-30T23:00:00Z,3364.64,3369.89,3362.37,3367.26,66541824
2020-01-31T00:00:00Z,3367.26,3367.64,3361.02,3362.27,72115502
2020-01-31T01:00:00Z,3362.27,3363.34,3361.53,3362.44,51108745
2020-01-31T02:00:00Z,3362.44,3364.59,3359.52,3360.65,66835810
2020-01-31T03:00:00Z,3360.65,3362.72,3357.46,3359.34,54664691
2020-01-31T04:00:00Z,3359.34,3360.22,3358.71,3359.45,58769528
2020-01-31T05:00:00Z,3359.45,3361.39,3357.71,3358.54,64109293
2020-01-31T06:00:00Z,3358.54,3360.10,3357.00,3357.03,53697247
2020-01-31T07:00:00Z,3357.03,3358.06,3354.34,3355.97,63167385
2020-01-31T08:00:00Z,3355.97,3356.18,3350.54,3351.68,69147720
2020-01-31T09:00:00Z,3351.68,3355.64,3349.58,3353.43,60849801
2020-01-31T10:00:00Z,3353.43,3355.76,3351.32,3354.43,66141029
2020-01-31T11:00:00Z,3354.43,3362.33,3352.07,3361.61,72186785
2020-01-31T12:00:00Z,3361.61,3363.04,3361.49,3363.02,60219175
2020-01-31T13:00:00Z,3363.02,3364.68,3361.65,3364.66,59743593
2020-01-31T14:00:00Z,3364.66,3365.31,3360.25,3362.46,60170383
2020-01-31T15:00:00Z,3362.46,3362.89,3358.31,3358.64,70724467
2020-01-31T16:00:00Z,3358.64,3360.69,3353.18,3355.26,62360193
2020-01-31T17:00:00Z,3355.26,3356.48,3350.47,3351.69,63310304
2020-01-31T18:00:00Z,3351.69,3354.31,3350.83,3353.71,56790590
2020-01-31T19:00:00Z,3353.71,3356.10,3353.12,3354.83,54326079
2020-01-31T20:00:00Z,3354.83,3356.39,3350.64,3351.19,77925317
2020-01-31T21:00:00Z,3351.19,3351.20,3345.55,3347.62,58928871
2020-01-31T22:00:00Z,3347.62,3350.88,3345.61,3349.30,62584945
2020-01-31T23:00:00Z,3349.30,3354.26,3348.62,3352.53,66023751
2020-02-01T00:00:00Z,3352.53,3354.02,3349.38,3350.02,73967939
2020-02-01T01:00:00Z,3350.02,3352.21,3348.34,3348.65,57383943
2020-02-01T02:00:00Z,3348.65,3350.78,3341.90,3343.54,72118436
2020-02-01T03:00:00Z,3343.54,3344.19,3341.47,3342.45,59539554
2020-02-01T04:00:00Z,3342.45,3343.88,3339.12,3341.71,59636941
2020-02-01T05:00:00Z,3341.71,3344.73,3339.62,3342.11,56504748
2020-02-01T06:00:00Z,3342.11,3349.50,3339.94,3347.69,80651061
2020-02-01T07:00:00Z,3347.69,3348.66,3344.64,3346.63,65942827
2020-02-01T08:00:00Z,3346.63,3348.91,3342.98,3345.41,59959778
2020-02-01T09:00:00Z,3345.41,3349.25,3343.88,3347.56,60087985
2020-02-01T10:00:00Z,3347.56,3349.42,3343.05,3344.83,66441300
2020-02-01T11:00:00Z,3344.83,3346.00,3337.68,3339.98,75873294
2020-02-01T12:00:00Z,3339.98,3341.04,3337.69,3340.93,53507135
2020-02-01T13:00:00Z,3340.93,3342.40,3338.55,3340.88,57777524
2020-02-01T14:00:00Z,3340.88,3342.25,3339.00,3341.84,55804709
2020-02-01T15:00:00Z,3341.84,3348.17,3339.88,3346.39,77119335
2020-02-01T16:00:00Z,3346.39,3348.26,3343.92,3347.12,62379662
2020-02-01T17:00:00Z,3347.12,3350.71,3346.14,3348.81,71179628
2020-02-01T18:00:00Z,3348.81,3349.82,3344.73,3347.19,71701812
2020-02-01T19:00:00Z,3347.19,3353.17,3345.93,3351.89,79962822
2020-02-01T20:00:00Z,3351.89,3355.39,3350.65,3354.42,68778973
2020-02-01T21:00:00Z,3354.42,3356.16,3351.44,3352.49,57726041
2020-02-01T22:00:00Z,3352.49,3355.23,3350.54,3354.35,63467740
2020-02-01T23:00:00Z,3354.35,3354.88,3348.52,3349.43,71225341
2020-02-02T00:00:00Z,3349.43,3349.95,3342.89,3344.64,71090501
2020-02-02T01:00:00Z,3344.64,3346.88,3342.67,3345.04,53241257
2020-02-02T02:00:00Z,3345.04,3346.49,3340.36,3340.90,74029739
2020-02-02T03:00:00Z,3340.90,3342.98,3337.52,3338.82,59731148
2020-02-02T04:00:00Z,3338.82,3339.30,3332.58,3333.67,77131487
2020-02-02T05:00:00Z,3333.67,3336.28,3332.37,3333.44,62122851
2020-02-02T06:00:00Z,3333.44,3333.56,3329.25,3330.21,68119860
2020-02-02T07:00:00Z,3330.21,3333.82,3328.41,3332.37,55597776
2020-02-02T08:00:00Z,3332.37,3333.97,3326.07,3327.17,65042460
2020-02-02T09:00:00Z,3327.17,3328.76,3324.52,3327.10,55509997
2020-02-02T10:00:00Z,3327.10,3330.83,3326.67,3330.03,75364228
2020-02-02T11:00:00Z,3330.03,3333.49,3329.53,3331.05,56000199
2020-02-02T12:00:00Z,3331.05,3332.06,3328.05,3330.12,53060821
2020-02-02T13:00:00Z,3330.12,3331.91,3328.23,3328.36,64804090
2020-02-02T14:00:00Z,3328.36,3331.03,3327.52,3329.05,66439711
2020-02-02T15:00:00Z,3329.05,3332.01,3328.66,3330.38,55702609
2020-02-02T16:00:00Z,3330.38,3335.05,3328.19,3333.57,67641864
2020-02-02T17:00:00Z,3333.57,3333.88,3329.36,3330.76,69113459
2020-02-02T18:00:00Z,3330.76,3332.41,3327.50,3329.87,68890487
2020-02-02T19:00:00Z,3329.87,3334.65,3328.84,3332.12,61589613
2020-02-02T20:00:00Z,3332.12,3333.92,3331.11,3332.14,57423211
2020-02-02T21:00:00Z,3332.14,3333.92,3330.44,3331.61,67927353
2020-02-02T22:00:00Z,3331.61,3333.02,3327.67,3329.28,73483930
2020-02-02T23:00:00Z,3329.28,3329.34,3326.18,3328.01,61738892
2020-02-03T00:00:00Z,3328.01,3330.80,3327.43,3330.45,69119408
2020-02-03T01:00:00Z,3330.45,3334.13,3330.43,3332.48,63789984
2020-02-03T02:00:00Z,3332.48,3336.12,3331.02,3333.93,55878923
2020-02-03T03:00:00Z,3333.93,3336.41,3332.81,3333.96,56463405
2020-02-03T04:00:00Z,3333.96,3339.82,3333.80,3339.59,72360247
2020-02-03T05:00:00Z,3339.59,3339.91,3336.49,3337.47,73077670
2020-02-03T06:00:00Z,3337.47,3338.26,3333.47,3335.82,71998150
2020-02-03T07:00:00Z,3335.82,3337.30,3334.82,3334.85,58251406
2020-02-03T08:00:00Z,3334.85,3335.26,3329.81,3331.05,69998044
2020-02-03T09:00:00Z,3331.05,3331.70,3329.86,3331.05,64930728
2020-02-03T10:00:00Z,3331.05,3333.46,3329.92,3331.25,65943213
2020-02-03T11:00:00Z,3331.25,3332.27,3326.00,3327.96,58724519
2020-02-03T12:00:00Z,3327.96,3330.46,3326.93,3329.13,58192304
2020-02-03T13:00:00Z,3329.13,3331.15,3327.48,3328.36,66919800
2020-02-03T14:00:00Z,3328.36,3328.66,3323.99,3326.38,71176114
2020-02-03T15:00:00Z,3326.38,3330.73,3324.39,3328.14,58309705
2020-02-03T16:00:00Z,3328.14,3329.06,3327.68,3327.72,68898796
2020-02-03T17:00:00Z,3327.72,3336.75,3325.41,3334.24,72334888
2020-02-03T18:00:00Z,3334.24,3334.83,3332.71,3333.32,52871060
2020-02-03T19:00:00Z,3333.32,3334.25,3330.88,3333.61,69037634
2020-02-03T20:00:00Z,3333.61,3338.67,3333.11,3337.39,67558548
2020-02-03T21:00:00Z,3337.39,3340.19,3337.22,3339.76,71413078
2020-02-03T22:00:00Z,3339.76,3341.48,3337.30,3341.36,57689827
2020-02-03T23:00:00Z,3341.36,3343.19,3336.80,3337.65,78737368
2020-02-04T00:00:00Z,3337.65,3340.26,3329.95,3331.83,69549695
2020-02-04T01:00:00Z,3331.83,3334.74,3331.57,3333.17,54711888
2020-02-04T02:00:00Z,3333.17,3336.88,3330.85,3334.51,72616073
2020-02-04T03:00:00Z,3334.51,3335.49,3331.85,3333.40,70397517
2020-02-04T04:00:00Z,3333.40,3337.44,3333.37,3336.07,64530280
2020-02-04T05:00:00Z,3336.07,3342.41,3334.07,3340.19,72034052
2020-02-04T06:00:00Z,3340.19,3340.41,3338.61,3340.10,63798278
2020-02-04T07:00:00Z,3340.10,3344.81,3337.85,3343.24,76213519
2020-02-04T08:00:00Z,3343.24,3347.80,3341.86,3346.98,68235466
2020-02-04T09:00:00Z,3346.98,3351.17,3345.79,3349.72,73355823
2020-02-04T10:00:00Z,3349.72,3354.43,3349.23,3353.85,72370692
2020-02-04T11:00:00Z,3353.85,3355.88,3352.66,3354.92,71698583
2020-02-04T12:00:00Z,3354.92,3356.30,3349.98,3351.94,68937851
2020-02-04T13:00:00Z,3351.94,3352.35,3348.41,3350.83,53685995
2020-02-04T14:00:00Z,3350.83,3355.91,3348.99,3354.09,60400495
2020-02-04T15:00:00Z,3354.09,3357.01,3353.15,3355.53,53717715
2020-02-04T16:00:00Z,3355.53,3358.83,3353.71,3356.23,62407021
2020-02-04T17:00:00Z,3356.23,3359.02,3356.06,3357.43,53619290
2020-02-04T18:00:00Z,3357.43,3360.49,3356.72,3358.59,72586402
2020-02-04T19:00:00Z,3358.59,3359.35,3354.62,3356.90,72851458
2020-02-04T20:00:00Z,3356.90,3359.39,3356.86,3358.99,58421679
2020-02-04T21:00:00Z,3358.99,3359.40,3357.15,3358.88,53624401
2020-02-04T22:00:00Z,3358.88,3359.93,3355.94,3358.25,57349815
2020-02-04T23:00:00Z,3358.25,3358.31,3357.84,3357.92,53977032
2020-02-05T00:00:00Z,3357.92,3362.32,3356.15,3361.37,64729481
2020-02-05T01:00:00Z,3361.37,3363.93,3360.02,3360.09,61370468
2020-02-05T02:00:00Z,3360.09,3364.62,3360.00,3363.07,67763312
2020-02-05T03:00:00Z,3363.07,3365.32,3362.38,3363.69,55463882
2020-02-05T04:00:00Z,3363.69,3364.74,3361.64,3363.95,63503294
2020-02-05T05:00:00Z,3363.95,3365.38,3362.28,3362.32,64901455
2020-02-05T06:00:00Z,3362.32,3364.97,3359.33,3360.61,55375065
2020-02-05T07:00:00Z,3360.61,3360.67,3355.97,3358.53,60614935
2020-02-05T08:00:00Z,3358.53,3363.92,3358.45,3361.92,58802217
2020-02-05T09:00:00Z,3361.92,3363.18,3357.16,3357.80,66573142
2020-02-05T10:00:00Z,3357.80,3358.52,3355.75,3356.16,56252326
2020-02-05T11:00:00Z,3356.16,3357.79,3352.97,3355.40,60812206
2020-02-05T12:00:00Z,3355.40,3356.82,3354.06,3354.10,66303633
2020-02-05T13:00:00Z,3354.10,3354.39,3345.61,3347.47,85532320
2020-02-05T14:00:00Z,3347.47,3347.84,3344.73,3346.01,59061877
2020-02-05T15:00:00Z,3346.01,3347.60,3345.63,3346.62,70772917
2020-02-05T16:00:00Z,3346.62,3348.64,3344.34,3345.54,70472841
2020-02-05T17:00:00Z,3345.54,3350.78,3343.31,3348.39,74022136
2020-02-05T18:00:00Z,3348.39,3349.98,3343.96,3344.92,60642287
2020-02-05T19:00:00Z,3344.92,3345.67,3339.27,3340.98,73027070
2020-02-05T20:00:00Z,3340.98,3341.23,3339.27,3340.87,50643320
2020-02-05T21:00:00Z,3340.87,3342.89,3336.66,3339.01,70737279
2020-02-05T22:00:00Z,3339.01,3340.93,3335.47,3336.23,68723156
2020-02-05T23:00:00Z,3336.23,3336.29,3331.40,3332.86,63474681
2020-02-06T00:00:00Z,3332.86,3333.49,3327.50,3329.29,71398911
2020-02-06T01:00:00Z,3329.29,3329.68,3328.36,3328.75,58118756
2020-02-06T02:00:00Z,3328.75,3330.88,3325.69,3326.21,73444812
2020-02-06T03:00:00Z,3326.21,3330.51,3324.21,3329.35,58060416
2020-02-06T04:00:00Z,3329.35,3330.19,3327.67,3329.50,64286909
2020-02-06T05:00:00Z,3329.50,3337.43,3327.79,3335.31,78503663
2020-02-06T06:00:00Z,3335.31,3339.47,3335.25,3338.68,77516334
2020-02-06T07:00:00Z,3338.68,3340.16,3337.49,3338.14,52309924
2020-02-06T08:00:00Z,3338.14,3342.80,3337.09,3342.10,67776464
2020-02-06T09:00:00Z,3342.10,3342.50,3340.68,3342.14,64941004
2020-02-06T10:00:00Z,3342.14,3344.74,3340.12,3340.73,68038192
2020-02-06T11:00:00Z,3340.73,3345.38,3340.33,3342.98,56912555
2020-02-06T12:00:00Z,3342.98,3348.56,3341.94,3346.81,71566415
2020-02-06T13:00:00Z,3346.81,3347.13,3344.72,3346.18,56106348
2020-02-06T14:00:00Z,3346.18,3348.60,3342.85,3345.24,53877588
2020-02-06T15:00:00Z,3345.24,3348.53,3344.48,3346.69,62556431
2020-02-06T16:00:00Z,3346.69,3347.72,3343.93,3346.07,67496710
2020-02-06T17:00:00Z,3346.07,3349.07,3345.71,3348.18,57053908
2020-02-06T18:00:00Z,3348.18,3349.74,3345.84,3348.29,60176036
2020-02-06T19:00:00Z,3348.29,3351.61,3346.94,3350.83,71561762
2020-02-06T20:00:00Z,3350.83,3353.19,3349.32,3351.88,65937996
2020-02-06T21:00:00Z,3351.88,3352.44,3346.34,3348.91,73129829
2020-02-06T22:00:00Z,3348.91,3354.73,3347.36,3352.21,65834755
2020-02-06T23:00:00Z,3352.21,3353.86,3345.95,3348.24,69090753
2020-02-07T00:00:00Z,3348.24,3349.48,3342.41,3343.70,66698423
2020-02-07T01:00:00Z,3343.70,3348.88,3341.49,3347.19,67872371
2020-02-07T02:00:00Z,3347.19,3349.78,3340.88,3342.53,77975715
2020-02-07T03:00:00Z,3342.53,3342.59,3338.59,3340.85,64168107
2020-02-07T04:00:00Z,3340.85,3344.32,3338.42,3343.72,73970233
2020-02-07T05:00:00Z,3343.72,3345.98,3341.56,3343.66,69351913
2020-02-07T06:00:00Z,3343.66,3344.17,3341.44,3341.77,54572485
2020-02-07T07:00:00Z,3341.77,3344.21,3340.56,3341.72,57134285
2020-02-07T08:00:00Z,3341.72,3344.34,3341.22,3343.69,64351217
2020-02-07T09:00:00Z,3343.69,3348.33,3341.80,3347.54,78965709
2020-02-07T10:00:00Z,3347.54,3350.66,3346.82,3348.19,53547120
2020-02-07T11:00:00Z,3348.19,3349.52,3345.25,3347.50,70888023
2020-02-07T12:00:00Z,3347.50,3348.71,3345.36,3348.05,54334435
2020-02-07T13:00:00Z,3348.05,3350.25,3345.46,3346.70,72772625
2020-02-07T14:00:00Z,3346.70,3348.26,3343.13,3344.20,67213396
2020-02-07T15:00:00Z,3344.20,3345.81,3337.54,3337.56,80576420
2020-02-07T16:00:00Z,3337.56,3338.77,3334.64,3335.99,60590967
2020-02-07T17:00:00Z,3335.99,3342.86,3334.34,3340.53,71816083
2020-02-07T18:00:00Z,3340.53,3341.56,3338.47,3339.11,61519812
2020-02-07T19:00:00Z,3339.11,3341.44,3338.20,3340.82,62406646
2020-02-07T20:00:00Z,3340.82,3341.11,3338.09,3339.03,69989212
2020-02-07T21:00:00Z,3339.03,3339.92,3338.22,3339.40,62832147
2020-02-07T22:00:00Z,3339.40,3341.59,3333.54,3334.23,78101749
2020-02-07T23:00:00Z,3334.23,3336.40,3333.45,3334.22,52108855
2020-02-08T00:00:00Z,3334.22,3336.77,3332.12,3336.25,68862884
2020-02-08T01:00:00Z,3336.25,3337.79,3330.68,3333.05,70084232
2020-02-08T02:00:00Z,3333.05,3333.09,3329.88,3330.63,60252957
2020-02-08T03:00:00Z,3330.63,3334.33,3330.42,3332.61,68946504
2020-02-08T04:00:00Z,3332.61,3334.48,3330.67,3333.18,53827240
2020-02-08T05:00:00Z,3333.18,3334.15,3331.11,3331.29,69995820
2020-02-08T06:00:00Z,3331.29,3336.21,3329.30,3333.94,57438577
2020-02-08T07:00:00Z,3333.94,3335.18,3331.09,3333.14,56410760
2020-02-08T08:00:00Z,3333.14,3335.24,3330.64,3332.85,69570341
2020-02-08T09:00:00Z,3332.85,3333.22,3329.99,3330.09,72589465
2020-02-08T10:00:00Z,3330.09,3330.59,3328.51,3330.05,58688068
2020-02-08T11:00:00Z,3330.05,3334.75,3329.52,3334.21,66824942
2020-02-08T12:00:00Z,3334.21,3335.36,3331.52,3332.75,59542060
2020-02-08T13:00:00Z,3332.75,3334.27,3330.11,3332.16,63231214
2020-02-08T14:00:00Z,3332.16,3337.15,3331.15,3335.88,64999707
2020-02-08T15:00:00Z,3335.88,3339.26,3335.79,3336.71,54071739
2020-02-08T16:00:00Z,3336.71,3340.80,3336.66,3338.52,55275267
2020-02-08T17:00:00Z,3338.52,3340.74,3337.41,3338.55,54090559
2020-02-08T18:00:00Z,3338.55,3340.56,3334.37,3335.01,66946343
2020-02-08T19:00:00Z,3335.01,3339.40,3332.98,3337.47,65616558
2020-02-08T20:00:00Z,3337.47,3339.87,3335.89,3336.63,52476301
2020-02-08T21:00:00Z,3336.63,3341.50,3334.51,3339.48,71278961
2020-02-08T22:00:00Z,3339.48,3342.10,3335.96,3338.31,58924214
2020-02-08T23:00:00Z,3338.31,3338.63,3335.67,3338.27,61507576
2020-02-09T00:00:00Z,3338.27,3342.64,3336.69,3340.06,62493119
2020-02-09T01:00:00Z,3340.06,3343.01,3337.88,3340.63,70035235
2020-02-09T02:00:00Z,3340.63,3341.40,3336.72,3337.80,71843087
2020-02-09T03:00:00Z,3337.80,3339.34,3337.29,3338.48,70233494
2020-02-09T04:00:00Z,3338.48,3340.83,3336.48,3338.02,67659167
2020-02-09T05:00:00Z,3338.02,3340.34,3337.34,3338.66,65224698
2020-02-09T06:00:00Z,3338.66,3340.45,3337.78,3338.83,66491486
2020-02-09T07:00:00Z,3338.83,3340.33,3335.23,3335.41,67231225
2020-02-09T08:00:00Z,3335.41,3336.19,3333.94,3335.46,67574108
2020-02-09T09:00:00Z,3335.46,3335.81,3326.67,3329.19,81459139
2020-02-09T10:00:00Z,3329.19,3330.48,3329.17,3329.31,55179016
2020-02-09T11:00:00Z,3329.31,3331.83,3328.70,3329.19,52770936
2020-02-09T12:00:00Z,3329.19,3330.81,3324.19,3326.60,73843385
2020-02-09T13:00:00Z,3326.60,3327.06,3324.25,3326.01,61867479
2020-02-09T14:00:00Z,3326.01,3327.45,3323.31,3325.12,54776131
2020-02-09T15:00:00Z,3325.12,3325.93,3324.27,3325.38,61446025
2020-02-09T16:00:00Z,3325.38,3327.00,3321.69,3323.90,60237346
2020-02-09T17:00:00Z,3323.90,3324.26,3322.56,3323.56,57613289
2020-02-09T18:00:00Z,3323.56,3324.71,3321.77,3323.88,66215668
2020-02-09T19:00:00Z,3323.88,3325.52,3320.75,3322.58,61322995
2020-02-09T20:00:00Z,3322.58,3324.88,3321.68,3324.58,60512829
2020-02-09T21:00:00Z,3324.58,3325.92,3323.87,3325.51,57242880
2020-02-09T22:00:00Z,3325.51,3328.09,3321.20,3323.12,70784899
2020-02-09T23:00:00Z,3323.12,3324.19,3316.69,3318.71,67595370
2020-02-10T00:00:00Z,3318.71,3321.02,3316.08,3318.39,66424969
2020-02-10T01:00:00Z,3318.39,3320.99,3316.22,3316.50,54665341
2020-02-10T02:00:00Z,3316.50,3318.90,3313.17,3314.59,71029563
2020-02-10T03:00:00Z,3314.59,3317.46,3313.57,3315.90,65694137
2020-02-10T04:00:00Z,3315.90,3317.26,3314.22,3316.22,61148774
2020-02-10T05:00:00Z,3316.22,3317.48,3310.42,3310.45,82180943
2020-02-10T06:00:00Z,3310.45,3313.15,3309.26,3311.76,67605493
2020-02-10T07:00:00Z,3311.76,3314.09,3308.48,3311.04,70415677
2020-02-10T08:00:00Z,3311.04,3315.58,3310.49,3313.09,66788602
2020-02-10T09:00:00Z,3313.09,3315.44,3311.31,3312.47,61225376
2020-02-10T10:00:00Z,3312.47,3313.65,3308.12,3308.33,71696081
2020-02-10T11:00:00Z,3308.33,3309.45,3303.83,3304.85,64762743
2020-02-10T12:00:00Z,3304.85,3308.41,3302.60,3306.47,61654146
2020-02-10T13:00:00Z,3306.47,3308.15,3300.27,3302.71,61101885
2020-02-10T14:00:00Z,3302.71,3304.03,3300.69,3303.61,72131503
2020-02-10T15:00:00Z,3303.61,3306.39,3301.78,3304.15,56363522
2020-02-10T16:00:00Z,3304.15,3305.29,3299.38,3299.75,71084600
2020-02-10T17:00:00Z,3299.75,3303.64,3299.26,3302.07,75306228
2020-02-10T18:00:00Z,3302.07,3302.54,3298.92,3299.35,74664310
2020-02-10T19:00:00Z,3299.35,3305.32,3297.87,3305.19,74064129
2020-02-10T20:00:00Z,3305.19,3306.58,3301.97,3304.31,52981761
2020-02-10T21:00:00Z,3304.31,3309.20,3303.42,3307.41,70919272
2020-02-10T22:00:00Z,3307.41,3311.93,3305.06,3309.52,60271282
2020-02-10T23:00:00Z,3309.52,3315.01,3308.84,3313.74,70583462
2020-02-11T00:00:00Z,3313.74,3317.19,3313.62,3316.20,57173161
2020-02-11T01:00:00Z,3316.20,3318.53,3313.41,3314.78,56748019
2020-02-11T02:00:00Z,3314.78,3318.45,3312.78,3317.92,72174142
2020-02-11T03:00:00Z,3317.92,3321.73,3316.93,3321.01,72944409
2020-02-11T04:00:00Z,3321.01,3322.29,3318.46,3320.25,62604746
2020-02-11T05:00:00Z,3320.25,3322.22,3318.78,3320.69,56103802
2020-02-11T06:00:00Z,3320.69,3322.91,3318.18,3321.02,61088961
2020-02-11T07:00:00Z,3321.02,3326.44,3319.88,3324.76,77427197
2020-02-11T08:00:00Z,3324.76,3325.58,3322.65,3325.42,68747153
2020-02-11T09:00:00Z,3325.42,3326.55,3323.44,3326.46,63206052
2020-02-11T10:00:00Z,3326.46,3329.62,3324.94,3328.76,71890200
2020-02-11T11:00:00Z,3328.76,3330.65,3326.91,3328.57,59536595
2020-02-11T12:00:00Z,3328.57,3328.88,3324.65,3325.90,65041172
2020-02-11T13:00:00Z,3325.90,3328.71,3324.82,3326.87,65259944
2020-02-11T14:00:00Z,3326.87,3331.71,3324.40,3330.12,58248215
2020-02-11T15:00:00Z,3330.12,3331.86,3322.16,3323.90,70979519
2020-02-11T16:00:00Z,3323.90,3329.36,3321.93,3326.90,73509652
2020-02-11T17:00:00Z,3326.90,3328.32,3325.65,3325.99,70180488
2020-02-11T18:00:00Z,3325.99,3328.02,3321.30,3323.18,66170472
2020-02-11T19:00:00Z,3323.18,3323.73,3322.43,3323.19,61062701
2020-02-11T20:00:00Z,3323.19,3329.05,3320.93,3327.60,75903711
2020-02-11T21:00:00Z,3327.60,3329.21,3322.76,3323.50,78635168
2020-02-11T22:00:00Z,3323.50,3327.17,3322.76,3325.48,55391676
2020-02-11T23:00:00Z,3325.48,3328.73,3324.86,3327.01,71448792
2020-02-12T00:00:00Z,3327.01,3327.64,3325.30,3326.54,53922638
2020-02-12T01:00:00Z,3326.54,3329.84,3326.36,3329.49,70931258
2020-02-12T02:00:00Z,3329.49,3330.98,3326.20,3328.06,55549543
2020-02-12T03:00:00Z,3328.06,3328.61,3324.38,3326.46,72845196
2020-02-12T04:00:00Z,3326.46,3330.65,3325.76,3330.36,67084640
2020-02-12T05:00:00Z,3330.36,3330.70,3329.07,3329.40,68352183
2020-02-12T06:00:00Z,3329.40,3331.69,3327.17,3331.26,69297917
2020-02-12T07:00:00Z,3331.26,3332.60,3328.92,3332.55,68008042
2020-02-12T08:00:00Z,3332.55,3333.80,3330.61,3332.28,58494463
2020-02-12T09:00:00Z,3332.28,3334.22,3332.04,3332.34,58072675
2020-02-12T10:00:00Z,3332.34,3334.94,3327.81,3329.59,61328666
2020-02-12T11:00:00Z,3329.59,3331.81,3329.23,3330.10,66789981
2020-02-12T12:00:00Z,3330.10,3331.07,3327.20,3327.86,69686956
2020-02-12T13:00:00Z,3327.86,3330.28,3325.30,3330.06,59034319
2020-02-12T14:00:00Z,3330.06,3334.13,3327.54,3332.24,70011480
2020-02-12T15:00:00Z,3332.24,3334.18,3331.83,3332.83,58715376
2020-02-12T16:00:00Z,3332.83,3336.72,3331.03,3336.52,66214254
2020-02-12T17:00:00Z,3336.52,3340.88,3336.42,3338.55,58124244
2020-02-12T18:00:00Z,3338.55,3339.05,3336.53,3338.25,68057379
2020-02-12T19:00:00Z,3338.25,3343.03,3337.75,3341.29,68529565
2020-02-12T20:00:00Z,3341.29,3344.83,3338.91,3342.24,58222333
2020-02-12T21:00:00Z,3342.24,3342.75,3334.92,3336.23,80399911
2020-02-12T22:00:00Z,3336.23,3337.95,3334.22,3337.61,55715508
2020-02-12T23:00:00Z,3337.61,3340.09,3335.18,3337.77,65685424
2020-02-13T00:00:00Z,3337.77,3340.26,3335.82,3337.18,67724282
2020-02-13T01:00:00Z,3337.18,3341.73,3336.90,3340.64,71988645
2020-02-13T02:00:00Z,3340.64,3340.89,3339.14,3339.42,61525845
2020-02-13T03:00:00Z,3339.42,3342.00,3336.69,3338.85,70591933
2020-02-13T04:00:00Z,3338.85,3342.71,3338.16,3341.56,60686991
2020-02-13T05:00:00Z,3341.56,3347.79,3340.89,3347.66,73952550
2020-02-13T06:00:00Z,3347.66,3351.69,3345.79,3350.76,59370965
2020-02-13T07:00:00Z,3350.76,3351.15,3347.97,3350.33,69483623
2020-02-13T08:00:00Z,3350.33,3352.62,3349.68,3350.01,69458240
2020-02-13T09:00:00Z,3350.01,3351.51,3345.90,3348.44,64506036
2020-02-13T10:00:00Z,3348.44,3352.70,3346.99,3350.48,69619938
2020-02-13T11:00:00Z,3350.48,3352.11,3346.97,3347.17,73247817
2020-02-13T12:00:00Z,3347.17,3350.28,3346.82,3347.88,69374636
2020-02-13T13:00:00Z,3347.88,3350.39,3345.37,3350.30,56648003
2020-02-13T14:00:00Z,3350.30,3352.51,3348.13,3352.06,67866671
2020-02-13T15:00:00Z,3352.06,3355.93,3349.45,3354.09,57324396
2020-02-13T16:00:00Z,3354.09,3356.59,3351.58,3352.20,70887247
2020-02-13T17:00:00Z,3352.20,3354.11,3351.17,3353.79,56780752
2020-02-13T18:00:00Z,3353.79,3355.05,3347.60,3349.84,61559940
2020-02-13T19:00:00Z,3349.84,3350.53,3346.27,3348.75,55065855
2020-02-13T20:00:00Z,3348.75,3350.60,3346.65,3348.33,67480174
2020-02-13T21:00:00Z,3348.33,3353.03,3347.21,3352.50,79799454
2020-02-13T22:00:00Z,3352.50,3358.21,3350.14,3357.14,63457434
2020-02-13T23:00:00Z,3357.14,3359.37,3354.11,3354.53,64448701
2020-02-14T00:00:00Z,3354.53,3357.81,3352.02,3356.99,74328127
2020-02-14T01:00:00Z,3356.99,3358.30,3349.42,3351.85,64470713
2020-02-14T02:00:00Z,3351.85,3355.02,3351.81,3352.95,55842566
2020-02-14T03:00:00Z,3352.95,3355.95,3352.74,3354.67,71326728
2020-02-14T04:00:00Z,3354.67,3359.61,3352.46,3358.38,75949877
2020-02-14T05:00:00Z,3358.38,3363.21,3356.16,3360.70,61383054
2020-02-14T06:00:00Z,3360.70,3360.88,3356.61,3357.75,63610687
2020-02-14T07:00:00Z,3357.75,3360.78,3356.65,3358.37,58580217
2020-02-14T08:00:00Z,3358.37,3360.93,3357.54,3358.92,57068997
2020-02-14T09:00:00Z,3358.92,3360.90,3357.89,3360.89,66536055
2020-02-14T10:00:00Z,3360.89,3360.93,3360.39,3360.81,67869235
2020-02-14T11:00:00Z,3360.81,3363.72,3359.53,3362.51,67231331
2020-02-14T12:00:00Z,3362.51,3366.38,3360.25,3364.18,56227610
2020-02-14T13:00:00Z,3364.18,3370.30,3362.60,3369.59,78162123
2020-02-14T14:00:00Z,3369.59,3371.45,3368.73,3369.53,52020821
2020-02-14T15:00:00Z,3369.53,3370.90,3366.04,3368.17,72131246
2020-02-14T16:00:00Z,3368.17,3372.95,3366.90,3370.96,58236726
2020-02-14T17:00:00Z,3370.96,3375.27,3369.35,3374.20,65088434
2020-02-14T18:00:00Z,3374.20,3376.58,3369.11,3370.65,64226892
2020-02-14T19:00:00Z,3370.65,3374.26,3368.70,3373.12,57584272
2020-02-14T20:00:00Z,3373.12,3374.37,3372.36,3374.35,70181650
2020-02-14T21:00:00Z,3374.35,3383.43,3373.76,3381.58,84848370
2020-02-14T22:00:00Z,3381.58,3382.42,3379.56,3380.79,63267977
2020-02-14T23:00:00Z,3380.79,3381.80,3375.47,3376.96,63507767
2020-02-15T00:00:00Z,3376.96,3378.46,3374.80,3378.34,56995457
2020-02-15T01:00:00Z,3378.34,3382.23,3377.35,3381.32,66374513
2020-02-15T02:00:00Z,3381.32,3383.16,3375.78,3377.59,70412904
2020-02-15T03:00:00Z,3377.59,3377.83,3376.04,3376.88,63467626
2020-02-15T04:00:00Z,3376.88,3379.98,3374.25,3378.09,56426381
2020-02-15T05:00:00Z,3378.09,3378.69,3370.76,3373.02,80948197
2020-02-15T06:00:00Z,3373.02,3375.52,3371.33,3373.71,53937739
2020-02-15T07:00:00Z,3373.71,3376.03,3371.23,3372.23,59476692
2020-02-15T08:00:00Z,3372.23,3375.72,3371.01,3373.81,69625601
2020-02-15T09:00:00Z,3373.81,3374.50,3372.36,3373.32,60361986
2020-02-15T10:00:00Z,3373.32,3375.75,3366.72,3367.73,69337819
2020-02-15T11:00:00Z,3367.73,3368.91,3362.99,3365.22,70615034
2020-02-15T12:00:00Z,3365.22,3365.94,3364.21,3365.11,58346975
2020-02-15T13:00:00Z,3365.11,3366.52,3364.50,3366.03,62952397
2020-02-15T14:00:00Z,3366.03,3367.22,3365.08,3366.29,59669613
2020-02-15T15:00:00Z,3366.29,3368.90,3363.10,3364.54,71273774
2020-02-15T16:00:00Z,3364.54,3366.07,3362.08,3365.44,62222417
2020-02-15T17:00:00Z,3365.44,3365.65,3362.23,3362.31,58193063
2020-02-15T18:00:00Z,3362.31,3363.86,3360.20,3360.69,59955687
2020-02-15T19:00:00Z,3360.69,3364.97,3358.67,3363.27,59430050
2020-02-15T20:00:00Z,3363.27,3365.00,3361.30,3362.89,66204371
2020-02-15T21:00:00Z,3362.89,3371.70,3361.04,3369.30,65290467
2020-02-15T22:00:00Z,3369.30,3369.77,3368.43,3369.21,64143078
2020-02-15T23:00:00Z,3369.21,3369.83,3366.43,3369.01,68558445
2020-02-16T00:00:00Z,3369.01,3369.70,3366.87,3368.16,54106494
2020-02-16T01:00:00Z,3368.16,3370.86,3366.55,3369.81,69378089
2020-02-16T02:00:00Z,3369.81,3373.44,3368.63,3371.87,59046275
2020-02-16T03:00:00Z,3371.87,3375.04,3370.07,3373.42,70654922
2020-02-16T04:00:00Z,3373.42,3380.04,3372.08,3379.92,67875908
2020-02-16T05:00:00Z,3379.92,3380.30,3376.87,3377.87,72310291
2020-02-16T06:00:00Z,3377.87,3378.24,3375.55,3377.71,56175631
2020-02-16T07:00:00Z,3377.71,3377.81,3373.89,3376.40,58751888
2020-02-16T08:00:00Z,3376.40,3381.81,3374.35,3381.03,79480282
2020-02-16T09:00:00Z,3381.03,3382.89,3379.78,3382.48,68699988
2020-02-16T10:00:00Z,3382.48,3383.52,3380.14,3381.00,55954062
2020-02-16T11:00:00Z,3381.00,3382.89,3378.69,3381.78,62909190
2020-02-16T12:00:00Z,3381.78,3382.61,3381.26,3381.98,59531413
2020-02-16T13:00:00Z,3381.98,3383.90,3381.40,3383.74,58645454
2020-02-16T14:00:00Z,3383.74,3390.70,3383.34,3390.06,83566346
2020-02-16T15:00:00Z,3390.06,3392.62,3388.45,3389.60,55138622
2020-02-16T16:00:00Z,3389.60,3391.99,3386.42,3388.45,62617161
2020-02-16T17:00:00Z,3388.45,3389.88,3385.60,3385.77,56887367
2020-02-16T18:00:00Z,3385.77,3388.29,3382.67,3383.96,67502274
2020-02-16T19:00:00Z,3383.96,3385.30,3383.41,3383.77,61250052
2020-02-16T20:00:00Z,3383.77,3386.68,3382.88,3385.68,67404213
2020-02-16T21:00:00Z,3385.68,3386.05,3380.33,3382.62,60486173
2020-02-16T22:00:00Z,3382.62,3384.90,3378.05,3379.29,66553887
2020-02-16T23:00:00Z,3379.29,3381.65,3373.67,3374.21,66256665
2020-02-17T00:00:00Z,3374.21,3380.98,3371.60,3379.89,77975738
2020-02-17T01:00:00Z,3379.89,3387.40,3379.48,3385.89,72799670
2020-02-17T02:00:00Z,3385.89,3388.59,3384.49,3388.25,71707317
2020-02-17T03:00:00Z,3388.25,3389.19,3384.81,3387.18,57385888
2020-02-17T04:00:00Z,3387.18,3388.08,3384.10,3385.57,73707563
2020-02-17T05:00:00Z,3385.57,3386.13,3383.34,3384.32,61823175
2020-02-17T06:00:00Z,3384.32,3386.49,3383.36,3383.76,64287789
2020-02-17T07:00:00Z,3383.76,3384.70,3381.72,3384.70,62093945
2020-02-17T08:00:00Z,3384.70,3386.33,3382.17,3385.76,63835461
2020-02-17T09:00:00Z,3385.76,3387.80,3379.47,3380.36,68573069
2020-02-17T10:00:00Z,3380.36,3382.00,3377.59,3378.63,62209168
2020-02-17T11:00:00Z,3378.63,3378.84,3374.84,3377.09,56922555
2020-02-17T12:00:00Z,3377.09,3379.97,3375.64,3379.11,61949451
2020-02-17T13:00:00Z,3379.11,3386.43,3376.84,3385.92,84906210
2020-02-17T14:00:00Z,3385.92,3391.85,3385.68,3390.02,78874224
2020-02-17T15:00:00Z,3390.02,3392.86,3388.00,3392.34,60225277
2020-02-17T16:00:00Z,3392.34,3394.74,3390.34,3391.27,56215752
2020-02-17T17:00:00Z,3391.27,3393.00,3388.75,3389.00,66396271
2020-02-17T18:00:00Z,3389.00,3391.56,3384.31,3385.12,73983616
2020-02-17T19:00:00Z,3385.12,3385.36,3379.87,3382.04,69574054
2020-02-17T20:00:00Z,3382.04,3383.16,3379.81,3382.69,65858929
2020-02-17T21:00:00Z,3382.69,3383.75,3379.18,3381.58,57475733
2020-02-17T22:00:00Z,3381.58,3386.60,3380.42,3386.27,63048462
2020-02-17T23:00:00Z,3386.27,3389.33,3384.23,3387.70,60018427
2020-02-18T00:00:00Z,3387.70,3389.22,3384.20,3384.31,59825645
2020-02-18T01:00:00Z,3384.31,3386.49,3380.05,3381.93,62248933
2020-02-18T02:00:00Z,3381.93,3384.53,3381.85,3383.67,63265434
2020-02-18T03:00:00Z,3383.67,3385.68,3375.62,3378.09,77039517
2020-02-18T04:00:00Z,3378.09,3380.59,3377.11,3380.26,61531768
2020-02-18T05:00:00Z,3380.26,3380.72,3377.57,3380.01,53865050
2020-02-18T06:00:00Z,3380.01,3383.63,3378.62,3383.62,61770883
2020-02-18T07:00:00Z,3383.62,3384.16,3381.99,3382.48,71340166
2020-02-18T08:00:00Z,3382.48,3384.44,3380.30,3382.09,69940630
2020-02-18T09:00:00Z,3382.09,3386.42,3380.41,3386.01,77702314
2020-02-18T10:00:00Z,3386.01,3387.65,3382.67,3384.10,56022252
2020-02-18T11:00:00Z,3384.10,3386.27,3380.24,3381.89,73517207
2020-02-18T12:00:00Z,3381.89,3382.71,3379.54,3380.34,68043438
2020-02-18T13:00:00Z,3380.34,3384.00,3379.75,3382.45,63109526
2020-02-18T14:00:00Z,3382.45,3383.84,3376.99,3378.56,66216481
2020-02-18T15:00:00Z,3378.56,3380.19,3376.74,3378.38,54519833
2020-02-18T16:00:00Z,3378.38,3382.93,3376.94,3380.75,63329247
2020-02-18T17:00:00Z,3380.75,3385.20,3379.20,3383.02,69334554
2020-02-18T18:00:00Z,3383.02,3386.80,3380.71,3385.04,74008471
2020-02-18T19:00:00Z,3385.04,3392.07,3384.98,3389.52,60782617
2020-02-18T20:00:00Z,3389.52,3392.51,3388.63,3390.78,53532022
2020-02-18T21:00:00Z,3390.78,3396.30,3388.16,3395.03,63338266
2020-02-18T22:00:00Z,3395.03,3397.21,3392.68,3396.44,69419651
2020-02-18T23:00:00Z,3396.44,3400.63,3396.38,3398.88,59248584
2020-02-19T00:00:00Z,3398.88,3406.42,3398.57,3405.55,70627564
2020-02-19T01:00:00Z,3405.55,3413.68,3400.95,3410.39,63722736
2020-02-19T02:00:00Z,3410.39,3416.32,3389.06,3394.26,99004896
2020-02-19T03:00:00Z,3394.26,3413.73,3390.07,3412.80,103334640
2020-02-19T04:00:00Z,3412.80,3415.99,3407.87,3412.97,50743734
2020-02-19T05:00:00Z,3412.97,3423.85,3409.21,3417.56,68816169
2020-02-19T06:00:00Z,3417.56,3419.17,3411.54,3415.17,70931906
2020-02-19T07:00:00Z,3415.17,3434.04,3408.07,3432.21,96750084
2020-02-19T08:00:00Z,3432.21,3440.74,3431.82,3437.11,63790187
2020-02-19T09:00:00Z,3437.11,3441.94,3428.80,3432.56,67248790
2020-02-19T10:00:00Z,3432.56,3441.03,3414.51,3419.31,96957052
2020-02-19T11:00:00Z,3419.31,3428.36,3403.63,3413.86,71092775
2020-02-19T12:00:00Z,3413.86,3423.51,3389.65,3390.73,116552753
2020-02-19T13:00:00Z,3390.73,3420.91,3382.40,3414.20,121218445
2020-02-19T14:00:00Z,3414.20,3429.83,3404.40,3429.04,91305757
2020-02-19T15:00:00Z,3429.04,3437.17,3426.27,3432.81,61351922
2020-02-19T16:00:00Z,3432.81,3441.69,3417.31,3419.83,80825712
2020-02-19T17:00:00Z,3419.83,3436.43,3408.49,3425.24,73207953
2020-02-19T18:00:00Z,3425.24,3439.59,3424.67,3432.01,81493127
2020-02-19T19:00:00Z,3432.01,3435.21,3409.39,3416.18,101746807
2020-02-19T20:00:00Z,3416.18,3433.01,3406.33,3431.05,90063540
2020-02-19T21:00:00Z,3431.05,3433.33,3428.94,3432.49,62240574
2020-02-19T22:00:00Z,3432.49,3437.56,3424.08,3432.98,65509764
2020-02-19T23:00:00Z,3432.98,3445.02,3411.12,3417.17,89050657
2020-02-20T00:00:00Z,3417.17,3418.45,3390.50,3400.80,97495806
2020-02-20T01:00:00Z,3400.80,3408.41,3379.92,3385.61,100640123
2020-02-20T02:00:00Z,3385.61,3391.16,3367.79,3376.97,81161377
2020-02-20T03:00:00Z,3376.97,3386.02,3347.21,3357.42,110253299
2020-02-20T04:00:00Z,3357.42,3362.27,3325.00,3332.25,114572627
2020-02-20T05:00:00Z,3332.25,3342.99,3331.04,3336.58,67475511
2020-02-20T06:00:00Z,3336.58,3336.99,3302.34,3309.46,116680265
2020-02-20T07:00:00Z,3309.46,3318.37,3275.37,3286.86,118693872
2020-02-20T08:00:00Z,3286.86,3320.22,3278.86,3313.56,119264627
2020-02-20T09:00:00Z,3313.56,3324.28,3302.84,3311.19,56726416
2020-02-20T10:00:00Z,3311.19,3314.72,3304.16,3305.85,64828303
2020-02-20T11:00:00Z,3305.85,3309.28,3288.90,3296.88,87474918
2020-02-20T12:00:00Z,3296.88,3307.57,3262.49,3266.56,143209269
2020-02-20T13:00:00Z,3266.56,3287.62,3256.20,3284.70,97566646
2020-02-20T14:00:00Z,3284.70,3298.76,3278.38,3293.78,72486268
2020-02-20T15:00:00Z,3293.78,3305.96,3266.79,3268.98,125569119
2020-02-20T16:00:00Z,3268.98,3279.39,3260.72,3260.86,79063612
2020-02-20T17:00:00Z,3260.86,3277.48,3252.68,3273.10,91557646
2020-02-20T18:00:00Z,3273.10,3297.76,3261.52,3292.11,102649396
2020-02-20T19:00:00Z,3292.11,3299.85,3268.78,3276.02,99812719
2020-02-20T20:00:00Z,3276.02,3284.98,3228.74,3235.73,155667890
2020-02-20T21:00:00Z,3235.73,3264.40,3226.24,3256.83,116734031
2020-02-20T22:00:00Z,3256.83,3308.87,3245.61,3306.14,171900072
2020-02-20T23:00:00Z,3306.14,3310.88,3289.74,3299.65,85047937
2020-02-21T00:00:00Z,3299.65,3318.08,3292.74,3307.77,79423203
2020-02-21T01:00:00Z,3307.77,3310.14,3292.14,3294.31,93781058
2020-02-21T02:00:00Z,3294.31,3320.47,3285.74,3320.03,121882790
2020-02-21T03:00:00Z,3320.03,3339.46,3319.07,3332.83,94964279
2020-02-21T04:00:00Z,3332.83,3334.26,3298.25,3308.32,125000060
2020-02-21T05:00:00Z,3308.32,3314.10,3276.48,3287.89,101449010
2020-02-21T06:00:00Z,3287.89,3299.71,3278.83,3289.01,53283062
2020-02-21T07:00:00Z,3289.01,3295.02,3239.16,3249.76,160711377
2020-02-21T08:00:00Z,3249.76,3259.26,3245.00,3248.10,71759989
2020-02-21T09:00:00Z,3248.10,3264.96,3236.71,3252.98,78865348
2020-02-21T10:00:00Z,3252.98,3276.52,3248.36,3275.30,116565229
2020-02-21T11:00:00Z,3275.30,3286.49,3264.66,3278.07,64440676
2020-02-21T12:00:00Z,3278.07,3278.47,3275.43,3276.13,62909724
2020-02-21T13:00:00Z,3276.13,3279.55,3273.60,3275.52,68685490
2020-02-21T14:00:00Z,3275.52,3316.77,3265.24,3307.15,136251381
2020-02-21T15:00:00Z,3307.15,3308.82,3267.26,3278.38,120070691
2020-02-21T16:00:00Z,3278.38,3279.05,3248.59,3253.75,120558064
2020-02-21T17:00:00Z,3253.75,3267.41,3250.16,3260.27,71414952
2020-02-21T18:00:00Z,3260.27,3273.33,3260.25,3272.69,87169374
2020-02-21T19:00:00Z,3272.69,3279.95,3259.50,3262.44,88765285
2020-02-21T20:00:00Z,3262.44,3267.64,3244.41,3250.97,91823080
2020-02-21T21:00:00Z,3250.97,3255.73,3245.61,3248.82,61399986
2020-02-21T22:00:00Z,3248.82,3272.85,3242.31,3264.05,103166121
2020-02-21T23:00:00Z,3264.05,3288.73,3260.45,3277.96,88272084
2020-02-22T00:00:00Z,3277.96,3287.10,3262.08,3263.48,105068703
2020-02-22T01:00:00Z,3263.48,3268.07,3245.00,3257.20,69131635
2020-02-22T02:00:00Z,3257.20,3266.27,3220.68,3224.30,139635449
2020-02-22T03:00:00Z,3224.30,3241.66,3213.02,3236.13,90939804
2020-02-22T04:00:00Z,3236.13,3251.88,3230.59,3244.04,87090990
2020-02-22T05:00:00Z,3244.04,3252.14,3232.22,3238.78,68862517
2020-02-22T06:00:00Z,3238.78,3247.58,3235.74,3238.94,52661652
2020-02-22T07:00:00Z,3238.94,3245.05,3214.20,3224.02,96944584
2020-02-22T08:00:00Z,3224.02,3226.60,3204.79,3211.50,88138153
2020-02-22T09:00:00Z,3211.50,3243.99,3207.13,3239.56,135010494
2020-02-22T10:00:00Z,3239.56,3282.35,3234.31,3273.23,134746407
2020-02-22T11:00:00Z,3273.23,3276.53,3256.63,3262.93,81610427
2020-02-22T12:00:00Z,3262.93,3286.95,3254.92,3286.73,127767121
2020-02-22T13:00:00Z,3286.73,3309.53,3277.32,3308.77,117773864
2020-02-22T14:00:00Z,3308.77,3326.50,3299.76,3320.01,87289517
2020-02-22T15:00:00Z,3320.01,3321.85,3290.70,3292.68,128510349
2020-02-22T16:00:00Z,3292.68,3293.34,3264.42,3274.15,106007313
2020-02-22T17:00:00Z,3274.15,3274.20,3263.57,3268.10,82684581
2020-02-22T18:00:00Z,3268.10,3279.29,3258.76,3267.68,55786386
2020-02-22T19:00:00Z,3267.68,3268.88,3241.33,3249.38,108314997
2020-02-22T20:00:00Z,3249.38,3249.73,3231.31,3236.93,98164317
2020-02-22T21:00:00Z,3236.93,3237.22,3217.42,3227.53,80750461
2020-02-22T22:00:00Z,3227.53,3269.20,3219.12,3261.89,135127564
2020-02-22T23:00:00Z,3261.89,3282.61,3261.22,3271.17,85261759
2020-02-23T00:00:00Z,3271.17,3289.58,3265.43,3279.16,74511788
2020-02-23T01:00:00Z,3279.16,3284.47,3268.52,3284.36,80555540
2020-02-23T02:00:00Z,3284.36,3284.83,3258.96,3268.07,102348497
2020-02-23T03:00:00Z,3268.07,3270.59,3249.58,3253.50,95566913
2020-02-23T04:00:00Z,3253.50,3262.46,3218.47,3220.48,137747531
2020-02-23T05:00:00Z,3220.48,3233.60,3209.40,3222.66,66637240
2020-02-23T06:00:00Z,3222.66,3232.49,3202.91,3210.77,96018183
2020-02-23T07:00:00Z,3210.77,3215.26,3200.67,3214.04,69243344
2020-02-23T08:00:00Z,3214.04,3216.68,3210.42,3214.25,67583025
2020-02-23T09:00:00Z,3214.25,3228.58,3207.56,3217.47,76915393
2020-02-23T10:00:00Z,3217.47,3222.47,3195.33,3198.28,104859426
2020-02-23T11:00:00Z,3198.28,3210.95,3196.14,3199.52,69150422
2020-02-23T12:00:00Z,3199.52,3210.55,3198.05,3198.29,54366735
2020-02-23T13:00:00Z,3198.29,3208.94,3194.00,3207.47,76894642
2020-02-23T14:00:00Z,3207.47,3207.55,3178.72,3182.99,115861170
2020-02-23T15:00:00Z,3182.99,3194.64,3177.53,3179.09,63933278
2020-02-23T16:00:00Z,3179.09,3190.80,3168.31,3177.11,57827202
2020-02-23T17:00:00Z,3177.11,3206.71,3168.19,3196.05,108410791
2020-02-23T18:00:00Z,3196.05,3202.16,3194.26,3200.22,65536875
2020-02-23T19:00:00Z,3200.22,3212.86,3196.07,3204.72,70885532
2020-02-23T20:00:00Z,3204.72,3236.05,3202.30,3226.88,121806009
2020-02-23T21:00:00Z,3226.88,3232.63,3204.87,3206.07,103251072
2020-02-23T22:00:00Z,3206.07,3218.67,3200.04,3211.15,66761537
2020-02-23T23:00:00Z,3211.15,3220.13,3207.98,3212.41,72310007
2020-02-24T00:00:00Z,3212.41,3212.85,3201.88,3210.92,65139256
2020-02-24T01:00:00Z,3210.92,3235.43,3200.84,3228.84,98097950
2020-02-24T02:00:00Z,3228.84,3251.48,3223.15,3240.37,96631667
2020-02-24T03:00:00Z,3240.37,3242.89,3224.89,3230.47,76621724
2020-02-24T04:00:00Z,3230.47,3237.47,3213.19,3219.48,79667138
2020-02-24T05:00:00Z,3219.48,3224.22,3197.08,3201.21,109009809
2020-02-24T06:00:00Z,3201.21,3208.46,3159.55,3171.17,134393753
2020-02-24T07:00:00Z,3171.17,3188.12,3162.02,3179.82,88994342
2020-02-24T08:00:00Z,3179.82,3180.24,3160.64,3166.29,92232152
2020-02-24T09:00:00Z,3166.29,3183.29,3165.86,3176.34,84265388
2020-02-24T10:00:00Z,3176.34,3179.38,3174.54,3174.57,63680414
2020-02-24T11:00:00Z,3174.57,3180.23,3163.84,3177.98,64381468
2020-02-24T12:00:00Z,3177.98,3192.25,3175.17,3189.80,91162361
2020-02-24T13:00:00Z,3189.80,3253.30,3187.09,3247.11,202084699
2020-02-24T14:00:00Z,3247.11,3273.93,3242.55,3264.13,103352692
2020-02-24T15:00:00Z,3264.13,3269.52,3233.95,3242.76,120648285
2020-02-24T16:00:00Z,3242.76,3243.68,3203.37,3212.34,141448130
2020-02-24T17:00:00Z,3212.34,3223.58,3187.86,3193.02,104992764
2020-02-24T18:00:00Z,3193.02,3209.31,3181.32,3199.76,86818643
2020-02-24T19:00:00Z,3199.76,3210.03,3170.31,3173.16,126368797
2020-02-24T20:00:00Z,3173.16,3189.25,3167.75,3178.55,67265637
2020-02-24T21:00:00Z,3178.55,3206.24,3170.12,3198.91,114835406
2020-02-24T22:00:00Z,3198.91,3203.11,3179.89,3189.46,87323474
2020-02-24T23:00:00Z,3189.46,3192.82,3187.01,3187.89,69789802
2020-02-25T00:00:00Z,3187.89,3234.26,3178.04,3227.50,155286363
2020-02-25T01:00:00Z,3227.50,3278.31,3218.62,3270.92,173233122
2020-02-25T02:00:00Z,3270.92,3273.49,3248.01,3251.06,116023579
2020-02-25T03:00:00Z,3251.06,3268.10,3250.05,3259.49,81845513
2020-02-25T04:00:00Z,3259.49,3275.86,3255.46,3264.26,69013363
2020-02-25T05:00:00Z,3264.26,3264.86,3249.80,3257.11,76905712
2020-02-25T06:00:00Z,3257.11,3257.56,3236.71,3244.69,85672396
2020-02-25T07:00:00Z,3244.69,3256.49,3234.04,3241.59,67605795
2020-02-25T08:00:00Z,3241.59,3259.12,3237.88,3248.58,78432470
2020-02-25T09:00:00Z,3248.58,3285.67,3245.71,3277.28,131978955
2020-02-25T10:00:00Z,3277.28,3317.09,3267.06,3307.47,123740417
2020-02-25T11:00:00Z,3307.47,3317.86,3293.12,3295.55,85976295
2020-02-25T12:00:00Z,3295.55,3300.37,3285.72,3291.76,60676037
2020-02-25T13:00:00Z,3291.76,3299.01,3262.38,3264.82,133707511
2020-02-25T14:00:00Z,3264.82,3295.74,3254.70,3289.01,124601148
2020-02-25T15:00:00Z,3289.01,3293.97,3272.34,3280.56,73749840
2020-02-25T16:00:00Z,3280.56,3292.15,3278.15,3281.26,60319917
2020-02-25T17:00:00Z,3281.26,3281.51,3245.47,3252.69,121606786
2020-02-25T18:00:00Z,3252.69,3258.10,3218.90,3220.78,140683138
2020-02-25T19:00:00Z,3220.78,3230.19,3207.10,3209.03,81216570
2020-02-25T20:00:00Z,3209.03,3210.71,3194.87,3201.02,76008776
2020-02-25T21:00:00Z,3201.02,3209.25,3198.85,3208.78,84335587
2020-02-25T22:00:00Z,3208.78,3222.67,3196.77,3212.98,80082726
2020-02-25T23:00:00Z,3212.98,3224.46,3206.59,3222.56,86501370
2020-02-26T00:00:00Z,3222.56,3233.25,3190.23,3196.11,130049541
2020-02-26T01:00:00Z,3196.11,3201.20,3179.34,3185.63,76708063
2020-02-26T02:00:00Z,3185.63,3202.55,3182.33,3201.49,105243897
2020-02-26T03:00:00Z,3201.49,3212.14,3178.10,3180.84,109987003
2020-02-26T04:00:00Z,3180.84,3182.72,3166.76,3173.26,83686694
2020-02-26T05:00:00Z,3173.26,3188.28,3162.79,3178.29,70057143
2020-02-26T06:00:00Z,3178.29,3219.65,3168.83,3212.59,151542357
2020-02-26T07:00:00Z,3212.59,3218.90,3199.94,3210.19,64192733
2020-02-26T08:00:00Z,3210.19,3233.94,3208.06,3224.24,104555011
2020-02-26T09:00:00Z,3224.24,3253.08,3212.24,3245.76,103411303
2020-02-26T10:00:00Z,3245.76,3251.74,3227.41,3233.65,80164807
2020-02-26T11:00:00Z,3233.65,3247.08,3225.94,3236.65,58701470
2020-02-26T12:00:00Z,3236.65,3262.15,3230.54,3256.36,107739535
2020-02-26T13:00:00Z,3256.36,3265.74,3242.90,3244.31,97994400
2020-02-26T14:00:00Z,3244.31,3245.28,3223.37,3230.38,96370771
2020-02-26T15:00:00Z,3230.38,3259.02,3224.91,3249.08,104173313
2020-02-26T16:00:00Z,3249.08,3249.68,3233.40,3238.89,80130418
2020-02-26T17:00:00Z,3238.89,3249.24,3233.50,3237.09,73193013
2020-02-26T18:00:00Z,3237.09,3245.65,3235.89,3244.62,84432524
2020-02-26T19:00:00Z,3244.62,3246.50,3223.20,3234.19,87117216
2020-02-26T20:00:00Z,3234.19,3245.57,3232.38,3243.94,89945211
2020-02-26T21:00:00Z,3243.94,3246.61,3234.47,3239.21,78244840
2020-02-26T22:00:00Z,3239.21,3241.21,3221.23,3233.14,75511353
2020-02-26T23:00:00Z,3233.14,3240.05,3218.32,3230.22,71535097
2020-02-27T00:00:00Z,3230.22,3235.05,3226.41,3229.82,65960786
2020-02-27T01:00:00Z,3229.82,3232.07,3185.84,3195.55,148891260
2020-02-27T02:00:00Z,3195.55,3203.84,3183.74,3200.75,72053279
2020-02-27T03:00:00Z,3200.75,3211.21,3187.20,3190.41,90244196
2020-02-27T04:00:00Z,3190.41,3196.51,3182.73,3190.44,54158925
2020-02-27T05:00:00Z,3190.44,3221.92,3180.35,3210.51,118335508
2020-02-27T06:00:00Z,3210.51,3227.35,3199.93,3217.29,69935683
2020-02-27T07:00:00Z,3217.29,3222.21,3189.55,3194.51,118018217
2020-02-27T08:00:00Z,3194.51,3200.19,3173.88,3182.48,89821195
2020-02-27T09:00:00Z,3182.48,3193.50,3155.33,3161.40,118629851
2020-02-27T10:00:00Z,3161.40,3183.33,3151.42,3177.19,99628511
2020-02-27T11:00:00Z,3177.19,3181.34,3129.73,3134.29,171264883
2020-02-27T12:00:00Z,3134.29,3140.41,3112.29,3121.92,88417127
2020-02-27T13:00:00Z,3121.92,3122.20,3085.66,3091.87,143609145
2020-02-27T14:00:00Z,3091.87,3102.05,3072.59,3076.70,108090913
2020-02-27T15:00:00Z,3076.70,3079.53,3061.26,3068.91,85127892
2020-02-27T16:00:00Z,3068.91,3070.25,3057.86,3066.10,66706906
2020-02-27T17:00:00Z,3066.10,3066.26,3036.10,3036.11,128966891
2020-02-27T18:00:00Z,3036.11,3036.84,3005.65,3010.74,131353698
2020-02-27T19:00:00Z,3010.74,3019.30,2968.51,2970.98,159833769
2020-02-27T20:00:00Z,2970.98,2974.46,2953.69,2954.49,100122381
2020-02-27T21:00:00Z,2954.49,2957.88,2921.48,2927.71,128299561
2020-02-27T22:00:00Z,2927.71,2931.14,2916.20,2924.72,77766008
2020-02-27T23:00:00Z,2924.72,2933.73,2924.15,2926.56,59931367
2020-02-28T00:00:00Z,2926.56,2931.79,2920.39,2928.44,74422072
2020-02-28T01:00:00Z,2928.44,2932.95,2920.49,2923.90,78036506
2020-02-28T02:00:00Z,2923.90,2936.03,2918.34,2932.29,89304534
2020-02-28T03:00:00Z,2932.29,2945.58,2930.21,2941.15,87706223
2020-02-28T04:00:00Z,2941.15,2979.62,2930.73,2975.73,161498156
2020-02-28T05:00:00Z,2975.73,2991.77,2970.83,2981.51,75845709
2020-02-28T06:00:00Z,2981.51,2990.60,2974.14,2979.50,61549954
2020-02-28T07:00:00Z,2979.50,3018.25,2973.03,3007.49,124818440
2020-02-28T08:00:00Z,3007.49,3044.42,2998.53,3033.79,134300524
2020-02-28T09:00:00Z,3033.79,3039.05,3029.28,3037.46,70019419
2020-02-28T10:00:00Z,3037.46,3042.15,3003.22,3007.82,139577907
2020-02-28T11:00:00Z,3007.82,3012.10,2979.03,2988.78,115010283
2020-02-28T12:00:00Z,2988.78,2988.82,2972.78,2977.49,91310437
2020-02-28T13:00:00Z,2977.49,2990.61,2976.53,2989.33,82821051
2020-02-28T14:00:00Z,2989.33,2991.95,2961.63,2971.12,111526755
2020-02-28T15:00:00Z,2971.12,2992.40,2971.04,2990.71,108130984
2020-02-28T16:00:00Z,2990.71,2997.67,2979.38,2982.09,78550629
2020-02-28T17:00:00Z,2982.09,2982.70,2956.83,2966.78,104476621
2020-02-28T18:00:00Z,2966.78,2974.92,2961.62,2967.66,70742642
2020-02-28T19:00:00Z,2967.66,2989.92,2956.73,2984.34,96456649
2020-02-28T20:00:00Z,2984.34,2998.32,2980.17,2996.43,94973205
2020-02-28T21:00:00Z,2996.43,2996.54,2987.85,2989.15,80205597
2020-02-28T22:00:00Z,2989.15,2999.19,2973.14,2977.34,96098761
2020-02-28T23:00:00Z,2977.34,2995.87,2973.86,2991.15,102232240
2020-02-29T00:00:00Z,2991.15,2996.62,2975.07,2982.06,78267543
2020-02-29T01:00:00Z,2982.06,2997.88,2980.53,2986.91,67934555
2020-02-29T02:00:00Z,2986.91,2992.57,2964.32,2973.14,102271285
2020-02-29T03:00:00Z,2973.14,2996.59,2962.12,2987.06,94184581
2020-02-29T04:00:00Z,2987.06,2987.99,2966.16,2973.92,94635555
2020-02-29T05:00:00Z,2973.92,2983.72,2967.05,2982.62,78775135
2020-02-29T06:00:00Z,2982.62,2984.91,2964.14,2967.13,94971348
2020-02-29T07:00:00Z,2967.13,2971.99,2951.28,2956.39,83359475
2020-02-29T08:00:00Z,2956.39,2981.83,2952.89,2977.32,119288785
2020-02-29T09:00:00Z,2977.32,2989.67,2968.40,2980.81,69289173
2020-02-29T10:00:00Z,2980.81,2986.02,2973.61,2974.85,79798238
2020-02-29T11:00:00Z,2974.85,2984.48,2967.99,2978.59,72643220
2020-02-29T12:00:00Z,2978.59,3029.57,2975.76,3025.95,187645301
2020-02-29T13:00:00Z,3025.95,3034.24,3019.64,3024.86,65207472
2020-02-29T14:00:00Z,3024.86,3038.19,3019.52,3028.16,65264475
2020-02-29T15:00:00Z,3028.16,3028.53,2991.17,2992.55,158212578
2020-02-29T16:00:00Z,2992.55,2995.69,2959.60,2960.50,149717261
2020-02-29T17:00:00Z,2960.50,2965.03,2928.49,2936.25,132358840
2020-02-29T18:00:00Z,2936.25,2961.40,2935.29,2956.71,115002385
2020-02-29T19:00:00Z,2956.71,2962.86,2938.07,2945.34,85319059
2020-02-29T20:00:00Z,2945.34,2955.04,2944.86,2949.54,66215690
2020-02-29T21:00:00Z,2949.54,2957.69,2928.16,2931.80,108380090
2020-02-29T22:00:00Z,2931.80,2939.68,2920.71,2921.71,85530787
2020-02-29T23:00:00Z,2921.71,2922.96,2899.77,2908.45,93846671
2020-03-01T00:00:00Z,2908.45,2925.54,2897.92,2920.17,91819837
2020-03-01T01:00:00Z,2920.17,2942.63,2913.87,2931.98,94356145
2020-03-01T02:00:00Z,2931.98,2967.16,2928.57,2957.39,133283491
2020-03-01T03:00:00Z,2957.39,2960.47,2938.06,2947.40,80971021
2020-03-01T04:00:00Z,2947.40,2952.06,2937.70,2951.75,70653368
2020-03-01T05:00:00Z,2951.75,2954.25,2912.76,2915.90,167046556
2020-03-01T06:00:00Z,2915.90,2919.56,2914.26,2916.92,66242702
2020-03-01T07:00:00Z,2916.92,2929.12,2913.15,2928.85,96443956
2020-03-01T08:00:00Z,2928.85,2939.75,2904.51,2906.11,116848080
2020-03-01T09:00:00Z,2906.11,2914.02,2902.97,2903.20,72647169
2020-03-01T10:00:00Z,2903.20,2925.91,2902.89,2919.16,106880782
2020-03-01T11:00:00Z,2919.16,2925.44,2908.01,2914.56,64174877
2020-03-01T12:00:00Z,2914.56,2948.71,2904.23,2942.34,131533202
2020-03-01T13:00:00Z,2942.34,2951.10,2939.91,2942.24,56979999
2020-03-01T14:00:00Z,2942.24,2982.06,2936.91,2975.88,144245018
2020-03-01T15:00:00Z,2975.88,2990.11,2975.23,2989.34,92824689
2020-03-01T16:00:00Z,2989.34,2999.49,2986.54,2997.74,83158036
2020-03-01T17:00:00Z,2997.74,2999.45,2977.67,2986.80,94403485
2020-03-01T18:00:00Z,2986.80,2993.82,2966.28,2970.74,111502013
2020-03-01T19:00:00Z,2970.74,2999.36,2962.82,2992.70,124349325
2020-03-01T20:00:00Z,2992.70,3008.30,2987.25,3004.11,98853937
2020-03-01T21:00:00Z,3004.11,3010.99,2999.77,3007.73,59865075
2020-03-01T22:00:00Z,3007.73,3018.49,2999.38,3007.08,52400065
2020-03-01T23:00:00Z,3007.08,3020.87,2996.39,3015.35,88476026
2020-03-02T00:00:00Z,3015.35,3015.88,2987.69,2997.94,97686359
2020-03-02T01:00:00Z,2997.94,3001.96,2977.33,2986.80,80868092
2020-03-02T02:00:00Z,2986.80,2996.05,2980.48,2983.19,76201670
2020-03-02T03:00:00Z,2983.19,2984.40,2981.75,2982.69,59487829
2020-03-02T04:00:00Z,2982.69,2995.36,2972.61,2989.97,87795279
2020-03-02T05:00:00Z,2989.97,2999.41,2976.35,2979.87,86009622
2020-03-02T06:00:00Z,2979.87,2989.83,2961.96,2970.56,78355084
2020-03-02T07:00:00Z,2970.56,2974.64,2934.67,2944.37,137519955
2020-03-02T08:00:00Z,2944.37,2957.46,2943.84,2947.97,69685596
2020-03-02T09:00:00Z,2947.97,2953.52,2935.72,2941.95,70360361
2020-03-02T10:00:00Z,2941.95,2947.38,2911.49,2911.60,134326315
2020-03-02T11:00:00Z,2911.60,2911.86,2882.93,2886.73,126666914
2020-03-02T12:00:00Z,2886.73,2891.64,2868.29,2876.08,96947567
2020-03-02T13:00:00Z,2876.08,2892.08,2873.44,2882.53,78430589
2020-03-02T14:00:00Z,2882.53,2905.71,2879.55,2897.80,108580314
2020-03-02T15:00:00Z,2897.80,2911.37,2894.06,2908.65,88310819
2020-03-02T16:00:00Z,2908.65,2909.66,2880.34,2885.85,129473134
2020-03-02T17:00:00Z,2885.85,2895.87,2884.04,2890.58,63524583
2020-03-02T18:00:00Z,2890.58,2895.84,2872.01,2878.58,95417178
2020-03-02T19:00:00Z,2878.58,2893.28,2872.55,2890.52,89210432
2020-03-02T20:00:00Z,2890.52,2904.68,2889.66,2893.92,68259493
2020-03-02T21:00:00Z,2893.92,2915.87,2884.95,2907.54,96635807
2020-03-02T22:00:00Z,2907.54,2908.07,2893.93,2899.37,80083591
2020-03-02T23:00:00Z,2899.37,2901.80,2881.32,2890.66,87479226
2020-03-03T00:00:00Z,2890.66,2898.45,2875.45,2879.66,94206535
2020-03-03T01:00:00Z,2879.66,2897.40,2872.09,2888.10,77738279
2020-03-03T02:00:00Z,2888.10,2900.31,2877.91,2895.73,84071103
2020-03-03T03:00:00Z,2895.73,2932.32,2890.82,2923.19,142714320
2020-03-03T04:00:00Z,2923.19,2927.26,2899.94,2900.08,117408446
2020-03-03T05:00:00Z,2900.08,2910.17,2888.75,2892.10,91459348
2020-03-03T06:00:00Z,2892.10,2898.54,2880.72,2888.62,66830425
2020-03-03T07:00:00Z,2888.62,2908.03,2887.74,2898.82,88524434
2020-03-03T08:00:00Z,2898.82,2927.95,2892.07,2924.57,124652541
2020-03-03T09:00:00Z,2924.57,2944.72,2919.34,2934.81,89581436
2020-03-03T10:00:00Z,2934.81,2941.64,2906.64,2914.88,119315464
2020-03-03T11:00:00Z,2914.88,2921.98,2907.83,2909.78,80332465
2020-03-03T12:00:00Z,2909.78,2938.61,2905.30,2931.47,123418871
2020-03-03T13:00:00Z,2931.47,2961.00,2924.82,2955.90,123904117
2020-03-03T14:00:00Z,2955.90,2957.07,2947.83,2954.37,65109569
2020-03-03T15:00:00Z,2954.37,2958.28,2938.33,2943.54,87596080
2020-03-03T16:00:00Z,2943.54,2948.60,2926.63,2927.99,93774182
2020-03-03T17:00:00Z,2927.99,2937.92,2913.47,2914.49,99045381
2020-03-03T18:00:00Z,2914.49,2946.58,2908.09,2937.48,128777950
2020-03-03T19:00:00Z,2937.48,2962.47,2935.18,2960.38,123630486
2020-03-03T20:00:00Z,2960.38,2971.28,2936.42,2941.37,102288169
2020-03-03T21:00:00Z,2941.37,2958.95,2937.58,2947.96,71796322
2020-03-03T22:00:00Z,2947.96,2949.53,2940.17,2941.56,77274307
2020-03-03T23:00:00Z,2941.56,2959.11,2930.85,2950.09,74899303
2020-03-04T00:00:00Z,2950.09,2962.29,2940.74,2958.00,83592504
2020-03-04T01:00:00Z,2958.00,2961.77,2927.59,2927.74,150712586
2020-03-04T02:00:00Z,2927.74,2937.81,2909.14,2915.03,88042848
2020-03-04T03:00:00Z,2915.03,2919.78,2888.71,2893.29,114994541
2020-03-04T04:00:00Z,2893.29,2898.56,2873.97,2875.50,115046280
2020-03-04T05:00:00Z,2875.50,2884.83,2851.52,2861.00,109788543
2020-03-04T06:00:00Z,2861.00,2868.32,2856.70,2856.91,68917254
2020-03-04T07:00:00Z,2856.91,2859.37,2831.20,2840.92,107636810
2020-03-04T08:00:00Z,2840.92,2864.84,2836.57,2854.60,100028825
2020-03-04T09:00:00Z,2854.60,2880.64,2845.66,2871.45,104290534
2020-03-04T10:00:00Z,2871.45,2882.40,2870.69,2876.72,82028994
2020-03-04T11:00:00Z,2876.72,2891.31,2871.75,2884.41,88338205
2020-03-04T12:00:00Z,2884.41,2890.36,2855.59,2861.91,129199493
2020-03-04T13:00:00Z,2861.91,2862.77,2843.63,2848.34,104701086
2020-03-04T14:00:00Z,2848.34,2850.91,2830.98,2841.18,84080498
2020-03-04T15:00:00Z,2841.18,2851.53,2821.42,2827.63,89757966
2020-03-04T16:00:00Z,2827.63,2847.41,2823.18,2839.15,88808594
2020-03-04T17:00:00Z,2839.15,2844.68,2824.17,2831.31,83401527
2020-03-04T18:00:00Z,2831.31,2847.31,2823.88,2845.30,108200857
2020-03-04T19:00:00Z,2845.30,2854.32,2833.50,2838.85,81499757
2020-03-04T20:00:00Z,2838.85,2845.12,2824.80,2825.81,100366938
2020-03-04T21:00:00Z,2825.81,2827.33,2816.96,2819.30,74501745
2020-03-04T22:00:00Z,2819.30,2825.36,2818.68,2820.94,63441000
2020-03-04T23:00:00Z,2820.94,2831.00,2781.26,2783.29,166102573
2020-03-05T00:00:00Z,2783.29,2799.19,2780.93,2793.34,91712265
2020-03-05T01:00:00Z,2793.34,2805.55,2783.62,2802.48,84372861
2020-03-05T02:00:00Z,2802.48,2807.93,2785.92,2786.59,98285517
2020-03-05T03:00:00Z,2786.59,2793.55,2777.69,2786.38,51375296
2020-03-05T04:00:00Z,2786.38,2797.12,2780.67,2796.86,80812549
2020-03-05T05:00:00Z,2796.86,2798.28,2779.33,2787.98,81157591
2020-03-05T06:00:00Z,2787.98,2795.34,2769.30,2775.06,95497897
2020-03-05T07:00:00Z,2775.06,2785.30,2769.29,2770.00,66279647
2020-03-05T08:00:00Z,2770.00,2790.53,2760.58,2782.79,88937930
2020-03-05T09:00:00Z,2782.79,2790.17,2769.46,2772.69,92447257
2020-03-05T10:00:00Z,2772.69,2779.39,2759.53,2761.89,101200640
2020-03-05T11:00:00Z,2761.89,2783.01,2754.80,2780.01,108162481
2020-03-05T12:00:00Z,2780.01,2785.45,2779.50,2779.80,63182798
2020-03-05T13:00:00Z,2779.80,2780.16,2759.82,2769.11,88274096
2020-03-05T14:00:00Z,2769.11,2774.60,2748.29,2755.83,106856838
2020-03-05T15:00:00Z,2755.83,2760.40,2726.95,2728.15,137985329
2020-03-05T16:00:00Z,2728.15,2766.16,2722.79,2762.55,157496550
2020-03-05T17:00:00Z,2762.55,2771.15,2733.64,2734.77,148501453
2020-03-05T18:00:00Z,2734.77,2743.74,2716.88,2719.38,95950592
2020-03-05T19:00:00Z,2719.38,2726.85,2675.70,2678.96,189041807
2020-03-05T20:00:00Z,2678.96,2687.94,2671.93,2683.02,66964740
2020-03-05T21:00:00Z,2683.02,2720.22,2672.99,2717.26,158696611
2020-03-05T22:00:00Z,2717.26,2723.01,2704.06,2705.20,97455863
2020-03-05T23:00:00Z,2705.20,2709.88,2699.72,2708.58,67372867
2020-03-06T00:00:00Z,2708.58,2711.49,2702.33,2710.46,73942166
2020-03-06T01:00:00Z,2710.46,2715.08,2685.26,2692.49,114122601
2020-03-06T02:00:00Z,2692.49,2700.81,2682.74,2694.43,61885121
2020-03-06T03:00:00Z,2694.43,2705.17,2690.63,2701.38,75696023
2020-03-06T04:00:00Z,2701.38,2712.85,2692.10,2704.66,61170014
2020-03-06T05:00:00Z,2704.66,2723.29,2696.75,2716.62,86001918
2020-03-06T06:00:00Z,2716.62,2719.44,2687.17,2696.19,121636865
2020-03-06T07:00:00Z,2696.19,2700.49,2674.35,2682.26,93395246
2020-03-06T08:00:00Z,2682.26,2690.16,2671.57,2681.05,54551747
2020-03-06T09:00:00Z,2681.05,2701.99,2677.15,2696.37,105402306
2020-03-06T10:00:00Z,2696.37,2709.38,2695.35,2703.03,71887883
2020-03-06T11:00:00Z,2703.03,2750.81,2698.87,2743.59,184563715
2020-03-06T12:00:00Z,2743.59,2752.07,2723.34,2729.48,96694407
2020-03-06T13:00:00Z,2729.48,2732.09,2722.23,2726.03,64011636
2020-03-06T14:00:00Z,2726.03,2739.62,2719.68,2732.17,84371327
2020-03-06T15:00:00Z,2732.17,2741.41,2724.40,2734.43,71561411
2020-03-06T16:00:00Z,2734.43,2743.38,2701.81,2706.84,150880457
2020-03-06T17:00:00Z,2706.84,2716.89,2690.62,2693.37,100895980
2020-03-06T18:00:00Z,2693.37,2693.57,2660.77,2664.04,153148548
2020-03-06T19:00:00Z,2664.04,2670.16,2661.73,2665.52,70964531
2020-03-06T20:00:00Z,2665.52,2676.03,2656.40,2668.27,58448888
2020-03-06T21:00:00Z,2668.27,2692.48,2660.20,2683.14,99033717
2020-03-06T22:00:00Z,2683.14,2695.52,2674.68,2687.01,66999715
2020-03-06T23:00:00Z,2687.01,2690.31,2662.61,2670.63,108334792
2020-03-07T00:00:00Z,2670.63,2674.51,2652.47,2656.92,104808956
2020-03-07T01:00:00Z,2656.92,2681.61,2649.41,2677.05,125381342
2020-03-07T02:00:00Z,2677.05,2678.58,2668.79,2671.32,80931612
2020-03-07T03:00:00Z,2671.32,2697.22,2663.33,2688.55,120874655
2020-03-07T04:00:00Z,2688.55,2692.27,2674.51,2681.84,89088648
2020-03-07T05:00:00Z,2681.84,2695.63,2678.94,2694.13,89653174
2020-03-07T06:00:00Z,2694.13,2708.06,2690.69,2703.04,91773477
2020-03-07T07:00:00Z,2703.04,2727.43,2698.42,2722.36,123182206
2020-03-07T08:00:00Z,2722.36,2728.89,2711.23,2715.12,82286051
2020-03-07T09:00:00Z,2715.12,2720.45,2705.06,2707.71,87875228
2020-03-07T10:00:00Z,2707.71,2733.65,2702.88,2727.50,126173267
2020-03-07T11:00:00Z,2727.50,2734.70,2701.84,2703.16,126539157
2020-03-07T12:00:00Z,2703.16,2707.44,2677.17,2682.32,117614207
2020-03-07T13:00:00Z,2682.32,2699.82,2676.24,2693.59,98946593
2020-03-07T14:00:00Z,2693.59,2701.62,2678.93,2686.90,73502499
2020-03-07T15:00:00Z,2686.90,2689.49,2642.89,2646.95,175510429
2020-03-07T16:00:00Z,2646.95,2654.47,2645.17,2649.33,67369577
2020-03-07T17:00:00Z,2649.33,2672.74,2645.83,2671.47,132707981
2020-03-07T18:00:00Z,2671.47,2680.37,2653.68,2661.61,99359389
2020-03-07T19:00:00Z,2661.61,2667.80,2639.22,2644.76,106342180
2020-03-07T20:00:00Z,2644.76,2670.53,2642.19,2663.38,110937318
2020-03-07T21:00:00Z,2663.38,2665.91,2660.95,2663.71,51786055
2020-03-07T22:00:00Z,2663.71,2668.30,2648.26,2654.56,93576619
2020-03-07T23:00:00Z,2654.56,2655.45,2643.41,2646.05,83144350
2020-03-08T00:00:00Z,2646.05,2663.85,2643.61,2661.53,99085969
2020-03-08T01:00:00Z,2661.53,2668.95,2636.16,2640.37,121442125
2020-03-08T02:00:00Z,2640.37,2654.20,2635.32,2647.13,76307845
2020-03-08T03:00:00Z,2647.13,2651.76,2637.88,2638.51,91777722
2020-03-08T04:00:00Z,2638.51,2680.36,2635.81,2675.00,169331636
2020-03-08T05:00:00Z,2675.00,2675.59,2665.98,2673.51,69019795
2020-03-08T06:00:00Z,2673.51,2697.73,2672.64,2689.78,115360859
2020-03-08T07:00:00Z,2689.78,2690.19,2667.03,2671.83,120919821
2020-03-08T08:00:00Z,2671.83,2697.59,2667.48,2691.34,121631425
2020-03-08T09:00:00Z,2691.34,2699.57,2670.69,2680.49,92569174
2020-03-08T10:00:00Z,2680.49,2699.47,2680.34,2692.15,99733524
2020-03-08T11:00:00Z,2692.15,2698.73,2672.46,2680.15,94625815
2020-03-08T12:00:00Z,2680.15,2704.56,2673.78,2701.72,133780721
2020-03-08T13:00:00Z,2701.72,2710.39,2694.96,2696.49,77195803
2020-03-08T14:00:00Z,2696.49,2696.91,2676.02,2681.05,101208411
2020-03-08T15:00:00Z,2681.05,2688.46,2659.72,2664.25,118717568
2020-03-08T16:00:00Z,2664.25,2670.91,2650.93,2660.60,79744383
2020-03-08T17:00:00Z,2660.60,2679.54,2658.42,2677.01,107255403
2020-03-08T18:00:00Z,2677.01,2685.09,2676.47,2679.91,67733671
2020-03-08T19:00:00Z,2679.91,2708.39,2677.48,2704.25,136408207
2020-03-08T20:00:00Z,2704.25,2708.70,2688.65,2690.96,109384863
2020-03-08T21:00:00Z,2690.96,2704.80,2685.23,2696.53,66985727
2020-03-08T22:00:00Z,2696.53,2700.93,2692.86,2697.48,58218608
2020-03-08T23:00:00Z,2697.48,2709.90,2688.66,2709.83,94332747
2020-03-09T00:00:00Z,2709.83,2715.21,2694.59,2702.54,84031676
2020-03-09T01:00:00Z,2702.54,2705.80,2693.28,2701.87,53877030
2020-03-09T02:00:00Z,2701.87,2722.41,2693.46,2721.17,112383239
2020-03-09T03:00:00Z,2721.17,2745.96,2716.06,2739.79,108886040
2020-03-09T04:00:00Z,2739.79,2758.30,2735.84,2758.08,108880699
2020-03-09T05:00:00Z,2758.08,2767.39,2724.46,2729.72,140644239
2020-03-09T06:00:00Z,2729.72,2732.29,2720.65,2723.13,79974180
2020-03-09T07:00:00Z,2723.13,2732.87,2691.86,2692.28,147017240
2020-03-09T08:00:00Z,2692.28,2698.75,2677.61,2680.94,101490990
2020-03-09T09:00:00Z,2680.94,2684.29,2674.79,2682.37,62044342
2020-03-09T10:00:00Z,2682.37,2683.90,2664.24,2665.11,106136666
2020-03-09T11:00:00Z,2665.11,2679.71,2664.97,2675.34,82413347
2020-03-09T12:00:00Z,2675.34,2676.72,2636.49,2643.04,153272892
2020-03-09T13:00:00Z,2643.04,2657.20,2638.34,2654.58,85642547
2020-03-09T14:00:00Z,2654.58,2658.26,2621.43,2628.25,141656248
2020-03-09T15:00:00Z,2628.25,2628.72,2601.61,2607.66,115016062
2020-03-09T16:00:00Z,2607.66,2613.79,2586.36,2586.79,130010954
2020-03-09T17:00:00Z,2586.79,2604.30,2581.84,2602.49,117072053
2020-03-09T18:00:00Z,2602.49,2610.45,2571.45,2574.93,150141164
2020-03-09T19:00:00Z,2574.93,2581.79,2567.71,2573.91,62798012
2020-03-09T20:00:00Z,2573.91,2575.13,2556.27,2559.11,98856815
2020-03-09T21:00:00Z,2559.11,2569.95,2557.98,2564.94,84318797
2020-03-09T22:00:00Z,2564.94,2568.80,2532.97,2537.06,141306373
2020-03-09T23:00:00Z,2537.06,2542.72,2528.29,2541.57,68335287
2020-03-10T00:00:00Z,2541.57,2544.81,2525.83,2534.88,77971338
2020-03-10T01:00:00Z,2534.88,2535.52,2510.21,2518.59,117054836
2020-03-10T02:00:00Z,2518.59,2547.13,2510.11,2543.87,140593606
2020-03-10T03:00:00Z,2543.87,2563.24,2535.14,2555.46,97538880
2020-03-10T04:00:00Z,2555.46,2564.21,2541.36,2549.07,77610954
2020-03-10T05:00:00Z,2549.07,2552.75,2525.90,2527.21,130750232
2020-03-10T06:00:00Z,2527.21,2566.26,2519.27,2557.73,150887786
2020-03-10T07:00:00Z,2557.73,2558.57,2544.21,2553.52,77950603
2020-03-10T08:00:00Z,2553.52,2559.63,2523.38,2529.23,141500910
2020-03-10T09:00:00Z,2529.23,2537.56,2524.20,2530.48,60940603
2020-03-10T10:00:00Z,2530.48,2551.16,2521.05,2544.91,100012981
2020-03-10T11:00:00Z,2544.91,2549.65,2535.74,2548.12,76084174
2020-03-10T12:00:00Z,2548.12,2551.91,2535.54,2537.43,90207199
2020-03-10T13:00:00Z,2537.43,2540.62,2507.49,2509.28,154722118
2020-03-10T14:00:00Z,2509.28,2515.52,2478.38,2481.94,139744865
2020-03-10T15:00:00Z,2481.94,2508.71,2480.92,2500.20,125588063
2020-03-10T16:00:00Z,2500.20,2526.47,2494.07,2525.13,136321061
2020-03-10T17:00:00Z,2525.13,2531.19,2512.86,2516.85,77585119
2020-03-10T18:00:00Z,2516.85,2554.74,2507.68,2545.97,149607516
2020-03-10T19:00:00Z,2545.97,2573.71,2540.24,2571.88,142015230
2020-03-10T20:00:00Z,2571.88,2572.49,2560.28,2565.25,84606757
2020-03-10T21:00:00Z,2565.25,2575.04,2558.86,2569.36,69848989
2020-03-10T22:00:00Z,2569.36,2582.55,2565.68,2576.83,75057468
2020-03-10T23:00:00Z,2576.83,2580.36,2569.62,2579.62,59046727
2020-03-11T00:00:00Z,2579.62,2592.65,2572.48,2588.51,80398699
2020-03-11T01:00:00Z,2588.51,2596.01,2582.42,2593.69,79511643
2020-03-11T02:00:00Z,2593.69,2596.10,2586.08,2594.79,58201145
2020-03-11T03:00:00Z,2594.79,2620.06,2587.67,2614.00,119571853
2020-03-11T04:00:00Z,2614.00,2619.75,2607.04,2608.34,77933231
2020-03-11T05:00:00Z,2608.34,2610.57,2593.41,2595.87,90048325
2020-03-11T06:00:00Z,2595.87,2606.81,2590.96,2598.88,67508313
2020-03-11T07:00:00Z,2598.88,2604.98,2590.57,2594.48,75025722
2020-03-11T08:00:00Z,2594.48,2601.11,2575.61,2583.19,94876274
2020-03-11T09:00:00Z,2583.19,2610.45,2573.92,2605.47,124113443
2020-03-11T10:00:00Z,2605.47,2628.42,2597.01,2626.55,118021404
2020-03-11T11:00:00Z,2626.55,2640.70,2620.68,2631.14,79094134
2020-03-11T12:00:00Z,2631.14,2639.97,2622.37,2635.06,65135889
2020-03-11T13:00:00Z,2635.06,2643.47,2624.76,2631.55,67020406
2020-03-11T14:00:00Z,2631.55,2640.11,2621.71,2634.77,76356415
2020-03-11T15:00:00Z,2634.77,2647.11,2634.73,2642.70,85993186
2020-03-11T16:00:00Z,2642.70,2645.38,2617.23,2617.44,135426066
2020-03-11T17:00:00Z,2617.44,2631.35,2608.06,2626.72,78752611
2020-03-11T18:00:00Z,2626.72,2646.64,2622.08,2646.01,110283639
2020-03-11T19:00:00Z,2646.01,2653.94,2641.49,2651.32,70111822
2020-03-11T20:00:00Z,2651.32,2665.02,2643.41,2657.96,70916286
2020-03-11T21:00:00Z,2657.96,2664.02,2629.60,2630.10,143914204
2020-03-11T22:00:00Z,2630.10,2638.45,2607.22,2609.04,132893085
2020-03-11T23:00:00Z,2609.04,2619.74,2601.83,2613.04,63445532
2020-03-12T00:00:00Z,2613.04,2619.28,2585.56,2590.45,122023076
2020-03-12T01:00:00Z,2590.45,2597.15,2584.41,2589.21,73455047
2020-03-12T02:00:00Z,2589.21,2597.61,2581.57,2591.96,64603162
2020-03-12T03:00:00Z,2591.96,2592.37,2587.63,2591.43,66150441
2020-03-12T04:00:00Z,2591.43,2610.51,2587.17,2609.42,112474837
2020-03-12T05:00:00Z,2609.42,2613.16,2589.99,2598.27,90441975
2020-03-12T06:00:00Z,2598.27,2600.39,2581.90,2584.56,103977653
2020-03-12T07:00:00Z,2584.56,2588.26,2573.42,2577.21,73833994
2020-03-12T08:00:00Z,2577.21,2586.54,2573.50,2582.96,78763443
2020-03-12T09:00:00Z,2582.96,2584.86,2572.06,2572.34,102539722
2020-03-12T10:00:00Z,2572.34,2577.56,2564.32,2571.28,60459817
2020-03-12T11:00:00Z,2571.28,2573.81,2540.33,2549.30,131616050
2020-03-12T12:00:00Z,2549.30,2569.69,2541.58,2562.18,106899153
2020-03-12T13:00:00Z,2562.18,2575.65,2556.68,2571.01,97372331
2020-03-12T14:00:00Z,2571.01,2579.64,2539.10,2545.16,138724250
2020-03-12T15:00:00Z,2545.16,2551.98,2532.63,2536.12,96434405
2020-03-12T16:00:00Z,2536.12,2538.81,2534.62,2538.17,75538212
2020-03-12T17:00:00Z,2538.17,2560.64,2532.86,2553.35,107709075
2020-03-12T18:00:00Z,2553.35,2558.40,2542.90,2552.18,54041130
2020-03-12T19:00:00Z,2552.18,2554.99,2544.76,2552.44,59877991
2020-03-12T20:00:00Z,2552.44,2557.94,2547.53,2547.90,80459617
2020-03-12T21:00:00Z,2547.90,2566.00,2544.22,2564.06,113784877
2020-03-12T22:00:00Z,2564.06,2573.29,2558.28,2568.10,66839183
2020-03-12T23:00:00Z,2568.10,2576.49,2560.52,2568.11,53708332
2020-03-13T00:00:00Z,2568.11,2585.21,2562.35,2580.13,101349149
2020-03-13T01:00:00Z,2580.13,2586.46,2578.94,2580.57,58348194
2020-03-13T02:00:00Z,2580.57,2605.65,2578.13,2604.64,142267968
2020-03-13T03:00:00Z,2604.64,2618.19,2598.31,2616.57,99147970
2020-03-13T04:00:00Z,2616.57,2643.22,2614.63,2634.27,113510592
2020-03-13T05:00:00Z,2634.27,2635.35,2621.84,2629.81,71036769
2020-03-13T06:00:00Z,2629.81,2633.41,2592.64,2599.97,143053162
2020-03-13T07:00:00Z,2599.97,2626.61,2592.52,2619.75,127880787
2020-03-13T08:00:00Z,2619.75,2641.31,2615.19,2632.57,100532287
2020-03-13T09:00:00Z,2632.57,2634.13,2595.32,2600.60,157894123
2020-03-13T10:00:00Z,2600.60,2608.57,2584.92,2589.08,101358321
2020-03-13T11:00:00Z,2589.08,2606.39,2581.48,2597.10,94440741
2020-03-13T12:00:00Z,2597.10,2602.43,2594.84,2600.25,66903135
2020-03-13T13:00:00Z,2600.25,2603.27,2597.97,2602.21,67324499
2020-03-13T14:00:00Z,2602.21,2608.37,2585.53,2593.80,89204315
2020-03-13T15:00:00Z,2593.80,2602.67,2583.89,2590.11,70270362
2020-03-13T16:00:00Z,2590.11,2593.09,2584.35,2591.72,68698512
2020-03-13T17:00:00Z,2591.72,2602.71,2583.67,2598.13,79102810
2020-03-13T18:00:00Z,2598.13,2604.03,2585.98,2589.89,76244922
2020-03-13T19:00:00Z,2589.89,2598.55,2576.58,2576.80,95968567
2020-03-13T20:00:00Z,2576.80,2579.26,2566.89,2571.63,84819620
2020-03-13T21:00:00Z,2571.63,2588.43,2571.34,2585.53,98008130
2020-03-13T22:00:00Z,2585.53,2591.82,2564.22,2572.03,105490989
2020-03-13T23:00:00Z,2572.03,2577.09,2566.59,2573.37,60265308
2020-03-14T00:00:00Z,2573.37,2582.85,2567.24,2568.96,72179271
2020-03-14T01:00:00Z,2568.96,2586.29,2562.91,2578.10,79167223
2020-03-14T02:00:00Z,2578.10,2593.81,2575.24,2593.26,100319843
2020-03-14T03:00:00Z,2593.26,2595.41,2552.05,2561.37,150775108
2020-03-14T04:00:00Z,2561.37,2570.38,2560.20,2560.64,68319156
2020-03-14T05:00:00Z,2560.64,2591.70,2552.30,2586.08,132575073
2020-03-14T06:00:00Z,2586.08,2588.22,2577.84,2583.03,63841042
2020-03-14T07:00:00Z,2583.03,2587.77,2574.17,2580.35,65394489
2020-03-14T08:00:00Z,2580.35,2581.87,2573.89,2575.64,66650196
2020-03-14T09:00:00Z,2575.64,2584.35,2572.30,2581.36,73271468
2020-03-14T10:00:00Z,2581.36,2581.83,2559.71,2568.87,95773039
2020-03-14T11:00:00Z,2568.87,2576.50,2560.59,2572.91,67144898
2020-03-14T12:00:00Z,2572.91,2573.84,2565.41,2565.71,87100727
2020-03-14T13:00:00Z,2565.71,2584.59,2558.85,2578.04,97216258
2020-03-14T14:00:00Z,2578.04,2583.28,2568.14,2570.70,89182660
2020-03-14T15:00:00Z,2570.70,2593.24,2568.37,2591.87,120230917
2020-03-14T16:00:00Z,2591.87,2597.40,2584.37,2591.56,63083487
2020-03-14T17:00:00Z,2591.56,2610.61,2582.59,2605.43,111181094
2020-03-14T18:00:00Z,2605.43,2619.55,2599.66,2610.56,69209938
2020-03-14T19:00:00Z,2610.56,2619.67,2587.36,2593.75,113550050
2020-03-14T20:00:00Z,2593.75,2595.80,2589.17,2594.60,67560054
2020-03-14T21:00:00Z,2594.60,2603.80,2584.25,2588.69,77116654
2020-03-14T22:00:00Z,2588.69,2612.04,2581.35,2610.50,131946220
2020-03-14T23:00:00Z,2610.50,2622.05,2610.36,2619.93,96993145
2020-03-15T00:00:00Z,2619.93,2622.03,2605.06,2612.09,80388233
2020-03-15T01:00:00Z,2612.09,2627.38,2605.69,2621.12,83154208
2020-03-15T02:00:00Z,2621.12,2629.66,2603.47,2603.51,114641334
2020-03-15T03:00:00Z,2603.51,2606.35,2600.52,2603.04,62132336
2020-03-15T04:00:00Z,2603.04,2644.05,2598.62,2636.50,162641474
2020-03-15T05:00:00Z,2636.50,2646.03,2604.59,2606.37,145685308
2020-03-15T06:00:00Z,2606.37,2611.38,2597.82,2603.19,71653145
2020-03-15T07:00:00Z,2603.19,2607.35,2595.82,2597.62,74237105
2020-03-15T08:00:00Z,2597.62,2602.91,2590.46,2599.58,59981656
2020-03-15T09:00:00Z,2599.58,2607.21,2580.26,2588.38,97203372
2020-03-15T10:00:00Z,2588.38,2589.98,2574.99,2584.26,78265306
2020-03-15T11:00:00Z,2584.26,2592.89,2574.68,2578.29,77089001
2020-03-15T12:00:00Z,2578.29,2581.94,2574.05,2575.89,67361776
2020-03-15T13:00:00Z,2575.89,2578.00,2557.48,2564.96,97984356
2020-03-15T14:00:00Z,2564.96,2569.77,2546.49,2547.56,107238876
2020-03-15T15:00:00Z,2547.56,2560.83,2542.26,2556.30,96257785
2020-03-15T16:00:00Z,2556.30,2562.52,2540.32,2547.60,86179873
2020-03-15T17:00:00Z,2547.60,2552.89,2532.30,2533.53,112104714
2020-03-15T18:00:00Z,2533.53,2544.66,2532.06,2538.57,71780576
2020-03-15T19:00:00Z,2538.57,2547.73,2537.77,2544.42,69209430
2020-03-15T20:00:00Z,2544.42,2549.90,2535.64,2549.51,74244383
2020-03-15T21:00:00Z,2549.51,2553.20,2533.60,2539.44,97900033
2020-03-15T22:00:00Z,2539.44,2548.28,2522.38,2530.16,96481769
2020-03-15T23:00:00Z,2530.16,2531.05,2525.44,2527.89,74859495
2020-03-16T00:00:00Z,2527.89,2542.98,2524.94,2538.80,96648328
2020-03-16T01:00:00Z,2538.80,2547.14,2529.51,2533.64,81960544
2020-03-16T02:00:00Z,2533.64,2542.32,2531.80,2536.87,78494853
2020-03-16T03:00:00Z,2536.87,2538.94,2531.84,2534.39,60070590
2020-03-16T04:00:00Z,2534.39,2543.01,2528.46,2532.85,64630328
2020-03-16T05:00:00Z,2532.85,2540.73,2502.03,2511.40,125233023
2020-03-16T06:00:00Z,2511.40,2517.69,2492.24,2497.76,107350290
2020-03-16T07:00:00Z,2497.76,2503.46,2479.72,2485.65,105503120
2020-03-16T08:00:00Z,2485.65,2498.87,2479.22,2495.73,90235163
2020-03-16T09:00:00Z,2495.73,2503.61,2495.65,2500.61,76552198
2020-03-16T10:00:00Z,2500.61,2524.21,2493.22,2514.96,103781089
2020-03-16T11:00:00Z,2514.96,2527.77,2514.05,2522.63,75753658
2020-03-16T12:00:00Z,2522.63,2523.61,2505.04,2510.20,95484690
2020-03-16T13:00:00Z,2510.20,2512.41,2494.23,2502.40,76370879
2020-03-16T14:00:00Z,2502.40,2506.02,2479.78,2482.93,116882707
2020-03-16T15:00:00Z,2482.93,2490.97,2450.48,2458.61,144907902
2020-03-16T16:00:00Z,2458.61,2468.46,2456.87,2460.04,60984394
2020-03-16T17:00:00Z,2460.04,2465.22,2452.83,2460.34,65464219
2020-03-16T18:00:00Z,2460.34,2470.54,2456.41,2464.94,65204524
2020-03-16T19:00:00Z,2464.94,2471.11,2460.59,2462.18,71860888
2020-03-16T20:00:00Z,2462.18,2470.41,2460.10,2460.56,63351515
2020-03-16T21:00:00Z,2460.56,2462.30,2439.77,2443.62,108637947
2020-03-16T22:00:00Z,2443.62,2446.81,2433.87,2435.92,93918430
2020-03-16T23:00:00Z,2435.92,2440.02,2414.27,2419.98,119927445
2020-03-17T00:00:00Z,2419.98,2428.21,2393.78,2402.50,108244403
2020-03-17T01:00:00Z,2402.50,2408.42,2400.76,2401.21,71803752
2020-03-17T02:00:00Z,2401.21,2401.49,2374.21,2376.95,148013028
2020-03-17T03:00:00Z,2376.95,2377.83,2360.19,2368.85,77923030
2020-03-17T04:00:00Z,2368.85,2372.42,2344.81,2349.18,117995437
2020-03-17T05:00:00Z,2349.18,2356.90,2327.27,2330.96,116535770
2020-03-17T06:00:00Z,2330.96,2333.83,2319.94,2327.14,64060291
2020-03-17T07:00:00Z,2327.14,2327.29,2318.11,2323.90,80138130
2020-03-17T08:00:00Z,2323.90,2332.43,2320.50,2328.49,81546682
2020-03-17T09:00:00Z,2328.49,2335.95,2323.36,2334.93,90330527
2020-03-17T10:00:00Z,2334.93,2336.74,2314.73,2317.14,113889883
2020-03-17T11:00:00Z,2317.14,2318.54,2299.13,2300.69,108984816
2020-03-17T12:00:00Z,2300.69,2315.29,2299.15,2308.88,81157167
2020-03-17T13:00:00Z,2308.88,2353.26,2308.07,2350.28,211964289
2020-03-17T14:00:00Z,2350.28,2359.59,2349.35,2359.40,92773669
2020-03-17T15:00:00Z,2359.40,2366.27,2337.25,2342.89,120719680
2020-03-17T16:00:00Z,2342.89,2355.41,2337.39,2347.68,85029310
2020-03-17T17:00:00Z,2347.68,2368.19,2340.72,2359.99,108481985
2020-03-17T18:00:00Z,2359.99,2362.90,2348.90,2354.07,72492677
2020-03-17T19:00:00Z,2354.07,2354.16,2336.01,2344.34,88248804
2020-03-17T20:00:00Z,2344.34,2346.23,2331.71,2337.98,80469706
2020-03-17T21:00:00Z,2337.98,2338.77,2318.27,2322.17,113277836
2020-03-17T22:00:00Z,2322.17,2325.61,2301.96,2308.40,114223737
2020-03-17T23:00:00Z,2308.40,2312.73,2295.22,2297.58,99158432
2020-03-18T00:00:00Z,2297.58,2305.02,2297.25,2302.26,68836388
2020-03-18T01:00:00Z,2302.26,2322.74,2296.64,2315.24,104647735
2020-03-18T02:00:00Z,2315.24,2315.41,2303.17,2303.19,105031486
2020-03-18T03:00:00Z,2303.19,2325.28,2301.95,2319.18,119816172
2020-03-18T04:00:00Z,2319.18,2329.43,2316.94,2325.90,87508670
2020-03-18T05:00:00Z,2325.90,2344.26,2323.25,2342.07,125017097
2020-03-18T06:00:00Z,2342.07,2352.70,2340.20,2351.77,85185107
2020-03-18T07:00:00Z,2351.77,2355.89,2335.11,2343.05,92214641
2020-03-18T08:00:00Z,2343.05,2353.56,2336.17,2348.96,73926124
2020-03-18T09:00:00Z,2348.96,2359.12,2348.60,2350.84,56922037
2020-03-18T10:00:00Z,2350.84,2358.45,2342.18,2348.12,62832532
2020-03-18T11:00:00Z,2348.12,2351.01,2325.10,2333.48,117712955
2020-03-18T12:00:00Z,2333.48,2338.99,2323.03,2329.66,80155216
2020-03-18T13:00:00Z,2329.66,2334.00,2326.58,2330.36,66114368
2020-03-18T14:00:00Z,2330.36,2334.90,2299.24,2303.78,161184044
2020-03-18T15:00:00Z,2303.78,2305.34,2292.75,2293.55,90577756
2020-03-18T16:00:00Z,2293.55,2307.37,2286.77,2299.13,77139751
2020-03-18T17:00:00Z,2299.13,2305.17,2265.37,2272.99,156929703
2020-03-18T18:00:00Z,2272.99,2300.42,2267.51,2292.73,135149082
2020-03-18T19:00:00Z,2292.73,2313.95,2287.87,2309.20,108146849
2020-03-18T20:00:00Z,2309.20,2316.76,2301.11,2303.15,77428828
2020-03-18T21:00:00Z,2303.15,2312.52,2298.78,2312.23,96211955
2020-03-18T22:00:00Z,2312.23,2317.88,2296.99,2298.39,100079856
2020-03-18T23:00:00Z,2298.39,2302.87,2296.61,2300.32,63428508
2020-03-19T00:00:00Z,2300.32,2318.84,2296.00,2318.35,117263119
2020-03-19T01:00:00Z,2318.35,2326.62,2312.33,2315.34,66604721
2020-03-19T02:00:00Z,2315.34,2320.59,2280.85,2287.11,155727729
2020-03-19T03:00:00Z,2287.11,2298.66,2285.73,2293.03,85100036
2020-03-19T04:00:00Z,2293.03,2315.17,2285.87,2310.46,115146257
2020-03-19T05:00:00Z,2310.46,2319.73,2306.27,2312.44,62941855
2020-03-19T06:00:00Z,2312.44,2324.51,2308.23,2318.98,86275396
2020-03-19T07:00:00Z,2318.98,2325.09,2315.19,2322.26,71899294
2020-03-19T08:00:00Z,2322.26,2328.62,2318.57,2326.06,72104361
2020-03-19T09:00:00Z,2326.06,2332.05,2312.19,2320.42,76735101
2020-03-19T10:00:00Z,2320.42,2339.61,2317.29,2332.03,95575334
2020-03-19T11:00:00Z,2332.03,2339.51,2326.87,2334.19,72413828
2020-03-19T12:00:00Z,2334.19,2337.83,2304.97,2313.47,130263466
2020-03-19T13:00:00Z,2313.47,2324.33,2307.42,2319.65,78732909
2020-03-19T14:00:00Z,2319.65,2335.42,2315.01,2328.77,93142389
2020-03-19T15:00:00Z,2328.77,2347.42,2322.49,2342.84,110277648
2020-03-19T16:00:00Z,2342.84,2368.04,2342.32,2366.08,135069767
2020-03-19T17:00:00Z,2366.08,2379.60,2359.37,2375.68,84673800
2020-03-19T18:00:00Z,2375.68,2377.93,2363.18,2367.61,81467724
2020-03-19T19:00:00Z,2367.61,2386.08,2360.15,2380.13,96479730
2020-03-19T20:00:00Z,2380.13,2388.60,2359.41,2365.98,103640798
2020-03-19T21:00:00Z,2365.98,2377.46,2359.67,2368.74,70146440
2020-03-19T22:00:00Z,2368.74,2375.65,2345.13,2353.18,112948435
2020-03-19T23:00:00Z,2353.18,2354.66,2345.74,2347.06,88515611
2020-03-20T00:00:00Z,2347.06,2352.53,2342.15,2348.17,72521981
2020-03-20T01:00:00Z,2348.17,2354.35,2341.38,2346.07,67359142
2020-03-20T02:00:00Z,2346.07,2369.98,2342.59,2366.48,137804720
2020-03-20T03:00:00Z,2366.48,2376.01,2358.80,2371.01,70233048
2020-03-20T04:00:00Z,2371.01,2378.15,2354.02,2359.30,102832483
2020-03-20T05:00:00Z,2359.30,2371.95,2356.66,2366.42,84221830
2020-03-20T06:00:00Z,2366.42,2369.40,2356.11,2360.27,86375445
2020-03-20T07:00:00Z,2360.27,2375.58,2356.06,2366.87,86787838
2020-03-20T08:00:00Z,2366.87,2371.27,2358.66,2367.12,66842699
2020-03-20T09:00:00Z,2367.12,2371.62,2346.79,2354.58,97750831
2020-03-20T10:00:00Z,2354.58,2405.48,2351.88,2399.14,202622471
2020-03-20T11:00:00Z,2399.14,2404.33,2390.82,2400.54,58546601
2020-03-20T12:00:00Z,2400.54,2404.01,2386.54,2393.37,74660882
2020-03-20T13:00:00Z,2393.37,2406.07,2388.06,2397.33,78169731
2020-03-20T14:00:00Z,2397.33,2404.09,2396.43,2396.74,68370024
2020-03-20T15:00:00Z,2396.74,2416.70,2396.35,2408.16,93946804
2020-03-20T16:00:00Z,2408.16,2432.40,2407.22,2424.06,119812041
2020-03-20T17:00:00Z,2424.06,2446.93,2418.86,2440.21,114119468
2020-03-20T18:00:00Z,2440.21,2453.63,2440.13,2449.81,100038817
2020-03-20T19:00:00Z,2449.81,2467.88,2444.14,2460.79,105113384
2020-03-20T20:00:00Z,2460.79,2469.77,2458.61,2466.28,79278574
2020-03-20T21:00:00Z,2466.28,2474.57,2447.07,2448.09,121454449
2020-03-20T22:00:00Z,2448.09,2456.73,2431.93,2440.84,75035324
2020-03-20T23:00:00Z,2440.84,2441.09,2431.61,2433.01,79488473
2020-03-21T00:00:00Z,2433.01,2437.45,2426.87,2431.06,63439243
2020-03-21T01:00:00Z,2431.06,2433.35,2409.94,2415.66,112261605
2020-03-21T02:00:00Z,2415.66,2424.05,2406.78,2412.71,69765749
2020-03-21T03:00:00Z,2412.71,2419.23,2404.22,2412.94,64212551
2020-03-21T04:00:00Z,2412.94,2418.41,2402.76,2409.99,69393153
2020-03-21T05:00:00Z,2409.99,2412.32,2381.44,2387.39,131914367
2020-03-21T06:00:00Z,2387.39,2394.21,2383.77,2391.49,65221598
2020-03-21T07:00:00Z,2391.49,2420.72,2388.03,2415.21,135476219
2020-03-21T08:00:00Z,2415.21,2416.59,2401.62,2405.68,101231794
2020-03-21T09:00:00Z,2405.68,2409.77,2397.17,2408.99,62666529
2020-03-21T10:00:00Z,2408.99,2413.56,2403.54,2406.38,76044888
2020-03-21T11:00:00Z,2406.38,2421.68,2399.49,2416.64,95967774
2020-03-21T12:00:00Z,2416.64,2424.84,2410.41,2421.50,82818978
2020-03-21T13:00:00Z,2421.50,2436.62,2415.09,2433.19,91117627
2020-03-21T14:00:00Z,2433.19,2437.34,2416.72,2417.33,108560084
2020-03-21T15:00:00Z,2417.33,2422.73,2409.05,2419.43,57959394
2020-03-21T16:00:00Z,2419.43,2425.31,2413.16,2416.00,76497277
2020-03-21T17:00:00Z,2416.00,2426.00,2408.86,2418.35,66572565
2020-03-21T18:00:00Z,2418.35,2418.86,2408.54,2412.56,76414010
2020-03-21T19:00:00Z,2412.56,2412.79,2403.80,2411.41,72723009
2020-03-21T20:00:00Z,2411.41,2412.91,2400.64,2404.48,84832427
2020-03-21T21:00:00Z,2404.48,2411.42,2399.34,2400.54,74402244
2020-03-21T22:00:00Z,2400.54,2400.73,2389.24,2395.66,84975728
2020-03-21T23:00:00Z,2395.66,2417.56,2392.61,2411.94,113637874
2020-03-22T00:00:00Z,2411.94,2417.54,2406.97,2413.34,72524344
2020-03-22T01:00:00Z,2413.34,2415.33,2408.10,2412.28,54507467
2020-03-22T02:00:00Z,2412.28,2454.75,2409.16,2447.73,167383935
2020-03-22T03:00:00Z,2447.73,2453.96,2441.88,2444.89,61534765
2020-03-22T04:00:00Z,2444.89,2457.93,2442.73,2451.14,80097509
2020-03-22T05:00:00Z,2451.14,2457.01,2447.79,2448.92,66807107
2020-03-22T06:00:00Z,2448.92,2456.44,2432.51,2439.90,91149131
2020-03-22T07:00:00Z,2439.90,2447.29,2435.02,2440.59,56929416
2020-03-22T08:00:00Z,2440.59,2448.85,2418.00,2423.27,117666477
2020-03-22T09:00:00Z,2423.27,2429.09,2418.20,2420.04,73011629
2020-03-22T10:00:00Z,2420.04,2432.27,2416.19,2432.02,101533658
2020-03-22T11:00:00Z,2432.02,2452.76,2427.24,2445.99,101483620
2020-03-22T12:00:00Z,2445.99,2449.44,2437.22,2437.41,87245638
2020-03-22T13:00:00Z,2437.41,2440.13,2430.82,2439.22,69964225
2020-03-22T14:00:00Z,2439.22,2447.12,2409.28,2412.12,150008090
2020-03-22T15:00:00Z,2412.12,2423.27,2405.38,2414.36,68602390
2020-03-22T16:00:00Z,2414.36,2452.04,2406.76,2447.82,175050591
2020-03-22T17:00:00Z,2447.82,2450.75,2447.63,2448.34,62263498
2020-03-22T18:00:00Z,2448.34,2450.22,2426.75,2433.07,101770625
2020-03-22T19:00:00Z,2433.07,2433.89,2418.11,2418.74,114109312
2020-03-22T20:00:00Z,2418.74,2420.25,2392.22,2392.71,152264685
2020-03-22T21:00:00Z,2392.71,2395.96,2378.64,2378.95,109340317
2020-03-22T22:00:00Z,2378.95,2379.53,2367.93,2369.32,101003159
2020-03-22T23:00:00Z,2369.32,2370.47,2355.66,2358.40,87450984
2020-03-23T00:00:00Z,2358.40,2369.68,2351.40,2365.16,92418019
2020-03-23T01:00:00Z,2365.16,2370.18,2339.27,2346.55,131481885
2020-03-23T02:00:00Z,2346.55,2364.94,2343.77,2357.18,95561646
2020-03-23T03:00:00Z,2357.18,2357.34,2350.16,2356.68,53224947
2020-03-23T04:00:00Z,2356.68,2363.71,2349.22,2355.30,72206482
2020-03-23T05:00:00Z,2355.30,2367.04,2351.02,2365.78,88011867
2020-03-23T06:00:00Z,2365.78,2371.89,2359.42,2363.34,74072913
2020-03-23T07:00:00Z,2363.34,2364.67,2347.87,2352.15,105967993
2020-03-23T08:00:00Z,2352.15,2352.46,2343.29,2349.23,65593573
2020-03-23T09:00:00Z,2349.23,2351.72,2345.22,2345.69,75541245
2020-03-23T10:00:00Z,2345.69,2367.28,2345.48,2365.30,129843889
2020-03-23T11:00:00Z,2365.30,2368.40,2363.85,2365.51,65734779
2020-03-23T12:00:00Z,2365.51,2385.52,2362.77,2382.91,117129366
2020-03-23T13:00:00Z,2382.91,2385.99,2375.74,2377.05,85604748
2020-03-23T14:00:00Z,2377.05,2385.65,2376.39,2382.50,71149581
2020-03-23T15:00:00Z,2382.50,2386.72,2378.75,2382.18,70119260
2020-03-23T16:00:00Z,2382.18,2386.61,2376.82,2379.14,66353851
2020-03-23T17:00:00Z,2379.14,2385.29,2375.19,2382.28,73203119
2020-03-23T18:00:00Z,2382.28,2385.12,2381.71,2383.04,67582750
2020-03-23T19:00:00Z,2383.04,2385.37,2378.72,2381.10,64484494
2020-03-23T20:00:00Z,2381.10,2383.54,2380.00,2382.89,70106505
2020-03-23T21:00:00Z,2382.89,2385.17,2370.57,2374.50,85282873
2020-03-23T22:00:00Z,2374.50,2377.96,2371.04,2371.97,77793532
2020-03-23T23:00:00Z,2371.97,2379.21,2371.12,2378.98,89732429
2020-03-24T00:00:00Z,2378.98,2383.18,2374.74,2381.15,73190950
2020-03-24T01:00:00Z,2381.15,2382.80,2372.85,2375.30,83858086
2020-03-24T02:00:00Z,2375.30,2384.97,2372.99,2381.26,71361530
2020-03-24T03:00:00Z,2381.26,2395.81,2379.62,2394.84,112293648
2020-03-24T04:00:00Z,2394.84,2396.73,2389.92,2391.45,70506076
2020-03-24T05:00:00Z,2391.45,2397.54,2390.72,2394.77,67820927
2020-03-24T06:00:00Z,2394.77,2398.58,2391.75,2396.29,73805566
2020-03-24T07:00:00Z,2396.29,2406.17,2395.90,2403.36,90735146
2020-03-24T08:00:00Z,2403.36,2407.82,2402.32,2404.52,55381350
2020-03-24T09:00:00Z,2404.52,2407.81,2401.60,2406.46,63842398
2020-03-24T10:00:00Z,2406.46,2414.47,2403.40,2413.57,81209776
2020-03-24T11:00:00Z,2413.57,2415.61,2399.32,2400.21,106669330
2020-03-24T12:00:00Z,2400.21,2401.76,2395.77,2398.83,67270002
2020-03-24T13:00:00Z,2398.83,2401.33,2396.61,2398.78,59180084
2020-03-24T14:00:00Z,2398.78,2413.45,2398.15,2409.73,98931646
2020-03-24T15:00:00Z,2409.73,2417.83,2407.23,2414.25,75178452
2020-03-24T16:00:00Z,2414.25,2425.95,2413.12,2424.57,96257597
2020-03-24T17:00:00Z,2424.57,2433.76,2423.98,2431.50,79320929
2020-03-24T18:00:00Z,2431.50,2441.11,2429.52,2439.41,85760344
2020-03-24T19:00:00Z,2439.41,2441.35,2436.21,2439.09,54320893
2020-03-24T20:00:00Z,2439.09,2450.35,2435.66,2447.94,93911422
2020-03-24T21:00:00Z,2447.94,2448.08,2440.91,2443.06,78377504
2020-03-24T22:00:00Z,2443.06,2446.14,2431.52,2434.33,85720205
2020-03-24T23:00:00Z,2434.33,2437.64,2418.34,2421.35,102110052
2020-03-25T00:00:00Z,2421.35,2423.83,2415.74,2419.14,69738101
2020-03-25T01:00:00Z,2419.14,2422.69,2411.13,2413.59,82967548
2020-03-25T02:00:00Z,2413.59,2415.51,2403.11,2404.61,97178003
2020-03-25T03:00:00Z,2404.61,2406.82,2401.96,2405.09,61978729
2020-03-25T04:00:00Z,2405.09,2408.73,2404.94,2406.19,54189930
2020-03-25T05:00:00Z,2406.19,2406.34,2399.06,2402.29,82561836
2020-03-25T06:00:00Z,2402.29,2408.83,2398.93,2405.37,72100697
2020-03-25T07:00:00Z,2405.37,2413.14,2403.11,2409.63,70248807
2020-03-25T08:00:00Z,2409.63,2410.93,2405.57,2407.57,58320668
2020-03-25T09:00:00Z,2407.57,2411.67,2406.09,2411.27,64059217
2020-03-25T10:00:00Z,2411.27,2418.40,2410.96,2416.46,70935117
2020-03-25T11:00:00Z,2416.46,2423.94,2412.99,2422.86,79520787
2020-03-25T12:00:00Z,2422.86,2424.79,2408.70,2412.22,103583302
2020-03-25T13:00:00Z,2412.22,2413.64,2404.63,2405.75,75842574
2020-03-25T14:00:00Z,2405.75,2406.00,2403.43,2404.78,64509798
2020-03-25T15:00:00Z,2404.78,2409.99,2403.74,2408.85,76641244
2020-03-25T16:00:00Z,2408.85,2411.24,2408.22,2409.45,54513826
2020-03-25T17:00:00Z,2409.45,2410.76,2403.83,2406.78,74670739
2020-03-25T18:00:00Z,2406.78,2416.73,2403.64,2413.91,90297287
2020-03-25T19:00:00Z,2413.91,2418.54,2410.36,2415.98,60766115
2020-03-25T20:00:00Z,2415.98,2419.84,2413.77,2416.63,61826426
2020-03-25T21:00:00Z,2416.63,2419.78,2413.72,2416.26,52433465
2020-03-25T22:00:00Z,2416.26,2417.42,2412.91,2415.62,60193793
2020-03-25T23:00:00Z,2415.62,2419.41,2412.58,2417.92,66833230
2020-03-26T00:00:00Z,2417.92,2419.07,2414.69,2418.08,56425113
2020-03-26T01:00:00Z,2418.08,2430.16,2417.86,2427.74,90782047
2020-03-26T02:00:00Z,2427.74,2429.31,2420.29,2422.70,83095192
2020-03-26T03:00:00Z,2422.70,2423.35,2421.96,2423.13,59783839
2020-03-26T04:00:00Z,2423.13,2425.59,2418.96,2420.65,63573317
2020-03-26T05:00:00Z,2420.65,2429.73,2418.71,2426.13,86400238
2020-03-26T06:00:00Z,2426.13,2428.12,2420.91,2421.41,76621215
2020-03-26T07:00:00Z,2421.41,2432.00,2420.36,2431.95,99964326
2020-03-26T08:00:00Z,2431.95,2432.35,2424.47,2427.44,76066981
2020-03-26T09:00:00Z,2427.44,2432.61,2425.20,2429.67,64943395
2020-03-26T10:00:00Z,2429.67,2433.43,2429.17,2433.37,80171339
2020-03-26T11:00:00Z,2433.37,2438.87,2432.43,2437.46,67544117
2020-03-26T12:00:00Z,2437.46,2442.60,2434.83,2440.83,79672271
2020-03-26T13:00:00Z,2440.83,2444.60,2440.77,2442.90,59493748
2020-03-26T14:00:00Z,2442.90,2444.84,2433.78,2436.73,72319623
2020-03-26T15:00:00Z,2436.73,2439.57,2432.04,2433.47,72720595
2020-03-26T16:00:00Z,2433.47,2440.27,2431.27,2440.17,83141867
2020-03-26T17:00:00Z,2440.17,2441.49,2436.12,2439.60,65058504
2020-03-26T18:00:00Z,2439.60,2445.68,2437.18,2443.37,64088795
2020-03-26T19:00:00Z,2443.37,2451.63,2439.94,2448.51,86765118
2020-03-26T20:00:00Z,2448.51,2455.36,2448.24,2453.77,69601486
2020-03-26T21:00:00Z,2453.77,2456.69,2446.45,2449.78,79998072
2020-03-26T22:00:00Z,2449.78,2451.21,2447.26,2448.65,56862773
2020-03-26T23:00:00Z,2448.65,2456.31,2448.31,2454.05,80002331
2020-03-27T00:00:00Z,2454.05,2454.84,2453.22,2454.47,56408786
2020-03-27T01:00:00Z,2454.47,2456.30,2450.01,2453.51,58624229
2020-03-27T02:00:00Z,2453.51,2453.54,2449.65,2450.83,67517170
2020-03-27T03:00:00Z,2450.83,2452.07,2446.24,2448.40,76434511
2020-03-27T04:00:00Z,2448.40,2452.77,2445.14,2449.79,63119552
2020-03-27T05:00:00Z,2449.79,2451.72,2446.81,2447.39,71109766
2020-03-27T06:00:00Z,2447.39,2449.24,2445.60,2446.99,59045452
2020-03-27T07:00:00Z,2446.99,2455.58,2444.10,2454.90,76404949
2020-03-27T08:00:00Z,2454.90,2457.10,2448.33,2451.33,70278389
2020-03-27T09:00:00Z,2451.33,2454.91,2450.61,2454.48,64768912
2020-03-27T10:00:00Z,2454.48,2454.63,2453.47,2453.83,66398279
2020-03-27T11:00:00Z,2453.83,2456.57,2445.82,2448.88,73180401
2020-03-27T12:00:00Z,2448.88,2452.11,2438.42,2440.70,94874370
2020-03-27T13:00:00Z,2440.70,2448.43,2440.40,2445.23,68108781
2020-03-27T14:00:00Z,2445.23,2448.36,2442.15,2447.58,63137241
2020-03-27T15:00:00Z,2447.58,2448.53,2445.62,2446.66,59516187
2020-03-27T16:00:00Z,2446.66,2451.38,2444.34,2448.79,76897345
2020-03-27T17:00:00Z,2448.79,2450.00,2444.58,2447.48,64424326
2020-03-27T18:00:00Z,2447.48,2450.48,2444.16,2445.17,59207933
2020-03-27T19:00:00Z,2445.17,2458.79,2444.66,2455.98,87305400
2020-03-27T20:00:00Z,2455.98,2458.47,2448.88,2449.51,77931221
2020-03-27T21:00:00Z,2449.51,2451.62,2446.44,2450.26,70215225
2020-03-27T22:00:00Z,2450.26,2452.17,2446.82,2448.99,69946394
2020-03-27T23:00:00Z,2448.99,2449.79,2445.88,2446.51,63739099
2020-03-28T00:00:00Z,2446.51,2449.35,2445.02,2446.08,54232026
2020-03-28T01:00:00Z,2446.08,2448.06,2436.05,2438.23,91755075
2020-03-28T02:00:00Z,2438.23,2446.52,2437.18,2442.86,83811883
2020-03-28T03:00:00Z,2442.86,2443.32,2427.43,2428.84,96648257
2020-03-28T04:00:00Z,2428.84,2430.30,2425.99,2428.38,64776683
2020-03-28T05:00:00Z,2428.38,2441.90,2426.40,2440.09,98521164
2020-03-28T06:00:00Z,2440.09,2441.42,2434.73,2435.44,79619781
2020-03-28T07:00:00Z,2435.44,2441.93,2435.11,2439.72,70949513
2020-03-28T08:00:00Z,2439.72,2441.49,2436.81,2439.79,51514433
2020-03-28T09:00:00Z,2439.79,2441.23,2435.99,2439.22,53818745
2020-03-28T10:00:00Z,2439.22,2441.18,2438.09,2440.61,72484145
2020-03-28T11:00:00Z,2440.61,2441.53,2434.65,2437.40,62088582
2020-03-28T12:00:00Z,2437.40,2439.78,2435.04,2436.47,55750544
2020-03-28T13:00:00Z,2436.47,2437.74,2426.47,2428.33,78639777
2020-03-28T14:00:00Z,2428.33,2434.01,2427.28,2431.39,77406055
2020-03-28T15:00:00Z,2431.39,2432.25,2427.78,2432.19,60668559
2020-03-28T16:00:00Z,2432.19,2434.67,2427.09,2429.06,63842538
2020-03-28T17:00:00Z,2429.06,2435.21,2425.69,2432.82,66751499
2020-03-28T18:00:00Z,2432.82,2442.33,2432.18,2439.50,91913089
2020-03-28T19:00:00Z,2439.50,2442.03,2435.47,2438.15,59282521
2020-03-28T20:00:00Z,2438.15,2443.52,2435.45,2441.63,78492681
2020-03-28T21:00:00Z,2441.63,2444.93,2440.85,2442.24,70468735
2020-03-28T22:00:00Z,2442.24,2448.41,2441.10,2444.87,72105149
2020-03-28T23:00:00Z,2444.87,2448.20,2433.53,2436.50,87345653
2020-03-29T00:00:00Z,2436.50,2440.29,2435.26,2437.36,53793887
2020-03-29T01:00:00Z,2437.36,2440.55,2424.91,2428.40,98889595
2020-03-29T02:00:00Z,2428.40,2432.89,2426.15,2430.56,60608920
2020-03-29T03:00:00Z,2430.56,2431.69,2420.60,2423.84,92096179
2020-03-29T04:00:00Z,2423.84,2424.87,2419.36,2421.61,74502782
2020-03-29T05:00:00Z,2421.61,2422.72,2417.89,2419.15,60622805
2020-03-29T06:00:00Z,2419.15,2426.56,2415.56,2425.00,81848565
2020-03-29T07:00:00Z,2425.00,2431.80,2424.44,2430.30,77793672
2020-03-29T08:00:00Z,2430.30,2443.02,2427.20,2439.69,95974981
2020-03-29T09:00:00Z,2439.69,2441.13,2432.72,2435.84,65593784
2020-03-29T10:00:00Z,2435.84,2446.43,2433.35,2444.59,98474279
2020-03-29T11:00:00Z,2444.59,2446.62,2436.11,2439.42,80695628
2020-03-29T12:00:00Z,2439.42,2440.65,2438.59,2439.60,66507570
2020-03-29T13:00:00Z,2439.60,2441.72,2437.45,2440.92,62008724
2020-03-29T14:00:00Z,2440.92,2445.93,2440.85,2445.65,67788282
2020-03-29T15:00:00Z,2445.65,2457.42,2443.98,2455.35,93315237
2020-03-29T16:00:00Z,2455.35,2458.04,2448.58,2451.66,74441465
2020-03-29T17:00:00Z,2451.66,2456.50,2449.10,2454.49,73179774
2020-03-29T18:00:00Z,2454.49,2455.39,2452.74,2454.65,66306866
2020-03-29T19:00:00Z,2454.65,2458.16,2451.02,2456.09,70597563
2020-03-29T20:00:00Z,2456.09,2462.10,2455.66,2461.15,79967035
2020-03-29T21:00:00Z,2461.15,2467.51,2460.79,2467.09,88093728
2020-03-29T22:00:00Z,2467.09,2468.12,2461.07,2462.84,72038020
2020-03-29T23:00:00Z,2462.84,2463.40,2458.21,2461.37,63804870
2020-03-30T00:00:00Z,2461.37,2465.92,2460.47,2464.92,69714785
2020-03-30T01:00:00Z,2464.92,2466.12,2463.88,2465.43,63883180
2020-03-30T02:00:00Z,2465.43,2470.23,2464.11,2469.77,76432548
2020-03-30T03:00:00Z,2469.77,2471.22,2465.40,2465.56,76745733
2020-03-30T04:00:00Z,2465.56,2468.41,2460.13,2463.52,58736131
2020-03-30T05:00:00Z,2463.52,2465.42,2459.81,2464.17,54849504
2020-03-30T06:00:00Z,2464.17,2467.52,2463.00,2466.04,66218073
2020-03-30T07:00:00Z,2466.04,2467.75,2460.14,2463.02,63453269
2020-03-30T08:00:00Z,2463.02,2464.74,2454.28,2456.96,78671852
2020-03-30T09:00:00Z,2456.96,2459.38,2451.48,2452.24,79896410
2020-03-30T10:00:00Z,2452.24,2452.25,2449.88,2451.00,62745037
2020-03-30T11:00:00Z,2451.00,2451.48,2443.40,2444.37,88039759
2020-03-30T12:00:00Z,2444.37,2451.98,2441.96,2450.59,88697268
2020-03-30T13:00:00Z,2450.59,2451.09,2445.75,2448.84,55888821
2020-03-30T14:00:00Z,2448.84,2451.84,2444.67,2446.88,71949836
2020-03-30T15:00:00Z,2446.88,2454.47,2443.99,2452.51,83293009
2020-03-30T16:00:00Z,2452.51,2459.25,2450.51,2456.63,73814077
2020-03-30T17:00:00Z,2456.63,2461.66,2453.20,2461.03,66013748
2020-03-30T18:00:00Z,2461.03,2471.77,2457.77,2469.77,98103577
2020-03-30T19:00:00Z,2469.77,2472.90,2462.92,2464.36,73884628
2020-03-30T20:00:00Z,2464.36,2467.05,2450.70,2453.97,102485489
2020-03-30T21:00:00Z,2453.97,2455.74,2453.09,2453.23,57648422
2020-03-30T22:00:00Z,2453.23,2461.36,2450.09,2458.90,84528053
2020-03-30T23:00:00Z,2458.90,2468.00,2458.08,2465.61,75757667
2020-03-31T00:00:00Z,2465.61,2467.82,2462.83,2465.99,65353106
2020-03-31T01:00:00Z,2465.99,2472.52,2464.08,2471.44,68963082
2020-03-31T02:00:00Z,2471.44,2475.95,2468.64,2475.62,83144402
2020-03-31T03:00:00Z,2475.62,2479.39,2473.09,2477.27,67762887
2020-03-31T04:00:00Z,2477.27,2483.29,2475.90,2479.93,70086022
2020-03-31T05:00:00Z,2479.93,2480.55,2476.68,2476.82,67082467
2020-03-31T06:00:00Z,2476.82,2480.81,2474.36,2478.65,62848691
2020-03-31T07:00:00Z,2478.65,2479.38,2474.74,2477.44,70133248
2020-03-31T08:00:00Z,2477.44,2483.68,2475.61,2480.28,59493925
2020-03-31T09:00:00Z,2480.28,2482.56,2472.71,2475.88,78252161
2020-03-31T10:00:00Z,2475.88,2479.05,2472.60,2475.06,69687366
2020-03-31T11:00:00Z,2475.06,2476.56,2468.86,2471.26,76171564
2020-03-31T12:00:00Z,2471.26,2477.34,2468.32,2474.60,73722809
2020-03-31T13:00:00Z,2474.60,2482.65,2473.38,2478.99,76823821
2020-03-31T14:00:00Z,2478.99,2480.27,2476.19,2476.67,69208900
2020-03-31T15:00:00Z,2476.67,2479.29,2465.11,2466.27,99248094
2020-03-31T16:00:00Z,2466.27,2471.08,2464.49,2470.31,76070293
2020-03-31T17:00:00Z,2470.31,2470.76,2467.18,2467.28,79013749
2020-03-31T18:00:00Z,2467.28,2476.94,2464.25,2474.90,90515895
2020-03-31T19:00:00Z,2474.90,2475.08,2462.49,2465.04,93609618
2020-03-31T20:00:00Z,2465.04,2468.30,2462.25,2462.58,76294964
2020-03-31T21:00:00Z,2462.58,2465.59,2461.42,2461.97,56877275
2020-03-31T22:00:00Z,2461.97,2469.50,2460.73,2466.03,74062281
2020-03-31T23:00:00Z,2466.03,2474.68,2465.61,2472.32,82242685
2020-04-01T00:00:00Z,2472.32,2476.76,2471.20,2474.15,62322812
2020-04-01T01:00:00Z,2474.15,2475.30,2472.46,2472.48,65123820
2020-04-01T02:00:00Z,2472.48,2474.89,2467.40,2468.89,76431031
2020-04-01T03:00:00Z,2468.89,2471.01,2466.81,2468.23,65024000
2020-04-01T04:00:00Z,2468.23,2472.61,2465.52,2470.74,73525886
2020-04-01T05:00:00Z,2470.74,2473.87,2461.35,2464.02,78331515
2020-04-01T06:00:00Z,2464.02,2464.61,2462.90,2464.14,54597300
2020-04-01T07:00:00Z,2464.14,2476.84,2461.02,2475.65,101832653
2020-04-01T08:00:00Z,2475.65,2485.06,2472.36,2483.72,95971328
2020-04-01T09:00:00Z,2483.72,2485.73,2479.40,2481.04,60768880
2020-04-01T10:00:00Z,2481.04,2484.25,2475.93,2479.55,70835797
2020-04-01T11:00:00Z,2479.55,2485.96,2478.17,2482.86,78452253
2020-04-01T12:00:00Z,2482.86,2484.20,2472.50,2475.72,84644553
2020-04-01T13:00:00Z,2475.72,2477.35,2473.15,2475.83,54776931
2020-04-01T14:00:00Z,2475.83,2481.31,2472.44,2478.25,77360540
2020-04-01T15:00:00Z,2478.25,2481.81,2472.84,2475.29,73707930
2020-04-01T16:00:00Z,2475.29,2477.97,2469.16,2472.34,62595671
2020-04-01T17:00:00Z,2472.34,2473.62,2463.60,2466.28,83332823
2020-04-01T18:00:00Z,2466.28,2467.69,2460.38,2462.76,65785400
2020-04-01T19:00:00Z,2462.76,2467.78,2460.30,2464.62,64903606
2020-04-01T20:00:00Z,2464.62,2465.41,2459.50,2460.06,77384556
2020-04-01T21:00:00Z,2460.06,2465.59,2459.93,2462.09,63027936
2020-04-01T22:00:00Z,2462.09,2465.37,2457.59,2459.18,75551480
2020-04-01T23:00:00Z,2459.18,2459.95,2453.62,2455.26,66450185
2020-04-02T00:00:00Z,2455.26,2456.17,2444.77,2446.72,86438032
2020-04-02T01:00:00Z,2446.72,2458.80,2445.59,2456.33,97859875
2020-04-02T02:00:00Z,2456.33,2464.09,2453.97,2461.64,77642788
2020-04-02T03:00:00Z,2461.64,2467.12,2460.09,2466.61,67000812
2020-04-02T04:00:00Z,2466.61,2467.92,2465.93,2466.70,68315552
2020-04-02T05:00:00Z,2466.70,2471.28,2464.37,2471.12,64734981
2020-04-02T06:00:00Z,2471.12,2477.01,2467.81,2474.37,66460399
2020-04-02T07:00:00Z,2474.37,2475.32,2473.64,2474.39,61307185
2020-04-02T08:00:00Z,2474.39,2474.49,2467.13,2470.42,72384873
2020-04-02T09:00:00Z,2470.42,2479.99,2468.14,2479.93,100543507
2020-04-02T10:00:00Z,2479.93,2480.59,2471.74,2472.84,89619599
2020-04-02T11:00:00Z,2472.84,2475.60,2465.43,2466.07,77716176
2020-04-02T12:00:00Z,2466.07,2472.94,2463.09,2470.07,69067654
2020-04-02T13:00:00Z,2470.07,2474.16,2468.02,2470.61,61592061
2020-04-02T14:00:00Z,2470.61,2473.75,2459.26,2461.69,81897375
2020-04-02T15:00:00Z,2461.69,2464.10,2455.77,2456.42,75932958
2020-04-02T16:00:00Z,2456.42,2457.20,2448.91,2451.04,76646155
2020-04-02T17:00:00Z,2451.04,2451.95,2441.36,2444.89,73302008
2020-04-02T18:00:00Z,2444.89,2453.05,2441.74,2449.36,75786504
2020-04-02T19:00:00Z,2449.36,2455.31,2447.03,2453.53,68422355
2020-04-02T20:00:00Z,2453.53,2456.42,2449.49,2451.49,69311374
2020-04-02T21:00:00Z,2451.49,2454.29,2450.61,2454.20,61672907
2020-04-02T22:00:00Z,2454.20,2454.54,2451.49,2454.43,53215976
2020-04-02T23:00:00Z,2454.43,2456.01,2448.09,2450.35,80256250
2020-04-03T00:00:00Z,2450.35,2457.26,2447.57,2456.39,84624183
2020-04-03T01:00:00Z,2456.39,2460.85,2456.15,2460.80,73732880
2020-04-03T02:00:00Z,2460.80,2469.06,2458.41,2467.26,73833012
2020-04-03T03:00:00Z,2467.26,2468.27,2464.93,2468.25,67059173
2020-04-03T04:00:00Z,2468.25,2469.82,2466.53,2467.74,59324670
2020-04-03T05:00:00Z,2467.74,2471.37,2459.52,2460.45,76127580
2020-04-03T06:00:00Z,2460.45,2463.45,2457.52,2458.44,74432572
2020-04-03T07:00:00Z,2458.44,2459.44,2453.46,2453.78,84221220
2020-04-03T08:00:00Z,2453.78,2459.10,2452.05,2458.64,76910682
2020-04-03T09:00:00Z,2458.64,2464.53,2456.30,2463.52,76478900
2020-04-03T10:00:00Z,2463.52,2472.52,2462.01,2469.03,87308223
2020-04-03T11:00:00Z,2469.03,2470.42,2466.48,2467.42,69298606
2020-04-03T12:00:00Z,2467.42,2479.98,2464.35,2476.33,83984473
2020-04-03T13:00:00Z,2476.33,2483.30,2473.91,2482.79,71610698
2020-04-03T14:00:00Z,2482.79,2488.61,2480.44,2488.07,81755924
2020-04-03T15:00:00Z,2488.07,2490.45,2488.05,2490.08,62515283
2020-04-03T16:00:00Z,2490.08,2494.59,2487.58,2491.18,62493702
2020-04-03T17:00:00Z,2491.18,2491.27,2489.13,2489.31,72152953
2020-04-03T18:00:00Z,2489.31,2498.73,2486.60,2497.24,78758598
2020-04-03T19:00:00Z,2497.24,2502.58,2494.98,2500.82,80911521
2020-04-03T20:00:00Z,2500.82,2513.95,2498.47,2510.76,88564821
2020-04-03T21:00:00Z,2510.76,2513.40,2506.31,2506.56,81551421
2020-04-03T22:00:00Z,2506.56,2508.99,2502.01,2504.05,77940268
2020-04-03T23:00:00Z,2504.05,2506.96,2500.93,2506.72,59780268
2020-04-04T00:00:00Z,2506.72,2509.05,2495.29,2497.62,97619732
2020-04-04T01:00:00Z,2497.62,2503.74,2497.21,2501.97,70092547
2020-04-04T02:00:00Z,2501.97,2502.54,2498.40,2499.22,78474799
2020-04-04T03:00:00Z,2499.22,2502.24,2496.18,2499.60,62867164
2020-04-04T04:00:00Z,2499.60,2502.19,2490.34,2493.75,77351237
2020-04-04T05:00:00Z,2493.75,2506.27,2490.00,2503.31,96806042
2020-04-04T06:00:00Z,2503.31,2505.58,2498.64,2499.77,68170099
2020-04-04T07:00:00Z,2499.77,2500.45,2496.03,2496.09,77048950
2020-04-04T08:00:00Z,2496.09,2496.27,2493.37,2494.76,71031802
2020-04-04T09:00:00Z,2494.76,2498.41,2493.61,2495.38,57033871
2020-04-04T10:00:00Z,2495.38,2496.81,2491.88,2495.08,63580726
2020-04-04T11:00:00Z,2495.08,2502.62,2491.33,2499.21,67099847
2020-04-04T12:00:00Z,2499.21,2501.88,2499.16,2500.38,64379159
2020-04-04T13:00:00Z,2500.38,2500.47,2493.39,2494.94,79206066
2020-04-04T14:00:00Z,2494.94,2502.12,2491.28,2501.15,78045832
2020-04-04T15:00:00Z,2501.15,2504.60,2500.53,2503.44,64480611
2020-04-04T16:00:00Z,2503.44,2503.78,2498.25,2500.62,78357477
2020-04-04T17:00:00Z,2500.62,2506.79,2499.47,2503.74,61630307
2020-04-04T18:00:00Z,2503.74,2507.25,2499.60,2501.75,62645015
2020-04-04T19:00:00Z,2501.75,2504.89,2498.29,2499.35,66253478
2020-04-04T20:00:00Z,2499.35,2504.20,2499.27,2500.67,73109628
2020-04-04T21:00:00Z,2500.67,2506.38,2499.17,2504.75,70173776
2020-04-04T22:00:00Z,2504.75,2506.07,2503.64,2504.31,55869842
2020-04-04T23:00:00Z,2504.31,2507.02,2501.16,2506.97,69537237
2020-04-05T00:00:00Z,2506.97,2510.25,2504.27,2507.21,67337225
2020-04-05T01:00:00Z,2507.21,2510.73,2499.50,2501.50,71996182
2020-04-05T02:00:00Z,2501.50,2501.59,2497.30,2500.60,61156279
2020-04-05T03:00:00Z,2500.60,2510.48,2499.90,2509.09,96726306
2020-04-05T04:00:00Z,2509.09,2511.40,2502.92,2503.59,78472082
2020-04-05T05:00:00Z,2503.59,2509.78,2502.20,2506.36,73456413
2020-04-05T06:00:00Z,2506.36,2523.10,2505.89,2519.80,93412511
2020-04-05T07:00:00Z,2519.80,2520.22,2516.88,2519.52,65702884
2020-04-05T08:00:00Z,2519.52,2531.00,2519.34,2527.46,80223378
2020-04-05T09:00:00Z,2527.46,2527.81,2517.82,2518.71,86115424
2020-04-05T10:00:00Z,2518.71,2519.01,2515.66,2517.07,60513176
2020-04-05T11:00:00Z,2517.07,2518.10,2515.64,2517.62,53943588
2020-04-05T12:00:00Z,2517.62,2527.02,2516.83,2523.85,88427288
2020-04-05T13:00:00Z,2523.85,2527.60,2521.37,2527.03,66555255
2020-04-05T14:00:00Z,2527.03,2528.35,2519.12,2519.40,83979729
2020-04-05T15:00:00Z,2519.40,2537.03,2518.99,2533.35,99406590
2020-04-05T16:00:00Z,2533.35,2533.80,2525.25,2528.38,73044442
2020-04-05T17:00:00Z,2528.38,2534.83,2525.01,2533.21,74931132
2020-04-05T18:00:00Z,2533.21,2546.37,2532.30,2545.42,107107182
2020-04-05T19:00:00Z,2545.42,2545.91,2528.64,2532.11,97207482
2020-04-05T20:00:00Z,2532.11,2545.66,2529.70,2543.46,97051209
2020-04-05T21:00:00Z,2543.46,2549.99,2543.17,2547.33,77776871
2020-04-05T22:00:00Z,2547.33,2553.60,2545.03,2552.82,86232984
2020-04-05T23:00:00Z,2552.82,2555.20,2548.20,2551.21,74662602
2020-04-06T00:00:00Z,2551.21,2553.63,2542.97,2544.14,86792903
2020-04-06T01:00:00Z,2544.14,2545.73,2527.14,2529.52,106292494
2020-04-06T02:00:00Z,2529.52,2531.74,2517.08,2519.44,98428102
2020-04-06T03:00:00Z,2519.44,2523.96,2517.50,2521.76,75777053
2020-04-06T04:00:00Z,2521.76,2524.42,2513.47,2513.67,81588473
2020-04-06T05:00:00Z,2513.67,2515.64,2504.87,2507.59,73618589
2020-04-06T06:00:00Z,2507.59,2511.17,2496.25,2499.55,89393932
2020-04-06T07:00:00Z,2499.55,2507.33,2497.67,2503.98,83486081
2020-04-06T08:00:00Z,2503.98,2506.66,2500.74,2502.39,63008881
2020-04-06T09:00:00Z,2502.39,2505.78,2500.48,2505.11,75593922
2020-04-06T10:00:00Z,2505.11,2511.34,2502.95,2508.03,73214305
2020-04-06T11:00:00Z,2508.03,2511.95,2505.98,2511.75,61941394
2020-04-06T12:00:00Z,2511.75,2517.95,2509.22,2514.89,61180226
2020-04-06T13:00:00Z,2514.89,2515.28,2507.77,2508.93,78590194
2020-04-06T14:00:00Z,2508.93,2517.79,2507.68,2515.00,72020897
2020-04-06T15:00:00Z,2515.00,2517.51,2512.26,2517.38,72463067
2020-04-06T16:00:00Z,2517.38,2518.31,2516.94,2517.96,67514132
2020-04-06T17:00:00Z,2517.96,2520.54,2510.45,2514.14,80141121
2020-04-06T18:00:00Z,2514.14,2516.34,2511.24,2511.26,66023185
2020-04-06T19:00:00Z,2511.26,2511.93,2506.28,2507.79,73935703
2020-04-06T20:00:00Z,2507.79,2515.67,2506.30,2512.14,64534580
2020-04-06T21:00:00Z,2512.14,2514.33,2508.36,2510.43,59976847
2020-04-06T22:00:00Z,2510.43,2524.04,2508.74,2521.18,95534465
2020-04-06T23:00:00Z,2521.18,2523.98,2518.45,2522.59,60708370
2020-04-07T00:00:00Z,2522.59,2523.83,2521.81,2523.14,53122676
2020-04-07T01:00:00Z,2523.14,2526.11,2521.13,2525.45,71668461
2020-04-07T02:00:00Z,2525.45,2529.99,2525.33,2528.02,72244042
2020-04-07T03:00:00Z,2528.02,2541.21,2527.47,2541.09,96648262
2020-04-07T04:00:00Z,2541.09,2543.84,2540.00,2543.06,61437822
2020-04-07T05:00:00Z,2543.06,2547.90,2539.74,2547.08,65247591
2020-04-07T06:00:00Z,2547.08,2549.19,2544.61,2546.04,63428932
2020-04-07T07:00:00Z,2546.04,2548.23,2536.49,2537.03,89392187
2020-04-07T08:00:00Z,2537.03,2538.28,2534.64,2537.04,52182981
2020-04-07T09:00:00Z,2537.04,2539.88,2523.19,2524.86,107698711
2020-04-07T10:00:00Z,2524.86,2526.42,2523.67,2526.14,64185540
2020-04-07T11:00:00Z,2526.14,2536.82,2522.73,2533.79,84287952
2020-04-07T12:00:00Z,2533.79,2539.90,2531.02,2536.75,69754761
2020-04-07T13:00:00Z,2536.75,2546.11,2536.04,2543.61,80205213
2020-04-07T14:00:00Z,2543.61,2543.84,2537.14,2539.35,63789110
2020-04-07T15:00:00Z,2539.35,2546.57,2535.95,2546.06,79488109
2020-04-07T16:00:00Z,2546.06,2549.75,2537.08,2540.49,76181677
2020-04-07T17:00:00Z,2540.49,2541.95,2539.57,2539.84,71988230
2020-04-07T18:00:00Z,2539.84,2541.61,2537.14,2539.31,57535909
2020-04-07T19:00:00Z,2539.31,2542.78,2535.52,2537.28,65235658
2020-04-07T20:00:00Z,2537.28,2548.92,2533.84,2548.21,103466207
2020-04-07T21:00:00Z,2548.21,2551.24,2546.17,2548.69,64314343
2020-04-07T22:00:00Z,2548.69,2549.84,2543.98,2545.79,60942345
2020-04-07T23:00:00Z,2545.79,2548.78,2544.34,2548.15,70100574
2020-04-08T00:00:00Z,2548.15,2557.16,2545.76,2556.12,92922064
2020-04-08T01:00:00Z,2556.12,2565.39,2555.09,2562.89,89384138
2020-04-08T02:00:00Z,2562.89,2566.01,2561.13,2563.57,70151846
2020-04-08T03:00:00Z,2563.57,2566.04,2558.24,2559.14,66793358
2020-04-08T04:00:00Z,2559.14,2560.59,2557.85,2559.80,59827564
2020-04-08T05:00:00Z,2559.80,2562.12,2554.44,2558.08,70114033
2020-04-08T06:00:00Z,2558.08,2558.66,2557.53,2558.55,71075965
2020-04-08T07:00:00Z,2558.55,2560.93,2550.08,2551.58,73474087
2020-04-08T08:00:00Z,2551.58,2552.62,2548.72,2551.18,59266615
2020-04-08T09:00:00Z,2551.18,2554.83,2540.06,2542.86,86882833
2020-04-08T10:00:00Z,2542.86,2546.10,2532.46,2534.91,81816666
2020-04-08T11:00:00Z,2534.91,2538.22,2527.01,2529.95,82078251
2020-04-08T12:00:00Z,2529.95,2532.43,2528.54,2528.93,71854261
2020-04-08T13:00:00Z,2528.93,2531.63,2525.14,2527.75,64255407
2020-04-08T14:00:00Z,2527.75,2536.65,2524.25,2533.68,75144563
2020-04-08T15:00:00Z,2533.68,2533.85,2527.57,2530.50,64166469
2020-04-08T16:00:00Z,2530.50,2533.42,2523.43,2525.08,79659353
2020-04-08T17:00:00Z,2525.08,2528.32,2520.68,2524.37,66988449
2020-04-08T18:00:00Z,2524.37,2524.85,2523.45,2523.99,69371559
2020-04-08T19:00:00Z,2523.99,2533.66,2523.75,2531.03,89165485
2020-04-08T20:00:00Z,2531.03,2545.39,2527.65,2542.69,105761351
2020-04-08T21:00:00Z,2542.69,2548.75,2540.27,2546.98,63862872
2020-04-08T22:00:00Z,2546.98,2549.25,2544.96,2546.92,69065553
2020-04-08T23:00:00Z,2546.92,2554.46,2546.28,2554.01,76192468
2020-04-09T00:00:00Z,2554.01,2556.51,2551.68,2551.91,65068449
2020-04-09T01:00:00Z,2551.91,2553.34,2550.86,2551.22,70925221
2020-04-09T02:00:00Z,2551.22,2554.77,2545.91,2548.34,59198496
2020-04-09T03:00:00Z,2548.34,2552.40,2546.70,2550.86,76893638
2020-04-09T04:00:00Z,2550.86,2559.39,2548.41,2557.86,87812107
2020-04-09T05:00:00Z,2557.86,2563.02,2556.52,2559.17,58579563
2020-04-09T06:00:00Z,2559.17,2562.91,2551.41,2551.93,82433539
2020-04-09T07:00:00Z,2551.93,2559.08,2551.79,2556.43,66729426
2020-04-09T08:00:00Z,2556.43,2566.18,2554.88,2564.16,86230009
2020-04-09T09:00:00Z,2564.16,2567.34,2555.27,2556.77,77273050
2020-04-09T10:00:00Z,2556.77,2572.79,2553.33,2570.67,99471820
2020-04-09T11:00:00Z,2570.67,2578.28,2568.54,2576.18,77572237
2020-04-09T12:00:00Z,2576.18,2578.61,2565.24,2566.35,94992796
2020-04-09T13:00:00Z,2566.35,2567.12,2558.92,2560.45,84673058
2020-04-09T14:00:00Z,2560.45,2563.25,2558.47,2559.88,68548816
2020-04-09T15:00:00Z,2559.88,2566.39,2558.55,2563.60,78146452
2020-04-09T16:00:00Z,2563.60,2564.65,2556.07,2559.03,67411539
2020-04-09T17:00:00Z,2559.03,2564.92,2555.79,2562.88,68778280
2020-04-09T18:00:00Z,2562.88,2568.65,2559.35,2566.67,74137806
2020-04-09T19:00:00Z,2566.67,2568.62,2565.57,2568.25,66843966
2020-04-09T20:00:00Z,2568.25,2572.36,2567.94,2570.43,61314958
2020-04-09T21:00:00Z,2570.43,2578.21,2570.05,2574.60,77540528
2020-04-09T22:00:00Z,2574.60,2576.74,2563.38,2567.01,80246333
2020-04-09T23:00:00Z,2567.01,2577.63,2564.80,2573.87,74527857
2020-04-10T00:00:00Z,2573.87,2578.01,2573.76,2577.80,68337179
2020-04-10T01:00:00Z,2577.80,2578.60,2577.01,2577.36,59127895
2020-04-10T02:00:00Z,2577.36,2579.04,2573.03,2576.50,66272250
2020-04-10T03:00:00Z,2576.50,2586.69,2573.33,2586.30,81831488
2020-04-10T04:00:00Z,2586.30,2587.83,2579.30,2580.18,78715421
2020-04-10T05:00:00Z,2580.18,2582.24,2574.62,2576.89,78133710
2020-04-10T06:00:00Z,2576.89,2578.91,2575.04,2576.92,57028585
2020-04-10T07:00:00Z,2576.92,2589.03,2574.36,2585.67,79425652
2020-04-10T08:00:00Z,2585.67,2587.15,2583.36,2586.64,70652049
2020-04-10T09:00:00Z,2586.64,2591.51,2584.93,2590.50,66903098
2020-04-10T10:00:00Z,2590.50,2593.58,2587.85,2588.58,62989241
2020-04-10T11:00:00Z,2588.58,2593.28,2586.61,2592.23,67212855
2020-04-10T12:00:00Z,2592.23,2593.02,2586.68,2589.44,74253121
2020-04-10T13:00:00Z,2589.44,2591.25,2573.95,2577.42,90034827
2020-04-10T14:00:00Z,2577.42,2580.21,2574.43,2579.39,63530959
2020-04-10T15:00:00Z,2579.39,2585.92,2576.28,2582.03,69217043
2020-04-10T16:00:00Z,2582.03,2582.10,2572.82,2575.08,76271688
2020-04-10T17:00:00Z,2575.08,2578.38,2569.38,2573.13,66156321
2020-04-10T18:00:00Z,2573.13,2584.56,2569.68,2581.92,80055209
2020-04-10T19:00:00Z,2581.92,2588.69,2581.78,2585.45,64567094
2020-04-10T20:00:00Z,2585.45,2589.06,2578.86,2581.18,72509114
2020-04-10T21:00:00Z,2581.18,2583.08,2576.69,2578.56,67101544
2020-04-10T22:00:00Z,2578.56,2583.36,2575.18,2581.36,65445558
2020-04-10T23:00:00Z,2581.36,2584.74,2580.78,2581.66,54547874
2020-04-11T00:00:00Z,2581.66,2585.88,2581.06,2582.31,67148416
2020-04-11T01:00:00Z,2582.31,2582.56,2578.49,2579.38,77778950
2020-04-11T02:00:00Z,2579.38,2581.31,2578.82,2580.00,66670210
2020-04-11T03:00:00Z,2580.00,2580.40,2571.35,2575.08,68094479
2020-04-11T04:00:00Z,2575.08,2578.85,2565.40,2568.83,87146678
2020-04-11T05:00:00Z,2568.83,2573.43,2567.03,2572.40,73145632
2020-04-11T06:00:00Z,2572.40,2576.10,2571.44,2574.78,58735685
2020-04-11T07:00:00Z,2574.78,2579.14,2573.07,2577.08,65919905
2020-04-11T08:00:00Z,2577.08,2577.74,2571.48,2574.55,72124338
2020-04-11T09:00:00Z,2574.55,2578.33,2565.89,2566.16,88493146
2020-04-11T10:00:00Z,2566.16,2568.01,2557.92,2559.59,71738688
2020-04-11T11:00:00Z,2559.59,2563.45,2557.73,2560.99,73502113
2020-04-11T12:00:00Z,2560.99,2561.83,2555.17,2555.29,70765734
2020-04-11T13:00:00Z,2555.29,2556.41,2546.78,2549.61,76467965
2020-04-11T14:00:00Z,2549.61,2553.32,2541.50,2544.61,72880540
2020-04-11T15:00:00Z,2544.61,2544.96,2532.97,2536.74,79173470
2020-04-11T16:00:00Z,2536.74,2546.25,2534.64,2543.64,73005939
2020-04-11T17:00:00Z,2543.64,2546.70,2541.77,2546.64,70384039
2020-04-11T18:00:00Z,2546.64,2547.17,2545.30,2547.05,66444843
2020-04-11T19:00:00Z,2547.05,2549.97,2541.25,2542.72,81262788
2020-04-11T20:00:00Z,2542.72,2544.01,2540.44,2543.71,69759903
2020-04-11T21:00:00Z,2543.71,2548.51,2542.00,2545.33,64564337
2020-04-11T22:00:00Z,2545.33,2547.10,2543.62,2546.33,54854027
2020-04-11T23:00:00Z,2546.33,2546.34,2540.72,2542.30,75312251
2020-04-12T00:00:00Z,2542.30,2552.01,2541.56,2549.74,92866611
2020-04-12T01:00:00Z,2549.74,2556.70,2549.64,2553.62,70309590
2020-04-12T02:00:00Z,2553.62,2562.62,2551.33,2560.83,92504498
2020-04-12T03:00:00Z,2560.83,2562.10,2560.47,2561.72,66896949
2020-04-12T04:00:00Z,2561.72,2569.49,2561.61,2567.96,86702005
2020-04-12T05:00:00Z,2567.96,2572.98,2567.04,2570.64,70392628
2020-04-12T06:00:00Z,2570.64,2573.58,2568.27,2569.44,70131292
2020-04-12T07:00:00Z,2569.44,2575.68,2567.01,2573.42,74001767
2020-04-12T08:00:00Z,2573.42,2576.20,2560.88,2564.69,96113979
2020-04-12T09:00:00Z,2564.69,2567.87,2558.16,2560.78,68842686
2020-04-12T10:00:00Z,2560.78,2567.20,2558.41,2565.23,71452142
2020-04-12T11:00:00Z,2565.23,2568.14,2561.70,2562.29,78413379
2020-04-12T12:00:00Z,2562.29,2566.02,2561.32,2562.15,65871772
2020-04-12T13:00:00Z,2562.15,2562.50,2553.85,2554.40,88794853
2020-04-12T14:00:00Z,2554.40,2556.43,2551.23,2553.35,69693081
2020-04-12T15:00:00Z,2553.35,2562.32,2551.89,2559.75,78751091
2020-04-12T16:00:00Z,2559.75,2564.11,2558.31,2562.18,58879972
2020-04-12T17:00:00Z,2562.18,2564.92,2554.34,2557.04,76683871
2020-04-12T18:00:00Z,2557.04,2558.14,2549.39,2552.58,68281128
2020-04-12T19:00:00Z,2552.58,2553.33,2550.93,2551.08,73482592
2020-04-12T20:00:00Z,2551.08,2552.15,2544.17,2547.43,73762071
2020-04-12T21:00:00Z,2547.43,2555.86,2546.79,2552.58,83093273
2020-04-12T22:00:00Z,2552.58,2555.46,2546.11,2548.30,72210706
2020-04-12T23:00:00Z,2548.30,2548.75,2544.47,2548.56,63584952
2020-04-13T00:00:00Z,2548.56,2549.18,2541.68,2543.70,78687174
2020-04-13T01:00:00Z,2543.70,2544.18,2540.89,2542.61,68904716
2020-04-13T02:00:00Z,2542.61,2555.91,2540.91,2552.26,99607409
2020-04-13T03:00:00Z,2552.26,2552.76,2545.04,2546.31,73165124
2020-04-13T04:00:00Z,2546.31,2550.02,2542.06,2544.44,56246637
2020-04-13T05:00:00Z,2544.44,2551.38,2541.64,2550.09,78116933
2020-04-13T06:00:00Z,2550.09,2564.38,2549.23,2562.34,102621548
2020-04-13T07:00:00Z,2562.34,2564.52,2557.34,2560.90,59240331
2020-04-13T08:00:00Z,2560.90,2568.98,2560.59,2567.63,90612889
2020-04-13T09:00:00Z,2567.63,2577.87,2565.69,2575.22,85911462
2020-04-13T10:00:00Z,2575.22,2578.03,2571.36,2576.16,53097969
2020-04-13T11:00:00Z,2576.16,2583.23,2572.55,2580.30,71342892
2020-04-13T12:00:00Z,2580.30,2582.93,2577.21,2579.23,72676496
2020-04-13T13:00:00Z,2579.23,2580.76,2573.78,2574.90,75880525
2020-04-13T14:00:00Z,2574.90,2582.75,2574.30,2580.38,86251327
2020-04-13T15:00:00Z,2580.38,2590.08,2578.69,2589.74,86000882
2020-04-13T16:00:00Z,2589.74,2592.52,2588.54,2589.03,57640434
2020-04-13T17:00:00Z,2589.03,2595.68,2586.18,2593.70,67767174
2020-04-13T18:00:00Z,2593.70,2595.69,2593.12,2595.23,56115828
2020-04-13T19:00:00Z,2595.23,2597.64,2585.02,2585.14,83728080
2020-04-13T20:00:00Z,2585.14,2589.31,2583.25,2585.43,64707563
2020-04-13T21:00:00Z,2585.43,2592.20,2581.63,2591.24,85055282
2020-04-13T22:00:00Z,2591.24,2598.02,2587.43,2597.00,69109882
2020-04-13T23:00:00Z,2597.00,2600.79,2593.51,2595.95,66116957
2020-04-14T00:00:00Z,2595.95,2603.99,2595.46,2603.34,76086974
2020-04-14T01:00:00Z,2603.34,2613.42,2600.37,2609.98,85291316
2020-04-14T02:00:00Z,2609.98,2613.32,2607.15,2611.57,62910837
2020-04-14T03:00:00Z,2611.57,2614.97,2609.19,2609.64,65977836
2020-04-14T04:00:00Z,2609.64,2611.76,2605.89,2610.12,65999976
2020-04-14T05:00:00Z,2610.12,2613.89,2606.78,2607.20,74344701
2020-04-14T06:00:00Z,2607.20,2610.69,2603.53,2605.47,73186788
2020-04-14T07:00:00Z,2605.47,2607.12,2600.21,2603.22,65964209
2020-04-14T08:00:00Z,2603.22,2613.85,2600.73,2612.03,89198096
2020-04-14T09:00:00Z,2612.03,2613.86,2609.74,2612.77,63051834
2020-04-14T10:00:00Z,2612.77,2618.62,2611.58,2614.74,58312649
2020-04-14T11:00:00Z,2614.74,2617.09,2610.48,2612.51,64594908
2020-04-14T12:00:00Z,2612.51,2612.77,2610.00,2610.42,68981179
2020-04-14T13:00:00Z,2610.42,2614.06,2610.38,2611.94,57071171
2020-04-14T14:00:00Z,2611.94,2613.24,2607.91,2611.12,59602975
2020-04-14T15:00:00Z,2611.12,2612.75,2604.85,2608.79,59380148
2020-04-14T16:00:00Z,2608.79,2611.83,2602.02,2605.73,59823728
2020-04-14T17:00:00Z,2605.73,2606.57,2599.60,2600.30,85176255
2020-04-14T18:00:00Z,2600.30,2602.61,2598.65,2601.32,56312330
2020-04-14T19:00:00Z,2601.32,2607.67,2600.84,2606.26,69633092
2020-04-14T20:00:00Z,2606.26,2611.40,2604.42,2608.71,68647053
2020-04-14T21:00:00Z,2608.71,2612.74,2605.15,2610.10,63552283
2020-04-14T22:00:00Z,2610.10,2613.07,2606.83,2607.19,71731885
2020-04-14T23:00:00Z,2607.19,2610.33,2602.35,2603.61,69319107
2020-04-15T00:00:00Z,2603.61,2607.20,2599.85,2605.29,68945535
2020-04-15T01:00:00Z,2605.29,2607.53,2603.77,2603.79,70735884
2020-04-15T02:00:00Z,2603.79,2610.70,2603.67,2610.24,87002679
2020-04-15T03:00:00Z,2610.24,2612.86,2608.77,2609.72,65096603
2020-04-15T04:00:00Z,2609.72,2610.85,2605.00,2605.59,75973972
2020-04-15T05:00:00Z,2605.59,2606.09,2598.48,2602.30,77988445
2020-04-15T06:00:00Z,2602.30,2604.39,2596.15,2597.76,80566049
2020-04-15T07:00:00Z,2597.76,2609.68,2597.14,2606.52,94025194
2020-04-15T08:00:00Z,2606.52,2608.02,2595.96,2599.16,84502434
2020-04-15T09:00:00Z,2599.16,2604.80,2595.39,2601.13,67760638
2020-04-15T10:00:00Z,2601.13,2601.79,2594.66,2594.69,73193336
2020-04-15T11:00:00Z,2594.69,2602.29,2593.66,2598.40,71557266
2020-04-15T12:00:00Z,2598.40,2604.19,2596.28,2602.27,73926277
2020-04-15T13:00:00Z,2602.27,2604.38,2601.18,2602.75,53920474
2020-04-15T14:00:00Z,2602.75,2607.19,2601.06,2606.39,68628304
2020-04-15T15:00:00Z,2606.39,2611.72,2603.61,2609.31,72009710
2020-04-15T16:00:00Z,2609.31,2619.23,2606.74,2615.35,68846578
2020-04-15T17:00:00Z,2615.35,2618.63,2614.73,2616.76,68872640
2020-04-15T18:00:00Z,2616.76,2618.81,2611.20,2611.74,70712398
2020-04-15T19:00:00Z,2611.74,2611.75,2603.57,2605.94,77809818
2020-04-15T20:00:00Z,2605.94,2609.83,2598.35,2599.92,78184100
2020-04-15T21:00:00Z,2599.92,2606.05,2596.24,2602.76,74841155
2020-04-15T22:00:00Z,2602.76,2604.03,2598.60,2602.23,60171474
2020-04-15T23:00:00Z,2602.23,2604.78,2595.63,2595.67,73893774
2020-04-16T00:00:00Z,2595.67,2598.02,2591.01,2594.47,67760219
2020-04-16T01:00:00Z,2594.47,2603.11,2593.58,2599.29,71424437
2020-04-16T02:00:00Z,2599.29,2606.00,2596.57,2602.69,64689768
2020-04-16T03:00:00Z,2602.69,2603.10,2596.73,2597.76,81616462
2020-04-16T04:00:00Z,2597.76,2602.78,2595.74,2602.44,68977855
2020-04-16T05:00:00Z,2602.44,2605.60,2601.13,2603.27,66219562
2020-04-16T06:00:00Z,2603.27,2603.82,2600.87,2602.84,68137773
2020-04-16T07:00:00Z,2602.84,2608.08,2600.55,2604.41,66667590
2020-04-16T08:00:00Z,2604.41,2610.14,2604.37,2607.23,69086640
2020-04-16T09:00:00Z,2607.23,2615.07,2607.12,2611.32,64939091
2020-04-16T10:00:00Z,2611.32,2612.78,2597.79,2600.62,86926704
2020-04-16T11:00:00Z,2600.62,2601.38,2591.81,2595.34,68549412
2020-04-16T12:00:00Z,2595.34,2601.50,2591.99,2599.01,62015210
2020-04-16T13:00:00Z,2599.01,2600.23,2597.03,2598.34,66716141
2020-04-16T14:00:00Z,2598.34,2599.44,2594.26,2595.74,60303653
2020-04-16T15:00:00Z,2595.74,2597.58,2591.28,2594.13,60023270
2020-04-16T16:00:00Z,2594.13,2599.63,2590.51,2596.16,61071905
2020-04-16T17:00:00Z,2596.16,2598.72,2596.02,2596.02,52181894
2020-04-16T18:00:00Z,2596.02,2603.25,2593.05,2600.95,67631312
2020-04-16T19:00:00Z,2600.95,2601.73,2589.23,2591.84,86298674
2020-04-16T20:00:00Z,2591.84,2600.17,2589.47,2596.38,72390864
2020-04-16T21:00:00Z,2596.38,2598.44,2585.33,2588.89,90356689
2020-04-16T22:00:00Z,2588.89,2595.45,2588.79,2592.76,74696789
2020-04-16T23:00:00Z,2592.76,2594.71,2587.64,2587.72,76674311
2020-04-17T00:00:00Z,2587.72,2590.94,2585.79,2586.70,53658990
2020-04-17T01:00:00Z,2586.70,2590.32,2584.06,2589.54,59427621
2020-04-17T02:00:00Z,2589.54,2592.73,2588.55,2591.08,70341657
2020-04-17T03:00:00Z,2591.08,2593.85,2588.31,2593.18,71337380
2020-04-17T04:00:00Z,2593.18,2596.21,2589.95,2595.71,67215219
2020-04-17T05:00:00Z,2595.71,2598.55,2591.96,2598.23,61802137
2020-04-17T06:00:00Z,2598.23,2603.17,2595.51,2603.14,69954276
2020-04-17T07:00:00Z,2603.14,2613.58,2599.50,2610.73,83538183
2020-04-17T08:00:00Z,2610.73,2611.28,2610.13,2610.64,63383733
2020-04-17T09:00:00Z,2610.64,2613.30,2605.81,2608.47,75000836
2020-04-17T10:00:00Z,2608.47,2608.68,2598.99,2602.62,74496333
2020-04-17T11:00:00Z,2602.62,2603.83,2590.58,2592.53,98861525
2020-04-17T12:00:00Z,2592.53,2593.64,2586.71,2590.25,72471909
2020-04-17T13:00:00Z,2590.25,2593.16,2584.70,2587.14,79375451
2020-04-17T14:00:00Z,2587.14,2590.90,2574.68,2577.60,82601097
2020-04-17T15:00:00Z,2577.60,2587.57,2577.29,2585.09,74165658
2020-04-17T16:00:00Z,2585.09,2594.31,2583.57,2593.61,81076627
2020-04-17T17:00:00Z,2593.61,2596.58,2592.14,2594.25,52859761
2020-04-17T18:00:00Z,2594.25,2604.12,2593.32,2602.49,75464018
2020-04-17T19:00:00Z,2602.49,2606.27,2601.68,2602.96,62115035
2020-04-17T20:00:00Z,2602.96,2611.30,2602.02,2611.20,80490745
2020-04-17T21:00:00Z,2611.20,2623.97,2607.99,2620.36,91963166
2020-04-17T22:00:00Z,2620.36,2623.50,2617.19,2621.52,64423855
2020-04-17T23:00:00Z,2621.52,2632.51,2620.63,2630.58,94820940
2020-04-18T00:00:00Z,2630.58,2631.25,2628.15,2629.77,57515762
2020-04-18T01:00:00Z,2629.77,2635.57,2626.37,2634.61,82161231
2020-04-18T02:00:00Z,2634.61,2634.71,2627.93,2630.28,80318143
2020-04-18T03:00:00Z,2630.28,2633.80,2627.44,2633.26,71633129
2020-04-18T04:00:00Z,2633.26,2635.20,2629.84,2630.56,68172816
2020-04-18T05:00:00Z,2630.56,2638.73,2627.25,2635.04,70600965
2020-04-18T06:00:00Z,2635.04,2643.25,2631.05,2641.89,78069809
2020-04-18T07:00:00Z,2641.89,2645.33,2638.37,2640.49,60720553
2020-04-18T08:00:00Z,2640.49,2641.25,2637.56,2639.39,65042240
2020-04-18T09:00:00Z,2639.39,2642.75,2631.55,2634.36,70262939
2020-04-18T10:00:00Z,2634.36,2636.74,2630.58,2632.40,61417853
2020-04-18T11:00:00Z,2632.40,2635.49,2630.04,2633.79,58944209
2020-04-18T12:00:00Z,2633.79,2634.41,2627.10,2630.06,69173451
2020-04-18T13:00:00Z,2630.06,2631.57,2626.57,2627.59,64300403
2020-04-18T14:00:00Z,2627.59,2635.91,2625.51,2633.83,71602836
2020-04-18T15:00:00Z,2633.83,2636.50,2623.90,2627.09,70986760
2020-04-18T16:00:00Z,2627.09,2628.83,2623.60,2626.34,66631372
2020-04-18T17:00:00Z,2626.34,2626.38,2623.28,2624.76,54849879
2020-04-18T18:00:00Z,2624.76,2627.30,2622.50,2625.41,54437227
2020-04-18T19:00:00Z,2625.41,2631.45,2625.01,2630.00,64560442
2020-04-18T20:00:00Z,2630.00,2631.57,2614.54,2616.42,94200965
2020-04-18T21:00:00Z,2616.42,2627.06,2614.95,2625.37,89736294
2020-04-18T22:00:00Z,2625.37,2629.22,2620.12,2621.47,79851832
2020-04-18T23:00:00Z,2621.47,2625.24,2613.95,2617.52,71927824
2020-04-19T00:00:00Z,2617.52,2618.01,2613.20,2615.16,70574998
2020-04-19T01:00:00Z,2615.16,2616.76,2614.69,2615.27,51444899
2020-04-19T02:00:00Z,2615.27,2618.11,2605.97,2607.47,85675911
2020-04-19T03:00:00Z,2607.47,2611.48,2605.07,2609.00,71801562
2020-04-19T04:00:00Z,2609.00,2611.11,2597.08,2600.36,85668919
2020-04-19T05:00:00Z,2600.36,2604.27,2597.49,2600.37,64303025
2020-04-19T06:00:00Z,2600.37,2605.05,2596.80,2603.00,63512031
2020-04-19T07:00:00Z,2603.00,2605.10,2599.92,2603.01,63648511
2020-04-19T08:00:00Z,2603.01,2611.08,2602.74,2608.76,71746970
2020-04-19T09:00:00Z,2608.76,2615.63,2606.40,2613.01,68215372
2020-04-19T10:00:00Z,2613.01,2618.96,2609.50,2616.81,78509881
2020-04-19T11:00:00Z,2616.81,2628.04,2613.68,2624.91,87799792
2020-04-19T12:00:00Z,2624.91,2625.84,2622.58,2625.74,70653785
2020-04-19T13:00:00Z,2625.74,2633.28,2625.28,2632.29,70355683
2020-04-19T14:00:00Z,2632.29,2634.31,2632.02,2632.40,65805060
2020-04-19T15:00:00Z,2632.40,2637.36,2629.72,2633.61,73379082
2020-04-19T16:00:00Z,2633.61,2637.56,2632.42,2635.49,72664622
2020-04-19T17:00:00Z,2635.49,2638.96,2625.82,2626.53,93633660
2020-04-19T18:00:00Z,2626.53,2627.78,2623.94,2626.43,56073579
2020-04-19T19:00:00Z,2626.43,2629.89,2626.07,2628.25,59316507
2020-04-19T20:00:00Z,2628.25,2634.93,2624.99,2633.51,71403591
2020-04-19T21:00:00Z,2633.51,2637.27,2628.87,2632.71,58692810
2020-04-19T22:00:00Z,2632.71,2642.68,2632.48,2639.81,76779374
2020-04-19T23:00:00Z,2639.81,2640.86,2631.97,2634.35,85352432
2020-04-20T00:00:00Z,2634.35,2637.33,2631.32,2631.50,69777224
2020-04-20T01:00:00Z,2631.50,2634.30,2619.07,2621.65,81156987
2020-04-20T02:00:00Z,2621.65,2630.42,2618.74,2626.68,70018202
2020-04-20T03:00:00Z,2626.68,2627.62,2624.41,2627.12,61641845
2020-04-20T04:00:00Z,2627.12,2630.92,2624.13,2629.29,74732220
2020-04-20T05:00:00Z,2629.29,2632.56,2621.23,2624.94,70152336
2020-04-20T06:00:00Z,2624.94,2626.26,2620.28,2623.97,71154358
2020-04-20T07:00:00Z,2623.97,2626.26,2612.65,2613.43,100028088
2020-04-20T08:00:00Z,2613.43,2617.06,2611.17,2616.78,79370841
2020-04-20T09:00:00Z,2616.78,2618.29,2615.30,2615.81,53219159
2020-04-20T10:00:00Z,2615.81,2619.00,2612.51,2614.44,62519643
2020-04-20T11:00:00Z,2614.44,2620.43,2612.72,2618.43,80478321
2020-04-20T12:00:00Z,2618.43,2621.75,2599.73,2603.04,111198358
2020-04-20T13:00:00Z,2603.04,2609.35,2601.62,2605.60,66493383
2020-04-20T14:00:00Z,2605.60,2606.63,2604.25,2606.60,62138817
2020-04-20T15:00:00Z,2606.60,2613.69,2605.44,2611.65,81156858
2020-04-20T16:00:00Z,2611.65,2614.72,2608.96,2610.68,62804631
2020-04-20T17:00:00Z,2610.68,2622.69,2608.30,2618.94,77903954
2020-04-20T18:00:00Z,2618.94,2621.41,2617.15,2620.32,61605232
2020-04-20T19:00:00Z,2620.32,2624.16,2619.26,2622.48,60185005
2020-04-20T20:00:00Z,2622.48,2624.42,2620.19,2624.04,58800568
2020-04-20T21:00:00Z,2624.04,2632.92,2620.94,2630.46,84463245
2020-04-20T22:00:00Z,2630.46,2632.02,2625.15,2626.74,69298377
2020-04-20T23:00:00Z,2626.74,2633.07,2624.54,2632.05,70721058
2020-04-21T00:00:00Z,2632.05,2639.06,2629.71,2636.58,78754968
2020-04-21T01:00:00Z,2636.58,2644.46,2634.02,2643.00,74017115
2020-04-21T02:00:00Z,2643.00,2648.86,2641.71,2647.61,65326145
2020-04-21T03:00:00Z,2647.61,2649.42,2647.28,2648.71,73039969
2020-04-21T04:00:00Z,2648.71,2649.24,2641.72,2645.33,72939057
2020-04-21T05:00:00Z,2645.33,2649.82,2645.04,2648.32,65812521
2020-04-21T06:00:00Z,2648.32,2649.49,2647.52,2649.03,55446596
2020-04-21T07:00:00Z,2649.03,2652.34,2648.88,2650.57,55578773
2020-04-21T08:00:00Z,2650.57,2651.65,2642.31,2643.80,88205251
2020-04-21T09:00:00Z,2643.80,2648.13,2641.95,2647.17,69438625
2020-04-21T10:00:00Z,2647.17,2647.85,2645.98,2647.01,62494447
2020-04-21T11:00:00Z,2647.01,2647.54,2642.80,2645.33,68045648
2020-04-21T12:00:00Z,2645.33,2654.90,2643.95,2654.07,90775797
2020-04-21T13:00:00Z,2654.07,2655.46,2643.78,2646.52,81917061
2020-04-21T14:00:00Z,2646.52,2648.93,2640.17,2641.54,79443552
2020-04-21T15:00:00Z,2641.54,2648.45,2639.03,2647.10,69839620
2020-04-21T16:00:00Z,2647.10,2648.64,2643.58,2646.13,62841102
2020-04-21T17:00:00Z,2646.13,2647.57,2638.10,2638.82,83773262
2020-04-21T18:00:00Z,2638.82,2644.17,2638.12,2640.56,65657182
2020-04-21T19:00:00Z,2640.56,2650.06,2638.07,2647.87,72790863
2020-04-21T20:00:00Z,2647.87,2650.79,2645.20,2648.37,68384924
2020-04-21T21:00:00Z,2648.37,2648.93,2646.77,2646.88,58311146
2020-04-21T22:00:00Z,2646.88,2649.01,2638.75,2642.39,81012019
2020-04-21T23:00:00Z,2642.39,2650.93,2638.45,2648.34,73418343
2020-04-22T00:00:00Z,2648.34,2650.36,2642.89,2645.64,62284934
2020-04-22T01:00:00Z,2645.64,2659.39,2644.62,2657.65,87995907
2020-04-22T02:00:00Z,2657.65,2660.99,2651.90,2652.12,74145183
2020-04-22T03:00:00Z,2652.12,2659.10,2651.04,2656.56,75720625
2020-04-22T04:00:00Z,2656.56,2659.07,2654.24,2655.29,61247736
2020-04-22T05:00:00Z,2655.29,2657.76,2654.29,2654.51,68183564
2020-04-22T06:00:00Z,2654.51,2654.72,2650.45,2654.38,52440661
2020-04-22T07:00:00Z,2654.38,2658.22,2654.34,2656.44,71648568
2020-04-22T08:00:00Z,2656.44,2657.24,2649.10,2650.11,81444168
2020-04-22T09:00:00Z,2650.11,2652.10,2646.11,2651.32,63156817
2020-04-22T10:00:00Z,2651.32,2662.47,2649.57,2662.00,95885277
2020-04-22T11:00:00Z,2662.00,2665.53,2658.66,2663.13,56166138
2020-04-22T12:00:00Z,2663.13,2670.45,2659.54,2666.64,64063601
2020-04-22T13:00:00Z,2666.64,2671.60,2662.65,2668.60,68050969
2020-04-22T14:00:00Z,2668.60,2670.96,2660.08,2663.15,75483228
2020-04-22T15:00:00Z,2663.15,2663.65,2657.61,2658.80,71764163
2020-04-22T16:00:00Z,2658.80,2672.11,2656.08,2668.80,80553745
2020-04-22T17:00:00Z,2668.80,2677.05,2668.12,2673.11,63043837
2020-04-22T18:00:00Z,2673.11,2686.75,2670.34,2684.43,100557619
2020-04-22T19:00:00Z,2684.43,2691.59,2683.83,2689.91,68574420
2020-04-22T20:00:00Z,2689.91,2692.50,2689.81,2690.89,63629610
2020-04-22T21:00:00Z,2690.89,2691.07,2685.19,2687.95,72275914
2020-04-22T22:00:00Z,2687.95,2694.30,2685.64,2692.67,72110876
2020-04-22T23:00:00Z,2692.67,2694.48,2684.38,2686.21,79009048
2020-04-23T00:00:00Z,2686.21,2697.73,2684.00,2696.10,97708163
2020-04-23T01:00:00Z,2696.10,2702.29,2692.41,2700.59,81064357
2020-04-23T02:00:00Z,2700.59,2703.33,2695.08,2696.48,71733845
2020-04-23T03:00:00Z,2696.48,2700.91,2693.45,2697.28,56264900
2020-04-23T04:00:00Z,2697.28,2700.21,2693.62,2696.14,65189156
2020-04-23T05:00:00Z,2696.14,2704.76,2696.04,2703.24,73414695
2020-04-23T06:00:00Z,2703.24,2705.97,2697.96,2698.98,80094286
2020-04-23T07:00:00Z,2698.98,2709.45,2697.08,2707.12,87397660
2020-04-23T08:00:00Z,2707.12,2722.23,2706.05,2719.50,104315636
2020-04-23T09:00:00Z,2719.50,2719.93,2714.48,2716.56,73416630
2020-04-23T10:00:00Z,2716.56,2719.05,2707.97,2709.90,77179594
2020-04-23T11:00:00Z,2709.90,2710.22,2704.97,2705.35,81425739
2020-04-23T12:00:00Z,2705.35,2708.57,2704.00,2704.26,69217156
2020-04-23T13:00:00Z,2704.26,2711.26,2702.60,2709.92,68004049
2020-04-23T14:00:00Z,2709.92,2715.09,2708.33,2714.00,69345966
2020-04-23T15:00:00Z,2714.00,2719.17,2710.22,2716.65,59239091
2020-04-23T16:00:00Z,2716.65,2717.70,2714.09,2717.27,69651149
2020-04-23T17:00:00Z,2717.27,2717.96,2714.04,2716.47,60666124
2020-04-23T18:00:00Z,2716.47,2719.43,2712.24,2712.93,63791533
2020-04-23T19:00:00Z,2712.93,2713.77,2710.58,2710.85,67559231
2020-04-23T20:00:00Z,2710.85,2720.16,2707.86,2719.48,89912729
2020-04-23T21:00:00Z,2719.48,2722.81,2716.17,2716.35,70122084
2020-04-23T22:00:00Z,2716.35,2716.51,2706.04,2709.49,75918488
2020-04-23T23:00:00Z,2709.49,2712.37,2707.93,2709.75,51387968
2020-04-24T00:00:00Z,2709.75,2712.90,2699.71,2700.83,78857252
2020-04-24T01:00:00Z,2700.83,2701.59,2694.12,2695.81,71246050
2020-04-24T02:00:00Z,2695.81,2697.16,2687.23,2689.53,78997421
2020-04-24T03:00:00Z,2689.53,2694.29,2688.38,2690.71,57048323
2020-04-24T04:00:00Z,2690.71,2692.93,2686.88,2692.41,58260745
2020-04-24T05:00:00Z,2692.41,2696.15,2691.72,2692.30,51257398
2020-04-24T06:00:00Z,2692.30,2694.68,2688.31,2691.16,60092785
2020-04-24T07:00:00Z,2691.16,2691.93,2682.96,2686.91,76427493
2020-04-24T08:00:00Z,2686.91,2688.70,2679.44,2681.89,84686604
2020-04-24T09:00:00Z,2681.89,2682.32,2679.16,2679.76,65553360
2020-04-24T10:00:00Z,2679.76,2682.96,2677.02,2682.93,68722775
2020-04-24T11:00:00Z,2682.93,2687.58,2679.07,2686.18,69496344
2020-04-24T12:00:00Z,2686.18,2687.54,2680.34,2680.64,77054744
2020-04-24T13:00:00Z,2680.64,2684.02,2676.65,2677.08,65768409
2020-04-24T14:00:00Z,2677.08,2682.25,2673.03,2680.85,68003693
2020-04-24T15:00:00Z,2680.85,2681.38,2675.96,2679.51,57770960
2020-04-24T16:00:00Z,2679.51,2684.53,2677.44,2682.85,67184233
2020-04-24T17:00:00Z,2682.85,2688.36,2680.64,2687.88,79273222
2020-04-24T18:00:00Z,2687.88,2688.96,2687.09,2688.07,52330768
2020-04-24T19:00:00Z,2688.07,2694.88,2686.99,2694.66,75874672
2020-04-24T20:00:00Z,2694.66,2697.27,2690.65,2690.76,72858316
2020-04-24T21:00:00Z,2690.76,2699.59,2688.92,2697.94,81381601
2020-04-24T22:00:00Z,2697.94,2702.24,2696.96,2700.75,70092170
2020-04-24T23:00:00Z,2700.75,2707.60,2698.69,2705.05,65846234
2020-04-25T00:00:00Z,2705.05,2717.13,2701.96,2713.14,88984461
2020-04-25T01:00:00Z,2713.14,2724.98,2709.55,2721.63,80691912
2020-04-25T02:00:00Z,2721.63,2721.78,2715.64,2716.56,68114785
2020-04-25T03:00:00Z,2716.56,2716.96,2710.74,2713.66,78319423
2020-04-25T04:00:00Z,2713.66,2714.34,2712.36,2712.91,72211129
2020-04-25T05:00:00Z,2712.91,2717.93,2710.81,2714.09,64746547
2020-04-25T06:00:00Z,2714.09,2726.68,2712.03,2722.72,83060081
2020-04-25T07:00:00Z,2722.72,2728.16,2720.60,2724.93,57068529
2020-04-25T08:00:00Z,2724.93,2732.58,2724.63,2731.34,69862821
2020-04-25T09:00:00Z,2731.34,2734.57,2725.84,2728.97,67539453
2020-04-25T10:00:00Z,2728.97,2731.20,2728.39,2729.11,68257859
2020-04-25T11:00:00Z,2729.11,2731.14,2728.97,2729.45,58637336
2020-04-25T12:00:00Z,2729.45,2730.30,2721.88,2723.12,75434430
2020-04-25T13:00:00Z,2723.12,2730.48,2722.17,2729.49,83289069
2020-04-25T14:00:00Z,2729.49,2732.19,2724.78,2725.05,78925236
2020-04-25T15:00:00Z,2725.05,2727.92,2720.96,2722.37,66397146
2020-04-25T16:00:00Z,2722.37,2724.14,2715.08,2715.42,73577063
2020-04-25T17:00:00Z,2715.42,2721.03,2711.89,2717.34,69140260
2020-04-25T18:00:00Z,2717.34,2721.09,2714.75,2720.72,62018325
2020-04-25T19:00:00Z,2720.72,2727.26,2718.29,2723.60,62861250
2020-04-25T20:00:00Z,2723.60,2734.97,2720.67,2731.40,88814822
2020-04-25T21:00:00Z,2731.40,2732.18,2726.39,2728.74,70315772
2020-04-25T22:00:00Z,2728.74,2735.60,2725.30,2734.38,73337848
2020-04-25T23:00:00Z,2734.38,2737.05,2731.81,2733.74,63518141
2020-04-26T00:00:00Z,2733.74,2734.92,2728.56,2729.00,76034426
2020-04-26T01:00:00Z,2729.00,2736.42,2725.85,2735.85,82552289
2020-04-26T02:00:00Z,2735.85,2738.37,2713.01,2716.83,119192843
2020-04-26T03:00:00Z,2716.83,2725.62,2715.69,2723.10,83087858
2020-04-26T04:00:00Z,2723.10,2725.04,2718.48,2719.07,73834089
2020-04-26T05:00:00Z,2719.07,2720.36,2718.38,2719.65,59741831
2020-04-26T06:00:00Z,2719.65,2726.19,2719.58,2723.05,73679367
2020-04-26T07:00:00Z,2723.05,2724.53,2714.86,2717.71,67694980
2020-04-26T08:00:00Z,2717.71,2717.73,2713.32,2715.01,63686836
2020-04-26T09:00:00Z,2715.01,2718.35,2705.82,2707.25,75677956
2020-04-26T10:00:00Z,2707.25,2709.72,2703.20,2709.14,73668865
2020-04-26T11:00:00Z,2709.14,2713.22,2703.76,2704.68,71676009
2020-04-26T12:00:00Z,2704.68,2713.66,2702.02,2712.91,86181145
2020-04-26T13:00:00Z,2712.91,2715.41,2703.97,2707.56,78568051
2020-04-26T14:00:00Z,2707.56,2716.99,2706.98,2713.32,70369504
2020-04-26T15:00:00Z,2713.32,2716.28,2709.39,2713.97,56666768
2020-04-26T16:00:00Z,2713.97,2718.39,2712.38,2714.33,56362960
2020-04-26T17:00:00Z,2714.33,2717.33,2703.03,2704.92,94306284
2020-04-26T18:00:00Z,2704.92,2707.84,2687.75,2688.74,112391412
2020-04-26T19:00:00Z,2688.74,2690.48,2686.62,2687.22,63828059
2020-04-26T20:00:00Z,2687.22,2691.49,2684.89,2690.31,76149948
2020-04-26T21:00:00Z,2690.31,2698.02,2688.21,2694.80,78209830
2020-04-26T22:00:00Z,2694.80,2700.50,2691.68,2698.89,63024563
2020-04-26T23:00:00Z,2698.89,2706.43,2698.86,2704.04,70116890
2020-04-27T00:00:00Z,2704.04,2705.76,2699.64,2703.13,61825512
2020-04-27T01:00:00Z,2703.13,2704.17,2700.65,2703.26,57108965
2020-04-27T02:00:00Z,2703.26,2710.58,2701.83,2707.98,67961381
2020-04-27T03:00:00Z,2707.98,2709.39,2701.05,2703.05,81984363
2020-04-27T04:00:00Z,2703.05,2705.30,2700.59,2705.01,57476860
2020-04-27T05:00:00Z,2705.01,2712.75,2702.09,2708.94,73376402
2020-04-27T06:00:00Z,2708.94,2709.74,2703.68,2707.61,64943769
2020-04-27T07:00:00Z,2707.61,2711.61,2701.93,2705.11,74682664
2020-04-27T08:00:00Z,2705.11,2719.96,2703.68,2717.99,102040468
2020-04-27T09:00:00Z,2717.99,2720.43,2711.50,2714.82,66105236
2020-04-27T10:00:00Z,2714.82,2716.08,2712.84,2713.03,59958982
2020-04-27T11:00:00Z,2713.03,2715.77,2704.63,2705.68,91239453
2020-04-27T12:00:00Z,2705.68,2707.00,2697.23,2699.23,73890269
2020-04-27T13:00:00Z,2699.23,2711.19,2699.02,2709.19,94829746
2020-04-27T14:00:00Z,2709.19,2709.57,2707.19,2709.21,53486781
2020-04-27T15:00:00Z,2709.21,2717.97,2708.04,2717.20,78248076
2020-04-27T16:00:00Z,2717.20,2717.84,2714.94,2717.18,50557168
2020-04-27T17:00:00Z,2717.18,2722.56,2715.70,2721.39,78480188
2020-04-27T18:00:00Z,2721.39,2722.92,2720.20,2722.12,61350229
2020-04-27T19:00:00Z,2722.12,2723.09,2710.64,2713.87,74465103
2020-04-27T20:00:00Z,2713.87,2717.67,2713.03,2717.41,76537313
2020-04-27T21:00:00Z,2717.41,2722.33,2716.41,2718.35,70582175
2020-04-27T22:00:00Z,2718.35,2720.06,2712.15,2713.94,65799516
2020-04-27T23:00:00Z,2713.94,2727.48,2711.89,2724.81,95675143
2020-04-28T00:00:00Z,2724.81,2727.28,2719.08,2719.39,85504098
2020-04-28T01:00:00Z,2719.39,2720.64,2705.17,2708.28,92189648
2020-04-28T02:00:00Z,2708.28,2712.25,2707.96,2711.27,68139021
2020-04-28T03:00:00Z,2711.27,2718.61,2708.48,2716.01,82435144
2020-04-28T04:00:00Z,2716.01,2719.85,2710.97,2714.46,72674968
2020-04-28T05:00:00Z,2714.46,2718.76,2710.66,2718.58,79277788
2020-04-28T06:00:00Z,2718.58,2730.06,2718.50,2727.41,85414616
2020-04-28T07:00:00Z,2727.41,2736.45,2726.28,2735.53,88085064
2020-04-28T08:00:00Z,2735.53,2743.59,2734.39,2741.75,71257823
2020-04-28T09:00:00Z,2741.75,2745.31,2723.32,2726.78,102890264
2020-04-28T10:00:00Z,2726.78,2733.98,2725.93,2730.74,67116097
2020-04-28T11:00:00Z,2730.74,2732.36,2720.80,2724.42,78022275
2020-04-28T12:00:00Z,2724.42,2733.21,2722.16,2731.50,74651730
2020-04-28T13:00:00Z,2731.50,2743.36,2730.50,2739.54,84520827
2020-04-28T14:00:00Z,2739.54,2741.93,2738.14,2739.58,70097466
2020-04-28T15:00:00Z,2739.58,2744.81,2737.61,2742.52,76491916
2020-04-28T16:00:00Z,2742.52,2743.04,2736.63,2739.86,62793470
2020-04-28T17:00:00Z,2739.86,2754.35,2739.56,2750.43,97962768
2020-04-28T18:00:00Z,2750.43,2756.98,2746.77,2753.49,62537631
2020-04-28T19:00:00Z,2753.49,2762.30,2751.65,2759.20,83065320
2020-04-28T20:00:00Z,2759.20,2763.21,2758.55,2759.95,68921270
2020-04-28T21:00:00Z,2759.95,2765.10,2757.74,2764.36,69853822
2020-04-28T22:00:00Z,2764.36,2766.74,2755.76,2757.73,85436035
2020-04-28T23:00:00Z,2757.73,2763.10,2755.78,2762.12,80044968
2020-04-29T00:00:00Z,2762.12,2763.77,2754.50,2757.70,71459489
2020-04-29T01:00:00Z,2757.70,2769.96,2756.17,2766.89,94487271
2020-04-29T02:00:00Z,2766.89,2770.85,2761.93,2765.58,71732072
2020-04-29T03:00:00Z,2765.58,2769.58,2763.78,2766.40,59222332
2020-04-29T04:00:00Z,2766.40,2771.09,2765.08,2769.71,76431684
2020-04-29T05:00:00Z,2769.71,2774.83,2768.80,2770.84,58658218
2020-04-29T06:00:00Z,2770.84,2773.98,2758.16,2759.33,89131281
2020-04-29T07:00:00Z,2759.33,2762.97,2752.94,2753.43,85541536
2020-04-29T08:00:00Z,2753.43,2758.68,2751.34,2754.63,68610447
2020-04-29T09:00:00Z,2754.63,2758.54,2752.97,2756.42,70865377
2020-04-29T10:00:00Z,2756.42,2760.34,2755.69,2758.87,72465681
2020-04-29T11:00:00Z,2758.87,2761.44,2749.14,2750.79,87138475
2020-04-29T12:00:00Z,2750.79,2754.04,2746.64,2749.55,55730191
2020-04-29T13:00:00Z,2749.55,2752.05,2746.60,2750.51,66834584
2020-04-29T14:00:00Z,2750.51,2754.38,2741.59,2743.93,75747379
2020-04-29T15:00:00Z,2743.93,2747.22,2741.03,2741.82,76143718
2020-04-29T16:00:00Z,2741.82,2749.44,2741.22,2747.32,77772847
2020-04-29T17:00:00Z,2747.32,2754.67,2743.36,2752.96,82472870
2020-04-29T18:00:00Z,2752.96,2756.04,2751.74,2754.31,72523018
2020-04-29T19:00:00Z,2754.31,2763.38,2750.55,2759.74,68218438
2020-04-29T20:00:00Z,2759.74,2771.33,2756.02,2767.70,84111175
2020-04-29T21:00:00Z,2767.70,2776.93,2765.16,2774.62,70117354
2020-04-29T22:00:00Z,2774.62,2783.50,2773.11,2781.41,81406200
2020-04-29T23:00:00Z,2781.41,2784.81,2773.43,2775.21,84651471
2020-04-30T00:00:00Z,2775.21,2784.84,2771.05,2782.24,89772742
2020-04-30T01:00:00Z,2782.24,2794.01,2780.81,2789.92,82121333
2020-04-30T02:00:00Z,2789.92,2795.48,2788.38,2792.40,62109395
2020-04-30T03:00:00Z,2792.40,2793.73,2787.15,2789.31,72044601
2020-04-30T04:00:00Z,2789.31,2794.50,2788.97,2790.83,66642606
2020-04-30T05:00:00Z,2790.83,2793.75,2781.79,2786.01,72270038
2020-04-30T06:00:00Z,2786.01,2794.57,2785.70,2793.90,83216006
2020-04-30T07:00:00Z,2793.90,2798.34,2790.07,2796.96,74783892
2020-04-30T08:00:00Z,2796.96,2808.30,2794.41,2805.02,77160944
2020-04-30T09:00:00Z,2805.02,2812.77,2801.04,2812.13,72952396
2020-04-30T10:00:00Z,2812.13,2813.98,2810.80,2811.79,62142369
2020-04-30T11:00:00Z,2811.79,2815.96,2807.02,2808.26,62972208
2020-04-30T12:00:00Z,2808.26,2808.37,2803.30,2803.64,71029199
2020-04-30T13:00:00Z,2803.64,2807.40,2794.49,2796.55,73121159
2020-04-30T14:00:00Z,2796.55,2797.07,2790.36,2794.43,58476420
2020-04-30T15:00:00Z,2794.43,2796.61,2782.94,2786.74,78948582
2020-04-30T16:00:00Z,2786.74,2793.38,2785.40,2792.25,73178906
2020-04-30T17:00:00Z,2792.25,2799.18,2791.80,2797.01,78191077
2020-04-30T18:00:00Z,2797.01,2797.72,2784.97,2786.76,91970858
2020-04-30T19:00:00Z,2786.76,2789.22,2779.20,2779.69,83922725
2020-04-30T20:00:00Z,2779.69,2782.52,2778.95,2780.28,71589191
2020-04-30T21:00:00Z,2780.28,2791.78,2776.96,2790.72,85682331
2020-04-30T22:00:00Z,2790.72,2792.81,2779.00,2782.88,76587559
2020-04-30T23:00:00Z,2782.88,2785.44,2781.45,2781.69,61207826
2020-05-01T00:00:00Z,2781.69,2785.20,2780.70,2781.02,63514371
2020-05-01T01:00:00Z,2781.02,2783.51,2775.71,2778.96,71162704
2020-05-01T02:00:00Z,2778.96,2783.66,2776.77,2781.81,69336107
2020-05-01T03:00:00Z,2781.81,2794.79,2780.85,2792.17,80284104
2020-05-01T04:00:00Z,2792.17,2795.39,2776.25,2780.44,101463394
2020-05-01T05:00:00Z,2780.44,2783.00,2766.81,2769.97,83528009
2020-05-01T06:00:00Z,2769.97,2781.04,2769.92,2780.38,94874385
2020-05-01T07:00:00Z,2780.38,2783.32,2772.14,2775.86,78353979
2020-05-01T08:00:00Z,2775.86,2778.58,2775.81,2776.99,58401243
2020-05-01T09:00:00Z,2776.99,2788.86,2776.93,2788.04,87932331
2020-05-01T10:00:00Z,2788.04,2792.86,2785.04,2790.18,61646567
2020-05-01T11:00:00Z,2790.18,2792.68,2787.38,2789.71,54801162
2020-05-01T12:00:00Z,2789.71,2793.70,2774.66,2778.72,88176618
2020-05-01T13:00:00Z,2778.72,2784.74,2774.69,2781.97,63436614
2020-05-01T14:00:00Z,2781.97,2793.29,2779.62,2790.19,75614284
2020-05-01T15:00:00Z,2790.19,2794.19,2783.90,2784.81,83753162
2020-05-01T16:00:00Z,2784.81,2788.62,2780.37,2783.22,72594342
2020-05-01T17:00:00Z,2783.22,2787.73,2780.74,2786.75,75069143
2020-05-01T18:00:00Z,2786.75,2790.63,2786.36,2787.33,70427167
2020-05-01T19:00:00Z,2787.33,2790.33,2783.59,2786.59,71193606
2020-05-01T20:00:00Z,2786.59,2793.08,2785.53,2790.06,67562436
2020-05-01T21:00:00Z,2790.06,2804.15,2788.34,2799.97,78739032
2020-05-01T22:00:00Z,2799.97,2813.29,2796.80,2812.35,95088311
2020-05-01T23:00:00Z,2812.35,2813.77,2809.14,2813.07,65414484
2020-05-02T00:00:00Z,2813.07,2817.09,2804.82,2809.01,68747291
2020-05-02T01:00:00Z,2809.01,2811.59,2805.99,2807.04,73114163
2020-05-02T02:00:00Z,2807.04,2810.49,2791.99,2795.98,81577086
2020-05-02T03:00:00Z,2795.98,2801.92,2795.22,2801.48,74943334
2020-05-02T04:00:00Z,2801.48,2802.26,2796.42,2797.80,76688923
2020-05-02T05:00:00Z,2797.80,2800.34,2789.19,2791.36,71904200
2020-05-02T06:00:00Z,2791.36,2800.94,2788.98,2797.25,80716193
2020-05-02T07:00:00Z,2797.25,2800.08,2788.25,2791.84,71526485
2020-05-02T08:00:00Z,2791.84,2792.97,2780.27,2782.07,85277370
2020-05-02T09:00:00Z,2782.07,2789.60,2780.55,2788.02,72391216
2020-05-02T10:00:00Z,2788.02,2797.08,2787.09,2796.76,86159381
2020-05-02T11:00:00Z,2796.76,2798.00,2781.97,2784.95,98454737
2020-05-02T12:00:00Z,2784.95,2785.95,2778.48,2781.47,66055297
2020-05-02T13:00:00Z,2781.47,2787.16,2780.20,2786.53,79666006
2020-05-02T14:00:00Z,2786.53,2786.56,2783.41,2784.88,65643426
2020-05-02T15:00:00Z,2784.88,2792.67,2783.76,2789.18,63005021
2020-05-02T16:00:00Z,2789.18,2798.22,2788.56,2797.08,87498680
2020-05-02T17:00:00Z,2797.08,2800.99,2795.35,2797.32,69065214
2020-05-02T18:00:00Z,2797.32,2801.19,2790.56,2794.30,77555950
2020-05-02T19:00:00Z,2794.30,2796.99,2790.32,2793.25,53563173
2020-05-02T20:00:00Z,2793.25,2795.52,2781.62,2784.74,92722208
2020-05-02T21:00:00Z,2784.74,2787.18,2784.23,2784.26,57509716
2020-05-02T22:00:00Z,2784.26,2787.99,2782.02,2784.35,68969406
2020-05-02T23:00:00Z,2784.35,2787.06,2777.99,2781.77,65757449
2020-05-03T00:00:00Z,2781.77,2785.04,2775.36,2779.00,65537690
2020-05-03T01:00:00Z,2779.00,2783.22,2776.85,2781.21,59269569
2020-05-03T02:00:00Z,2781.21,2782.94,2770.65,2770.97,86257429
2020-05-03T03:00:00Z,2770.97,2785.20,2768.78,2781.60,95164358
2020-05-03T04:00:00Z,2781.60,2782.87,2775.23,2778.28,70998913
2020-05-03T05:00:00Z,2778.28,2793.49,2776.04,2791.09,101531507
2020-05-03T06:00:00Z,2791.09,2792.48,2787.23,2790.55,71083083
2020-05-03T07:00:00Z,2790.55,2791.98,2786.55,2789.16,55370915
2020-05-03T08:00:00Z,2789.16,2796.90,2788.21,2793.37,71422734
2020-05-03T09:00:00Z,2793.37,2799.69,2790.73,2798.57,70772703
2020-05-03T10:00:00Z,2798.57,2809.08,2795.94,2807.49,92189912
2020-05-03T11:00:00Z,2807.49,2807.53,2796.10,2798.52,82310362
2020-05-03T12:00:00Z,2798.52,2799.45,2792.48,2795.01,63062274
2020-05-03T13:00:00Z,2795.01,2796.42,2789.23,2791.64,62583500
2020-05-03T14:00:00Z,2791.64,2805.68,2790.78,2803.20,102009789
2020-05-03T15:00:00Z,2803.20,2804.81,2800.07,2801.72,71469174
2020-05-03T16:00:00Z,2801.72,2805.25,2798.36,2803.40,63202943
2020-05-03T17:00:00Z,2803.40,2803.89,2799.71,2803.74,52851691
2020-05-03T18:00:00Z,2803.74,2805.20,2798.47,2801.19,65550893
2020-05-03T19:00:00Z,2801.19,2811.29,2800.39,2811.12,85107989
2020-05-03T20:00:00Z,2811.12,2812.36,2801.41,2803.24,79291054
2020-05-03T21:00:00Z,2803.24,2807.94,2801.58,2806.83,71581162
2020-05-03T22:00:00Z,2806.83,2811.67,2804.19,2807.93,54190072
2020-05-03T23:00:00Z,2807.93,2809.57,2804.51,2808.20,65415100
2020-05-04T00:00:00Z,2808.20,2814.14,2806.18,2810.49,73359266
2020-05-04T01:00:00Z,2810.49,2810.75,2806.40,2809.42,58555343
2020-05-04T02:00:00Z,2809.42,2812.19,2806.28,2811.45,66758630
2020-05-04T03:00:00Z,2811.45,2812.67,2805.07,2805.31,83555078
2020-05-04T04:00:00Z,2805.31,2808.83,2804.17,2805.14,52638399
2020-05-04T05:00:00Z,2805.14,2813.31,2804.69,2811.95,73586326
2020-05-04T06:00:00Z,2811.95,2820.27,2808.74,2816.93,78545972
2020-05-04T07:00:00Z,2816.93,2822.01,2815.61,2818.23,68900107
2020-05-04T08:00:00Z,2818.23,2823.75,2816.59,2820.05,65053869
2020-05-04T09:00:00Z,2820.05,2824.05,2815.00,2819.25,60620294
2020-05-04T10:00:00Z,2819.25,2823.42,2810.76,2814.67,68017736
2020-05-04T11:00:00Z,2814.67,2818.18,2813.69,2816.39,58568386
2020-05-04T12:00:00Z,2816.39,2821.69,2814.01,2820.99,70169418
2020-05-04T13:00:00Z,2820.99,2831.76,2820.54,2828.12,74565800
2020-05-04T14:00:00Z,2828.12,2831.45,2823.42,2827.46,69246641
2020-05-04T15:00:00Z,2827.46,2830.56,2817.79,2819.10,73756493
2020-05-04T16:00:00Z,2819.10,2822.78,2816.29,2819.78,64971126
2020-05-04T17:00:00Z,2819.78,2823.24,2814.56,2816.88,66018175
2020-05-04T18:00:00Z,2816.88,2818.89,2815.22,2817.10,64758037
2020-05-04T19:00:00Z,2817.10,2823.20,2814.42,2819.50,70263912
2020-05-04T20:00:00Z,2819.50,2820.77,2812.09,2812.86,76442883
2020-05-04T21:00:00Z,2812.86,2817.29,2808.62,2816.71,76720559
2020-05-04T22:00:00Z,2816.71,2825.90,2815.88,2825.60,80893528
2020-05-04T23:00:00Z,2825.60,2832.70,2824.33,2830.44,82862107
2020-05-05T00:00:00Z,2830.44,2834.31,2827.05,2831.07,59141861
2020-05-05T01:00:00Z,2831.07,2834.69,2826.93,2829.42,60297944
2020-05-05T02:00:00Z,2829.42,2834.92,2825.28,2831.00,71367112
2020-05-05T03:00:00Z,2831.00,2835.23,2828.11,2829.51,63522899
2020-05-05T04:00:00Z,2829.51,2833.23,2825.95,2827.00,67823939
2020-05-05T05:00:00Z,2827.00,2833.07,2824.12,2829.88,70917934
2020-05-05T06:00:00Z,2829.88,2839.54,2828.71,2835.62,82529530
2020-05-05T07:00:00Z,2835.62,2847.85,2834.14,2847.44,101327008
2020-05-05T08:00:00Z,2847.44,2854.45,2845.11,2853.16,82988290
2020-05-05T09:00:00Z,2853.16,2860.81,2852.63,2858.78,79730248
2020-05-05T10:00:00Z,2858.78,2859.60,2851.81,2854.47,72856959
2020-05-05T11:00:00Z,2854.47,2859.57,2851.78,2856.57,63350111
2020-05-05T12:00:00Z,2856.57,2866.73,2854.34,2865.47,81032385
2020-05-05T13:00:00Z,2865.47,2869.27,2860.72,2864.74,53306934
2020-05-05T14:00:00Z,2864.74,2868.24,2855.51,2856.34,74558589
2020-05-05T15:00:00Z,2856.34,2859.82,2849.45,2853.11,61982197
2020-05-05T16:00:00Z,2853.11,2853.22,2843.98,2847.79,68343022
2020-05-05T17:00:00Z,2847.79,2856.42,2847.00,2853.29,85242563
2020-05-05T18:00:00Z,2853.29,2860.63,2852.12,2859.67,86517285
2020-05-05T19:00:00Z,2859.67,2863.10,2859.53,2859.68,50569109
2020-05-05T20:00:00Z,2859.68,2863.51,2853.62,2857.63,59662171
2020-05-05T21:00:00Z,2857.63,2862.64,2854.99,2858.82,60449413
2020-05-05T22:00:00Z,2858.82,2860.19,2856.40,2857.88,56606171
2020-05-05T23:00:00Z,2857.88,2861.07,2850.02,2852.11,80304962
2020-05-06T00:00:00Z,2852.11,2860.19,2850.70,2858.90,73078563
2020-05-06T01:00:00Z,2858.90,2861.26,2853.44,2857.67,54322879
2020-05-06T02:00:00Z,2857.67,2858.24,2857.46,2857.77,52309105
2020-05-06T03:00:00Z,2857.77,2861.78,2843.11,2843.75,104574843
2020-05-06T04:00:00Z,2843.75,2853.26,2840.62,2851.10,82793845
2020-05-06T05:00:00Z,2851.10,2865.20,2850.72,2861.21,92497021
2020-05-06T06:00:00Z,2861.21,2865.11,2858.95,2860.68,64083619
2020-05-06T07:00:00Z,2860.68,2863.26,2857.16,2860.63,64548580
2020-05-06T08:00:00Z,2860.63,2863.83,2853.39,2856.34,72336583
2020-05-06T09:00:00Z,2856.34,2862.50,2853.54,2859.95,63997909
2020-05-06T10:00:00Z,2859.95,2865.61,2855.74,2863.45,79408030
2020-05-06T11:00:00Z,2863.45,2864.16,2861.69,2864.09,70178808
2020-05-06T12:00:00Z,2864.09,2865.91,2859.77,2865.13,69670623
2020-05-06T13:00:00Z,2865.13,2866.42,2863.13,2865.03,61553686
2020-05-06T14:00:00Z,2865.03,2875.44,2862.14,2874.20,91985750
2020-05-06T15:00:00Z,2874.20,2878.64,2871.96,2875.20,62706089
2020-05-06T16:00:00Z,2875.20,2877.40,2866.08,2868.67,70410159
2020-05-06T17:00:00Z,2868.67,2877.34,2867.47,2875.86,87861930
2020-05-06T18:00:00Z,2875.86,2878.89,2869.43,2873.06,65634002
2020-05-06T19:00:00Z,2873.06,2873.54,2866.76,2868.52,67809770
2020-05-06T20:00:00Z,2868.52,2876.96,2867.10,2874.78,86615066
2020-05-06T21:00:00Z,2874.78,2879.53,2870.50,2875.86,71656448
2020-05-06T22:00:00Z,2875.86,2876.00,2869.60,2872.81,67708585
2020-05-06T23:00:00Z,2872.81,2880.87,2868.93,2878.35,72738544
2020-05-07T00:00:00Z,2878.35,2886.07,2874.10,2884.02,79628120
2020-05-07T01:00:00Z,2884.02,2890.65,2880.62,2888.48,67521719
2020-05-07T02:00:00Z,2888.48,2892.40,2885.00,2891.14,64919517
2020-05-07T03:00:00Z,2891.14,2893.11,2884.69,2885.53,77029729
2020-05-07T04:00:00Z,2885.53,2893.78,2881.33,2891.44,77660058
2020-05-07T05:00:00Z,2891.44,2892.29,2880.07,2883.55,80147781
2020-05-07T06:00:00Z,2883.55,2898.71,2880.69,2898.42,107524209
2020-05-07T07:00:00Z,2898.42,2902.28,2881.40,2884.24,102123144
2020-05-07T08:00:00Z,2884.24,2885.46,2879.93,2881.04,59549428
2020-05-07T09:00:00Z,2881.04,2889.35,2877.37,2886.80,83529063
2020-05-07T10:00:00Z,2886.80,2889.66,2877.62,2878.73,75378269
2020-05-07T11:00:00Z,2878.73,2882.68,2875.80,2880.60,57252940
2020-05-07T12:00:00Z,2880.60,2881.97,2878.67,2879.98,68224353
2020-05-07T13:00:00Z,2879.98,2886.59,2876.85,2883.68,74436428
2020-05-07T14:00:00Z,2883.68,2886.43,2883.63,2886.29,68939008
2020-05-07T15:00:00Z,2886.29,2888.92,2869.75,2871.17,93137206
2020-05-07T16:00:00Z,2871.17,2879.65,2867.65,2876.87,80830256
2020-05-07T17:00:00Z,2876.87,2883.57,2875.57,2882.97,73574253
2020-05-07T18:00:00Z,2882.97,2884.69,2878.06,2879.38,60435305
2020-05-07T19:00:00Z,2879.38,2892.75,2877.44,2889.31,90748753
2020-05-07T20:00:00Z,2889.31,2893.67,2885.20,2890.33,62675745
2020-05-07T21:00:00Z,2890.33,2891.36,2889.41,2890.56,64249620
2020-05-07T22:00:00Z,2890.56,2904.71,2887.01,2901.64,81583609
2020-05-07T23:00:00Z,2901.64,2905.67,2894.11,2896.63,70742064
2020-05-08T00:00:00Z,2896.63,2903.24,2896.59,2902.33,76739980
2020-05-08T01:00:00Z,2902.33,2903.10,2900.39,2902.67,59264163
2020-05-08T02:00:00Z,2902.67,2903.45,2896.70,2896.88,73000700
2020-05-08T03:00:00Z,2896.88,2903.23,2894.18,2899.15,66420702
2020-05-08T04:00:00Z,2899.15,2903.75,2895.73,2900.58,63845336
2020-05-08T05:00:00Z,2900.58,2903.94,2896.82,2899.38,61367163
2020-05-08T06:00:00Z,2899.38,2899.82,2893.31,2893.87,75241526
2020-05-08T07:00:00Z,2893.87,2898.62,2893.49,2896.77,64274205
2020-05-08T08:00:00Z,2896.77,2900.39,2892.53,2899.98,61019989
2020-05-08T09:00:00Z,2899.98,2901.04,2898.97,2900.89,62108326
2020-05-08T10:00:00Z,2900.89,2904.38,2888.79,2892.17,81807025
2020-05-08T11:00:00Z,2892.17,2894.93,2884.32,2887.36,63607135
2020-05-08T12:00:00Z,2887.36,2890.25,2884.04,2888.83,68093665
2020-05-08T13:00:00Z,2888.83,2896.50,2886.15,2895.34,80089619
2020-05-08T14:00:00Z,2895.34,2899.87,2894.54,2896.81,54548363
2020-05-08T15:00:00Z,2896.81,2900.49,2894.30,2899.56,58881124
2020-05-08T16:00:00Z,2899.56,2900.97,2893.35,2896.17,59581643
2020-05-08T17:00:00Z,2896.17,2911.39,2894.93,2909.08,95682272
2020-05-08T18:00:00Z,2909.08,2911.45,2908.01,2910.71,64068007
2020-05-08T19:00:00Z,2910.71,2913.57,2905.16,2906.01,67725111
2020-05-08T20:00:00Z,2906.01,2907.35,2905.60,2907.00,63784578
2020-05-08T21:00:00Z,2907.00,2907.84,2897.82,2901.54,66787095
2020-05-08T22:00:00Z,2901.54,2904.50,2898.42,2898.64,67020038
2020-05-08T23:00:00Z,2898.64,2910.11,2895.52,2908.07,95369946
2020-05-09T00:00:00Z,2908.07,2911.63,2899.53,2903.08,73194613
2020-05-09T01:00:00Z,2903.08,2904.38,2898.48,2901.72,63259074
2020-05-09T02:00:00Z,2901.72,2912.39,2901.07,2910.99,79243109
2020-05-09T03:00:00Z,2910.99,2915.78,2907.90,2913.83,72158949
2020-05-09T04:00:00Z,2913.83,2917.28,2912.39,2916.39,57652268
2020-05-09T05:00:00Z,2916.39,2923.27,2912.46,2920.29,76664295
2020-05-09T06:00:00Z,2920.29,2920.98,2908.38,2912.46,83841505
2020-05-09T07:00:00Z,2912.46,2913.29,2895.28,2898.47,91636213
2020-05-09T08:00:00Z,2898.47,2902.52,2895.48,2897.82,67744881
2020-05-09T09:00:00Z,2897.82,2902.27,2895.52,2899.79,70916799
2020-05-09T10:00:00Z,2899.79,2902.54,2895.03,2899.17,54216411
2020-05-09T11:00:00Z,2899.17,2902.10,2889.58,2893.41,84002741
2020-05-09T12:00:00Z,2893.41,2895.29,2891.47,2892.89,55590351
2020-05-09T13:00:00Z,2892.89,2901.00,2892.58,2896.69,62387755
2020-05-09T14:00:00Z,2896.69,2908.65,2896.47,2907.89,99984507
2020-05-09T15:00:00Z,2907.89,2911.11,2904.36,2908.55,53963440
2020-05-09T16:00:00Z,2908.55,2915.31,2905.32,2911.54,61122131
2020-05-09T17:00:00Z,2911.54,2912.74,2910.05,2910.05,70238861
2020-05-09T18:00:00Z,2910.05,2914.28,2907.98,2913.66,75442010
2020-05-09T19:00:00Z,2913.66,2916.00,2912.29,2913.35,60723989
2020-05-09T20:00:00Z,2913.35,2918.51,2912.73,2915.31,62068625
2020-05-09T21:00:00Z,2915.31,2919.20,2909.37,2909.46,69135987
2020-05-09T22:00:00Z,2909.46,2911.56,2905.21,2908.64,57386534
2020-05-09T23:00:00Z,2908.64,2911.07,2902.10,2904.90,65636482
2020-05-10T00:00:00Z,2904.90,2908.16,2899.45,2900.78,65674175
2020-05-10T01:00:00Z,2900.78,2903.17,2896.97,2899.14,57439107
2020-05-10T02:00:00Z,2899.14,2900.31,2898.16,2899.37,51352029
2020-05-10T03:00:00Z,2899.37,2901.33,2889.24,2889.37,95758871
2020-05-10T04:00:00Z,2889.37,2893.77,2889.22,2892.72,65506282
2020-05-10T05:00:00Z,2892.72,2895.57,2880.99,2883.76,86409863
2020-05-10T06:00:00Z,2883.76,2897.78,2881.88,2895.46,84634645
2020-05-10T07:00:00Z,2895.46,2904.70,2894.63,2901.20,85522998
2020-05-10T08:00:00Z,2901.20,2905.06,2898.69,2902.80,59758724
2020-05-10T09:00:00Z,2902.80,2911.92,2902.00,2909.45,74220216
2020-05-10T10:00:00Z,2909.45,2915.60,2909.42,2911.39,58676852
2020-05-10T11:00:00Z,2911.39,2912.24,2908.06,2910.05,63878684
2020-05-10T12:00:00Z,2910.05,2913.26,2909.91,2911.11,54275861
2020-05-10T13:00:00Z,2911.11,2912.71,2906.56,2906.83,65905910
2020-05-10T14:00:00Z,2906.83,2907.57,2903.07,2905.39,60044711
2020-05-10T15:00:00Z,2905.39,2916.30,2901.71,2915.45,83406469
2020-05-10T16:00:00Z,2915.45,2916.68,2910.13,2912.64,76403962
2020-05-10T17:00:00Z,2912.64,2924.29,2910.20,2921.51,86808904
2020-05-10T18:00:00Z,2921.51,2929.95,2919.54,2926.79,81822183
2020-05-10T19:00:00Z,2926.79,2930.31,2924.69,2926.20,59204663
2020-05-10T20:00:00Z,2926.20,2927.95,2919.30,2921.85,70165469
2020-05-10T21:00:00Z,2921.85,2925.05,2918.96,2923.66,60558696
2020-05-10T22:00:00Z,2923.66,2928.40,2921.21,2924.96,66858025
2020-05-10T23:00:00Z,2924.96,2925.30,2913.75,2914.36,80471700
2020-05-11T00:00:00Z,2914.36,2918.46,2912.18,2915.11,63471204
2020-05-11T01:00:00Z,2915.11,2922.30,2914.77,2922.20,72010966
2020-05-11T02:00:00Z,2922.20,2928.83,2919.95,2925.67,62880378
2020-05-11T03:00:00Z,2925.67,2926.74,2919.90,2921.46,61811076
2020-05-11T04:00:00Z,2921.46,2922.77,2918.81,2921.70,53290047
2020-05-11T05:00:00Z,2921.70,2933.56,2917.89,2931.63,88635232
2020-05-11T06:00:00Z,2931.63,2935.28,2928.74,2929.23,68833240
2020-05-11T07:00:00Z,2929.23,2932.76,2926.94,2929.78,57779454
2020-05-11T08:00:00Z,2929.78,2937.35,2928.47,2932.92,61372664
2020-05-11T09:00:00Z,2932.92,2939.44,2931.20,2936.37,60074475
2020-05-11T10:00:00Z,2936.37,2940.10,2930.75,2934.91,73032438
2020-05-11T11:00:00Z,2934.91,2937.07,2927.96,2931.57,65911638
2020-05-11T12:00:00Z,2931.57,2934.89,2928.64,2929.05,63895624
2020-05-11T13:00:00Z,2929.05,2932.90,2920.51,2922.27,85557053
2020-05-11T14:00:00Z,2922.27,2924.42,2907.36,2911.74,90260907
2020-05-11T15:00:00Z,2911.74,2913.16,2895.35,2897.88,101332722
2020-05-11T16:00:00Z,2897.88,2900.29,2896.05,2896.56,56037643
2020-05-11T17:00:00Z,2896.56,2898.24,2893.00,2893.20,60135602
2020-05-11T18:00:00Z,2893.20,2902.78,2890.35,2901.94,75973350
2020-05-11T19:00:00Z,2901.94,2904.56,2899.17,2900.10,66185385
2020-05-11T20:00:00Z,2900.10,2901.60,2896.20,2898.64,61083548
2020-05-11T21:00:00Z,2898.64,2898.69,2893.88,2897.05,65444250
2020-05-11T22:00:00Z,2897.05,2901.25,2893.90,2897.70,66944501
2020-05-11T23:00:00Z,2897.70,2904.52,2896.79,2903.06,82496201
2020-05-12T00:00:00Z,2903.06,2904.14,2898.69,2902.37,68578849
2020-05-12T01:00:00Z,2902.37,2906.10,2885.10,2887.20,111909088
2020-05-12T02:00:00Z,2887.20,2892.56,2884.58,2890.51,69847520
2020-05-12T03:00:00Z,2890.51,2902.34,2888.15,2899.41,82904830
2020-05-12T04:00:00Z,2899.41,2903.27,2895.80,2898.75,68096784
2020-05-12T05:00:00Z,2898.75,2900.39,2895.86,2897.37,68350213
2020-05-12T06:00:00Z,2897.37,2908.04,2894.60,2905.97,83782257
2020-05-12T07:00:00Z,2905.97,2910.91,2902.86,2907.91,71843462
2020-05-12T08:00:00Z,2907.91,2914.49,2903.79,2913.61,81926846
2020-05-12T09:00:00Z,2913.61,2925.28,2912.52,2924.59,97253535
2020-05-12T10:00:00Z,2924.59,2925.83,2919.78,2924.12,65122665
2020-05-12T11:00:00Z,2924.12,2928.55,2920.32,2927.85,62056430
2020-05-12T12:00:00Z,2927.85,2932.08,2923.76,2926.74,56353339
2020-05-12T13:00:00Z,2926.74,2929.51,2920.05,2922.82,66027776
2020-05-12T14:00:00Z,2922.82,2932.56,2921.01,2930.71,84991976
2020-05-12T15:00:00Z,2930.71,2931.18,2919.72,2923.21,71057288
2020-05-12T16:00:00Z,2923.21,2924.84,2919.84,2924.80,70355549
2020-05-12T17:00:00Z,2924.80,2934.53,2920.44,2932.72,74972888
2020-05-12T18:00:00Z,2932.72,2936.12,2929.81,2930.53,62169179
2020-05-12T19:00:00Z,2930.53,2935.73,2927.43,2934.71,73360987
2020-05-12T20:00:00Z,2934.71,2939.77,2930.36,2936.45,56042140
2020-05-12T21:00:00Z,2936.45,2941.72,2936.02,2939.63,74000642
2020-05-12T22:00:00Z,2939.63,2943.94,2932.63,2935.32,64237920
2020-05-12T23:00:00Z,2935.32,2937.55,2932.69,2935.09,70381989
2020-05-13T00:00:00Z,2935.09,2939.60,2933.99,2938.04,67283331
2020-05-13T01:00:00Z,2938.04,2941.34,2937.92,2939.66,58854597
2020-05-13T02:00:00Z,2939.66,2941.23,2934.87,2938.34,61914552
2020-05-13T03:00:00Z,2938.34,2938.77,2923.15,2926.45,97825656
2020-05-13T04:00:00Z,2926.45,2931.45,2924.32,2931.19,82900235
2020-05-13T05:00:00Z,2931.19,2935.55,2929.17,2933.90,66113964
2020-05-13T06:00:00Z,2933.90,2946.06,2931.08,2943.40,94775602
2020-05-13T07:00:00Z,2943.40,2947.78,2942.19,2944.12,52737250
2020-05-13T08:00:00Z,2944.12,2949.33,2941.75,2947.49,71251672
2020-05-13T09:00:00Z,2947.49,2950.90,2938.77,2940.79,85637875
2020-05-13T10:00:00Z,2940.79,2948.91,2939.41,2948.44,79371093
2020-05-13T11:00:00Z,2948.44,2953.07,2944.08,2952.93,73550970
2020-05-13T12:00:00Z,2952.93,2956.22,2946.27,2946.35,82566593
2020-05-13T13:00:00Z,2946.35,2947.29,2939.86,2941.21,69764441
2020-05-13T14:00:00Z,2941.21,2941.50,2936.35,2937.97,74021317
2020-05-13T15:00:00Z,2937.97,2939.73,2934.21,2934.32,76219768
2020-05-13T16:00:00Z,2934.32,2941.91,2932.28,2940.94,71933260
2020-05-13T17:00:00Z,2940.94,2949.96,2937.53,2947.94,71345592
2020-05-13T18:00:00Z,2947.94,2950.46,2945.10,2947.74,69427442
2020-05-13T19:00:00Z,2947.74,2956.69,2947.56,2955.80,76858263
2020-05-13T20:00:00Z,2955.80,2957.02,2942.88,2946.42,91671001
2020-05-13T21:00:00Z,2946.42,2946.81,2941.63,2944.18,72812291
2020-05-13T22:00:00Z,2944.18,2951.25,2941.41,2947.05,57812839
2020-05-13T23:00:00Z,2947.05,2949.60,2943.18,2943.96,70519111
2020-05-14T00:00:00Z,2943.96,2948.12,2940.14,2944.43,54236452
2020-05-14T01:00:00Z,2944.43,2944.66,2943.69,2944.33,63747095
2020-05-14T02:00:00Z,2944.33,2955.93,2942.18,2954.55,97204378
2020-05-14T03:00:00Z,2954.55,2954.75,2947.16,2949.43,81799991
2020-05-14T04:00:00Z,2949.43,2953.85,2947.79,2949.98,65860499
2020-05-14T05:00:00Z,2949.98,2953.68,2943.61,2946.97,72359203
2020-05-14T06:00:00Z,2946.97,2957.50,2946.73,2957.01,88239182
2020-05-14T07:00:00Z,2957.01,2958.34,2949.06,2950.28,83153792
2020-05-14T08:00:00Z,2950.28,2964.86,2946.67,2962.96,95004779
2020-05-14T09:00:00Z,2962.96,2966.90,2956.31,2959.95,64144439
2020-05-14T10:00:00Z,2959.95,2967.72,2955.91,2963.49,60505090
2020-05-14T11:00:00Z,2963.49,2963.55,2957.13,2957.95,74943824
2020-05-14T12:00:00Z,2957.95,2964.96,2956.16,2962.16,75979818
2020-05-14T13:00:00Z,2962.16,2969.80,2959.17,2968.48,68634115
2020-05-14T14:00:00Z,2968.48,2973.10,2964.21,2971.52,62317314
2020-05-14T15:00:00Z,2971.52,2981.40,2968.78,2979.14,87557557
2020-05-14T16:00:00Z,2979.14,2980.25,2975.14,2976.32,59412576
2020-05-14T17:00:00Z,2976.32,2977.32,2975.89,2976.71,55783374
2020-05-14T18:00:00Z,2976.71,2984.12,2975.20,2980.95,62769191
2020-05-14T19:00:00Z,2980.95,2982.00,2971.75,2975.11,74744116
2020-05-14T20:00:00Z,2975.11,2978.68,2966.67,2969.41,66249438
2020-05-14T21:00:00Z,2969.41,2973.90,2964.96,2971.73,61560108
2020-05-14T22:00:00Z,2971.73,2972.03,2968.22,2970.80,66025664
2020-05-14T23:00:00Z,2970.80,2970.88,2967.19,2969.01,62665208
2020-05-15T00:00:00Z,2969.01,2972.93,2953.60,2956.00,99897818
2020-05-15T01:00:00Z,2956.00,2961.62,2951.87,2960.02,78750893
2020-05-15T02:00:00Z,2960.02,2963.23,2949.17,2951.74,75780037
2020-05-15T03:00:00Z,2951.74,2953.21,2944.82,2944.90,72965857
2020-05-15T04:00:00Z,2944.90,2952.68,2940.97,2951.04,81557065
2020-05-15T05:00:00Z,2951.04,2955.42,2950.22,2955.16,75936098
2020-05-15T06:00:00Z,2955.16,2957.88,2941.91,2946.34,88266577
2020-05-15T07:00:00Z,2946.34,2955.08,2944.98,2953.94,87954411
2020-05-15T08:00:00Z,2953.94,2960.26,2950.95,2956.13,73483366
2020-05-15T09:00:00Z,2956.13,2957.93,2935.33,2938.52,101174771
2020-05-15T10:00:00Z,2938.52,2941.50,2936.83,2939.39,69290207
2020-05-15T11:00:00Z,2939.39,2942.17,2935.99,2936.46,58897909
2020-05-15T12:00:00Z,2936.46,2941.18,2933.59,2940.24,72682568
2020-05-15T13:00:00Z,2940.24,2944.04,2938.09,2942.64,73680458
2020-05-15T14:00:00Z,2942.64,2951.90,2939.43,2947.79,75931066
2020-05-15T15:00:00Z,2947.79,2951.18,2943.26,2947.33,63458971
2020-05-15T16:00:00Z,2947.33,2949.69,2945.57,2947.25,63522281
2020-05-15T17:00:00Z,2947.25,2951.21,2943.88,2949.52,67422700
2020-05-15T18:00:00Z,2949.52,2949.93,2940.21,2943.51,67553605
2020-05-15T19:00:00Z,2943.51,2952.63,2941.05,2951.01,77685954
2020-05-15T20:00:00Z,2951.01,2951.66,2947.24,2949.25,56200543
2020-05-15T21:00:00Z,2949.25,2959.39,2945.46,2956.19,80827269
2020-05-15T22:00:00Z,2956.19,2960.77,2953.49,2958.95,73337970
2020-05-15T23:00:00Z,2958.95,2959.27,2943.04,2945.58,102906644
2020-05-16T00:00:00Z,2945.58,2945.65,2941.92,2943.01,67632817
2020-05-16T01:00:00Z,2943.01,2946.58,2935.35,2938.71,72393655
2020-05-16T02:00:00Z,2938.71,2942.28,2932.42,2934.16,73537303
2020-05-16T03:00:00Z,2934.16,2946.05,2930.79,2945.36,90175892
2020-05-16T04:00:00Z,2945.36,2951.78,2941.83,2950.71,69670225
2020-05-16T05:00:00Z,2950.71,2956.39,2949.73,2953.44,68507592
2020-05-16T06:00:00Z,2953.44,2961.88,2949.16,2961.55,91198220
2020-05-16T07:00:00Z,2961.55,2966.36,2959.76,2962.65,71300288
2020-05-16T08:00:00Z,2962.65,2969.82,2958.32,2965.50,72363011
2020-05-16T09:00:00Z,2965.50,2965.95,2959.96,2963.56,59856682
2020-05-16T10:00:00Z,2963.56,2975.77,2960.29,2973.74,90300885
2020-05-16T11:00:00Z,2973.74,2979.68,2972.22,2977.45,75354599
2020-05-16T12:00:00Z,2977.45,2979.62,2972.98,2975.33,75032805
2020-05-16T13:00:00Z,2975.33,2975.96,2967.03,2968.73,86792876
2020-05-16T14:00:00Z,2968.73,2972.40,2964.69,2969.77,68926917
2020-05-16T15:00:00Z,2969.77,2974.32,2967.56,2973.61,73194186
2020-05-16T16:00:00Z,2973.61,2977.68,2966.06,2970.18,76350873
2020-05-16T17:00:00Z,2970.18,2972.67,2969.93,2972.39,73104582
2020-05-16T18:00:00Z,2972.39,2984.87,2971.52,2982.08,78659304
2020-05-16T19:00:00Z,2982.08,2984.16,2965.46,2969.25,103106793
2020-05-16T20:00:00Z,2969.25,2974.00,2966.85,2970.92,63996210
2020-05-16T21:00:00Z,2970.92,2972.15,2966.01,2966.91,77952134
2020-05-16T22:00:00Z,2966.91,2972.65,2966.65,2971.64,71928514
2020-05-16T23:00:00Z,2971.64,2972.48,2971.61,2972.24,70615456
2020-05-17T00:00:00Z,2972.24,2973.78,2969.86,2971.62,71382175
2020-05-17T01:00:00Z,2971.62,2974.34,2967.14,2968.96,71510930
2020-05-17T02:00:00Z,2968.96,2981.43,2967.06,2978.13,77398728
2020-05-17T03:00:00Z,2978.13,2979.43,2971.16,2975.11,61735057
2020-05-17T04:00:00Z,2975.11,2979.26,2970.79,2975.33,61845549
2020-05-17T05:00:00Z,2975.33,2975.87,2963.02,2965.74,91930150
2020-05-17T06:00:00Z,2965.74,2969.47,2957.97,2962.35,64039046
2020-05-17T07:00:00Z,2962.35,2970.22,2957.98,2967.89,79868203
2020-05-17T08:00:00Z,2967.89,2976.51,2966.04,2972.14,70764733
2020-05-17T09:00:00Z,2972.14,2976.81,2971.51,2973.35,69378288
2020-05-17T10:00:00Z,2973.35,2983.65,2970.75,2981.55,91764617
2020-05-17T11:00:00Z,2981.55,2984.04,2974.96,2978.28,63466309
2020-05-17T12:00:00Z,2978.28,2981.79,2962.87,2965.51,87584928
2020-05-17T13:00:00Z,2965.51,2973.45,2964.62,2970.20,78179634
2020-05-17T14:00:00Z,2970.20,2973.04,2967.36,2971.46,64762600
2020-05-17T15:00:00Z,2971.46,2977.87,2968.54,2973.86,63905093
2020-05-17T16:00:00Z,2973.86,2981.68,2973.75,2977.51,78323047
2020-05-17T17:00:00Z,2977.51,2980.28,2970.39,2971.96,67242512
2020-05-17T18:00:00Z,2971.96,2973.11,2966.06,2967.24,64228798
2020-05-17T19:00:00Z,2967.24,2968.69,2961.38,2963.48,61264318
2020-05-17T20:00:00Z,2963.48,2971.95,2959.84,2969.11,65679721
2020-05-17T21:00:00Z,2969.11,2975.12,2966.41,2971.41,72020227
2020-05-17T22:00:00Z,2971.41,2974.99,2959.75,2960.65,95686666
2020-05-17T23:00:00Z,2960.65,2964.39,2953.20,2954.03,71825027
2020-05-18T00:00:00Z,2954.03,2966.46,2949.69,2965.30,93993108
2020-05-18T01:00:00Z,2965.30,2972.49,2963.88,2968.75,64460348
2020-05-18T02:00:00Z,2968.75,2985.94,2968.08,2983.78,106120173
2020-05-18T03:00:00Z,2983.78,2990.52,2980.89,2988.61,73133361
2020-05-18T04:00:00Z,2988.61,2993.14,2978.56,2981.31,78759636
2020-05-18T05:00:00Z,2981.31,2985.65,2978.12,2981.31,56909779
2020-05-18T06:00:00Z,2981.31,2985.07,2972.46,2973.59,86213578
2020-05-18T07:00:00Z,2973.59,2977.00,2970.75,2973.22,53750395
2020-05-18T08:00:00Z,2973.22,2977.25,2969.21,2975.49,71350032
2020-05-18T09:00:00Z,2975.49,2979.27,2973.67,2979.05,66113286
2020-05-18T10:00:00Z,2979.05,2981.22,2976.44,2979.40,57385047
2020-05-18T11:00:00Z,2979.40,2981.84,2976.59,2980.47,65506618
2020-05-18T12:00:00Z,2980.47,2990.68,2980.29,2990.66,83918873
2020-05-18T13:00:00Z,2990.66,2992.69,2985.82,2988.28,71642853
2020-05-18T14:00:00Z,2988.28,2992.54,2986.81,2990.50,71576932
2020-05-18T15:00:00Z,2990.50,3000.52,2988.36,2996.79,72003475
2020-05-18T16:00:00Z,2996.79,2997.55,2990.20,2993.75,76877037
2020-05-18T17:00:00Z,2993.75,2997.78,2991.13,2991.35,61984910
2020-05-18T18:00:00Z,2991.35,2993.37,2987.01,2992.93,69504558
2020-05-18T19:00:00Z,2992.93,2992.98,2981.04,2983.91,84202761
2020-05-18T20:00:00Z,2983.91,2985.63,2979.94,2984.77,61665933
2020-05-18T21:00:00Z,2984.77,2986.91,2976.84,2979.91,73643678
2020-05-18T22:00:00Z,2979.91,2985.91,2979.87,2982.31,71558923
2020-05-18T23:00:00Z,2982.31,2985.45,2979.24,2981.65,51971156
2020-05-19T00:00:00Z,2981.65,2986.87,2979.21,2986.04,66167108
2020-05-19T01:00:00Z,2986.04,2988.28,2985.91,2986.44,56833971
2020-05-19T02:00:00Z,2986.44,2995.01,2984.18,2991.95,75519717
2020-05-19T03:00:00Z,2991.95,2996.08,2981.27,2985.64,68797601
2020-05-19T04:00:00Z,2985.64,2989.82,2985.21,2987.13,60170580
2020-05-19T05:00:00Z,2987.13,2987.72,2983.18,2986.31,56758081
2020-05-19T06:00:00Z,2986.31,2986.66,2982.31,2982.93,78793297
2020-05-19T07:00:00Z,2982.93,2987.14,2977.41,2980.14,75243564
2020-05-19T08:00:00Z,2980.14,2983.25,2973.29,2976.49,70324615
2020-05-19T09:00:00Z,2976.49,2994.39,2975.07,2994.12,100428769
2020-05-19T10:00:00Z,2994.12,2997.05,2982.55,2986.43,86818055
2020-05-19T11:00:00Z,2986.43,2989.49,2982.21,2986.48,69995739
2020-05-19T12:00:00Z,2986.48,2992.63,2983.59,2990.06,60527202
2020-05-19T13:00:00Z,2990.06,3000.63,2990.04,2997.87,85090406
2020-05-19T14:00:00Z,2997.87,3001.29,2991.38,2991.97,75191641
2020-05-19T15:00:00Z,2991.97,3006.19,2988.55,3001.95,81679947
2020-05-19T16:00:00Z,3001.95,3003.65,2996.41,2997.69,62769727
2020-05-19T17:00:00Z,2997.69,3001.20,2995.03,3000.08,69282458
2020-05-19T18:00:00Z,3000.08,3001.59,2996.82,3001.06,55689429
2020-05-19T19:00:00Z,3001.06,3015.80,3000.60,3011.79,88111667
2020-05-19T20:00:00Z,3011.79,3016.21,3010.05,3010.08,55556281
2020-05-19T21:00:00Z,3010.08,3013.83,3006.62,3012.42,59486002
2020-05-19T22:00:00Z,3012.42,3016.91,3011.53,3013.59,71497005
2020-05-19T23:00:00Z,3013.59,3022.25,3011.81,3020.95,75301619
2020-05-20T00:00:00Z,3020.95,3024.09,3014.15,3014.18,70665664
2020-05-20T01:00:00Z,3014.18,3019.80,3013.43,3017.74,73720207
2020-05-20T02:00:00Z,3017.74,3018.65,3004.42,3007.15,79742616
2020-05-20T03:00:00Z,3007.15,3009.36,2996.85,2999.81,73605684
2020-05-20T04:00:00Z,2999.81,3003.73,2994.33,2996.69,65998567
2020-05-20T05:00:00Z,2996.69,3003.39,2995.21,2999.54,65893071
2020-05-20T06:00:00Z,2999.54,3000.24,2993.28,2993.62,69318916
2020-05-20T07:00:00Z,2993.62,2996.56,2992.45,2993.90,63571917
2020-05-20T08:00:00Z,2993.90,3000.76,2993.81,2999.77,71532417
2020-05-20T09:00:00Z,2999.77,3001.04,2990.32,2994.68,66127871
2020-05-20T10:00:00Z,2994.68,3007.76,2990.76,3004.94,96625754
2020-05-20T11:00:00Z,3004.94,3007.34,2998.10,2999.64,78034464
2020-05-20T12:00:00Z,2999.64,3003.41,2998.16,3003.38,76671915
2020-05-20T13:00:00Z,3003.38,3011.91,3003.36,3010.58,83629282
2020-05-20T14:00:00Z,3010.58,3013.07,2998.60,3000.90,90008598
2020-05-20T15:00:00Z,3000.90,3001.17,2993.13,2997.33,64601142
2020-05-20T16:00:00Z,2997.33,3010.45,2995.09,3010.22,95856992
2020-05-20T17:00:00Z,3010.22,3020.51,3006.00,3019.12,76662206
2020-05-20T18:00:00Z,3019.12,3019.27,3008.36,3009.97,90441010
2020-05-20T19:00:00Z,3009.97,3019.41,3009.93,3015.50,68891191
2020-05-20T20:00:00Z,3015.50,3018.35,3010.27,3011.11,77952479
2020-05-20T21:00:00Z,3011.11,3011.99,3007.63,3011.83,53931613
2020-05-20T22:00:00Z,3011.83,3012.20,2999.19,3002.44,88720574
2020-05-20T23:00:00Z,3002.44,3004.67,2994.85,2999.38,58247495
2020-05-21T00:00:00Z,2999.38,3003.67,2991.53,2996.00,63560140
2020-05-21T01:00:00Z,2996.00,2997.84,2995.21,2997.79,74708943
2020-05-21T02:00:00Z,2997.79,3004.38,2994.31,3000.15,72565534
2020-05-21T03:00:00Z,3000.15,3006.65,2998.15,3002.51,67201272
2020-05-21T04:00:00Z,3002.51,3006.85,2998.86,3006.23,78054647
2020-05-21T05:00:00Z,3006.23,3009.48,2996.30,2997.97,87217183
2020-05-21T06:00:00Z,2997.97,3002.32,2997.84,3001.58,63443944
2020-05-21T07:00:00Z,3001.58,3011.64,2998.20,3010.39,78177707
2020-05-21T08:00:00Z,3010.39,3016.32,3008.94,3015.49,76153395
2020-05-21T09:00:00Z,3015.49,3019.36,3011.18,3016.85,65816142
2020-05-21T10:00:00Z,3016.85,3018.11,3014.83,3017.59,71481960
2020-05-21T11:00:00Z,3017.59,3033.34,3013.98,3030.31,87664688
2020-05-21T12:00:00Z,3030.31,3038.95,3029.03,3037.08,76979205
2020-05-21T13:00:00Z,3037.08,3041.45,3024.78,3028.94,78007438
2020-05-21T14:00:00Z,3028.94,3032.22,3023.37,3024.19,81973984
2020-05-21T15:00:00Z,3024.19,3025.30,3024.08,3024.37,59908801
2020-05-21T16:00:00Z,3024.37,3026.10,3021.41,3023.58,64022398
2020-05-21T17:00:00Z,3023.58,3027.07,3018.64,3022.35,72172731
2020-05-21T18:00:00Z,3022.35,3026.61,3017.65,3019.32,63297466
2020-05-21T19:00:00Z,3019.32,3024.84,3017.77,3022.86,76890687
2020-05-21T20:00:00Z,3022.86,3024.24,3022.18,3022.68,67288513
2020-05-21T21:00:00Z,3022.68,3025.79,3014.03,3018.01,75892782
2020-05-21T22:00:00Z,3018.01,3018.56,3013.88,3015.14,66518836
2020-05-21T23:00:00Z,3015.14,3018.45,3009.08,3011.70,65496909
2020-05-22T00:00:00Z,3011.70,3018.72,3007.36,3017.33,66606086
2020-05-22T01:00:00Z,3017.33,3017.47,3013.44,3013.47,71868609
2020-05-22T02:00:00Z,3013.47,3016.89,3008.93,3009.25,62053112
2020-05-22T03:00:00Z,3009.25,3015.64,3008.01,3013.97,70003458
2020-05-22T04:00:00Z,3013.97,3030.19,3012.57,3029.05,95752429
2020-05-22T05:00:00Z,3029.05,3031.18,3021.01,3024.50,65619813
2020-05-22T06:00:00Z,3024.50,3026.64,3018.68,3023.01,71398306
2020-05-22T07:00:00Z,3023.01,3027.00,3018.88,3021.38,70715878
2020-05-22T08:00:00Z,3021.38,3023.24,3019.29,3022.15,64655418
2020-05-22T09:00:00Z,3022.15,3025.15,3022.12,3022.88,61579759
2020-05-22T10:00:00Z,3022.88,3024.42,3013.54,3017.65,68058372
2020-05-22T11:00:00Z,3017.65,3017.79,3011.17,3014.70,62899849
2020-05-22T12:00:00Z,3014.70,3023.09,3010.34,3021.60,82054093
2020-05-22T13:00:00Z,3021.60,3032.80,3017.30,3028.27,80399095
2020-05-22T14:00:00Z,3028.27,3030.07,3020.38,3022.96,77232783
2020-05-22T15:00:00Z,3022.96,3024.53,3013.26,3016.92,66127879
2020-05-22T16:00:00Z,3016.92,3017.85,3011.92,3012.87,65302263
2020-05-22T17:00:00Z,3012.87,3015.83,3007.39,3010.31,58026904
2020-05-22T18:00:00Z,3010.31,3013.38,2995.38,2998.98,97939362
2020-05-22T19:00:00Z,2998.98,3002.24,2998.14,3001.02,73126689
2020-05-22T20:00:00Z,3001.02,3002.71,2993.96,2997.72,59439706
2020-05-22T21:00:00Z,2997.72,3002.14,2997.00,2997.69,67505753
2020-05-22T22:00:00Z,2997.69,2999.03,2989.69,2993.90,60945856
2020-05-22T23:00:00Z,2993.90,2995.00,2975.32,2979.69,96034918
2020-05-23T00:00:00Z,2979.69,2984.31,2975.95,2981.55,65985284
2020-05-23T01:00:00Z,2981.55,2982.20,2974.22,2977.95,64376108
2020-05-23T02:00:00Z,2977.95,2987.52,2974.31,2983.28,67309699
2020-05-23T03:00:00Z,2983.28,2984.16,2973.12,2977.13,73911181
2020-05-23T04:00:00Z,2977.13,2988.51,2975.25,2984.34,79885908
2020-05-23T05:00:00Z,2984.34,2989.57,2982.82,2985.79,58445960
2020-05-23T06:00:00Z,2985.79,2990.56,2985.74,2990.21,80993036
2020-05-23T07:00:00Z,2990.21,2995.84,2989.79,2995.03,71680181
2020-05-23T08:00:00Z,2995.03,2997.80,2994.05,2997.49,65539969
2020-05-23T09:00:00Z,2997.49,3001.97,2994.27,3000.98,78439065
2020-05-23T10:00:00Z,3000.98,3010.40,2998.35,3009.20,75040402
2020-05-23T11:00:00Z,3009.20,3016.87,3008.02,3014.99,65487365
2020-05-23T12:00:00Z,3014.99,3021.55,3010.43,3017.61,70780490
2020-05-23T13:00:00Z,3017.61,3021.13,3017.51,3020.07,63138604
2020-05-23T14:00:00Z,3020.07,3021.91,3010.44,3014.96,81288894
2020-05-23T15:00:00Z,3014.96,3016.23,3013.83,3016.05,60326176
2020-05-23T16:00:00Z,3016.05,3020.33,3006.31,3009.55,81013974
2020-05-23T17:00:00Z,3009.55,3013.10,3007.88,3010.60,65000609
2020-05-23T18:00:00Z,3010.60,3014.30,3008.89,3009.87,59140424
2020-05-23T19:00:00Z,3009.87,3013.96,3004.40,3007.90,74658854
2020-05-23T20:00:00Z,3007.90,3008.69,3001.58,3003.18,71769029
2020-05-23T21:00:00Z,3003.18,3013.45,3000.78,3010.61,72060517
2020-05-23T22:00:00Z,3010.61,3012.49,3007.71,3011.31,52706577
2020-05-23T23:00:00Z,3011.31,3015.13,3008.55,3009.95,59486549
2020-05-24T00:00:00Z,3009.95,3010.99,2996.83,3001.08,84939903
2020-05-24T01:00:00Z,3001.08,3006.01,2998.91,3005.79,80434820
2020-05-24T02:00:00Z,3005.79,3008.11,2997.25,3001.63,76878807
2020-05-24T03:00:00Z,3001.63,3004.17,2998.63,3003.89,73012624
2020-05-24T04:00:00Z,3003.89,3009.84,3000.37,3007.58,79423264
2020-05-24T05:00:00Z,3007.58,3008.51,3003.05,3006.53,70146834
2020-05-24T06:00:00Z,3006.53,3011.05,3004.59,3006.85,57914116
2020-05-24T07:00:00Z,3006.85,3017.27,3004.96,3012.97,78112037
2020-05-24T08:00:00Z,3012.97,3015.93,3008.40,3008.73,74768901
2020-05-24T09:00:00Z,3008.73,3012.37,3006.04,3007.01,72371862
2020-05-24T10:00:00Z,3007.01,3007.53,2994.43,2997.43,94605935
2020-05-24T11:00:00Z,2997.43,3001.21,2989.95,2993.04,70670418
2020-05-24T12:00:00Z,2993.04,2994.62,2987.01,2990.43,75657441
2020-05-24T13:00:00Z,2990.43,2991.13,2987.14,2989.19,66552636
2020-05-24T14:00:00Z,2989.19,2993.48,2988.83,2990.22,62432852
2020-05-24T15:00:00Z,2990.22,2994.84,2989.76,2994.82,67266065
2020-05-24T16:00:00Z,2994.82,3008.45,2993.72,3007.01,99672560
2020-05-24T17:00:00Z,3007.01,3009.16,2998.77,3000.70,75521219
2020-05-24T18:00:00Z,3000.70,3003.48,2996.27,2996.83,73814515
2020-05-24T19:00:00Z,2996.83,3008.00,2993.52,3005.38,86083265
2020-05-24T20:00:00Z,3005.38,3007.55,2991.77,2992.29,99151230
2020-05-24T21:00:00Z,2992.29,2995.96,2989.39,2993.90,56951342
2020-05-24T22:00:00Z,2993.90,2997.82,2989.17,2990.67,65678968
2020-05-24T23:00:00Z,2990.67,2992.05,2984.16,2984.54,83644584
2020-05-25T00:00:00Z,2984.54,2986.09,2980.78,2984.21,64587857
2020-05-25T01:00:00Z,2984.21,2995.21,2983.40,2995.19,84327377
2020-05-25T02:00:00Z,2995.19,2999.27,2978.67,2983.08,84661420
2020-05-25T03:00:00Z,2983.08,2991.91,2981.98,2991.42,84455844
2020-05-25T04:00:00Z,2991.42,2994.51,2989.49,2994.32,63011083
2020-05-25T05:00:00Z,2994.32,3006.17,2991.62,3002.50,88986812
2020-05-25T06:00:00Z,3002.50,3013.88,2999.81,3010.70,85000794
2020-05-25T07:00:00Z,3010.70,3024.01,3009.50,3020.13,90905262
2020-05-25T08:00:00Z,3020.13,3023.69,3016.67,3023.06,60176626
2020-05-25T09:00:00Z,3023.06,3030.51,3018.80,3027.58,81053614
2020-05-25T10:00:00Z,3027.58,3037.73,3026.32,3034.59,86250548
2020-05-25T11:00:00Z,3034.59,3036.85,3031.01,3035.19,61991338
2020-05-25T12:00:00Z,3035.19,3039.22,3030.96,3036.20,63461910
2020-05-25T13:00:00Z,3036.20,3043.95,3031.89,3043.13,79829782
2020-05-25T14:00:00Z,3043.13,3043.15,3033.81,3034.60,80752668
2020-05-25T15:00:00Z,3034.60,3037.17,3032.81,3036.46,59454098
2020-05-25T16:00:00Z,3036.46,3038.02,3033.86,3037.59,60204751
2020-05-25T17:00:00Z,3037.59,3041.50,3034.43,3037.33,55703884
2020-05-25T18:00:00Z,3037.33,3039.99,3029.18,3031.33,66288878
2020-05-25T19:00:00Z,3031.33,3034.62,3025.39,3027.69,67426635
2020-05-25T20:00:00Z,3027.69,3032.74,3023.66,3031.08,59132098
2020-05-25T21:00:00Z,3031.08,3041.72,3026.99,3038.09,76594363
2020-05-25T22:00:00Z,3038.09,3038.31,3032.53,3033.13,75395690
2020-05-25T23:00:00Z,3033.13,3042.11,3031.78,3040.83,79061053
2020-05-26T00:00:00Z,3040.83,3045.41,3031.34,3031.56,82530084
2020-05-26T01:00:00Z,3031.56,3043.58,3029.35,3041.64,79446246
2020-05-26T02:00:00Z,3041.64,3049.44,3041.12,3045.32,64301133
2020-05-26T03:00:00Z,3045.32,3053.81,3042.04,3051.50,74350388
2020-05-26T04:00:00Z,3051.50,3056.40,3048.70,3054.57,66036643
2020-05-26T05:00:00Z,3054.57,3058.36,3054.10,3055.00,65722487
2020-05-26T06:00:00Z,3055.00,3067.29,3051.01,3066.00,91613320
2020-05-26T07:00:00Z,3066.00,3071.79,3062.69,3069.49,69167832
2020-05-26T08:00:00Z,3069.49,3073.53,3066.06,3068.88,64892792
2020-05-26T09:00:00Z,3068.88,3072.46,3066.76,3070.22,71247545
2020-05-26T10:00:00Z,3070.22,3083.44,3068.64,3080.64,93688805
2020-05-26T11:00:00Z,3080.64,3094.17,3078.03,3093.96,92832316
2020-05-26T12:00:00Z,3093.96,3106.34,3092.29,3104.48,86164000
2020-05-26T13:00:00Z,3104.48,3108.92,3092.17,3094.49,92003968
2020-05-26T14:00:00Z,3094.49,3098.54,3091.08,3097.41,66367415
2020-05-26T15:00:00Z,3097.41,3098.54,3093.75,3097.21,59631064
2020-05-26T16:00:00Z,3097.21,3101.67,3093.09,3100.21,70319442
2020-05-26T17:00:00Z,3100.21,3108.33,3098.85,3104.58,76750569
2020-05-26T18:00:00Z,3104.58,3105.51,3099.76,3100.47,77910654
2020-05-26T19:00:00Z,3100.47,3103.22,3086.76,3088.98,96075031
2020-05-26T20:00:00Z,3088.98,3097.13,3084.92,3094.28,78740204
2020-05-26T21:00:00Z,3094.28,3098.68,3092.46,3093.34,71057823
2020-05-26T22:00:00Z,3093.34,3098.53,3091.62,3095.48,75014749
2020-05-26T23:00:00Z,3095.48,3098.80,3093.24,3094.22,61417589
2020-05-27T00:00:00Z,3094.22,3095.01,3088.13,3090.21,70041387
2020-05-27T01:00:00Z,3090.21,3091.99,3084.80,3088.95,61738126
2020-05-27T02:00:00Z,3088.95,3093.34,3088.35,3090.87,60098276
2020-05-27T03:00:00Z,3090.87,3105.73,3089.71,3101.75,93942022
2020-05-27T04:00:00Z,3101.75,3105.67,3101.06,3102.72,66973000
2020-05-27T05:00:00Z,3102.72,3107.25,3093.88,3098.08,70748565
2020-05-27T06:00:00Z,3098.08,3098.44,3093.29,3095.37,58611208
2020-05-27T07:00:00Z,3095.37,3096.06,3094.17,3095.22,64407350
2020-05-27T08:00:00Z,3095.22,3098.43,3085.39,3088.14,68608579
2020-05-27T09:00:00Z,3088.14,3090.81,3078.39,3082.35,81097036
2020-05-27T10:00:00Z,3082.35,3091.19,3077.69,3087.36,75653674
2020-05-27T11:00:00Z,3087.36,3095.08,3086.03,3091.44,63675378
2020-05-27T12:00:00Z,3091.44,3092.59,3081.64,3082.75,84239648
2020-05-27T13:00:00Z,3082.75,3086.18,3072.96,3074.02,78394287
2020-05-27T14:00:00Z,3074.02,3077.48,3070.98,3074.28,70602155
2020-05-27T15:00:00Z,3074.28,3083.20,3070.02,3080.56,75861785
2020-05-27T16:00:00Z,3080.56,3086.67,3080.00,3084.31,60087699
2020-05-27T17:00:00Z,3084.31,3087.43,3083.74,3087.01,59286004
2020-05-27T18:00:00Z,3087.01,3094.73,3085.50,3091.20,68298278
2020-05-27T19:00:00Z,3091.20,3092.46,3079.13,3083.12,71147732
2020-05-27T20:00:00Z,3083.12,3085.93,3081.04,3083.87,67656331
2020-05-27T21:00:00Z,3083.87,3084.51,3080.93,3084.12,69436259
2020-05-27T22:00:00Z,3084.12,3087.00,3078.64,3078.81,71759090
2020-05-27T23:00:00Z,3078.81,3083.73,3076.55,3079.26,53558203
2020-05-28T00:00:00Z,3079.26,3084.46,3078.29,3081.25,69413614
2020-05-28T01:00:00Z,3081.25,3083.56,3071.29,3071.53,91371851
2020-05-28T02:00:00Z,3071.53,3076.06,3067.46,3069.75,73167336
2020-05-28T03:00:00Z,3069.75,3070.09,3061.09,3065.21,73854630
2020-05-28T04:00:00Z,3065.21,3070.78,3060.72,3067.92,65572913
2020-05-28T05:00:00Z,3067.92,3072.77,3065.28,3069.07,67460221
2020-05-28T06:00:00Z,3069.07,3077.48,3066.57,3075.19,71616891
2020-05-28T07:00:00Z,3075.19,3079.74,3070.84,3077.15,73938835
2020-05-28T08:00:00Z,3077.15,3080.97,3070.18,3074.48,69904551
2020-05-28T09:00:00Z,3074.48,3075.80,3071.73,3074.16,53248748
2020-05-28T10:00:00Z,3074.16,3079.63,3070.04,3079.15,73536876
2020-05-28T11:00:00Z,3079.15,3081.40,3075.19,3078.56,68744613
2020-05-28T12:00:00Z,3078.56,3082.74,3077.62,3081.12,67243404
2020-05-28T13:00:00Z,3081.12,3088.23,3079.63,3084.11,66994765
2020-05-28T14:00:00Z,3084.11,3094.17,3083.29,3089.53,68814921
2020-05-28T15:00:00Z,3089.53,3096.62,3085.28,3095.24,84515674
2020-05-28T16:00:00Z,3095.24,3099.68,3084.62,3086.98,75813432
2020-05-28T17:00:00Z,3086.98,3098.48,3084.41,3094.48,71160099
2020-05-28T18:00:00Z,3094.48,3101.29,3093.39,3098.35,76299862
2020-05-28T19:00:00Z,3098.35,3098.92,3085.90,3090.38,84572755
2020-05-28T20:00:00Z,3090.38,3094.40,3082.75,3085.08,82171843
2020-05-28T21:00:00Z,3085.08,3099.42,3081.42,3095.47,80364662
2020-05-28T22:00:00Z,3095.47,3096.58,3093.48,3094.24,68396700
2020-05-28T23:00:00Z,3094.24,3096.55,3088.13,3091.05,68166423
2020-05-29T00:00:00Z,3091.05,3096.95,3086.70,3095.44,62556348
2020-05-29T01:00:00Z,3095.44,3108.08,3095.09,3106.06,88272487
2020-05-29T02:00:00Z,3106.06,3106.49,3096.20,3097.76,83878248
2020-05-29T03:00:00Z,3097.76,3102.00,3080.47,3081.78,93192948
2020-05-29T04:00:00Z,3081.78,3086.50,3078.87,3084.43,71553508
2020-05-29T05:00:00Z,3084.43,3097.71,3081.31,3093.47,77350484
2020-05-29T06:00:00Z,3093.47,3097.65,3086.22,3090.18,62995152
2020-05-29T07:00:00Z,3090.18,3098.98,3088.94,3094.51,76078444
2020-05-29T08:00:00Z,3094.51,3094.68,3088.29,3090.02,61979487
2020-05-29T09:00:00Z,3090.02,3095.36,3086.73,3092.00,68494765
2020-05-29T10:00:00Z,3092.00,3093.97,3087.71,3090.67,56211766
2020-05-29T11:00:00Z,3090.67,3094.76,3078.18,3078.97,83579272
2020-05-29T12:00:00Z,3078.97,3082.87,3074.60,3079.71,59020015
2020-05-29T13:00:00Z,3079.71,3079.86,3070.49,3074.28,71979318
2020-05-29T14:00:00Z,3074.28,3080.64,3071.73,3079.87,83855936
2020-05-29T15:00:00Z,3079.87,3089.76,3077.98,3086.76,79187750
2020-05-29T16:00:00Z,3086.76,3088.57,3071.26,3071.97,93187449
2020-05-29T17:00:00Z,3071.97,3073.56,3067.83,3068.34,65114634
2020-05-29T18:00:00Z,3068.34,3071.61,3063.89,3068.98,62441545
2020-05-29T19:00:00Z,3068.98,3079.07,3064.56,3075.17,70402429
2020-05-29T20:00:00Z,3075.17,3075.47,3066.51,3069.04,81543819
2020-05-29T21:00:00Z,3069.04,3070.83,3066.55,3069.32,66475314
2020-05-29T22:00:00Z,3069.32,3075.79,3066.92,3075.10,74663242
2020-05-29T23:00:00Z,3075.10,3091.50,3070.48,3087.47,100773242
2020-05-30T00:00:00Z,3087.47,3093.31,3082.80,3092.96,67715461
2020-05-30T01:00:00Z,3092.96,3096.76,3088.89,3096.08,72773725
2020-05-30T02:00:00Z,3096.08,3102.85,3092.98,3102.03,80601100
2020-05-30T03:00:00Z,3102.03,3105.94,3088.49,3092.22,88624031
2020-05-30T04:00:00Z,3092.22,3095.55,3088.95,3091.22,65163094
2020-05-30T05:00:00Z,3091.22,3094.52,3078.59,3082.58,75199988
2020-05-30T06:00:00Z,3082.58,3083.13,3074.22,3075.35,78435089
2020-05-30T07:00:00Z,3075.35,3079.87,3070.95,3078.96,63645203
2020-05-30T08:00:00Z,3078.96,3082.02,3074.09,3077.73,57846560
2020-05-30T09:00:00Z,3077.73,3078.53,3068.58,3072.26,64524504
2020-05-30T10:00:00Z,3072.26,3075.73,3069.03,3070.79,64024235
2020-05-30T11:00:00Z,3070.79,3078.08,3068.48,3077.85,86631358
2020-05-30T12:00:00Z,3077.85,3080.25,3069.31,3072.79,76111125
2020-05-30T13:00:00Z,3072.79,3075.85,3068.28,3071.80,63543609
2020-05-30T14:00:00Z,3071.80,3076.62,3069.70,3075.25,62980385
2020-05-30T15:00:00Z,3075.25,3084.11,3074.49,3082.23,71562308
2020-05-30T16:00:00Z,3082.23,3082.81,3073.57,3077.46,69449590
2020-05-30T17:00:00Z,3077.46,3080.50,3075.03,3076.05,72955971
2020-05-30T18:00:00Z,3076.05,3085.48,3072.68,3083.08,83956166
2020-05-30T19:00:00Z,3083.08,3084.98,3074.38,3078.86,66273005
2020-05-30T20:00:00Z,3078.86,3086.09,3076.69,3081.54,73282545
2020-05-30T21:00:00Z,3081.54,3100.31,3079.88,3097.18,108318540
2020-05-30T22:00:00Z,3097.18,3100.19,3096.61,3099.75,75550491
2020-05-30T23:00:00Z,3099.75,3099.98,3084.52,3088.45,97838060
2020-05-31T00:00:00Z,3088.45,3089.47,3083.36,3087.23,54812044
2020-05-31T01:00:00Z,3087.23,3090.02,3082.08,3085.09,70993695
2020-05-31T02:00:00Z,3085.09,3089.39,3072.59,3075.65,75781173
2020-05-31T03:00:00Z,3075.65,3079.36,3069.73,3073.60,59247223
2020-05-31T04:00:00Z,3073.60,3080.02,3071.10,3076.08,62456114
2020-05-31T05:00:00Z,3076.08,3085.06,3075.34,3083.79,85608176
2020-05-31T06:00:00Z,3083.79,3094.70,3079.21,3091.36,82104820
2020-05-31T07:00:00Z,3091.36,3094.82,3090.60,3091.62,50725019
2020-05-31T08:00:00Z,3091.62,3109.30,3088.20,3107.36,103930177
2020-05-31T09:00:00Z,3107.36,3117.58,3106.73,3114.12,82276720
2020-05-31T10:00:00Z,3114.12,3123.48,3112.28,3121.88,86979398
2020-05-31T11:00:00Z,3121.88,3136.72,3119.02,3136.29,87057300
2020-05-31T12:00:00Z,3136.29,3137.46,3126.74,3129.70,81093898
2020-05-31T13:00:00Z,3129.70,3141.18,3126.39,3136.60,71609471
2020-05-31T14:00:00Z,3136.60,3138.16,3129.67,3132.76,78163298
2020-05-31T15:00:00Z,3132.76,3144.66,3131.28,3142.22,90933953
2020-05-31T16:00:00Z,3142.22,3144.09,3137.56,3143.42,57591407
2020-05-31T17:00:00Z,3143.42,3156.63,3141.67,3154.73,93025913
2020-05-31T18:00:00Z,3154.73,3157.05,3151.25,3152.45,63190007
2020-05-31T19:00:00Z,3152.45,3155.93,3144.62,3144.81,84630648
2020-05-31T20:00:00Z,3144.81,3148.14,3135.96,3140.49,67562724
2020-05-31T21:00:00Z,3140.49,3144.87,3136.76,3143.05,64237616
2020-05-31T22:00:00Z,3143.05,3149.30,3140.55,3145.61,75801734
2020-05-31T23:00:00Z,3145.61,3160.69,3144.14,3156.70,79599793
2020-06-01T00:00:00Z,3156.70,3163.25,3152.34,3159.68,60657715
2020-06-01T01:00:00Z,3159.68,3162.52,3146.28,3148.06,95667210
2020-06-01T02:00:00Z,3148.06,3154.48,3147.36,3151.00,64769449
2020-06-01T03:00:00Z,3151.00,3152.75,3145.01,3147.74,70610720
2020-06-01T04:00:00Z,3147.74,3149.18,3143.75,3147.64,69853155
2020-06-01T05:00:00Z,3147.64,3152.53,3144.11,3148.84,65791307
2020-06-01T06:00:00Z,3148.84,3164.11,3144.89,3162.38,93551326
2020-06-01T07:00:00Z,3162.38,3167.29,3161.59,3165.03,74506579
2020-06-01T08:00:00Z,3165.03,3173.33,3160.45,3168.98,64595911
2020-06-01T09:00:00Z,3168.98,3169.12,3166.55,3169.11,60676753
2020-06-01T10:00:00Z,3169.11,3170.12,3166.97,3167.97,70736641
2020-06-01T11:00:00Z,3167.97,3175.76,3165.41,3174.40,83580836
2020-06-01T12:00:00Z,3174.40,3174.93,3167.99,3169.19,81113882
2020-06-01T13:00:00Z,3169.19,3172.58,3159.88,3161.48,81288235
2020-06-01T14:00:00Z,3161.48,3163.02,3160.68,3162.94,66857700
2020-06-01T15:00:00Z,3162.94,3171.81,3160.93,3167.02,74043600
2020-06-01T16:00:00Z,3167.02,3170.39,3156.28,3156.51,84560032
2020-06-01T17:00:00Z,3156.51,3161.20,3155.53,3161.06,72445632
2020-06-01T18:00:00Z,3161.06,3164.87,3154.54,3156.49,62289149
2020-06-01T19:00:00Z,3156.49,3157.11,3147.67,3151.79,68402402
2020-06-01T20:00:00Z,3151.79,3152.23,3140.05,3143.86,85429879
2020-06-01T21:00:00Z,3143.86,3147.55,3133.14,3136.31,88565404
2020-06-01T22:00:00Z,3136.31,3140.50,3132.70,3137.94,61431471
2020-06-01T23:00:00Z,3137.94,3146.38,3137.19,3145.36,76983077
2020-06-02T00:00:00Z,3145.36,3148.36,3133.98,3135.98,75349677
2020-06-02T01:00:00Z,3135.98,3147.05,3132.84,3142.60,84506655
2020-06-02T02:00:00Z,3142.60,3145.99,3133.53,3136.26,72437989
2020-06-02T03:00:00Z,3136.26,3141.87,3135.68,3140.11,72606310
2020-06-02T04:00:00Z,3140.11,3144.17,3135.50,3137.54,70464511
2020-06-02T05:00:00Z,3137.54,3139.73,3135.43,3139.32,60221370
2020-06-02T06:00:00Z,3139.32,3144.42,3136.25,3139.77,54602886
2020-06-02T07:00:00Z,3139.77,3140.42,3136.58,3139.96,65574132
2020-06-02T08:00:00Z,3139.96,3149.56,3136.55,3146.03,71291171
2020-06-02T09:00:00Z,3146.03,3158.11,3141.72,3154.73,84537227
2020-06-02T10:00:00Z,3154.73,3156.44,3151.63,3155.93,56439965
2020-06-02T11:00:00Z,3155.93,3158.49,3148.58,3152.59,66896120
2020-06-02T12:00:00Z,3152.59,3160.86,3149.15,3159.88,82688782
2020-06-02T13:00:00Z,3159.88,3161.21,3158.20,3160.96,60034158
2020-06-02T14:00:00Z,3160.96,3164.89,3158.23,3163.12,74719750
2020-06-02T15:00:00Z,3163.12,3167.76,3159.00,3167.04,66039150
2020-06-02T16:00:00Z,3167.04,3173.15,3164.46,3171.99,76832193
2020-06-02T17:00:00Z,3171.99,3174.50,3171.48,3173.65,57912306
2020-06-02T18:00:00Z,3173.65,3180.48,3169.36,3179.13,80707643
2020-06-02T19:00:00Z,3179.13,3181.29,3170.64,3174.37,69254964
2020-06-02T20:00:00Z,3174.37,3178.21,3173.35,3176.63,64099851
2020-06-02T21:00:00Z,3176.63,3177.94,3172.02,3173.37,71445557
2020-06-02T22:00:00Z,3173.37,3177.57,3160.97,3164.71,77561053
2020-06-02T23:00:00Z,3164.71,3165.96,3161.18,3161.59,72583971
2020-06-03T00:00:00Z,3161.59,3168.60,3157.82,3164.86,62444033
2020-06-03T01:00:00Z,3164.86,3165.28,3159.88,3160.05,62952919
2020-06-03T02:00:00Z,3160.05,3164.58,3159.02,3160.53,55187686
2020-06-03T03:00:00Z,3160.53,3167.28,3156.70,3163.22,59716152
2020-06-03T04:00:00Z,3163.22,3165.35,3160.99,3163.50,57975676
2020-06-03T05:00:00Z,3163.50,3171.73,3160.99,3169.58,67565709
2020-06-03T06:00:00Z,3169.58,3171.63,3159.69,3163.40,74370586
2020-06-03T07:00:00Z,3163.40,3172.61,3161.07,3169.86,66661049
2020-06-03T08:00:00Z,3169.86,3173.81,3159.23,3160.31,82164862
2020-06-03T09:00:00Z,3160.31,3161.81,3156.84,3161.27,57832322
2020-06-03T10:00:00Z,3161.27,3163.43,3160.46,3160.77,57196255
2020-06-03T11:00:00Z,3160.77,3171.82,3157.08,3167.67,80369454
2020-06-03T12:00:00Z,3167.67,3173.57,3164.73,3172.61,76398872
2020-06-03T13:00:00Z,3172.61,3180.15,3172.31,3177.02,78971701
2020-06-03T14:00:00Z,3177.02,3180.62,3173.16,3176.88,56315151
2020-06-03T15:00:00Z,3176.88,3182.22,3173.22,3179.39,58750716
2020-06-03T16:00:00Z,3179.39,3183.62,3172.41,3177.20,57844893
2020-06-03T17:00:00Z,3177.20,3187.03,3173.43,3185.82,76765048
2020-06-03T18:00:00Z,3185.82,3191.40,3183.52,3188.44,74027963
2020-06-03T19:00:00Z,3188.44,3201.04,3188.29,3196.30,89704327
2020-06-03T20:00:00Z,3196.30,3198.41,3191.82,3191.95,65076646
2020-06-03T21:00:00Z,3191.95,3195.42,3186.44,3189.89,75115731
2020-06-03T22:00:00Z,3189.89,3190.93,3179.93,3180.68,88622020
2020-06-03T23:00:00Z,3180.68,3195.80,3177.97,3191.47,90244694
2020-06-04T00:00:00Z,3191.47,3195.81,3181.18,3184.37,86978213
2020-06-04T01:00:00Z,3184.37,3184.61,3179.78,3181.39,76401340
2020-06-04T02:00:00Z,3181.39,3184.04,3173.98,3175.71,81849192
2020-06-04T03:00:00Z,3175.71,3180.17,3170.45,3173.50,61485869
2020-06-04T04:00:00Z,3173.50,3177.07,3164.15,3167.74,73802234
2020-06-04T05:00:00Z,3167.74,3172.54,3157.37,3159.88,75369867
2020-06-04T06:00:00Z,3159.88,3160.36,3153.72,3157.83,63673430
2020-06-04T07:00:00Z,3157.83,3162.35,3156.23,3157.51,65825346
2020-06-04T08:00:00Z,3157.51,3158.74,3149.09,3153.30,72772594
2020-06-04T09:00:00Z,3153.30,3153.47,3143.05,3145.00,71439484
2020-06-04T10:00:00Z,3145.00,3155.89,3141.73,3151.23,82949388
2020-06-04T11:00:00Z,3151.23,3156.56,3151.19,3156.46,80303636
2020-06-04T12:00:00Z,3156.46,3164.43,3152.06,3161.38,63467971
2020-06-04T13:00:00Z,3161.38,3165.45,3153.97,3155.81,81028258
2020-06-04T14:00:00Z,3155.81,3162.37,3154.23,3158.84,71376359
2020-06-04T15:00:00Z,3158.84,3160.59,3158.74,3158.85,53892449
2020-06-04T16:00:00Z,3158.85,3162.28,3155.64,3156.61,72559742
2020-06-04T17:00:00Z,3156.61,3162.27,3156.29,3157.57,71913015
2020-06-04T18:00:00Z,3157.57,3160.45,3146.05,3147.70,87205937
2020-06-04T19:00:00Z,3147.70,3150.02,3139.93,3143.33,74814984
2020-06-04T20:00:00Z,3143.33,3145.56,3139.44,3140.70,63210464
2020-06-04T21:00:00Z,3140.70,3142.51,3136.30,3138.61,74651186
2020-06-04T22:00:00Z,3138.61,3144.05,3137.60,3142.35,64048102
2020-06-04T23:00:00Z,3142.35,3143.97,3141.93,3143.54,65499510
2020-06-05T00:00:00Z,3143.54,3153.48,3142.25,3151.42,88754921
2020-06-05T01:00:00Z,3151.42,3156.07,3144.90,3148.94,70412903
2020-06-05T02:00:00Z,3148.94,3155.12,3144.36,3154.00,76349781
2020-06-05T03:00:00Z,3154.00,3165.03,3149.65,3160.57,83770176
2020-06-05T04:00:00Z,3160.57,3162.21,3158.23,3158.49,65893735
2020-06-05T05:00:00Z,3158.49,3163.11,3143.90,3144.07,87692421
2020-06-05T06:00:00Z,3144.07,3152.90,3141.99,3149.98,66557758
2020-06-05T07:00:00Z,3149.98,3150.09,3146.45,3149.25,59036445
2020-06-05T08:00:00Z,3149.25,3155.67,3148.32,3153.86,80897000
2020-06-05T09:00:00Z,3153.86,3158.10,3145.86,3149.95,74887634
2020-06-05T10:00:00Z,3149.95,3151.34,3143.86,3148.50,56512843
2020-06-05T11:00:00Z,3148.50,3167.62,3146.05,3164.50,96825213
2020-06-05T12:00:00Z,3164.50,3164.65,3159.11,3160.92,60483119
2020-06-05T13:00:00Z,3160.92,3174.22,3156.83,3171.22,87799606
2020-06-05T14:00:00Z,3171.22,3173.56,3158.67,3163.19,73642884
2020-06-05T15:00:00Z,3163.19,3167.87,3161.83,3167.15,60166409
2020-06-05T16:00:00Z,3167.15,3180.02,3167.07,3175.51,86833160
2020-06-05T17:00:00Z,3175.51,3182.04,3173.89,3182.01,70811700
2020-06-05T18:00:00Z,3182.01,3186.42,3179.51,3184.97,75348863
2020-06-05T19:00:00Z,3184.97,3188.97,3172.41,3175.48,90785450
2020-06-05T20:00:00Z,3175.48,3178.30,3164.31,3166.92,81502448
2020-06-05T21:00:00Z,3166.92,3175.83,3162.69,3171.38,64438549
2020-06-05T22:00:00Z,3171.38,3174.79,3167.79,3170.91,63506218
2020-06-05T23:00:00Z,3170.91,3174.20,3160.47,3161.52,75683137
2020-06-06T00:00:00Z,3161.52,3168.68,3157.78,3168.14,80844162
2020-06-06T01:00:00Z,3168.14,3171.01,3155.60,3159.18,81844977
2020-06-06T02:00:00Z,3159.18,3165.28,3155.99,3162.58,72147361
2020-06-06T03:00:00Z,3162.58,3168.70,3158.02,3165.84,70786080
2020-06-06T04:00:00Z,3165.84,3169.20,3161.90,3167.28,57797304
2020-06-06T05:00:00Z,3167.28,3169.08,3165.39,3166.31,62271569
2020-06-06T06:00:00Z,3166.31,3174.84,3165.11,3173.14,72720522
2020-06-06T07:00:00Z,3173.14,3182.97,3169.15,3180.02,84453807
2020-06-06T08:00:00Z,3180.02,3181.67,3161.34,3165.47,90460611
2020-06-06T09:00:00Z,3165.47,3171.20,3161.69,3167.23,64388581
2020-06-06T10:00:00Z,3167.23,3170.16,3161.52,3164.28,65974863
2020-06-06T11:00:00Z,3164.28,3171.68,3163.87,3171.18,86628512
2020-06-06T12:00:00Z,3171.18,3175.75,3165.10,3169.59,57268311
2020-06-06T13:00:00Z,3169.59,3171.40,3156.91,3157.54,85621145
2020-06-06T14:00:00Z,3157.54,3167.92,3156.57,3164.82,81867745
2020-06-06T15:00:00Z,3164.82,3171.09,3160.83,3166.29,64861571
2020-06-06T16:00:00Z,3166.29,3167.80,3162.47,3164.14,59071092
2020-06-06T17:00:00Z,3164.14,3171.56,3160.96,3167.12,61233783
2020-06-06T18:00:00Z,3167.12,3169.84,3164.46,3169.56,75647343
2020-06-06T19:00:00Z,3169.56,3171.87,3168.85,3168.98,65931000
2020-06-06T20:00:00Z,3168.98,3173.32,3167.52,3168.15,67746542
2020-06-06T21:00:00Z,3168.15,3172.11,3167.30,3170.72,62711556
2020-06-06T22:00:00Z,3170.72,3177.99,3166.49,3176.13,83498266
2020-06-06T23:00:00Z,3176.13,3180.54,3171.47,3177.46,56771878
2020-06-07T00:00:00Z,3177.46,3190.08,3173.29,3186.98,85257451
2020-06-07T01:00:00Z,3186.98,3190.18,3182.12,3183.65,78111500
2020-06-07T02:00:00Z,3183.65,3193.09,3183.38,3190.14,73916731
2020-06-07T03:00:00Z,3190.14,3198.60,3185.36,3193.83,73163904
2020-06-07T04:00:00Z,3193.83,3204.46,3192.67,3199.71,79434373
2020-06-07T05:00:00Z,3199.71,3200.27,3197.69,3198.69,57119167
2020-06-07T06:00:00Z,3198.69,3201.62,3194.58,3198.03,65196741
2020-06-07T07:00:00Z,3198.03,3206.68,3193.52,3204.23,74541207
2020-06-07T08:00:00Z,3204.23,3208.82,3199.69,3206.11,67719640
2020-06-07T09:00:00Z,3206.11,3207.76,3199.94,3202.56,61564698
2020-06-07T10:00:00Z,3202.56,3203.28,3192.08,3193.22,92877503
2020-06-07T11:00:00Z,3193.22,3200.33,3188.99,3195.65,63346503
2020-06-07T12:00:00Z,3195.65,3197.22,3189.42,3191.27,72690958
2020-06-07T13:00:00Z,3191.27,3196.55,3186.67,3191.93,69026292
2020-06-07T14:00:00Z,3191.93,3196.23,3188.38,3195.20,61086727
2020-06-07T15:00:00Z,3195.20,3201.27,3190.37,3199.04,66743965
2020-06-07T16:00:00Z,3199.04,3202.95,3187.58,3189.36,77429534
2020-06-07T17:00:00Z,3189.36,3195.99,3188.90,3193.68,66413136
2020-06-07T18:00:00Z,3193.68,3199.89,3193.32,3198.39,74721412
2020-06-07T19:00:00Z,3198.39,3200.22,3191.61,3195.59,59640424
2020-06-07T20:00:00Z,3195.59,3198.62,3190.93,3193.50,69136222
2020-06-07T21:00:00Z,3193.50,3198.86,3192.54,3195.38,56049516
2020-06-07T22:00:00Z,3195.38,3198.79,3191.43,3195.41,66698080
2020-06-07T23:00:00Z,3195.41,3204.19,3190.82,3201.38,79282619
2020-06-08T00:00:00Z,3201.38,3205.08,3196.65,3201.04,58693879
2020-06-08T01:00:00Z,3201.04,3205.43,3187.55,3191.02,86974791
2020-06-08T02:00:00Z,3191.02,3195.25,3187.43,3188.92,72216663
2020-06-08T03:00:00Z,3188.92,3190.78,3184.03,3188.11,55462917
2020-06-08T04:00:00Z,3188.11,3192.23,3180.71,3184.29,79230721
2020-06-08T05:00:00Z,3184.29,3190.00,3179.80,3189.74,71216248
2020-06-08T06:00:00Z,3189.74,3190.63,3174.48,3177.32,81866331
2020-06-08T07:00:00Z,3177.32,3180.17,3175.64,3179.23,65803651
2020-06-08T08:00:00Z,3179.23,3183.56,3176.27,3177.49,54679188
2020-06-08T09:00:00Z,3177.49,3179.52,3169.73,3171.66,66879538
2020-06-08T10:00:00Z,3171.66,3173.85,3170.09,3171.58,69133726
2020-06-08T11:00:00Z,3171.58,3184.28,3167.25,3180.82,74377032
2020-06-08T12:00:00Z,3180.82,3188.07,3177.59,3185.31,77915921
2020-06-08T13:00:00Z,3185.31,3185.56,3180.17,3183.02,73963044
2020-06-08T14:00:00Z,3183.02,3184.47,3174.40,3177.78,68988977
2020-06-08T15:00:00Z,3177.78,3181.75,3175.95,3177.66,56095514
2020-06-08T16:00:00Z,3177.66,3184.85,3175.09,3181.17,64905146
2020-06-08T17:00:00Z,3181.17,3181.35,3167.68,3168.80,86418362
2020-06-08T18:00:00Z,3168.80,3174.05,3166.33,3171.04,64673886
2020-06-08T19:00:00Z,3171.04,3172.20,3157.56,3159.83,88879718
2020-06-08T20:00:00Z,3159.83,3165.52,3155.76,3161.62,65921915
2020-06-08T21:00:00Z,3161.62,3168.00,3159.56,3164.35,60987802
2020-06-08T22:00:00Z,3164.35,3171.22,3161.26,3169.61,63364749
2020-06-08T23:00:00Z,3169.61,3178.05,3166.20,3174.11,69036278
2020-06-09T00:00:00Z,3174.11,3178.87,3170.13,3174.15,50599055
2020-06-09T01:00:00Z,3174.15,3178.49,3167.21,3167.40,67628957
2020-06-09T02:00:00Z,3167.40,3169.22,3165.09,3168.97,55213766
2020-06-09T03:00:00Z,3168.97,3172.48,3168.40,3169.32,66108784
2020-06-09T04:00:00Z,3169.32,3172.59,3163.46,3166.27,75508735
2020-06-09T05:00:00Z,3166.27,3173.95,3163.78,3172.56,78619647
2020-06-09T06:00:00Z,3172.56,3173.49,3164.07,3166.82,84063952
2020-06-09T07:00:00Z,3166.82,3188.03,3162.83,3187.03,106297286
2020-06-09T08:00:00Z,3187.03,3198.70,3184.61,3193.99,86566126
2020-06-09T09:00:00Z,3193.99,3203.69,3192.61,3199.81,73794344
2020-06-09T10:00:00Z,3199.81,3205.63,3199.36,3204.22,71203244
2020-06-09T11:00:00Z,3204.22,3208.47,3202.28,3206.67,64176416
2020-06-09T12:00:00Z,3206.67,3212.21,3203.93,3208.52,71394087
2020-06-09T13:00:00Z,3208.52,3212.14,3195.28,3199.86,78038042
2020-06-09T14:00:00Z,3199.86,3203.10,3196.41,3200.17,56333804
2020-06-09T15:00:00Z,3200.17,3202.25,3189.88,3191.25,79992677
2020-06-09T16:00:00Z,3191.25,3195.93,3187.05,3193.85,66273888
2020-06-09T17:00:00Z,3193.85,3202.61,3192.76,3201.74,71749275
2020-06-09T18:00:00Z,3201.74,3206.41,3198.34,3200.50,54786129
2020-06-09T19:00:00Z,3200.50,3204.78,3197.53,3204.31,63418856
2020-06-09T20:00:00Z,3204.31,3207.62,3199.31,3200.36,77712665
2020-06-09T21:00:00Z,3200.36,3204.00,3192.81,3195.65,62924007
2020-06-09T22:00:00Z,3195.65,3204.28,3194.32,3201.01,73779742
2020-06-09T23:00:00Z,3201.01,3205.61,3196.12,3198.00,61821288
2020-06-10T00:00:00Z,3198.00,3199.12,3184.98,3188.53,75661690
2020-06-10T01:00:00Z,3188.53,3189.27,3186.74,3186.74,66851393
2020-06-10T02:00:00Z,3186.74,3187.29,3180.82,3183.59,65544385
2020-06-10T03:00:00Z,3183.59,3186.76,3180.22,3180.38,71780229
2020-06-10T04:00:00Z,3180.38,3183.16,3179.39,3180.84,62489286
2020-06-10T05:00:00Z,3180.84,3188.43,3178.19,3183.67,64283370
2020-06-10T06:00:00Z,3183.67,3187.95,3174.25,3177.33,75521905
2020-06-10T07:00:00Z,3177.33,3178.20,3171.72,3175.80,67376218
2020-06-10T08:00:00Z,3175.80,3182.75,3171.49,3182.53,73630315
2020-06-10T09:00:00Z,3182.53,3185.26,3180.23,3180.90,67389840
2020-06-10T10:00:00Z,3180.90,3184.34,3178.63,3183.54,56654021
2020-06-10T11:00:00Z,3183.54,3187.76,3182.84,3183.44,55432248
2020-06-10T12:00:00Z,3183.44,3185.39,3178.01,3180.22,61758711
2020-06-10T13:00:00Z,3180.22,3193.09,3179.55,3188.85,79723368
2020-06-10T14:00:00Z,3188.85,3189.44,3186.35,3187.27,65372805
2020-06-10T15:00:00Z,3187.27,3194.40,3183.64,3190.97,76391636
2020-06-10T16:00:00Z,3190.97,3203.72,3189.10,3199.03,83384700
2020-06-10T17:00:00Z,3199.03,3201.56,3192.98,3194.98,63797621
2020-06-10T18:00:00Z,3194.98,3198.12,3189.73,3190.24,80334779
2020-06-10T19:00:00Z,3190.24,3193.51,3183.70,3187.78,65180646
2020-06-10T20:00:00Z,3187.78,3199.06,3184.72,3194.21,84468765
2020-06-10T21:00:00Z,3194.21,3201.18,3191.81,3196.49,69056179
2020-06-10T22:00:00Z,3196.49,3196.98,3193.56,3195.20,70981581
2020-06-10T23:00:00Z,3195.20,3206.34,3191.64,3205.62,89895812
2020-06-11T00:00:00Z,3205.62,3208.24,3204.50,3206.83,63446646
2020-06-11T01:00:00Z,3206.83,3210.33,3201.49,3202.57,63819884
2020-06-11T02:00:00Z,3202.57,3211.70,3201.96,3208.70,67918878
2020-06-11T03:00:00Z,3208.70,3211.14,3195.30,3198.79,83006369
2020-06-11T04:00:00Z,3198.79,3199.83,3190.46,3192.83,83494839
2020-06-11T05:00:00Z,3192.83,3195.28,3192.60,3193.64,54764735
2020-06-11T06:00:00Z,3193.64,3195.24,3186.52,3187.01,75069860
2020-06-11T07:00:00Z,3187.01,3195.80,3184.29,3193.86,75666611
2020-06-11T08:00:00Z,3193.86,3197.08,3193.58,3194.51,66247567
2020-06-11T09:00:00Z,3194.51,3199.84,3193.21,3197.85,67044023
2020-06-11T10:00:00Z,3197.85,3217.31,3193.29,3213.31,106929158
2020-06-11T11:00:00Z,3213.31,3222.81,3208.55,3220.71,69822633
2020-06-11T12:00:00Z,3220.71,3231.41,3219.80,3227.73,80778254
2020-06-11T13:00:00Z,3227.73,3227.93,3222.96,3223.75,67334345
2020-06-11T14:00:00Z,3223.75,3227.73,3205.39,3208.50,91185932
2020-06-11T15:00:00Z,3208.50,3211.61,3207.78,3211.12,60687411
2020-06-11T16:00:00Z,3211.12,3211.40,3202.41,3205.93,80682647
2020-06-11T17:00:00Z,3205.93,3224.44,3202.32,3220.09,87446271
2020-06-11T18:00:00Z,3220.09,3228.24,3217.61,3224.25,69539408
2020-06-11T19:00:00Z,3224.25,3234.98,3223.19,3231.15,84660213
2020-06-11T20:00:00Z,3231.15,3231.19,3222.06,3223.42,78283170
2020-06-11T21:00:00Z,3223.42,3230.99,3221.18,3230.85,72530381
2020-06-11T22:00:00Z,3230.85,3236.40,3227.80,3233.91,65909111
2020-06-11T23:00:00Z,3233.91,3243.16,3233.49,3241.77,75828943
2020-06-12T00:00:00Z,3241.77,3249.91,3241.68,3249.31,79135001
2020-06-12T01:00:00Z,3249.31,3257.86,3248.08,3253.76,66569303
2020-06-12T02:00:00Z,3253.76,3258.56,3251.40,3255.11,55492833
2020-06-12T03:00:00Z,3255.11,3260.83,3253.22,3256.29,70822581
2020-06-12T04:00:00Z,3256.29,3271.37,3252.12,3269.67,87487606
2020-06-12T05:00:00Z,3269.67,3281.07,3266.55,3279.65,85732895
2020-06-12T06:00:00Z,3279.65,3283.12,3269.79,3273.63,65358605
2020-06-12T07:00:00Z,3273.63,3289.56,3270.58,3287.48,94433635
2020-06-12T08:00:00Z,3287.48,3296.00,3282.72,3291.89,79606462
2020-06-12T09:00:00Z,3291.89,3293.35,3279.34,3282.12,87147118
2020-06-12T10:00:00Z,3282.12,3283.57,3279.21,3280.29,63228798
2020-06-12T11:00:00Z,3280.29,3282.44,3274.54,3277.44,74785711
2020-06-12T12:00:00Z,3277.44,3281.15,3272.48,3276.60,61375099
2020-06-12T13:00:00Z,3276.60,3279.59,3260.50,3263.71,89623713
2020-06-12T14:00:00Z,3263.71,3266.76,3256.52,3261.14,74368552
2020-06-12T15:00:00Z,3261.14,3262.83,3254.32,3256.60,79939949
2020-06-12T16:00:00Z,3256.60,3259.61,3243.22,3247.74,83832115
2020-06-12T17:00:00Z,3247.74,3250.58,3245.65,3250.26,76138928
2020-06-12T18:00:00Z,3250.26,3254.21,3242.80,3247.01,69828039
2020-06-12T19:00:00Z,3247.01,3258.21,3246.22,3255.36,72560261
2020-06-12T20:00:00Z,3255.36,3265.49,3251.41,3262.61,78543208
2020-06-12T21:00:00Z,3262.61,3266.63,3255.45,3259.20,77464581
2020-06-12T22:00:00Z,3259.20,3263.17,3257.60,3257.99,59880189
2020-06-12T23:00:00Z,3257.99,3271.61,3255.23,3267.93,83519500
2020-06-13T00:00:00Z,3267.93,3274.91,3263.62,3271.67,69678643
2020-06-13T01:00:00Z,3271.67,3274.83,3268.74,3271.39,67795642
2020-06-13T02:00:00Z,3271.39,3290.76,3267.22,3288.76,107898482
2020-06-13T03:00:00Z,3288.76,3293.26,3282.98,3287.56,58547992
2020-06-13T04:00:00Z,3287.56,3289.61,3275.70,3280.21,80517977
2020-06-13T05:00:00Z,3280.21,3283.15,3271.14,3273.82,83311532
2020-06-13T06:00:00Z,3273.82,3293.31,3273.71,3288.60,90615622
2020-06-13T07:00:00Z,3288.60,3294.18,3283.83,3292.80,61366214
2020-06-13T08:00:00Z,3292.80,3294.91,3285.61,3290.48,64856040
2020-06-13T09:00:00Z,3290.48,3291.42,3281.39,3285.83,68839223
2020-06-13T10:00:00Z,3285.83,3288.65,3283.53,3284.40,66196254
2020-06-13T11:00:00Z,3284.40,3297.87,3283.21,3294.31,93686631
2020-06-13T12:00:00Z,3294.31,3294.80,3288.24,3290.25,67092670
2020-06-13T13:00:00Z,3290.25,3309.09,3288.72,3304.55,94884047
2020-06-13T14:00:00Z,3304.55,3306.59,3295.15,3295.79,88240847
2020-06-13T15:00:00Z,3295.79,3297.28,3290.23,3290.64,78807621
2020-06-13T16:00:00Z,3290.64,3295.71,3287.56,3294.36,74717005
2020-06-13T17:00:00Z,3294.36,3307.13,3291.61,3304.68,86663455
2020-06-13T18:00:00Z,3304.68,3313.24,3303.95,3310.67,68324681
2020-06-13T19:00:00Z,3310.67,3314.70,3305.04,3309.09,69832379
2020-06-13T20:00:00Z,3309.09,3311.83,3303.29,3308.22,53286486
2020-06-13T21:00:00Z,3308.22,3316.40,3303.31,3315.21,74230286
2020-06-13T22:00:00Z,3315.21,3321.97,3310.95,3319.61,71567116
2020-06-13T23:00:00Z,3319.61,3321.26,3314.60,3319.79,67280050
2020-06-14T00:00:00Z,3319.79,3327.02,3318.17,3324.03,68093444
2020-06-14T01:00:00Z,3324.03,3324.40,3318.79,3323.19,66088479
2020-06-14T02:00:00Z,3323.19,3323.78,3322.12,3323.44,55626998
2020-06-14T03:00:00Z,3323.44,3339.23,3322.95,3338.70,103682957
2020-06-14T04:00:00Z,3338.70,3345.07,3336.26,3340.48,62664726
2020-06-14T05:00:00Z,3340.48,3346.20,3337.78,3343.14,72512855
2020-06-14T06:00:00Z,3343.14,3345.58,3336.48,3337.74,68839191
2020-06-14T07:00:00Z,3337.74,3340.61,3329.75,3332.65,77968118
2020-06-14T08:00:00Z,3332.65,3337.99,3328.42,3334.01,57708661
2020-06-14T09:00:00Z,3334.01,3342.36,3331.63,3340.17,68759139
2020-06-14T10:00:00Z,3340.17,3340.85,3329.30,3333.70,78000511
2020-06-14T11:00:00Z,3333.70,3349.47,3333.48,3348.70,90812630
2020-06-14T12:00:00Z,3348.70,3361.33,3344.14,3361.23,91395065
2020-06-14T13:00:00Z,3361.23,3365.84,3356.52,3357.79,71112174
2020-06-14T14:00:00Z,3357.79,3358.98,3349.09,3352.25,63440147
2020-06-14T15:00:00Z,3352.25,3363.29,3350.10,3360.12,85154741
2020-06-14T16:00:00Z,3360.12,3361.12,3348.12,3349.02,83763950
2020-06-14T17:00:00Z,3349.02,3353.39,3340.29,3342.36,67292851
2020-06-14T18:00:00Z,3342.36,3356.62,3337.88,3354.80,96150073
2020-06-14T19:00:00Z,3354.80,3363.83,3354.43,3359.05,73884203
2020-06-14T20:00:00Z,3359.05,3362.87,3358.71,3361.40,60894672
2020-06-14T21:00:00Z,3361.40,3362.23,3344.81,3348.92,92702917
2020-06-14T22:00:00Z,3348.92,3350.16,3340.78,3343.98,74577720
2020-06-14T23:00:00Z,3343.98,3352.97,3340.62,3348.01,59967717
2020-06-15T00:00:00Z,3348.01,3349.95,3340.87,3345.89,67471573
2020-06-15T01:00:00Z,3345.89,3345.93,3333.12,3337.77,69716905
2020-06-15T02:00:00Z,3337.77,3348.93,3333.83,3348.58,79282142
2020-06-15T03:00:00Z,3348.58,3351.08,3346.68,3348.37,52265883
2020-06-15T04:00:00Z,3348.37,3348.73,3345.39,3346.13,55801120
2020-06-15T05:00:00Z,3346.13,3349.50,3338.20,3339.72,74430692
2020-06-15T06:00:00Z,3339.72,3348.42,3339.62,3346.03,78445931
2020-06-15T07:00:00Z,3346.03,3359.40,3342.62,3355.42,74866351
2020-06-15T08:00:00Z,3355.42,3365.87,3352.68,3365.81,75760785
2020-06-15T09:00:00Z,3365.81,3370.51,3362.61,3365.62,55035290
2020-06-15T10:00:00Z,3365.62,3369.13,3362.26,3363.39,72164468
2020-06-15T11:00:00Z,3363.39,3367.99,3360.57,3361.07,61389166
2020-06-15T12:00:00Z,3361.07,3363.18,3358.12,3362.09,57338827
2020-06-15T13:00:00Z,3362.09,3370.61,3360.34,3367.76,79520875
2020-06-15T14:00:00Z,3367.76,3378.19,3363.00,3377.05,72784507
2020-06-15T15:00:00Z,3377.05,3379.76,3363.12,3366.05,93200611
2020-06-15T16:00:00Z,3366.05,3369.60,3362.97,3368.68,74440927
2020-06-15T17:00:00Z,3368.68,3371.23,3357.00,3358.35,79815883
2020-06-15T18:00:00Z,3358.35,3362.70,3354.41,3356.60,65579869
2020-06-15T19:00:00Z,3356.60,3361.15,3353.69,3355.85,63401696
2020-06-15T20:00:00Z,3355.85,3360.74,3351.91,3354.15,69021754
2020-06-15T21:00:00Z,3354.15,3355.71,3348.22,3348.40,64226228
2020-06-15T22:00:00Z,3348.40,3349.82,3337.50,3338.84,85419392
2020-06-15T23:00:00Z,3338.84,3342.60,3332.86,3335.99,68401226
2020-06-16T00:00:00Z,3335.99,3351.56,3334.76,3350.77,94160296
2020-06-16T01:00:00Z,3350.77,3352.81,3346.63,3348.50,58806409
2020-06-16T02:00:00Z,3348.50,3361.34,3344.16,3358.05,82435347
2020-06-16T03:00:00Z,3358.05,3359.35,3348.91,3349.35,72670551
2020-06-16T04:00:00Z,3349.35,3352.05,3334.20,3337.36,87862363
2020-06-16T05:00:00Z,3337.36,3346.76,3336.71,3344.47,82395793
2020-06-16T06:00:00Z,3344.47,3346.69,3337.20,3339.12,74131232
2020-06-16T07:00:00Z,3339.12,3349.74,3335.99,3346.61,69598085
2020-06-16T08:00:00Z,3346.61,3352.76,3346.24,3348.70,69705867
2020-06-16T09:00:00Z,3348.70,3351.68,3337.46,3338.90,91847775
2020-06-16T10:00:00Z,3338.90,3343.13,3326.99,3330.05,79519511
2020-06-16T11:00:00Z,3330.05,3332.91,3325.78,3329.78,53674161
2020-06-16T12:00:00Z,3329.78,3334.81,3327.84,3332.36,69515907
2020-06-16T13:00:00Z,3332.36,3335.16,3331.94,3333.83,54148901
2020-06-16T14:00:00Z,3333.83,3338.63,3325.40,3326.42,84055799
2020-06-16T15:00:00Z,3326.42,3333.02,3322.96,3328.36,71525129
2020-06-16T16:00:00Z,3328.36,3331.60,3326.07,3330.28,56977693
2020-06-16T17:00:00Z,3330.28,3333.00,3320.01,3324.93,74964698
2020-06-16T18:00:00Z,3324.93,3328.04,3321.33,3323.53,64228214
2020-06-16T19:00:00Z,3323.53,3327.44,3315.55,3319.66,64212824
2020-06-16T20:00:00Z,3319.66,3322.08,3312.81,3316.96,75194632
2020-06-16T21:00:00Z,3316.96,3326.54,3315.87,3323.76,85138013
2020-06-16T22:00:00Z,3323.76,3334.77,3322.15,3333.65,91593270
2020-06-16T23:00:00Z,3333.65,3340.33,3330.76,3337.71,66162810
2020-06-17T00:00:00Z,3337.71,3340.51,3335.45,3338.28,69201406
2020-06-17T01:00:00Z,3338.28,3341.18,3337.10,3340.45,67471533
2020-06-17T02:00:00Z,3340.45,3343.98,3334.97,3336.57,72607272
2020-06-17T03:00:00Z,3336.57,3339.81,3330.27,3331.78,70484471
2020-06-17T04:00:00Z,3331.78,3334.60,3324.14,3327.92,71973655
2020-06-17T05:00:00Z,3327.92,3331.63,3323.06,3323.78,70414030
2020-06-17T06:00:00Z,3323.78,3324.68,3309.92,3314.03,79636683
2020-06-17T07:00:00Z,3314.03,3315.61,3305.37,3309.01,70165068
2020-06-17T08:00:00Z,3309.01,3327.07,3306.33,3326.11,96221566
2020-06-17T09:00:00Z,3326.11,3336.96,3324.58,3333.38,78463851
2020-06-17T10:00:00Z,3333.38,3337.85,3328.47,3335.37,56726744
2020-06-17T11:00:00Z,3335.37,3336.71,3329.81,3330.17,80922964
2020-06-17T12:00:00Z,3330.17,3343.51,3325.40,3341.92,81592264
2020-06-17T13:00:00Z,3341.92,3346.14,3339.72,3345.15,71792819
2020-06-17T14:00:00Z,3345.15,3347.03,3343.17,3344.32,62625572
2020-06-17T15:00:00Z,3344.32,3347.39,3340.71,3345.29,62783429
2020-06-17T16:00:00Z,3345.29,3346.60,3343.27,3346.00,62606264
2020-06-17T17:00:00Z,3346.00,3349.78,3343.96,3346.69,57009900
2020-06-17T18:00:00Z,3346.69,3351.05,3333.48,3336.53,93502847
2020-06-17T19:00:00Z,3336.53,3348.55,3334.69,3345.64,79550719
2020-06-17T20:00:00Z,3345.64,3352.04,3342.28,3348.68,72800137
2020-06-17T21:00:00Z,3348.68,3349.19,3343.96,3346.41,70662314
2020-06-17T22:00:00Z,3346.41,3353.92,3344.78,3352.70,73757111
2020-06-17T23:00:00Z,3352.70,3354.33,3349.23,3354.27,64935486
2020-06-18T00:00:00Z,3354.27,3355.92,3349.27,3352.22,56430191
2020-06-18T01:00:00Z,3352.22,3352.66,3349.69,3351.25,64819217
2020-06-18T02:00:00Z,3351.25,3355.80,3338.60,3343.63,73632107
2020-06-18T03:00:00Z,3343.63,3345.25,3336.34,3340.96,63799378
2020-06-18T04:00:00Z,3340.96,3345.40,3336.61,3338.86,65140557
2020-06-18T05:00:00Z,3338.86,3343.37,3332.00,3335.07,73675153
2020-06-18T06:00:00Z,3335.07,3337.21,3328.40,3329.57,74710661
2020-06-18T07:00:00Z,3329.57,3338.29,3327.45,3334.48,71247751
2020-06-18T08:00:00Z,3334.48,3338.81,3330.26,3335.69,63203992
2020-06-18T09:00:00Z,3335.69,3337.18,3322.37,3323.45,86370270
2020-06-18T10:00:00Z,3323.45,3331.07,3319.77,3330.18,70859318
2020-06-18T11:00:00Z,3330.18,3330.77,3326.74,3330.56,61234923
2020-06-18T12:00:00Z,3330.56,3335.76,3327.15,3333.89,59432817
2020-06-18T13:00:00Z,3333.89,3335.68,3328.42,3333.24,70611170
2020-06-18T14:00:00Z,3333.24,3335.10,3330.67,3333.22,56627512
2020-06-18T15:00:00Z,3333.22,3345.97,3329.80,3341.20,71185676
2020-06-18T16:00:00Z,3341.20,3350.37,3336.68,3345.97,79497885
2020-06-18T17:00:00Z,3345.97,3347.25,3342.68,3343.46,74115298
2020-06-18T18:00:00Z,3343.46,3347.52,3338.43,3347.08,68222435
2020-06-18T19:00:00Z,3347.08,3350.46,3344.72,3349.21,56719983
2020-06-18T20:00:00Z,3349.21,3353.76,3333.47,3336.18,97313728
2020-06-18T21:00:00Z,3336.18,3342.52,3332.45,3339.86,61692889
2020-06-18T22:00:00Z,3339.86,3342.30,3330.98,3335.60,62960912
2020-06-18T23:00:00Z,3335.60,3341.80,3333.62,3338.64,61432942
2020-06-19T00:00:00Z,3338.64,3345.03,3335.73,3341.11,58596771
2020-06-19T01:00:00Z,3341.11,3342.63,3340.33,3342.14,60563219
2020-06-19T02:00:00Z,3342.14,3346.38,3331.30,3335.72,80016587
2020-06-19T03:00:00Z,3335.72,3347.26,3330.83,3342.73,70577344
2020-06-19T04:00:00Z,3342.73,3348.89,3337.85,3346.40,60121967
2020-06-19T05:00:00Z,3346.40,3348.59,3342.81,3344.50,66685550
2020-06-19T06:00:00Z,3344.50,3358.83,3341.16,3353.79,73863904
2020-06-19T07:00:00Z,3353.79,3356.42,3345.86,3350.03,65507524
2020-06-19T08:00:00Z,3350.03,3356.05,3346.26,3354.28,67415127
2020-06-19T09:00:00Z,3354.28,3354.66,3344.95,3346.29,70860300
2020-06-19T10:00:00Z,3346.29,3350.58,3336.44,3338.91,75311045
2020-06-19T11:00:00Z,3338.91,3342.58,3336.93,3341.40,56298468
2020-06-19T12:00:00Z,3341.40,3343.33,3334.46,3336.65,70723602
2020-06-19T13:00:00Z,3336.65,3340.53,3333.40,3340.46,76698336
2020-06-19T14:00:00Z,3340.46,3344.44,3333.69,3335.63,70699739
2020-06-19T15:00:00Z,3335.63,3337.70,3324.84,3329.19,72862656
2020-06-19T16:00:00Z,3329.19,3338.18,3325.36,3334.70,69554215
2020-06-19T17:00:00Z,3334.70,3339.62,3333.19,3335.15,68100786
2020-06-19T18:00:00Z,3335.15,3339.08,3325.81,3325.92,88998334
2020-06-19T19:00:00Z,3325.92,3338.69,3322.01,3334.00,72235069
2020-06-19T20:00:00Z,3334.00,3338.25,3333.02,3336.93,69406949
2020-06-19T21:00:00Z,3336.93,3343.48,3335.04,3341.48,67727176
2020-06-19T22:00:00Z,3341.48,3355.65,3339.46,3352.12,79404867
2020-06-19T23:00:00Z,3352.12,3367.39,3349.44,3363.46,81276821
2020-06-20T00:00:00Z,3363.46,3365.52,3354.74,3359.81,76377362
2020-06-20T01:00:00Z,3359.81,3369.16,3356.22,3365.36,65053281
2020-06-20T02:00:00Z,3365.36,3367.43,3363.67,3364.51,58424464
2020-06-20T03:00:00Z,3364.51,3368.16,3358.95,3360.27,74880356
2020-06-20T04:00:00Z,3360.27,3371.43,3356.89,3369.99,78814879
2020-06-20T05:00:00Z,3369.99,3373.78,3368.00,3369.07,57048692
2020-06-20T06:00:00Z,3369.07,3372.75,3361.28,3365.79,71095709
2020-06-20T07:00:00Z,3365.79,3371.38,3361.96,3368.66,58419124
2020-06-20T08:00:00Z,3368.66,3369.14,3363.58,3364.51,73667752
2020-06-20T09:00:00Z,3364.51,3368.04,3363.06,3366.34,72836961
2020-06-20T10:00:00Z,3366.34,3370.33,3357.22,3359.89,83453194
2020-06-20T11:00:00Z,3359.89,3364.85,3359.81,3363.67,65714397
2020-06-20T12:00:00Z,3363.67,3368.04,3354.09,3356.56,74502608
2020-06-20T13:00:00Z,3356.56,3367.13,3353.74,3364.26,77402451
2020-06-20T14:00:00Z,3364.26,3367.57,3362.76,3363.18,67465946
2020-06-20T15:00:00Z,3363.18,3371.00,3361.72,3368.93,69526280
2020-06-20T16:00:00Z,3368.93,3376.39,3366.30,3375.49,77344833
2020-06-20T17:00:00Z,3375.49,3382.11,3371.79,3378.05,70700730
2020-06-20T18:00:00Z,3378.05,3393.38,3375.27,3392.83,87256105
2020-06-20T19:00:00Z,3392.83,3397.49,3391.89,3396.32,69758270
2020-06-20T20:00:00Z,3396.32,3400.81,3387.35,3390.06,75658563
2020-06-20T21:00:00Z,3390.06,3394.55,3386.89,3393.45,73870921
2020-06-20T22:00:00Z,3393.45,3397.31,3391.51,3392.90,64981678
2020-06-20T23:00:00Z,3392.90,3396.43,3384.71,3388.63,72308248
2020-06-21T00:00:00Z,3388.63,3389.99,3378.24,3381.58,85169978
2020-06-21T01:00:00Z,3381.58,3382.38,3374.48,3378.06,68623973
2020-06-21T02:00:00Z,3378.06,3387.22,3376.71,3383.78,64127537
2020-06-21T03:00:00Z,3383.78,3386.43,3376.80,3378.92,72266342
2020-06-21T04:00:00Z,3378.92,3385.41,3375.94,3384.87,69219165
2020-06-21T05:00:00Z,3384.87,3386.88,3382.71,3385.85,56402459
2020-06-21T06:00:00Z,3385.85,3386.47,3372.28,3373.40,87785124
2020-06-21T07:00:00Z,3373.40,3377.99,3370.82,3376.78,64366516
2020-06-21T08:00:00Z,3376.78,3380.75,3364.86,3368.67,74554765
2020-06-21T09:00:00Z,3368.67,3374.49,3368.23,3372.83,64192366
2020-06-21T10:00:00Z,3372.83,3377.75,3370.66,3370.96,66592226
2020-06-21T11:00:00Z,3370.96,3371.71,3363.97,3367.17,69057389
2020-06-21T12:00:00Z,3367.17,3368.01,3363.34,3366.00,55550324
2020-06-21T13:00:00Z,3366.00,3381.05,3361.85,3376.17,85544142
2020-06-21T14:00:00Z,3376.17,3376.94,3371.24,3373.73,56038888
2020-06-21T15:00:00Z,3373.73,3377.23,3364.49,3369.15,79225723
2020-06-21T16:00:00Z,3369.15,3376.51,3364.98,3371.87,75238973
2020-06-21T17:00:00Z,3371.87,3374.57,3363.90,3366.58,66387939
2020-06-21T18:00:00Z,3366.58,3371.54,3362.15,3363.91,72309595
2020-06-21T19:00:00Z,3363.91,3368.14,3351.96,3355.75,70598536
2020-06-21T20:00:00Z,3355.75,3364.31,3354.37,3360.95,69397592
2020-06-21T21:00:00Z,3360.95,3362.30,3354.62,3355.39,78955904
2020-06-21T22:00:00Z,3355.39,3358.88,3354.20,3355.51,52206837
2020-06-21T23:00:00Z,3355.51,3359.46,3350.43,3356.77,71312719
2020-06-22T00:00:00Z,3356.77,3361.51,3354.70,3356.07,70484016
2020-06-22T01:00:00Z,3356.07,3358.74,3349.87,3351.39,75207587
2020-06-22T02:00:00Z,3351.39,3361.40,3350.77,3357.22,79001065
2020-06-22T03:00:00Z,3357.22,3360.14,3356.47,3359.06,62817918
2020-06-22T04:00:00Z,3359.06,3362.78,3351.45,3356.15,76578699
2020-06-22T05:00:00Z,3356.15,3364.29,3352.00,3361.45,80751277
2020-06-22T06:00:00Z,3361.45,3379.37,3358.50,3376.06,86512505
2020-06-22T07:00:00Z,3376.06,3380.42,3374.79,3377.37,60004790
2020-06-22T08:00:00Z,3377.37,3382.01,3363.14,3366.82,76587923
2020-06-22T09:00:00Z,3366.82,3367.32,3352.55,3357.31,85375053
2020-06-22T10:00:00Z,3357.31,3359.65,3353.57,3354.85,63499918
2020-06-22T11:00:00Z,3354.85,3367.39,3351.15,3364.50,83868967
2020-06-22T12:00:00Z,3364.50,3369.71,3363.84,3365.36,57035096
2020-06-22T13:00:00Z,3365.36,3366.71,3365.16,3365.83,66614656
2020-06-22T14:00:00Z,3365.83,3368.34,3363.82,3365.41,60071015
2020-06-22T15:00:00Z,3365.41,3368.88,3362.10,3365.09,58069501
2020-06-22T16:00:00Z,3365.09,3369.77,3349.92,3351.38,93604676
2020-06-22T17:00:00Z,3351.38,3361.17,3351.11,3360.35,89854697
2020-06-22T18:00:00Z,3360.35,3363.52,3359.11,3362.15,71424315
2020-06-22T19:00:00Z,3362.15,3362.60,3357.46,3358.63,77188358
2020-06-22T20:00:00Z,3358.63,3366.36,3355.24,3361.62,69878491
2020-06-22T21:00:00Z,3361.62,3374.34,3357.00,3369.97,73544145
2020-06-22T22:00:00Z,3369.97,3370.74,3361.78,3361.98,75971765
2020-06-22T23:00:00Z,3361.98,3366.41,3347.26,3351.26,80871951
2020-06-23T00:00:00Z,3351.26,3353.15,3340.13,3342.90,88053649
2020-06-23T01:00:00Z,3342.90,3346.24,3333.66,3333.97,89676937
2020-06-23T02:00:00Z,3333.97,3348.95,3329.83,3345.06,85326618
2020-06-23T03:00:00Z,3345.06,3353.80,3344.86,3352.98,84914612
2020-06-23T04:00:00Z,3352.98,3356.17,3344.87,3347.67,74418244
2020-06-23T05:00:00Z,3347.67,3352.74,3338.26,3341.38,73704731
2020-06-23T06:00:00Z,3341.38,3346.34,3340.51,3344.25,64303927
2020-06-23T07:00:00Z,3344.25,3357.09,3341.83,3354.19,76459910
2020-06-23T08:00:00Z,3354.19,3356.93,3352.41,3356.08,68587671
2020-06-23T09:00:00Z,3356.08,3364.94,3355.96,3361.36,66664585
2020-06-23T10:00:00Z,3361.36,3375.80,3359.53,3373.58,83954933
2020-06-23T11:00:00Z,3373.58,3384.50,3373.19,3382.70,89883283
2020-06-23T12:00:00Z,3382.70,3384.10,3374.58,3378.27,66095802
2020-06-23T13:00:00Z,3378.27,3388.29,3375.69,3388.11,77049426
2020-06-23T14:00:00Z,3388.11,3400.11,3385.60,3395.67,84449960
2020-06-23T15:00:00Z,3395.67,3414.91,3394.99,3414.73,104595245
2020-06-23T16:00:00Z,3414.73,3426.45,3412.66,3423.22,89445654
2020-06-23T17:00:00Z,3423.22,3427.34,3413.85,3415.13,73379710
2020-06-23T18:00:00Z,3415.13,3419.71,3402.09,3405.98,91235128
2020-06-23T19:00:00Z,3405.98,3408.33,3400.27,3402.71,75032618
2020-06-23T20:00:00Z,3402.71,3406.40,3400.81,3405.33,59849162
2020-06-23T21:00:00Z,3405.33,3413.42,3400.60,3409.44,67827819
2020-06-23T22:00:00Z,3409.44,3413.32,3404.22,3408.75,53349709
2020-06-23T23:00:00Z,3408.75,3420.13,3407.82,3416.57,75009963
2020-06-24T00:00:00Z,3416.57,3427.78,3414.60,3424.73,86071118
2020-06-24T01:00:00Z,3424.73,3429.72,3418.42,3423.08,64117093
2020-06-24T02:00:00Z,3423.08,3440.16,3422.88,3437.13,85449551
2020-06-24T03:00:00Z,3437.13,3440.44,3434.81,3436.50,59443806
2020-06-24T04:00:00Z,3436.50,3441.31,3431.93,3434.61,71989339
2020-06-24T05:00:00Z,3434.61,3441.95,3433.70,3437.70,65082012
2020-06-24T06:00:00Z,3437.70,3438.22,3429.41,3431.08,81161359
2020-06-24T07:00:00Z,3431.08,3436.12,3428.85,3433.81,63673163
2020-06-24T08:00:00Z,3433.81,3434.34,3422.32,3426.77,78453105
2020-06-24T09:00:00Z,3426.77,3430.01,3419.95,3422.26,74617901
2020-06-24T10:00:00Z,3422.26,3427.65,3421.45,3423.20,62490719
2020-06-24T11:00:00Z,3423.20,3429.28,3423.04,3427.13,71513169
2020-06-24T12:00:00Z,3427.13,3428.11,3414.32,3418.00,76972242
2020-06-24T13:00:00Z,3418.00,3418.86,3411.60,3413.71,71687362
2020-06-24T14:00:00Z,3413.71,3423.57,3409.36,3419.50,81275862
2020-06-24T15:00:00Z,3419.50,3425.57,3418.74,3421.51,57161595
2020-06-24T16:00:00Z,3421.51,3426.58,3409.25,3411.81,89004940
2020-06-24T17:00:00Z,3411.81,3414.76,3409.06,3412.04,57636816
2020-06-24T18:00:00Z,3412.04,3420.27,3409.70,3418.51,71156210
2020-06-24T19:00:00Z,3418.51,3419.54,3401.16,3406.13,98174220
2020-06-24T20:00:00Z,3406.13,3408.04,3396.08,3397.57,72005845
2020-06-24T21:00:00Z,3397.57,3409.99,3396.04,3405.55,78882434
2020-06-24T22:00:00Z,3405.55,3409.57,3397.01,3400.31,74709615
2020-06-24T23:00:00Z,3400.31,3402.39,3393.62,3395.08,69229077
2020-06-25T00:00:00Z,3395.08,3395.88,3390.61,3393.31,65423829
2020-06-25T01:00:00Z,3393.31,3403.19,3390.93,3400.00,74115980
2020-06-25T02:00:00Z,3400.00,3400.18,3389.23,3393.55,70253247
2020-06-25T03:00:00Z,3393.55,3403.21,3392.50,3399.99,79744780
2020-06-25T04:00:00Z,3399.99,3408.88,3396.21,3406.69,81090419
2020-06-25T05:00:00Z,3406.69,3408.65,3394.68,3396.93,89232953
2020-06-25T06:00:00Z,3396.93,3407.06,3396.00,3406.32,82342456
2020-06-25T07:00:00Z,3406.32,3408.06,3396.30,3400.49,73912857
2020-06-25T08:00:00Z,3400.49,3402.31,3399.16,3402.03,67227350
2020-06-25T09:00:00Z,3402.03,3410.98,3398.69,3409.08,82833677
2020-06-25T10:00:00Z,3409.08,3414.17,3405.04,3413.15,66773620
2020-06-25T11:00:00Z,3413.15,3423.16,3409.31,3418.99,69146576
2020-06-25T12:00:00Z,3418.99,3424.29,3417.44,3420.64,72660301
2020-06-25T13:00:00Z,3420.64,3424.15,3411.90,3415.17,63647067
2020-06-25T14:00:00Z,3415.17,3422.02,3412.02,3421.43,84283406
2020-06-25T15:00:00Z,3421.43,3422.57,3409.63,3412.50,78480239
2020-06-25T16:00:00Z,3412.50,3415.63,3407.22,3411.39,67540015
2020-06-25T17:00:00Z,3411.39,3415.05,3408.05,3411.26,61445114
2020-06-25T18:00:00Z,3411.26,3420.33,3408.11,3417.79,66036615
2020-06-25T19:00:00Z,3417.79,3422.14,3413.87,3415.22,65423915
2020-06-25T20:00:00Z,3415.22,3425.71,3413.58,3421.90,78209131
2020-06-25T21:00:00Z,3421.90,3422.24,3412.32,3413.87,84177956
2020-06-25T22:00:00Z,3413.87,3418.79,3413.57,3418.43,71437701
2020-06-25T23:00:00Z,3418.43,3432.13,3417.68,3427.38,79572415
2020-06-26T00:00:00Z,3427.38,3428.40,3420.97,3423.87,63654844
2020-06-26T01:00:00Z,3423.87,3425.13,3423.69,3424.58,52392774
2020-06-26T02:00:00Z,3424.58,3427.69,3420.15,3425.74,54861753
2020-06-26T03:00:00Z,3425.74,3438.22,3425.51,3434.33,72364402
2020-06-26T04:00:00Z,3434.33,3442.23,3430.81,3437.74,58208406
2020-06-26T05:00:00Z,3437.74,3448.28,3433.82,3445.36,73986214
2020-06-26T06:00:00Z,3445.36,3447.39,3433.88,3438.94,83928918
2020-06-26T07:00:00Z,3438.94,3439.09,3436.23,3438.71,51619673
2020-06-26T08:00:00Z,3438.71,3439.16,3430.84,3433.00,63666349
2020-06-26T09:00:00Z,3433.00,3436.86,3429.77,3430.75,61953107
2020-06-26T10:00:00Z,3430.75,3442.96,3428.41,3439.97,79449487
2020-06-26T11:00:00Z,3439.97,3441.96,3426.29,3431.46,70745153
2020-06-26T12:00:00Z,3431.46,3438.76,3430.62,3434.11,71824051
2020-06-26T13:00:00Z,3434.11,3439.19,3423.95,3427.31,70247434
2020-06-26T14:00:00Z,3427.31,3434.74,3422.80,3433.36,69653350
2020-06-26T15:00:00Z,3433.36,3445.48,3432.61,3443.01,85695561
2020-06-26T16:00:00Z,3443.01,3444.98,3438.20,3442.26,66225775
2020-06-26T17:00:00Z,3442.26,3461.46,3438.01,3457.49,87400400
2020-06-26T18:00:00Z,3457.49,3458.63,3449.82,3454.27,69414738
2020-06-26T19:00:00Z,3454.27,3463.15,3449.41,3459.31,69029055
2020-06-26T20:00:00Z,3459.31,3466.70,3458.85,3463.72,74915313
2020-06-26T21:00:00Z,3463.72,3464.72,3460.34,3464.12,53795969
2020-06-26T22:00:00Z,3464.12,3469.97,3461.60,3465.04,58153510
2020-06-26T23:00:00Z,3465.04,3476.28,3463.83,3472.70,77241644
2020-06-27T00:00:00Z,3472.70,3475.95,3465.29,3465.69,83858665
2020-06-27T01:00:00Z,3465.69,3466.80,3458.15,3461.37,75760254
2020-06-27T02:00:00Z,3461.37,3466.29,3454.66,3457.51,64863955
2020-06-27T03:00:00Z,3457.51,3465.22,3456.55,3465.08,76584076
2020-06-27T04:00:00Z,3465.08,3467.50,3455.84,3459.21,71253606
2020-06-27T05:00:00Z,3459.21,3460.51,3450.65,3451.66,82648153
2020-06-27T06:00:00Z,3451.66,3458.67,3449.05,3454.02,57675988
2020-06-27T07:00:00Z,3454.02,3455.68,3450.18,3451.36,67201164
2020-06-27T08:00:00Z,3451.36,3475.86,3449.33,3473.87,116997309
2020-06-27T09:00:00Z,3473.87,3478.36,3458.78,3461.30,88964499
2020-06-27T10:00:00Z,3461.30,3463.98,3455.62,3457.18,65874164
2020-06-27T11:00:00Z,3457.18,3469.39,3456.66,3467.51,86664348
2020-06-27T12:00:00Z,3467.51,3468.68,3458.43,3462.60,79410725
2020-06-27T13:00:00Z,3462.60,3466.25,3460.94,3464.63,70357727
2020-06-27T14:00:00Z,3464.63,3466.91,3455.19,3458.83,79388548
2020-06-27T15:00:00Z,3458.83,3465.11,3458.09,3462.81,61571112
2020-06-27T16:00:00Z,3462.81,3469.55,3461.93,3464.72,70790017
2020-06-27T17:00:00Z,3464.72,3470.60,3462.89,3468.62,63037455
2020-06-27T18:00:00Z,3468.62,3477.03,3464.44,3473.53,80732227
2020-06-27T19:00:00Z,3473.53,3488.28,3472.48,3485.03,94861378
2020-06-27T20:00:00Z,3485.03,3485.80,3476.26,3479.74,72713747
2020-06-27T21:00:00Z,3479.74,3486.98,3476.84,3482.46,69935514
2020-06-27T22:00:00Z,3482.46,3487.42,3478.33,3484.72,68012491
2020-06-27T23:00:00Z,3484.72,3488.55,3480.80,3481.41,65977433
2020-06-28T00:00:00Z,3481.41,3486.85,3480.81,3482.08,70218487
2020-06-28T01:00:00Z,3482.08,3483.67,3474.61,3478.29,59032684
2020-06-28T02:00:00Z,3478.29,3486.63,3475.19,3486.25,73482477
2020-06-28T03:00:00Z,3486.25,3493.42,3485.62,3489.22,72657166
2020-06-28T04:00:00Z,3489.22,3508.46,3486.81,3503.25,94651564
2020-06-28T05:00:00Z,3503.25,3505.27,3494.65,3495.86,83519695
2020-06-28T06:00:00Z,3495.86,3497.77,3487.95,3490.18,74676614
2020-06-28T07:00:00Z,3490.18,3496.47,3487.21,3493.66,64628177
2020-06-28T08:00:00Z,3493.66,3495.91,3489.66,3491.14,66880347
2020-06-28T09:00:00Z,3491.14,3498.06,3488.63,3496.25,67810835
2020-06-28T10:00:00Z,3496.25,3501.78,3495.86,3500.73,78851407
2020-06-28T11:00:00Z,3500.73,3504.50,3492.55,3496.94,63404608
2020-06-28T12:00:00Z,3496.94,3506.41,3493.73,3503.25,72358617
2020-06-28T13:00:00Z,3503.25,3506.52,3501.08,3501.85,64513463
2020-06-28T14:00:00Z,3501.85,3506.71,3496.60,3498.35,58512637
2020-06-28T15:00:00Z,3498.35,3503.22,3488.07,3492.47,76348129
2020-06-28T16:00:00Z,3492.47,3493.24,3476.76,3478.93,81095154
2020-06-28T17:00:00Z,3478.93,3498.17,3474.44,3494.93,106683977
2020-06-28T18:00:00Z,3494.93,3495.34,3486.33,3489.11,75264408
2020-06-28T19:00:00Z,3489.11,3492.23,3483.25,3484.52,66584037
2020-06-28T20:00:00Z,3484.52,3486.19,3474.04,3476.26,74047754
2020-06-28T21:00:00Z,3476.26,3482.40,3471.29,3480.92,74732636
2020-06-28T22:00:00Z,3480.92,3481.26,3474.33,3475.20,81459800
2020-06-28T23:00:00Z,3475.20,3480.33,3468.03,3470.71,67141087
2020-06-29T00:00:00Z,3470.71,3474.66,3464.91,3469.38,55187096
2020-06-29T01:00:00Z,3469.38,3474.33,3463.76,3463.82,73342946
2020-06-29T02:00:00Z,3463.82,3468.53,3461.31,3464.48,51847930
2020-06-29T03:00:00Z,3464.48,3468.56,3457.99,3463.14,69492120
2020-06-29T04:00:00Z,3463.14,3466.97,3451.01,3455.65,72581656
2020-06-29T05:00:00Z,3455.65,3461.69,3453.68,3456.56,60855706
2020-06-29T06:00:00Z,3456.56,3465.64,3455.50,3461.35,65521175
2020-06-29T07:00:00Z,3461.35,3465.15,3459.33,3463.85,56360959
2020-06-29T08:00:00Z,3463.85,3467.39,3453.26,3455.95,78696938
2020-06-29T09:00:00Z,3455.95,3456.51,3451.55,3454.77,55255302
2020-06-29T10:00:00Z,3454.77,3461.63,3450.20,3458.84,63662928
2020-06-29T11:00:00Z,3458.84,3459.61,3452.98,3456.88,61583619
2020-06-29T12:00:00Z,3456.88,3473.37,3456.73,3471.67,91038903
2020-06-29T13:00:00Z,3471.67,3487.23,3469.27,3486.17,96199180
2020-06-29T14:00:00Z,3486.17,3500.18,3481.46,3497.39,85751454
2020-06-29T15:00:00Z,3497.39,3498.40,3491.26,3492.36,69815387
2020-06-29T16:00:00Z,3492.36,3501.36,3488.55,3496.51,70211222
2020-06-29T17:00:00Z,3496.51,3503.34,3495.23,3498.82,74317160
2020-06-29T18:00:00Z,3498.82,3520.54,3495.16,3516.53,90449622
2020-06-29T19:00:00Z,3516.53,3517.19,3507.72,3507.73,84851959
2020-06-29T20:00:00Z,3507.73,3511.88,3502.57,3507.31,57646371
2020-06-29T21:00:00Z,3507.31,3515.42,3502.37,3510.58,76848100
2020-06-29T22:00:00Z,3510.58,3513.15,3504.23,3505.79,68459141
2020-06-29T23:00:00Z,3505.79,3522.26,3503.11,3517.07,91413659
2020-06-30T00:00:00Z,3517.07,3531.95,3515.33,3527.35,77873257
2020-06-30T01:00:00Z,3527.35,3533.83,3522.10,3532.51,80919354
2020-06-30T02:00:00Z,3532.51,3533.36,3530.38,3530.66,62379323
2020-06-30T03:00:00Z,3530.66,3534.90,3527.33,3531.07,55647305
2020-06-30T04:00:00Z,3531.07,3534.88,3528.41,3529.04,62132528
2020-06-30T05:00:00Z,3529.04,3529.71,3520.26,3525.31,76454618
2020-06-30T06:00:00Z,3525.31,3525.59,3521.57,3524.53,66331393
2020-06-30T07:00:00Z,3524.53,3530.34,3520.60,3529.01,68047831
2020-06-30T08:00:00Z,3529.01,3531.21,3521.04,3525.80,64268095
2020-06-30T09:00:00Z,3525.80,3526.46,3521.49,3525.74,68668049
2020-06-30T10:00:00Z,3525.74,3529.05,3518.21,3520.57,69384199
2020-06-30T11:00:00Z,3520.57,3533.81,3515.58,3528.74,70701601
2020-06-30T12:00:00Z,3528.74,3530.18,3527.11,3527.43,63749142
2020-06-30T13:00:00Z,3527.43,3536.05,3524.40,3532.51,61660996
2020-06-30T14:00:00Z,3532.51,3534.54,3528.57,3529.42,58274319
2020-06-30T15:00:00Z,3529.42,3530.54,3525.78,3527.88,65217192
2020-06-30T16:00:00Z,3527.88,3528.55,3524.92,3527.89,55021012
2020-06-30T17:00:00Z,3527.89,3540.25,3524.71,3536.66,77839919
2020-06-30T18:00:00Z,3536.66,3544.75,3535.37,3540.12,62182431
2020-06-30T19:00:00Z,3540.12,3545.38,3528.91,3530.76,80776135
2020-06-30T20:00:00Z,3530.76,3532.24,3527.19,3528.19,68634920
2020-06-30T21:00:00Z,3528.19,3532.36,3525.89,3526.85,64508197
2020-06-30T22:00:00Z,3526.85,3527.18,3517.60,3522.57,64306140
2020-06-30T23:00:00Z,3522.57,3525.19,3518.84,3523.23,62509215
2020-07-01T00:00:00Z,3523.23,3527.01,3521.70,3524.14,55101374
2020-07-01T01:00:00Z,3524.14,3524.67,3514.98,3517.72,68917994
2020-07-01T02:00:00Z,3517.72,3531.35,3513.90,3529.24,85462212
2020-07-01T03:00:00Z,3529.24,3532.59,3522.94,3528.00,58857589
2020-07-01T04:00:00Z,3528.00,3529.54,3522.81,3525.03,67163410
2020-07-01T05:00:00Z,3525.03,3543.04,3523.68,3537.98,86307488
2020-07-01T06:00:00Z,3537.98,3542.55,3535.96,3536.28,69803705
2020-07-01T07:00:00Z,3536.28,3539.35,3530.34,3531.69,74420399
2020-07-01T08:00:00Z,3531.69,3533.40,3507.19,3509.23,120262738
2020-07-01T09:00:00Z,3509.23,3511.60,3496.39,3497.54,84733551
2020-07-01T10:00:00Z,3497.54,3517.90,3497.41,3512.67,99378720
2020-07-01T11:00:00Z,3512.67,3515.89,3510.34,3513.94,68460267
2020-07-01T12:00:00Z,3513.94,3516.44,3496.77,3499.78,92307326
2020-07-01T13:00:00Z,3499.78,3501.50,3488.74,3490.89,86315508
2020-07-01T14:00:00Z,3490.89,3491.91,3486.10,3489.43,66218484
2020-07-01T15:00:00Z,3489.43,3500.07,3484.30,3496.97,70404425
2020-07-01T16:00:00Z,3496.97,3501.66,3491.78,3496.92,54986319
2020-07-01T17:00:00Z,3496.92,3503.34,3492.70,3500.12,70877133
2020-07-01T18:00:00Z,3500.12,3514.62,3498.05,3513.42,81081579
2020-07-01T19:00:00Z,3513.42,3518.37,3508.56,3508.60,65585718
2020-07-01T20:00:00Z,3508.60,3513.42,3508.23,3513.30,64094962
2020-07-01T21:00:00Z,3513.30,3513.74,3499.37,3504.19,82525834
2020-07-01T22:00:00Z,3504.19,3514.83,3500.38,3510.50,69050802
2020-07-01T23:00:00Z,3510.50,3516.05,3506.77,3514.79,71772015
2020-07-02T00:00:00Z,3514.79,3518.55,3508.91,3510.91,76028180
2020-07-02T01:00:00Z,3510.91,3515.43,3505.39,3509.80,69154803
2020-07-02T02:00:00Z,3509.80,3524.08,3506.70,3520.03,90821007
2020-07-02T03:00:00Z,3520.03,3521.05,3515.90,3518.81,66432949
2020-07-02T04:00:00Z,3518.81,3522.64,3507.67,3512.43,73565550
2020-07-02T05:00:00Z,3512.43,3520.10,3511.10,3518.75,72631682
2020-07-02T06:00:00Z,3518.75,3527.15,3517.23,3522.65,59968876
2020-07-02T07:00:00Z,3522.65,3533.32,3519.05,3530.71,71140088
2020-07-02T08:00:00Z,3530.71,3536.62,3527.04,3531.68,64766071
2020-07-02T09:00:00Z,3531.68,3536.85,3526.89,3532.85,64462015
2020-07-02T10:00:00Z,3532.85,3551.87,3527.81,3548.08,86670955
2020-07-02T11:00:00Z,3548.08,3552.89,3543.61,3546.63,61596935
2020-07-02T12:00:00Z,3546.63,3551.91,3543.21,3546.49,59675865
2020-07-02T13:00:00Z,3546.49,3548.39,3544.42,3545.70,64885101
2020-07-02T14:00:00Z,3545.70,3554.34,3542.24,3554.11,80482085
2020-07-02T15:00:00Z,3554.11,3566.49,3553.85,3565.65,83652833
2020-07-02T16:00:00Z,3565.65,3567.79,3549.39,3554.42,86898057
2020-07-02T17:00:00Z,3554.42,3559.42,3550.24,3550.78,59388383
2020-07-02T18:00:00Z,3550.78,3551.00,3540.27,3540.83,80674760
2020-07-02T19:00:00Z,3540.83,3547.66,3536.47,3542.56,73730132
2020-07-02T20:00:00Z,3542.56,3551.67,3539.81,3548.13,62783142
2020-07-02T21:00:00Z,3548.13,3549.21,3539.67,3543.75,73118672
2020-07-02T22:00:00Z,3543.75,3552.44,3539.80,3548.72,72487222
2020-07-02T23:00:00Z,3548.72,3551.66,3537.15,3540.24,82834896
2020-07-03T00:00:00Z,3540.24,3540.31,3534.04,3539.06,64380976
2020-07-03T01:00:00Z,3539.06,3542.37,3523.01,3527.95,85529787
2020-07-03T02:00:00Z,3527.95,3535.18,3525.44,3533.83,74855251
2020-07-03T03:00:00Z,3533.83,3535.50,3528.93,3530.94,66079724
2020-07-03T04:00:00Z,3530.94,3546.68,3527.17,3546.31,90501313
2020-07-03T05:00:00Z,3546.31,3551.65,3538.99,3539.67,67485538
2020-07-03T06:00:00Z,3539.67,3555.58,3536.26,3551.23,84072201
2020-07-03T07:00:00Z,3551.23,3551.30,3542.59,3547.59,71403991
2020-07-03T08:00:00Z,3547.59,3552.09,3543.94,3548.08,59977092
2020-07-03T09:00:00Z,3548.08,3550.24,3544.74,3546.66,69627392
2020-07-03T10:00:00Z,3546.66,3550.35,3533.52,3536.60,85302140
2020-07-03T11:00:00Z,3536.60,3544.08,3532.26,3541.67,76853377
2020-07-03T12:00:00Z,3541.67,3547.29,3537.50,3544.16,60311873
2020-07-03T13:00:00Z,3544.16,3544.29,3534.31,3535.18,79915806
2020-07-03T14:00:00Z,3535.18,3537.11,3529.28,3530.29,69948619
2020-07-03T15:00:00Z,3530.29,3535.62,3515.43,3520.16,75154101
2020-07-03T16:00:00Z,3520.16,3520.94,3509.87,3511.88,78664032
2020-07-03T17:00:00Z,3511.88,3514.87,3508.48,3514.64,75766374
2020-07-03T18:00:00Z,3514.64,3519.75,3506.38,3511.35,69194721
2020-07-03T19:00:00Z,3511.35,3513.30,3502.78,3503.46,78112303
2020-07-03T20:00:00Z,3503.46,3504.55,3495.63,3500.32,59810308
2020-07-03T21:00:00Z,3500.32,3507.23,3498.69,3504.39,78238590
2020-07-03T22:00:00Z,3504.39,3508.74,3499.57,3505.05,70030994
2020-07-03T23:00:00Z,3505.05,3518.58,3502.20,3514.68,82663683
2020-07-04T00:00:00Z,3514.68,3523.81,3512.35,3522.37,78511732
2020-07-04T01:00:00Z,3522.37,3523.67,3518.37,3522.70,55616883
2020-07-04T02:00:00Z,3522.70,3534.48,3521.23,3531.08,82707378
2020-07-04T03:00:00Z,3531.08,3532.61,3529.14,3531.76,65265121
2020-07-04T04:00:00Z,3531.76,3535.68,3525.92,3528.51,59048286
2020-07-04T05:00:00Z,3528.51,3533.58,3514.60,3516.07,96024927
2020-07-04T06:00:00Z,3516.07,3522.41,3512.35,3520.35,72873543
2020-07-04T07:00:00Z,3520.35,3532.45,3518.52,3528.19,78857893
2020-07-04T08:00:00Z,3528.19,3530.08,3522.37,3523.12,68135354
2020-07-04T09:00:00Z,3523.12,3524.81,3519.18,3523.64,53153942
2020-07-04T10:00:00Z,3523.64,3530.09,3519.24,3525.68,55695636
2020-07-04T11:00:00Z,3525.68,3530.45,3523.00,3523.08,62916141
2020-07-04T12:00:00Z,3523.08,3531.53,3519.75,3530.46,74688845
2020-07-04T13:00:00Z,3530.46,3533.77,3523.33,3526.36,60759169
2020-07-04T14:00:00Z,3526.36,3527.10,3522.08,3522.34,66529105
2020-07-04T15:00:00Z,3522.34,3525.58,3518.53,3519.64,62590427
2020-07-04T16:00:00Z,3519.64,3522.75,3509.58,3513.43,83111055
2020-07-04T17:00:00Z,3513.43,3516.05,3508.83,3513.73,69347794
2020-07-04T18:00:00Z,3513.73,3518.97,3507.18,3510.26,65176401
2020-07-04T19:00:00Z,3510.26,3515.08,3499.25,3504.44,80340085
2020-07-04T20:00:00Z,3504.44,3508.90,3483.78,3488.10,101328344
2020-07-04T21:00:00Z,3488.10,3489.60,3480.30,3485.21,58838821
2020-07-04T22:00:00Z,3485.21,3490.21,3478.16,3482.09,70835968
2020-07-04T23:00:00Z,3482.09,3483.10,3480.25,3482.70,64810305
2020-07-05T00:00:00Z,3482.70,3484.82,3478.21,3484.38,63967333
2020-07-05T01:00:00Z,3484.38,3488.35,3474.53,3475.02,86774435
2020-07-05T02:00:00Z,3475.02,3475.17,3469.33,3470.91,76755572
2020-07-05T03:00:00Z,3470.91,3474.32,3464.80,3468.88,67566352
2020-07-05T04:00:00Z,3468.88,3469.45,3445.36,3449.61,100335887
2020-07-05T05:00:00Z,3449.61,3452.60,3441.94,3445.45,63589565
2020-07-05T06:00:00Z,3445.45,3448.70,3440.40,3448.42,61249576
2020-07-05T07:00:00Z,3448.42,3456.61,3448.28,3453.67,74161810
2020-07-05T08:00:00Z,3453.67,3458.22,3449.52,3450.81,75049768
2020-07-05T09:00:00Z,3450.81,3455.42,3445.10,3446.47,76057849
2020-07-05T10:00:00Z,3446.47,3449.22,3439.65,3443.45,71644075
2020-07-05T11:00:00Z,3443.45,3445.42,3437.98,3441.65,71279702
2020-07-05T12:00:00Z,3441.65,3445.26,3438.13,3438.88,58866617
2020-07-05T13:00:00Z,3438.88,3443.25,3435.40,3439.49,61450240
2020-07-05T14:00:00Z,3439.49,3446.61,3437.58,3441.67,62893750
2020-07-05T15:00:00Z,3441.67,3463.27,3436.54,3461.41,107181826
2020-07-05T16:00:00Z,3461.41,3466.63,3451.08,3452.11,77316411
2020-07-05T17:00:00Z,3452.11,3452.94,3448.22,3452.26,52491679
2020-07-05T18:00:00Z,3452.26,3466.39,3450.05,3462.90,93033731
2020-07-05T19:00:00Z,3462.90,3464.03,3455.83,3458.86,78855013
2020-07-05T20:00:00Z,3458.86,3461.24,3456.26,3456.32,75366590
2020-07-05T21:00:00Z,3456.32,3473.95,3453.87,3470.29,95379195
2020-07-05T22:00:00Z,3470.29,3474.89,3466.48,3473.01,71644243
2020-07-05T23:00:00Z,3473.01,3475.33,3466.23,3470.59,70050549
2020-07-06T00:00:00Z,3470.59,3471.19,3457.82,3459.14,85861622
2020-07-06T01:00:00Z,3459.14,3460.22,3454.17,3455.18,72645578
2020-07-06T02:00:00Z,3455.18,3463.05,3452.38,3461.13,69605943
2020-07-06T03:00:00Z,3461.13,3469.44,3460.67,3465.07,72314485
2020-07-06T04:00:00Z,3465.07,3467.57,3462.27,3466.49,65866146
2020-07-06T05:00:00Z,3466.49,3469.77,3452.03,3454.77,89052139
2020-07-06T06:00:00Z,3454.77,3459.52,3451.31,3459.23,79135162
2020-07-06T07:00:00Z,3459.23,3464.11,3449.46,3454.10,69750553
2020-07-06T08:00:00Z,3454.10,3468.22,3453.91,3466.10,96586983
2020-07-06T09:00:00Z,3466.10,3475.52,3460.87,3474.66,85702456
2020-07-06T10:00:00Z,3474.66,3484.68,3469.88,3479.81,69245820
2020-07-06T11:00:00Z,3479.81,3487.34,3477.60,3485.01,65468810
2020-07-06T12:00:00Z,3485.01,3488.42,3482.24,3483.15,73393843
2020-07-06T13:00:00Z,3483.15,3490.08,3482.88,3488.21,66434401
2020-07-06T14:00:00Z,3488.21,3496.69,3486.73,3492.03,59127323
2020-07-06T15:00:00Z,3492.03,3500.43,3488.28,3498.62,81292003
2020-07-06T16:00:00Z,3498.62,3499.93,3498.12,3499.10,59964559
2020-07-06T17:00:00Z,3499.10,3505.75,3494.99,3500.53,54086009
2020-07-06T18:00:00Z,3500.53,3503.73,3492.48,3496.36,77249551
2020-07-06T19:00:00Z,3496.36,3508.46,3495.71,3505.38,73482095
2020-07-06T20:00:00Z,3505.38,3506.21,3498.38,3501.37,77042972
2020-07-06T21:00:00Z,3501.37,3504.56,3497.35,3503.41,69915878
2020-07-06T22:00:00Z,3503.41,3505.53,3499.76,3504.13,71217796
2020-07-06T23:00:00Z,3504.13,3506.36,3495.48,3498.51,80445675
2020-07-07T00:00:00Z,3498.51,3501.14,3497.02,3500.88,73036642
2020-07-07T01:00:00Z,3500.88,3508.45,3496.95,3504.94,66112755
2020-07-07T02:00:00Z,3504.94,3505.82,3496.31,3499.79,73631199
2020-07-07T03:00:00Z,3499.79,3501.27,3483.19,3486.46,88570315
2020-07-07T04:00:00Z,3486.46,3496.53,3481.49,3492.51,81276318
2020-07-07T05:00:00Z,3492.51,3497.60,3491.32,3494.27,71369436
2020-07-07T06:00:00Z,3494.27,3495.77,3483.35,3486.77,72327406
2020-07-07T07:00:00Z,3486.77,3490.37,3483.51,3487.81,66775092
2020-07-07T08:00:00Z,3487.81,3488.37,3483.98,3487.34,69487917
2020-07-07T09:00:00Z,3487.34,3487.46,3476.68,3480.73,71842349
2020-07-07T10:00:00Z,3480.73,3481.28,3469.34,3470.22,89799940
2020-07-07T11:00:00Z,3470.22,3479.03,3466.20,3474.15,71720879
2020-07-07T12:00:00Z,3474.15,3480.92,3473.71,3477.01,71166051
2020-07-07T13:00:00Z,3477.01,3479.08,3474.80,3477.03,66810580
2020-07-07T14:00:00Z,3477.03,3484.62,3475.42,3483.14,82796157
2020-07-07T15:00:00Z,3483.14,3488.45,3480.00,3487.84,72863351
2020-07-07T16:00:00Z,3487.84,3498.49,3486.85,3497.76,83714633
2020-07-07T17:00:00Z,3497.76,3500.85,3484.99,3489.62,83489053
2020-07-07T18:00:00Z,3489.62,3492.62,3486.97,3489.09,56086617
2020-07-07T19:00:00Z,3489.09,3489.73,3479.39,3481.40,84130138
2020-07-07T20:00:00Z,3481.40,3485.22,3479.15,3484.65,66820091
2020-07-07T21:00:00Z,3484.65,3487.92,3475.17,3479.35,68084045
2020-07-07T22:00:00Z,3479.35,3488.72,3475.21,3485.74,71657882
2020-07-07T23:00:00Z,3485.74,3490.55,3475.87,3481.05,60864802
2020-07-08T00:00:00Z,3481.05,3485.62,3477.93,3483.54,66586303
2020-07-08T01:00:00Z,3483.54,3484.20,3478.52,3482.51,56221171
2020-07-08T02:00:00Z,3482.51,3488.05,3481.93,3483.92,64425080
2020-07-08T03:00:00Z,3483.92,3487.34,3480.76,3484.28,58100625
2020-07-08T04:00:00Z,3484.28,3488.57,3469.24,3470.95,86966078
2020-07-08T05:00:00Z,3470.95,3476.20,3468.51,3471.07,62645714
2020-07-08T06:00:00Z,3471.07,3484.53,3467.08,3482.05,94262971
2020-07-08T07:00:00Z,3482.05,3492.50,3476.96,3487.27,68445065
2020-07-08T08:00:00Z,3487.27,3502.99,3487.15,3500.76,84202645
2020-07-08T09:00:00Z,3500.76,3503.63,3492.31,3495.22,67269449
2020-07-08T10:00:00Z,3495.22,3499.32,3481.48,3485.94,83465374
2020-07-08T11:00:00Z,3485.94,3487.43,3480.92,3483.36,64145327
2020-07-08T12:00:00Z,3483.36,3483.69,3471.08,3471.68,89135381
2020-07-08T13:00:00Z,3471.68,3478.14,3468.99,3474.94,62630786
2020-07-08T14:00:00Z,3474.94,3484.50,3470.74,3481.94,79301099
2020-07-08T15:00:00Z,3481.94,3486.56,3469.27,3474.20,69972531
2020-07-08T16:00:00Z,3474.20,3474.92,3462.65,3467.57,83227647
2020-07-08T17:00:00Z,3467.57,3470.93,3462.29,3463.45,73826934
2020-07-08T18:00:00Z,3463.45,3465.28,3447.50,3452.14,91746083
2020-07-08T19:00:00Z,3452.14,3454.74,3444.90,3448.41,69511939
2020-07-08T20:00:00Z,3448.41,3462.03,3446.29,3461.18,82633709
2020-07-08T21:00:00Z,3461.18,3461.79,3450.39,3454.62,82104693
2020-07-08T22:00:00Z,3454.62,3457.70,3452.35,3452.97,54010659
2020-07-08T23:00:00Z,3452.97,3456.29,3444.35,3447.20,69789294
2020-07-09T00:00:00Z,3447.20,3453.67,3443.95,3448.54,69614393
2020-07-09T01:00:00Z,3448.54,3450.49,3435.11,3436.22,86164493
2020-07-09T02:00:00Z,3436.22,3437.72,3434.86,3435.41,52253192
2020-07-09T03:00:00Z,3435.41,3440.46,3431.97,3435.59,63849740
2020-07-09T04:00:00Z,3435.59,3437.47,3429.01,3430.83,68906333
2020-07-09T05:00:00Z,3430.83,3435.87,3428.09,3435.17,69658931
2020-07-09T06:00:00Z,3435.17,3450.61,3433.26,3446.72,81750083
2020-07-09T07:00:00Z,3446.72,3454.90,3442.30,3453.13,70583057
2020-07-09T08:00:00Z,3453.13,3456.44,3452.26,3453.00,61370678
2020-07-09T09:00:00Z,3453.00,3459.04,3452.74,3457.82,66034807
2020-07-09T10:00:00Z,3457.82,3460.28,3446.35,3451.54,77331284
2020-07-09T11:00:00Z,3451.54,3454.41,3446.60,3454.38,68830929
2020-07-09T12:00:00Z,3454.38,3458.67,3451.97,3453.89,66801407
2020-07-09T13:00:00Z,3453.89,3456.09,3449.05,3450.20,64026426
2020-07-09T14:00:00Z,3450.20,3461.60,3446.59,3460.00,74507422
2020-07-09T15:00:00Z,3460.00,3463.73,3456.83,3459.56,55170252
2020-07-09T16:00:00Z,3459.56,3476.47,3454.43,3471.58,93063059
2020-07-09T17:00:00Z,3471.58,3476.61,3469.47,3475.93,76901467
2020-07-09T18:00:00Z,3475.93,3480.06,3464.21,3467.68,76006233
2020-07-09T19:00:00Z,3467.68,3470.84,3463.30,3469.50,68240419
2020-07-09T20:00:00Z,3469.50,3475.73,3464.35,3474.29,64175767
2020-07-09T21:00:00Z,3474.29,3476.33,3472.86,3475.53,62756368
2020-07-09T22:00:00Z,3475.53,3486.72,3472.77,3481.50,79818635
2020-07-09T23:00:00Z,3481.50,3494.54,3476.45,3490.54,72700209
2020-07-10T00:00:00Z,3490.54,3491.95,3485.42,3491.03,54953388
2020-07-10T01:00:00Z,3491.03,3491.42,3483.35,3483.92,71426236
2020-07-10T02:00:00Z,3483.92,3487.76,3474.70,3478.58,74876581
2020-07-10T03:00:00Z,3478.58,3488.49,3475.95,3487.73,72728531
2020-07-10T04:00:00Z,3487.73,3488.13,3484.11,3485.50,73259855
2020-07-10T05:00:00Z,3485.50,3485.52,3477.38,3478.85,70865342
2020-07-10T06:00:00Z,3478.85,3483.04,3475.08,3480.50,73305614
2020-07-10T07:00:00Z,3480.50,3486.92,3480.08,3482.07,68909679
2020-07-10T08:00:00Z,3482.07,3485.43,3475.34,3477.76,75545110
2020-07-10T09:00:00Z,3477.76,3482.70,3475.99,3476.37,53214043
2020-07-10T10:00:00Z,3476.37,3479.40,3466.36,3470.69,68558864
2020-07-10T11:00:00Z,3470.69,3483.35,3470.56,3481.04,74657590
2020-07-10T12:00:00Z,3481.04,3482.03,3468.91,3473.12,74832822
2020-07-10T13:00:00Z,3473.12,3474.93,3469.88,3472.97,66367462
2020-07-10T14:00:00Z,3472.97,3476.32,3470.04,3474.11,53701055
2020-07-10T15:00:00Z,3474.11,3481.67,3472.40,3479.33,80644105
2020-07-10T16:00:00Z,3479.33,3481.88,3468.71,3473.86,71531291
2020-07-10T17:00:00Z,3473.86,3481.66,3472.97,3476.53,64101969
2020-07-10T18:00:00Z,3476.53,3489.96,3472.95,3485.91,77286781
2020-07-10T19:00:00Z,3485.91,3494.75,3484.95,3491.16,66185181
2020-07-10T20:00:00Z,3491.16,3496.43,3486.54,3496.11,67239586
2020-07-10T21:00:00Z,3496.11,3500.56,3483.52,3483.66,94071013
2020-07-10T22:00:00Z,3483.66,3492.44,3480.75,3489.59,66956485
2020-07-10T23:00:00Z,3489.59,3493.90,3485.68,3493.13,67966764
2020-07-11T00:00:00Z,3493.13,3495.68,3485.41,3486.95,78930245
2020-07-11T01:00:00Z,3486.95,3489.23,3477.68,3481.33,76905387
2020-07-11T02:00:00Z,3481.33,3487.78,3478.74,3483.45,74621020
2020-07-11T03:00:00Z,3483.45,3495.64,3479.36,3493.24,87574763
2020-07-11T04:00:00Z,3493.24,3497.29,3484.57,3485.31,86885981
2020-07-11T05:00:00Z,3485.31,3490.48,3474.62,3475.86,90053878
2020-07-11T06:00:00Z,3475.86,3482.28,3475.01,3480.67,74284931
2020-07-11T07:00:00Z,3480.67,3484.26,3477.09,3478.16,64535162
2020-07-11T08:00:00Z,3478.16,3482.56,3467.45,3470.09,75802432
2020-07-11T09:00:00Z,3470.09,3472.52,3456.02,3460.57,83013931
2020-07-11T10:00:00Z,3460.57,3474.83,3458.01,3471.14,92918632
2020-07-11T11:00:00Z,3471.14,3473.48,3469.17,3471.32,61925095
2020-07-11T12:00:00Z,3471.32,3477.12,3468.96,3477.00,65755642
2020-07-11T13:00:00Z,3477.00,3479.03,3466.52,3468.11,77100751
2020-07-11T14:00:00Z,3468.11,3468.84,3463.18,3468.26,50353877
2020-07-11T15:00:00Z,3468.26,3469.97,3464.43,3465.09,69825444
2020-07-11T16:00:00Z,3465.09,3468.22,3458.54,3463.19,74357366
2020-07-11T17:00:00Z,3463.19,3468.69,3462.01,3465.48,56042938
2020-07-11T18:00:00Z,3465.48,3477.17,3463.15,3475.91,91319170
2020-07-11T19:00:00Z,3475.91,3483.79,3473.62,3482.88,75725366
2020-07-11T20:00:00Z,3482.88,3490.58,3478.58,3487.28,76197748
2020-07-11T21:00:00Z,3487.28,3491.43,3466.78,3471.48,89032807
2020-07-11T22:00:00Z,3471.48,3481.94,3469.11,3478.46,73335526
2020-07-11T23:00:00Z,3478.46,3480.47,3469.59,3471.64,74956022
2020-07-12T00:00:00Z,3471.64,3489.97,3471.39,3485.83,90594914
2020-07-12T01:00:00Z,3485.83,3488.82,3485.81,3486.13,53920314
2020-07-12T02:00:00Z,3486.13,3491.57,3484.66,3488.17,72054875
2020-07-12T03:00:00Z,3488.17,3490.21,3473.21,3477.68,78844667
2020-07-12T04:00:00Z,3477.68,3483.74,3473.75,3479.54,63494163
2020-07-12T05:00:00Z,3479.54,3484.62,3474.23,3479.04,59779912
2020-07-12T06:00:00Z,3479.04,3482.42,3471.38,3471.99,69190088
2020-07-12T07:00:00Z,3471.99,3472.84,3458.68,3459.79,80394742
2020-07-12T08:00:00Z,3459.79,3463.54,3454.56,3460.35,55985242
2020-07-12T09:00:00Z,3460.35,3463.18,3455.72,3460.15,55854831
2020-07-12T10:00:00Z,3460.15,3471.46,3458.55,3468.16,80953336
2020-07-12T11:00:00Z,3468.16,3479.40,3464.89,3474.67,66610793
2020-07-12T12:00:00Z,3474.67,3481.71,3471.01,3477.32,56401346
2020-07-12T13:00:00Z,3477.32,3480.03,3472.87,3474.78,66070706
2020-07-12T14:00:00Z,3474.78,3476.60,3463.05,3468.02,74723669
2020-07-12T15:00:00Z,3468.02,3472.92,3460.61,3461.72,73118886
2020-07-12T16:00:00Z,3461.72,3463.14,3454.48,3457.30,67075247
2020-07-12T17:00:00Z,3457.30,3461.41,3440.62,3444.35,99502316
2020-07-12T18:00:00Z,3444.35,3448.55,3441.02,3444.77,62082450
2020-07-12T19:00:00Z,3444.77,3447.70,3437.92,3441.48,67210581
2020-07-12T20:00:00Z,3441.48,3446.69,3437.00,3440.65,69419338
2020-07-12T21:00:00Z,3440.65,3454.28,3437.75,3450.47,85083410
2020-07-12T22:00:00Z,3450.47,3456.43,3447.92,3455.96,81839074
2020-07-12T23:00:00Z,3455.96,3463.75,3454.97,3459.36,65491251
2020-07-13T00:00:00Z,3459.36,3472.49,3456.99,3467.78,87480497
2020-07-13T01:00:00Z,3467.78,3469.63,3458.64,3462.21,65592920
2020-07-13T02:00:00Z,3462.21,3462.35,3452.34,3456.90,68015016
2020-07-13T03:00:00Z,3456.90,3457.44,3447.41,3447.45,86552624
2020-07-13T04:00:00Z,3447.45,3447.96,3444.06,3447.07,61084012
2020-07-13T05:00:00Z,3447.07,3449.41,3441.64,3445.49,65513801
2020-07-13T06:00:00Z,3445.49,3452.97,3443.78,3450.16,76733546
2020-07-13T07:00:00Z,3450.16,3450.26,3441.30,3443.81,73150118
2020-07-13T08:00:00Z,3443.81,3444.66,3435.50,3435.88,76256033
2020-07-13T09:00:00Z,3435.88,3443.14,3430.80,3442.13,73564156
2020-07-13T10:00:00Z,3442.13,3454.95,3439.91,3450.04,87562202
2020-07-13T11:00:00Z,3450.04,3456.09,3447.72,3452.13,58702477
2020-07-13T12:00:00Z,3452.13,3452.59,3447.88,3451.55,57109912
2020-07-13T13:00:00Z,3451.55,3455.26,3436.49,3440.86,90191878
2020-07-13T14:00:00Z,3440.86,3445.97,3433.60,3434.77,76625913
2020-07-13T15:00:00Z,3434.77,3436.81,3431.17,3432.68,57181054
2020-07-13T16:00:00Z,3432.68,3435.48,3424.85,3425.87,81469079
2020-07-13T17:00:00Z,3425.87,3435.70,3422.30,3432.41,74495586
2020-07-13T18:00:00Z,3432.41,3436.33,3428.66,3433.89,57183769
2020-07-13T19:00:00Z,3433.89,3441.08,3430.54,3437.36,73416701
2020-07-13T20:00:00Z,3437.36,3441.90,3426.57,3430.58,67273306
2020-07-13T21:00:00Z,3430.58,3439.13,3430.42,3437.99,85721417
2020-07-13T22:00:00Z,3437.99,3442.12,3435.68,3436.66,60147332
2020-07-13T23:00:00Z,3436.66,3440.56,3429.52,3432.01,66652505
2020-07-14T00:00:00Z,3432.01,3434.70,3423.75,3427.12,69242890
2020-07-14T01:00:00Z,3427.12,3436.52,3425.60,3435.15,71073830
2020-07-14T02:00:00Z,3435.15,3439.98,3431.31,3435.63,53899374
2020-07-14T03:00:00Z,3435.63,3436.06,3427.22,3430.41,75202340
2020-07-14T04:00:00Z,3430.41,3441.14,3427.32,3438.09,73755120
2020-07-14T05:00:00Z,3438.09,3450.29,3433.87,3446.74,89654502
2020-07-14T06:00:00Z,3446.74,3450.99,3442.62,3449.91,67357839
2020-07-14T07:00:00Z,3449.91,3465.36,3447.91,3460.76,93111941
2020-07-14T08:00:00Z,3460.76,3461.46,3447.20,3449.00,92394116
2020-07-14T09:00:00Z,3449.00,3450.49,3444.38,3449.96,60473903
2020-07-14T10:00:00Z,3449.96,3453.86,3447.05,3450.38,66114064
2020-07-14T11:00:00Z,3450.38,3467.71,3448.02,3464.18,98181807
2020-07-14T12:00:00Z,3464.18,3466.37,3455.91,3459.69,71040531
2020-07-14T13:00:00Z,3459.69,3461.10,3454.48,3461.08,68207911
2020-07-14T14:00:00Z,3461.08,3466.95,3457.55,3462.74,63421110
2020-07-14T15:00:00Z,3462.74,3478.82,3458.56,3476.69,93324576
2020-07-14T16:00:00Z,3476.69,3480.16,3473.02,3479.24,67452879
2020-07-14T17:00:00Z,3479.24,3487.85,3479.12,3483.97,72602839
2020-07-14T18:00:00Z,3483.97,3484.80,3475.54,3475.69,83398029
2020-07-14T19:00:00Z,3475.69,3480.14,3457.55,3461.64,88846932
2020-07-14T20:00:00Z,3461.64,3472.63,3459.08,3467.63,71663667
2020-07-14T21:00:00Z,3467.63,3467.73,3464.08,3467.50,67552046
2020-07-14T22:00:00Z,3467.50,3469.98,3462.50,3462.85,65540100
2020-07-14T23:00:00Z,3462.85,3464.30,3457.79,3463.23,58177275
2020-07-15T00:00:00Z,3463.23,3463.28,3454.74,3459.86,63326409
2020-07-15T01:00:00Z,3459.86,3467.94,3457.43,3464.20,61340110
2020-07-15T02:00:00Z,3464.20,3468.94,3460.10,3467.22,75295256
2020-07-15T03:00:00Z,3467.22,3469.10,3461.05,3465.22,56089056
2020-07-15T04:00:00Z,3465.22,3470.28,3460.14,3470.17,64635218
2020-07-15T05:00:00Z,3470.17,3479.94,3469.60,3476.88,65837387
2020-07-15T06:00:00Z,3476.88,3482.02,3469.18,3474.38,73694885
2020-07-15T07:00:00Z,3474.38,3477.00,3466.29,3469.81,68662546
2020-07-15T08:00:00Z,3469.81,3471.71,3453.52,3454.50,96622910
2020-07-15T09:00:00Z,3454.50,3457.25,3444.79,3447.82,67402289
2020-07-15T10:00:00Z,3447.82,3452.03,3431.15,3435.22,96342287
2020-07-15T11:00:00Z,3435.22,3439.99,3433.42,3436.93,61804512
2020-07-15T12:00:00Z,3436.93,3439.05,3431.13,3435.09,61134734
2020-07-15T13:00:00Z,3435.09,3438.53,3431.89,3431.92,72880726
2020-07-15T14:00:00Z,3431.92,3441.64,3429.29,3440.99,83211211
2020-07-15T15:00:00Z,3440.99,3447.59,3439.60,3444.53,77424528
2020-07-15T16:00:00Z,3444.53,3458.37,3440.57,3454.68,88189997
2020-07-15T17:00:00Z,3454.68,3457.61,3445.34,3446.11,70136071
2020-07-15T18:00:00Z,3446.11,3451.70,3445.94,3446.83,66690170
2020-07-15T19:00:00Z,3446.83,3452.26,3443.20,3448.36,56545826
2020-07-15T20:00:00Z,3448.36,3449.13,3447.36,3448.41,68004165
2020-07-15T21:00:00Z,3448.41,3455.56,3445.38,3454.32,76146838
2020-07-15T22:00:00Z,3454.32,3455.36,3447.13,3449.02,70667258
2020-07-15T23:00:00Z,3449.02,3451.81,3447.06,3447.16,59499497
2020-07-16T00:00:00Z,3447.16,3456.63,3444.30,3455.99,85917536
2020-07-16T01:00:00Z,3455.99,3461.67,3454.06,3458.59,57422701
2020-07-16T02:00:00Z,3458.59,3460.24,3457.16,3459.51,55080806
2020-07-16T03:00:00Z,3459.51,3460.03,3453.54,3453.98,80612105
2020-07-16T04:00:00Z,3453.98,3456.75,3440.70,3444.86,80792715
2020-07-16T05:00:00Z,3444.86,3456.22,3443.47,3451.92,77980733
2020-07-16T06:00:00Z,3451.92,3460.16,3448.30,3455.88,77268400
2020-07-16T07:00:00Z,3455.88,3460.79,3454.38,3458.84,61179283
2020-07-16T08:00:00Z,3458.84,3467.15,3456.71,3464.30,78151154
2020-07-16T09:00:00Z,3464.30,3478.98,3460.32,3477.34,82897395
2020-07-16T10:00:00Z,3477.34,3480.88,3475.53,3478.94,59517238
2020-07-16T11:00:00Z,3478.94,3480.00,3474.46,3474.72,64839386
2020-07-16T12:00:00Z,3474.72,3485.56,3473.76,3481.96,69774080
2020-07-16T13:00:00Z,3481.96,3482.76,3478.02,3478.61,75419837
2020-07-16T14:00:00Z,3478.61,3483.68,3476.16,3482.69,61498568
2020-07-16T15:00:00Z,3482.69,3487.49,3478.76,3483.85,70024441
2020-07-16T16:00:00Z,3483.85,3485.42,3471.86,3477.04,77655658
2020-07-16T17:00:00Z,3477.04,3484.15,3473.13,3480.43,71327598
2020-07-16T18:00:00Z,3480.43,3484.79,3474.75,3478.65,64695646
2020-07-16T19:00:00Z,3478.65,3483.40,3469.71,3473.14,75877520
2020-07-16T20:00:00Z,3473.14,3478.28,3468.70,3477.74,66413055
2020-07-16T21:00:00Z,3477.74,3481.29,3472.74,3476.10,60430672
2020-07-16T22:00:00Z,3476.10,3477.97,3470.65,3475.06,63924272
2020-07-16T23:00:00Z,3475.06,3487.38,3472.12,3485.71,92757773
2020-07-17T00:00:00Z,3485.71,3486.47,3480.68,3481.65,67185505
2020-07-17T01:00:00Z,3481.65,3483.37,3475.73,3478.22,70191941
2020-07-17T02:00:00Z,3478.22,3481.62,3473.47,3475.38,72830811
2020-07-17T03:00:00Z,3475.38,3479.62,3466.49,3471.02,71467519
2020-07-17T04:00:00Z,3471.02,3475.51,3466.74,3470.67,51873106
2020-07-17T05:00:00Z,3470.67,3473.89,3464.45,3467.56,61870353
2020-07-17T06:00:00Z,3467.56,3478.89,3465.44,3478.05,84013327
2020-07-17T07:00:00Z,3478.05,3480.82,3477.76,3478.98,69396129
2020-07-17T08:00:00Z,3478.98,3480.76,3470.12,3474.83,69335058
2020-07-17T09:00:00Z,3474.83,3478.03,3469.10,3472.45,73181555
2020-07-17T10:00:00Z,3472.45,3477.57,3470.43,3473.31,65328507
2020-07-17T11:00:00Z,3473.31,3477.94,3463.25,3465.79,78721720
2020-07-17T12:00:00Z,3465.79,3470.62,3457.84,3462.97,75323204
2020-07-17T13:00:00Z,3462.97,3465.17,3456.25,3456.64,67290865
2020-07-17T14:00:00Z,3456.64,3457.15,3447.50,3452.71,64913966
2020-07-17T15:00:00Z,3452.71,3454.17,3446.16,3447.22,81852832
2020-07-17T16:00:00Z,3447.22,3461.91,3442.50,3456.76,83749223
2020-07-17T17:00:00Z,3456.76,3457.92,3450.73,3451.88,71067834
2020-07-17T18:00:00Z,3451.88,3458.06,3450.67,3457.36,69086212
2020-07-17T19:00:00Z,3457.36,3468.80,3456.39,3465.17,70947955
2020-07-17T20:00:00Z,3465.17,3465.89,3443.56,3446.05,100610464
2020-07-17T21:00:00Z,3446.05,3451.55,3441.04,3448.26,74810601
2020-07-17T22:00:00Z,3448.26,3449.57,3431.52,3436.56,78543372
2020-07-17T23:00:00Z,3436.56,3442.18,3433.58,3437.42,70553142
2020-07-18T00:00:00Z,3437.42,3445.23,3435.43,3441.11,59144869
2020-07-18T01:00:00Z,3441.11,3442.45,3434.51,3434.87,79210431
2020-07-18T02:00:00Z,3434.87,3445.73,3430.29,3441.41,65266118
2020-07-18T03:00:00Z,3441.41,3444.59,3439.80,3442.85,65632303
2020-07-18T04:00:00Z,3442.85,3447.82,3427.81,3431.62,78639259
2020-07-18T05:00:00Z,3431.62,3442.58,3428.72,3438.79,82190541
2020-07-18T06:00:00Z,3438.79,3443.12,3435.03,3440.78,60754245
2020-07-18T07:00:00Z,3440.78,3443.74,3436.41,3442.81,65868219
2020-07-18T08:00:00Z,3442.81,3442.84,3436.31,3439.18,75794759
2020-07-18T09:00:00Z,3439.18,3442.45,3423.47,3427.78,92121910
2020-07-18T10:00:00Z,3427.78,3432.83,3422.60,3426.71,71476375
2020-07-18T11:00:00Z,3426.71,3432.00,3422.89,3427.29,71140833
2020-07-18T12:00:00Z,3427.29,3428.75,3413.55,3418.51,87574137
2020-07-18T13:00:00Z,3418.51,3425.27,3413.99,3422.84,78264040
2020-07-18T14:00:00Z,3422.84,3427.33,3414.01,3418.41,63748621
2020-07-18T15:00:00Z,3418.41,3421.59,3405.39,3407.46,93024127
2020-07-18T16:00:00Z,3407.46,3418.99,3407.06,3418.23,78755203
2020-07-18T17:00:00Z,3418.23,3418.87,3409.06,3414.01,70171457
2020-07-18T18:00:00Z,3414.01,3427.25,3413.16,3426.95,84272152
2020-07-18T19:00:00Z,3426.95,3447.44,3425.95,3444.58,106482226
2020-07-18T20:00:00Z,3444.58,3445.46,3433.25,3438.28,83518343
2020-07-18T21:00:00Z,3438.28,3446.24,3435.79,3442.96,68696891
2020-07-18T22:00:00Z,3442.96,3447.47,3434.78,3436.08,84190057
2020-07-18T23:00:00Z,3436.08,3444.73,3434.27,3441.48,75635513
2020-07-19T00:00:00Z,3441.48,3445.20,3436.00,3439.63,63654842
2020-07-19T01:00:00Z,3439.63,3444.78,3437.68,3442.35,76064260
2020-07-19T02:00:00Z,3442.35,3457.50,3438.88,3455.49,84379294
2020-07-19T03:00:00Z,3455.49,3455.86,3451.77,3454.64,63657768
2020-07-19T04:00:00Z,3454.64,3467.61,3453.60,3465.00,82598701
2020-07-19T05:00:00Z,3465.00,3466.58,3463.39,3464.44,60649742
2020-07-19T06:00:00Z,3464.44,3468.08,3460.26,3463.82,62802912
2020-07-19T07:00:00Z,3463.82,3465.89,3457.89,3459.71,71935887
2020-07-19T08:00:00Z,3459.71,3465.99,3454.79,3465.88,83343900
2020-07-19T09:00:00Z,3465.88,3470.61,3454.60,3458.22,87522899
2020-07-19T10:00:00Z,3458.22,3461.23,3452.79,3456.47,69565765
2020-07-19T11:00:00Z,3456.47,3461.29,3449.45,3452.93,66295212
2020-07-19T12:00:00Z,3452.93,3455.59,3442.03,3442.31,83592001
2020-07-19T13:00:00Z,3442.31,3447.67,3437.64,3447.03,76348384
2020-07-19T14:00:00Z,3447.03,3451.50,3442.74,3447.29,64495199
2020-07-19T15:00:00Z,3447.29,3460.42,3445.98,3455.89,74137910
2020-07-19T16:00:00Z,3455.89,3465.75,3452.37,3460.78,71312937
2020-07-19T17:00:00Z,3460.78,3465.30,3451.79,3452.33,86662165
2020-07-19T18:00:00Z,3452.33,3457.20,3444.46,3447.13,81586341
2020-07-19T19:00:00Z,3447.13,3448.11,3441.76,3445.02,58737024
2020-07-19T20:00:00Z,3445.02,3445.26,3434.85,3439.28,80733163
2020-07-19T21:00:00Z,3439.28,3451.13,3434.49,3448.57,76302042
2020-07-19T22:00:00Z,3448.57,3453.77,3443.61,3448.54,50168316
2020-07-19T23:00:00Z,3448.54,3448.78,3437.60,3442.27,67240589
2020-07-20T00:00:00Z,3442.27,3443.29,3439.68,3440.45,55569374
2020-07-20T01:00:00Z,3440.45,3444.74,3438.09,3439.06,56241773
2020-07-20T02:00:00Z,3439.06,3442.18,3430.13,3432.65,73748012
2020-07-20T03:00:00Z,3432.65,3435.78,3429.56,3429.65,67766622
2020-07-20T04:00:00Z,3429.65,3436.84,3428.48,3431.82,58829588
2020-07-20T05:00:00Z,3431.82,3435.28,3424.78,3429.50,67224224
2020-07-20T06:00:00Z,3429.50,3434.49,3420.31,3423.85,72839783
2020-07-20T07:00:00Z,3423.85,3437.61,3422.52,3432.45,81159853
2020-07-20T08:00:00Z,3432.45,3435.51,3431.13,3431.24,66288152
2020-07-20T09:00:00Z,3431.24,3439.34,3428.26,3434.21,60489700
2020-07-20T10:00:00Z,3434.21,3441.78,3433.29,3436.90,65683479
2020-07-20T11:00:00Z,3436.90,3437.26,3424.59,3429.05,83331358
2020-07-20T12:00:00Z,3429.05,3430.10,3427.53,3428.68,69157597
2020-07-20T13:00:00Z,3428.68,3439.19,3426.37,3438.78,80597422
2020-07-20T14:00:00Z,3438.78,3439.65,3438.11,3438.80,50780303
2020-07-20T15:00:00Z,3438.80,3450.19,3436.41,3446.82,73285556
2020-07-20T16:00:00Z,3446.82,3447.20,3431.13,3434.02,93755164
2020-07-20T17:00:00Z,3434.02,3442.22,3430.17,3439.50,75070495
2020-07-20T18:00:00Z,3439.50,3444.01,3439.18,3443.93,71221256
2020-07-20T19:00:00Z,3443.93,3446.53,3432.49,3437.43,82674053
2020-07-20T20:00:00Z,3437.43,3441.43,3432.93,3438.25,62961979
2020-07-20T21:00:00Z,3438.25,3448.87,3434.43,3444.88,65640372
2020-07-20T22:00:00Z,3444.88,3446.12,3442.76,3445.48,71230037
2020-07-20T23:00:00Z,3445.48,3448.35,3440.50,3446.39,56831168
2020-07-21T00:00:00Z,3446.39,3451.48,3436.07,3438.00,87001982
2020-07-21T01:00:00Z,3438.00,3440.43,3434.09,3435.06,73027859
2020-07-21T02:00:00Z,3435.06,3441.23,3431.21,3437.45,59238393
2020-07-21T03:00:00Z,3437.45,3440.33,3434.88,3435.41,57993753
2020-07-21T04:00:00Z,3435.41,3438.08,3431.73,3434.61,67702301
2020-07-21T05:00:00Z,3434.61,3438.95,3430.24,3433.50,55490567
2020-07-21T06:00:00Z,3433.50,3438.25,3425.29,3425.94,70350554
2020-07-21T07:00:00Z,3425.94,3426.07,3417.18,3420.14,70676079
2020-07-21T08:00:00Z,3420.14,3424.92,3400.89,3405.54,92725481
2020-07-21T09:00:00Z,3405.54,3406.95,3393.69,3397.81,69221266
2020-07-21T10:00:00Z,3397.81,3402.26,3380.30,3383.60,99155948
2020-07-21T11:00:00Z,3383.60,3392.50,3381.54,3390.18,81885534
2020-07-21T12:00:00Z,3390.18,3396.50,3388.93,3392.45,71489677
2020-07-21T13:00:00Z,3392.45,3405.57,3391.12,3403.48,91924557
2020-07-21T14:00:00Z,3403.48,3403.74,3393.80,3397.80,65203547
2020-07-21T15:00:00Z,3397.80,3398.11,3390.71,3392.06,68465755
2020-07-21T16:00:00Z,3392.06,3394.65,3390.90,3390.90,65471772
2020-07-21T17:00:00Z,3390.90,3394.44,3385.95,3393.89,74889735
2020-07-21T18:00:00Z,3393.89,3396.87,3393.62,3393.91,66513464
2020-07-21T19:00:00Z,3393.91,3408.28,3389.22,3404.97,87545932
2020-07-21T20:00:00Z,3404.97,3408.18,3400.27,3404.36,64498697
2020-07-21T21:00:00Z,3404.36,3414.51,3400.78,3409.41,65981087
2020-07-21T22:00:00Z,3409.41,3410.41,3401.85,3404.11,66165956
2020-07-21T23:00:00Z,3404.11,3408.20,3399.36,3407.18,63765930
2020-07-22T00:00:00Z,3407.18,3409.37,3394.62,3399.56,82068642
2020-07-22T01:00:00Z,3399.56,3403.93,3397.03,3398.72,70288305
2020-07-22T02:00:00Z,3398.72,3403.30,3394.10,3403.06,68091141
2020-07-22T03:00:00Z,3403.06,3414.14,3399.81,3410.27,68393091
2020-07-22T04:00:00Z,3410.27,3418.32,3407.50,3414.37,70693070
2020-07-22T05:00:00Z,3414.37,3418.50,3408.11,3409.69,73829983
2020-07-22T06:00:00Z,3409.69,3410.64,3390.79,3392.58,100673032
2020-07-22T07:00:00Z,3392.58,3395.58,3379.70,3383.40,82062655
2020-07-22T08:00:00Z,3383.40,3383.42,3378.97,3381.18,61259960
2020-07-22T09:00:00Z,3381.18,3395.12,3376.63,3393.91,82976025
2020-07-22T10:00:00Z,3393.91,3396.51,3384.77,3389.77,75303154
2020-07-22T11:00:00Z,3389.77,3393.22,3384.83,3392.23,56445026
2020-07-22T12:00:00Z,3392.23,3396.86,3389.89,3393.75,72392755
2020-07-22T13:00:00Z,3393.75,3396.13,3388.71,3395.82,55756797
2020-07-22T14:00:00Z,3395.82,3398.09,3392.96,3395.40,62573947
2020-07-22T15:00:00Z,3395.40,3399.85,3391.74,3393.25,65384434
2020-07-22T16:00:00Z,3393.25,3395.88,3385.01,3387.07,76562706
2020-07-22T17:00:00Z,3387.07,3397.64,3384.05,3395.58,84626850
2020-07-22T18:00:00Z,3395.58,3398.96,3388.74,3392.60,67497537
2020-07-22T19:00:00Z,3392.60,3398.10,3389.90,3393.43,62644901
2020-07-22T20:00:00Z,3393.43,3405.58,3392.73,3402.09,72321728
2020-07-22T21:00:00Z,3402.09,3402.42,3396.95,3400.74,72914660
2020-07-22T22:00:00Z,3400.74,3403.60,3394.34,3398.84,73977357
2020-07-22T23:00:00Z,3398.84,3403.36,3379.86,3384.06,99810947
2020-07-23T00:00:00Z,3384.06,3388.40,3381.02,3387.81,70743912
2020-07-23T01:00:00Z,3387.81,3390.86,3384.68,3386.18,59371778
2020-07-23T02:00:00Z,3386.18,3389.26,3385.65,3386.14,52369130
2020-07-23T03:00:00Z,3386.14,3386.26,3379.71,3381.53,78324870
2020-07-23T04:00:00Z,3381.53,3386.12,3379.64,3383.38,69261565
2020-07-23T05:00:00Z,3383.38,3383.92,3374.87,3377.06,78238362
2020-07-23T06:00:00Z,3377.06,3385.38,3376.76,3382.09,80588855
2020-07-23T07:00:00Z,3382.09,3391.71,3380.83,3390.74,75579011
2020-07-23T08:00:00Z,3390.74,3406.05,3390.48,3401.39,79010941
2020-07-23T09:00:00Z,3401.39,3412.89,3401.28,3407.78,80441210
2020-07-23T10:00:00Z,3407.78,3416.04,3406.31,3413.94,64539893
2020-07-23T11:00:00Z,3413.94,3431.54,3410.96,3430.80,99876399
2020-07-23T12:00:00Z,3430.80,3433.69,3421.27,3424.13,83737947
2020-07-23T13:00:00Z,3424.13,3429.54,3421.53,3427.74,68460562
2020-07-23T14:00:00Z,3427.74,3428.89,3421.70,3423.56,75126109
2020-07-23T15:00:00Z,3423.56,3432.49,3421.04,3428.09,63904132
2020-07-23T16:00:00Z,3428.09,3429.53,3423.04,3425.00,71444072
2020-07-23T17:00:00Z,3425.00,3431.63,3422.85,3431.63,67998577
2020-07-23T18:00:00Z,3431.63,3434.73,3427.94,3430.46,72213670
2020-07-23T19:00:00Z,3430.46,3437.38,3427.68,3434.36,77174284
2020-07-23T20:00:00Z,3434.36,3441.29,3433.38,3436.81,72934502
2020-07-23T21:00:00Z,3436.81,3441.40,3427.19,3431.80,78892687
2020-07-23T22:00:00Z,3431.80,3435.24,3425.45,3428.22,73280522
2020-07-23T23:00:00Z,3428.22,3438.88,3426.34,3437.75,75638083
2020-07-24T00:00:00Z,3437.75,3438.51,3432.47,3437.56,67859530
2020-07-24T01:00:00Z,3437.56,3439.55,3436.15,3439.46,68635414
2020-07-24T02:00:00Z,3439.46,3453.91,3436.76,3453.06,97028084
2020-07-24T03:00:00Z,3453.06,3468.43,3449.68,3464.44,79164280
2020-07-24T04:00:00Z,3464.44,3468.26,3453.73,3455.96,87741661
2020-07-24T05:00:00Z,3455.96,3456.55,3445.15,3446.06,85800298
2020-07-24T06:00:00Z,3446.06,3449.24,3442.43,3442.68,61605375
2020-07-24T07:00:00Z,3442.68,3450.89,3442.57,3449.03,74252647
2020-07-24T08:00:00Z,3449.03,3449.41,3429.39,3433.07,96939885
2020-07-24T09:00:00Z,3433.07,3437.34,3429.19,3431.78,53385838
2020-07-24T10:00:00Z,3431.78,3432.18,3427.33,3430.13,68580493
2020-07-24T11:00:00Z,3430.13,3433.63,3411.99,3417.06,97839305
2020-07-24T12:00:00Z,3417.06,3421.70,3406.30,3409.39,87327637
2020-07-24T13:00:00Z,3409.39,3416.31,3407.81,3412.38,57074584
2020-07-24T14:00:00Z,3412.38,3415.07,3408.64,3412.57,68154149
2020-07-24T15:00:00Z,3412.57,3416.17,3403.73,3408.01,78446016
2020-07-24T16:00:00Z,3408.01,3411.94,3402.02,3405.41,61403171
2020-07-24T17:00:00Z,3405.41,3416.83,3403.63,3412.04,68028854
2020-07-24T18:00:00Z,3412.04,3432.41,3407.04,3427.87,105764080
2020-07-24T19:00:00Z,3427.87,3434.29,3422.78,3433.60,63774912
2020-07-24T20:00:00Z,3433.60,3437.96,3431.41,3435.52,58887687
2020-07-24T21:00:00Z,3435.52,3440.11,3425.40,3428.64,75882810
2020-07-24T22:00:00Z,3428.64,3433.48,3419.15,3423.72,65178920
2020-07-24T23:00:00Z,3423.72,3428.66,3420.64,3423.88,52831044
2020-07-25T00:00:00Z,3423.88,3425.91,3414.19,3416.82,83537585
2020-07-25T01:00:00Z,3416.82,3419.11,3404.38,3409.38,77346344
2020-07-25T02:00:00Z,3409.38,3411.61,3408.42,3409.94,65801922
2020-07-25T03:00:00Z,3409.94,3413.16,3408.42,3412.10,55921240
2020-07-25T04:00:00Z,3412.10,3425.36,3408.92,3423.95,96734940
2020-07-25T05:00:00Z,3423.95,3437.28,3421.77,3433.61,86022392
2020-07-25T06:00:00Z,3433.61,3435.42,3424.03,3427.66,78892626
2020-07-25T07:00:00Z,3427.66,3430.63,3423.93,3424.20,69312605
2020-07-25T08:00:00Z,3424.20,3424.82,3418.35,3421.42,73601121
2020-07-25T09:00:00Z,3421.42,3422.58,3411.49,3415.32,76973127
2020-07-25T10:00:00Z,3415.32,3425.64,3412.56,3423.77,70106398
2020-07-25T11:00:00Z,3423.77,3429.56,3420.48,3427.95,67836959
2020-07-25T12:00:00Z,3427.95,3432.61,3424.92,3428.61,64359642
2020-07-25T13:00:00Z,3428.61,3443.23,3425.48,3442.52,99729030
2020-07-25T14:00:00Z,3442.52,3452.73,3442.04,3450.27,73467970
2020-07-25T15:00:00Z,3450.27,3454.88,3447.74,3450.33,60954945
2020-07-25T16:00:00Z,3450.33,3462.34,3448.58,3458.48,74309339
2020-07-25T17:00:00Z,3458.48,3462.17,3453.19,3456.27,58987451
2020-07-25T18:00:00Z,3456.27,3461.42,3451.37,3461.17,80274624
2020-07-25T19:00:00Z,3461.17,3466.39,3456.22,3458.60,64447745
2020-07-25T20:00:00Z,3458.60,3462.65,3451.21,3454.60,72388978
2020-07-25T21:00:00Z,3454.60,3459.17,3441.99,3445.05,86657696
2020-07-25T22:00:00Z,3445.05,3447.00,3431.00,3432.26,99460909
2020-07-25T23:00:00Z,3432.26,3433.61,3426.65,3428.59,60894513
2020-07-26T00:00:00Z,3428.59,3432.47,3426.75,3427.57,68514018
2020-07-26T01:00:00Z,3427.57,3432.37,3423.90,3430.38,73109598
2020-07-26T02:00:00Z,3430.38,3447.05,3428.50,3441.87,92371145
2020-07-26T03:00:00Z,3441.87,3450.70,3438.14,3446.21,68827983
2020-07-26T04:00:00Z,3446.21,3448.42,3433.38,3438.34,87005557
2020-07-26T05:00:00Z,3438.34,3449.21,3436.68,3444.43,71374927
2020-07-26T06:00:00Z,3444.43,3447.83,3438.93,3440.24,65188288
2020-07-26T07:00:00Z,3440.24,3442.00,3428.29,3431.98,77674454
2020-07-26T08:00:00Z,3431.98,3433.24,3426.67,3431.37,55531021
2020-07-26T09:00:00Z,3431.37,3434.03,3411.52,3416.02,99325229
2020-07-26T10:00:00Z,3416.02,3419.69,3411.94,3416.00,68470502
2020-07-26T11:00:00Z,3416.00,3416.85,3403.01,3405.85,91684555
2020-07-26T12:00:00Z,3405.85,3415.08,3402.29,3409.98,66551102
2020-07-26T13:00:00Z,3409.98,3415.26,3409.38,3412.91,61677525
2020-07-26T14:00:00Z,3412.91,3424.58,3412.19,3420.44,82275318
2020-07-26T15:00:00Z,3420.44,3424.94,3416.70,3422.59,70294296
2020-07-26T16:00:00Z,3422.59,3426.23,3412.35,3413.80,76398005
2020-07-26T17:00:00Z,3413.80,3422.24,3413.03,3420.65,70569957
2020-07-26T18:00:00Z,3420.65,3428.52,3419.40,3426.50,77696669
2020-07-26T19:00:00Z,3426.50,3429.37,3420.71,3423.40,60277648
2020-07-26T20:00:00Z,3423.40,3427.09,3419.12,3419.64,68707030
2020-07-26T21:00:00Z,3419.64,3423.01,3414.22,3418.24,66488855
2020-07-26T22:00:00Z,3418.24,3420.56,3412.41,3412.78,73542993
2020-07-26T23:00:00Z,3412.78,3413.88,3407.98,3413.64,56000140
2020-07-27T00:00:00Z,3413.64,3419.58,3412.35,3415.33,58864350
2020-07-27T01:00:00Z,3415.33,3418.76,3411.67,3415.23,65722861
2020-07-27T02:00:00Z,3415.23,3416.67,3407.03,3410.93,69424393
2020-07-27T03:00:00Z,3410.93,3415.30,3404.81,3405.20,70586698
2020-07-27T04:00:00Z,3405.20,3408.23,3403.85,3405.25,61323897
2020-07-27T05:00:00Z,3405.25,3410.25,3402.79,3409.38,77025594
2020-07-27T06:00:00Z,3409.38,3413.68,3399.24,3402.25,71215475
2020-07-27T07:00:00Z,3402.25,3406.07,3400.41,3400.94,72111920
2020-07-27T08:00:00Z,3400.94,3412.98,3400.90,3408.14,83052799
2020-07-27T09:00:00Z,3408.14,3415.42,3403.09,3414.42,79073349
2020-07-27T10:00:00Z,3414.42,3418.98,3410.77,3415.12,70020227
2020-07-27T11:00:00Z,3415.12,3423.17,3413.49,3421.43,75989330
2020-07-27T12:00:00Z,3421.43,3440.56,3419.29,3436.58,93157581
2020-07-27T13:00:00Z,3436.58,3441.79,3435.45,3440.91,62691249
2020-07-27T14:00:00Z,3440.91,3445.55,3440.42,3444.44,64901738
2020-07-27T15:00:00Z,3444.44,3458.70,3440.47,3455.29,75275002
2020-07-27T16:00:00Z,3455.29,3462.85,3452.40,3460.39,81535219
2020-07-27T17:00:00Z,3460.39,3460.43,3454.02,3458.21,71208786
2020-07-27T18:00:00Z,3458.21,3459.16,3453.63,3458.01,64610277
2020-07-27T19:00:00Z,3458.01,3460.95,3443.36,3448.14,82442651
2020-07-27T20:00:00Z,3448.14,3449.24,3445.14,3446.47,66959861
2020-07-27T21:00:00Z,3446.47,3451.25,3435.30,3435.75,77410605
2020-07-27T22:00:00Z,3435.75,3441.97,3431.68,3439.37,64119643
2020-07-27T23:00:00Z,3439.37,3442.12,3435.84,3440.86,66974583
2020-07-28T00:00:00Z,3440.86,3448.83,3435.93,3448.13,83417182
2020-07-28T01:00:00Z,3448.13,3457.84,3443.23,3453.20,73443654
2020-07-28T02:00:00Z,3453.20,3461.72,3450.30,3457.46,63389866
2020-07-28T03:00:00Z,3457.46,3461.64,3453.42,3461.19,69548672
2020-07-28T04:00:00Z,3461.19,3465.57,3456.87,3460.19,60843702
2020-07-28T05:00:00Z,3460.19,3465.84,3457.09,3463.59,66615632
2020-07-28T06:00:00Z,3463.59,3465.43,3461.37,3462.16,72384471
2020-07-28T07:00:00Z,3462.16,3463.34,3455.05,3459.45,75807964
2020-07-28T08:00:00Z,3459.45,3462.38,3451.19,3455.71,73207322
2020-07-28T09:00:00Z,3455.71,3459.90,3442.60,3446.30,90838434
2020-07-28T10:00:00Z,3446.30,3458.67,3442.76,3458.32,78401503
2020-07-28T11:00:00Z,3458.32,3470.87,3455.71,3467.58,76541605
2020-07-28T12:00:00Z,3467.58,3472.18,3453.60,3457.06,81433656
2020-07-28T13:00:00Z,3457.06,3475.68,3455.32,3473.17,103078423
2020-07-28T14:00:00Z,3473.17,3475.15,3467.68,3467.69,72721474
2020-07-28T15:00:00Z,3467.69,3480.60,3462.51,3476.88,89460397
2020-07-28T16:00:00Z,3476.88,3478.28,3474.82,3476.26,65969885
2020-07-28T17:00:00Z,3476.26,3480.55,3469.63,3471.45,63570878
2020-07-28T18:00:00Z,3471.45,3476.33,3468.44,3473.64,57361509
2020-07-28T19:00:00Z,3473.64,3478.17,3454.65,3457.07,105403009
2020-07-28T20:00:00Z,3457.07,3461.09,3456.41,3459.74,75716117
2020-07-28T21:00:00Z,3459.74,3460.27,3453.11,3456.53,69952556
2020-07-28T22:00:00Z,3456.53,3459.25,3445.40,3447.92,73536253
2020-07-28T23:00:00Z,3447.92,3448.76,3442.83,3445.66,63053581
2020-07-29T00:00:00Z,3445.66,3449.11,3438.18,3442.42,73066208
2020-07-29T01:00:00Z,3442.42,3447.43,3435.39,3438.11,64429812
2020-07-29T02:00:00Z,3438.11,3442.91,3437.95,3438.64,59355094
2020-07-29T03:00:00Z,3438.64,3443.82,3435.60,3438.26,63397738
2020-07-29T04:00:00Z,3438.26,3442.31,3431.85,3435.75,60325677
2020-07-29T05:00:00Z,3435.75,3439.69,3434.47,3435.02,55452898
2020-07-29T06:00:00Z,3435.02,3440.00,3429.91,3431.40,67073511
2020-07-29T07:00:00Z,3431.40,3439.98,3429.25,3438.20,72289737
2020-07-29T08:00:00Z,3438.20,3446.31,3437.06,3443.69,75089067
2020-07-29T09:00:00Z,3443.69,3446.49,3437.03,3438.00,69505584
2020-07-29T10:00:00Z,3438.00,3446.20,3436.77,3442.75,70247832
2020-07-29T11:00:00Z,3442.75,3447.79,3437.64,3438.06,80166799
2020-07-29T12:00:00Z,3438.06,3442.97,3432.51,3433.80,71578940
2020-07-29T13:00:00Z,3433.80,3434.17,3432.81,3433.31,60901211
2020-07-29T14:00:00Z,3433.31,3436.93,3430.59,3430.70,66371867
2020-07-29T15:00:00Z,3430.70,3435.80,3427.58,3430.59,60447333
2020-07-29T16:00:00Z,3430.59,3431.09,3425.56,3428.57,60900684
2020-07-29T17:00:00Z,3428.57,3432.40,3424.25,3431.03,55979504
2020-07-29T18:00:00Z,3431.03,3441.20,3429.05,3438.21,85870037
2020-07-29T19:00:00Z,3438.21,3442.56,3433.00,3434.60,76251525
2020-07-29T20:00:00Z,3434.60,3444.74,3430.07,3443.58,84068295
2020-07-29T21:00:00Z,3443.58,3450.47,3439.71,3445.76,62373759
2020-07-29T22:00:00Z,3445.76,3457.45,3445.05,3456.75,92680636
2020-07-29T23:00:00Z,3456.75,3465.67,3456.25,3460.76,75740336
2020-07-30T00:00:00Z,3460.76,3463.88,3451.98,3452.95,75007800
2020-07-30T01:00:00Z,3452.95,3457.51,3440.77,3442.75,77350587
2020-07-30T02:00:00Z,3442.75,3447.31,3435.78,3438.78,68851718
2020-07-30T03:00:00Z,3438.78,3441.50,3420.01,3424.49,95895474
2020-07-30T04:00:00Z,3424.49,3427.92,3418.18,3421.97,74180325
2020-07-30T05:00:00Z,3421.97,3423.97,3418.54,3419.43,69978023
2020-07-30T06:00:00Z,3419.43,3428.57,3419.35,3425.26,71134778
2020-07-30T07:00:00Z,3425.26,3429.93,3425.18,3425.33,55312277
2020-07-30T08:00:00Z,3425.33,3426.17,3420.37,3421.43,74259050
2020-07-30T09:00:00Z,3421.43,3432.08,3418.22,3429.69,78047098
2020-07-30T10:00:00Z,3429.69,3434.68,3425.48,3432.65,72841932
2020-07-30T11:00:00Z,3432.65,3448.21,3427.89,3444.50,80882388
2020-07-30T12:00:00Z,3444.50,3449.45,3426.48,3429.02,103415337
2020-07-30T13:00:00Z,3429.02,3433.51,3415.34,3419.04,85085072
2020-07-30T14:00:00Z,3419.04,3422.25,3415.19,3419.12,59939212
2020-07-30T15:00:00Z,3419.12,3429.55,3416.89,3424.95,77181856
2020-07-30T16:00:00Z,3424.95,3443.33,3421.81,3438.38,87026904
2020-07-30T17:00:00Z,3438.38,3440.19,3431.00,3435.04,72988702
2020-07-30T18:00:00Z,3435.04,3435.34,3430.14,3431.14,73696051
2020-07-30T19:00:00Z,3431.14,3442.57,3427.72,3437.58,72635765
2020-07-30T20:00:00Z,3437.58,3444.39,3437.21,3440.70,66818804
2020-07-30T21:00:00Z,3440.70,3442.07,3439.74,3440.00,57793993
2020-07-30T22:00:00Z,3440.00,3442.94,3438.42,3440.36,59677166
2020-07-30T23:00:00Z,3440.36,3446.83,3436.06,3446.25,66655643
2020-07-31T00:00:00Z,3446.25,3451.13,3441.71,3450.03,60206339
2020-07-31T01:00:00Z,3450.03,3454.73,3445.06,3452.70,66139419
2020-07-31T02:00:00Z,3452.70,3455.60,3450.02,3454.16,69458823
2020-07-31T03:00:00Z,3454.16,3458.72,3446.34,3447.75,68345042
2020-07-31T04:00:00Z,3447.75,3451.52,3446.09,3448.50,62635691
2020-07-31T05:00:00Z,3448.50,3453.20,3441.44,3446.10,64160780
2020-07-31T06:00:00Z,3446.10,3448.58,3435.49,3436.84,86649137
2020-07-31T07:00:00Z,3436.84,3441.17,3436.74,3438.37,67850594
2020-07-31T08:00:00Z,3438.37,3449.31,3436.78,3444.15,76030914
2020-07-31T09:00:00Z,3444.15,3446.55,3438.15,3440.09,74082237
2020-07-31T10:00:00Z,3440.09,3460.34,3437.41,3456.32,88140555
2020-07-31T11:00:00Z,3456.32,3459.78,3451.42,3451.76,62072137
2020-07-31T12:00:00Z,3451.76,3458.20,3448.36,3457.18,65172659
2020-07-31T13:00:00Z,3457.18,3463.80,3455.43,3459.76,60236020
2020-07-31T14:00:00Z,3459.76,3465.33,3458.08,3461.62,58894210
2020-07-31T15:00:00Z,3461.62,3470.89,3461.36,3467.15,75720305
2020-07-31T16:00:00Z,3467.15,3474.07,3462.60,3469.54,69973043
2020-07-31T17:00:00Z,3469.54,3470.98,3466.14,3466.18,74036220
2020-07-31T18:00:00Z,3466.18,3470.62,3464.53,3466.48,54935055
2020-07-31T19:00:00Z,3466.48,3467.41,3459.54,3461.98,68889106
2020-07-31T20:00:00Z,3461.98,3472.55,3461.43,3470.25,75987302
2020-07-31T21:00:00Z,3470.25,3472.54,3461.78,3465.06,72907945
2020-07-31T22:00:00Z,3465.06,3477.35,3461.55,3472.57,73153593
2020-07-31T23:00:00Z,3472.57,3477.24,3455.00,3458.93,85232726
2020-08-01T00:00:00Z,3458.93,3462.48,3448.41,3452.20,83174429
2020-08-01T01:00:00Z,3452.20,3455.31,3433.46,3437.92,86395897
2020-08-01T02:00:00Z,3437.92,3443.06,3421.82,3423.48,88284238
2020-08-01T03:00:00Z,3423.48,3424.98,3419.02,3421.30,66578576
2020-08-01T04:00:00Z,3421.30,3431.44,3417.64,3426.32,77564935
2020-08-01T05:00:00Z,3426.32,3437.94,3423.91,3434.19,81743742
2020-08-01T06:00:00Z,3434.19,3438.83,3422.91,3423.65,75582876
2020-08-01T07:00:00Z,3423.65,3423.86,3410.68,3412.10,89094108
2020-08-01T08:00:00Z,3412.10,3415.11,3402.38,3404.52,76943051
2020-08-01T09:00:00Z,3404.52,3406.76,3395.93,3399.28,67299540
2020-08-01T10:00:00Z,3399.28,3399.43,3388.78,3390.45,84197408
2020-08-01T11:00:00Z,3390.45,3393.76,3387.78,3391.95,57349131
2020-08-01T12:00:00Z,3391.95,3398.26,3387.35,3394.74,71992019
2020-08-01T13:00:00Z,3394.74,3401.15,3394.59,3398.21,77907530
2020-08-01T14:00:00Z,3398.21,3398.32,3391.65,3396.56,60722189
2020-08-01T15:00:00Z,3396.56,3402.96,3391.62,3398.38,63799574
2020-08-01T16:00:00Z,3398.38,3400.54,3386.86,3390.49,86247889
2020-08-01T17:00:00Z,3390.49,3392.47,3375.96,3377.56,95935448
2020-08-01T18:00:00Z,3377.56,3389.75,3376.73,3387.28,85155998
2020-08-01T19:00:00Z,3387.28,3393.92,3383.52,3388.92,56342035
2020-08-01T20:00:00Z,3388.92,3405.52,3383.99,3401.52,94027918
2020-08-01T21:00:00Z,3401.52,3406.15,3398.09,3402.25,60816238
2020-08-01T22:00:00Z,3402.25,3403.18,3389.33,3393.50,76302935
2020-08-01T23:00:00Z,3393.50,3396.33,3386.85,3389.80,67857159
2020-08-02T00:00:00Z,3389.80,3390.59,3383.97,3385.60,72566771
2020-08-02T01:00:00Z,3385.60,3402.31,3383.15,3397.30,88467175
2020-08-02T02:00:00Z,3397.30,3411.37,3395.25,3410.51,98096721
2020-08-02T03:00:00Z,3410.51,3412.12,3397.85,3402.84,71653894
2020-08-02T04:00:00Z,3402.84,3406.43,3394.59,3398.50,66602415
2020-08-02T05:00:00Z,3398.50,3403.72,3397.53,3400.22,59726561
2020-08-02T06:00:00Z,3400.22,3401.58,3397.01,3400.78,63495198
2020-08-02T07:00:00Z,3400.78,3414.32,3398.26,3411.96,91841518
2020-08-02T08:00:00Z,3411.96,3416.65,3398.16,3403.10,75886810
2020-08-02T09:00:00Z,3403.10,3413.37,3400.96,3409.33,80182032
2020-08-02T10:00:00Z,3409.33,3418.48,3407.97,3416.75,84651263
2020-08-02T11:00:00Z,3416.75,3421.65,3402.46,3405.85,87376480
2020-08-02T12:00:00Z,3405.85,3412.97,3401.41,3410.30,66838470
2020-08-02T13:00:00Z,3410.30,3414.59,3409.16,3410.31,54488454
2020-08-02T14:00:00Z,3410.31,3428.73,3406.68,3425.95,102042927
2020-08-02T15:00:00Z,3425.95,3428.45,3410.31,3410.41,104718200
2020-08-02T16:00:00Z,3410.41,3419.30,3406.03,3416.01,71014522
2020-08-02T17:00:00Z,3416.01,3419.43,3407.44,3409.22,72637205
2020-08-02T18:00:00Z,3409.22,3416.71,3404.81,3416.03,67680256
2020-08-02T19:00:00Z,3416.03,3419.54,3412.44,3417.04,59611321
2020-08-02T20:00:00Z,3417.04,3425.23,3412.97,3424.82,78030920
2020-08-02T21:00:00Z,3424.82,3428.22,3415.89,3419.23,78101029
2020-08-02T22:00:00Z,3419.23,3419.74,3401.65,3405.00,103110215
2020-08-02T23:00:00Z,3405.00,3409.72,3398.43,3402.32,59160379
2020-08-03T00:00:00Z,3402.32,3411.59,3398.98,3408.82,78581332
2020-08-03T01:00:00Z,3408.82,3409.50,3407.22,3407.39,58886546
2020-08-03T02:00:00Z,3407.39,3410.21,3399.30,3403.47,77192278
2020-08-03T03:00:00Z,3403.47,3412.56,3400.71,3410.30,73065302
2020-08-03T04:00:00Z,3410.30,3410.41,3402.44,3404.31,80360016
2020-08-03T05:00:00Z,3404.31,3412.16,3403.20,3407.03,62293156
2020-08-03T06:00:00Z,3407.03,3407.88,3404.37,3404.65,55956423
2020-08-03T07:00:00Z,3404.65,3420.01,3400.93,3414.97,83232506
2020-08-03T08:00:00Z,3414.97,3420.39,3413.32,3420.01,72009621
2020-08-03T09:00:00Z,3420.01,3426.54,3416.98,3424.24,60818022
2020-08-03T10:00:00Z,3424.24,3425.24,3418.63,3423.47,60946217
2020-08-03T11:00:00Z,3423.47,3425.69,3420.81,3421.20,57958926
2020-08-03T12:00:00Z,3421.20,3425.28,3415.41,3417.83,67357895
2020-08-03T13:00:00Z,3417.83,3430.81,3414.73,3429.13,88218000
2020-08-03T14:00:00Z,3429.13,3434.17,3425.43,3429.85,56131482
2020-08-03T15:00:00Z,3429.85,3434.71,3428.57,3433.01,64293866
2020-08-03T16:00:00Z,3433.01,3444.23,3427.84,3443.50,80014412
2020-08-03T17:00:00Z,3443.50,3454.06,3439.37,3452.36,81929056
2020-08-03T18:00:00Z,3452.36,3459.95,3448.64,3458.53,79430809
2020-08-03T19:00:00Z,3458.53,3472.82,3453.92,3468.78,78778042
2020-08-03T20:00:00Z,3468.78,3479.08,3466.16,3478.28,75248638
2020-08-03T21:00:00Z,3478.28,3499.10,3475.72,3498.73,103614385
2020-08-03T22:00:00Z,3498.73,3506.83,3497.32,3502.59,64973725
2020-08-03T23:00:00Z,3502.59,3502.76,3501.07,3501.44,54072974
2020-08-04T00:00:00Z,3501.44,3503.20,3498.17,3498.43,60149090
2020-08-04T01:00:00Z,3498.43,3500.29,3496.34,3499.43,61210459
2020-08-04T02:00:00Z,3499.43,3500.74,3489.22,3493.19,77731179
2020-08-04T03:00:00Z,3493.19,3499.93,3489.21,3497.40,63463010
2020-08-04T04:00:00Z,3497.40,3502.37,3487.30,3488.13,91165569
2020-08-04T05:00:00Z,3488.13,3488.39,3479.33,3481.10,72302244
2020-08-04T06:00:00Z,3481.10,3489.12,3479.61,3485.40,76518620
2020-08-04T07:00:00Z,3485.40,3485.46,3479.41,3479.43,81306825
2020-08-04T08:00:00Z,3479.43,3489.67,3477.26,3486.16,66357056
2020-08-04T09:00:00Z,3486.16,3490.09,3485.83,3486.25,65947390
2020-08-04T10:00:00Z,3486.25,3494.43,3483.45,3491.41,62584715
2020-08-04T11:00:00Z,3491.41,3494.19,3486.53,3490.38,63099025
2020-08-04T12:00:00Z,3490.38,3495.17,3484.58,3489.51,60840638
2020-08-04T13:00:00Z,3489.51,3493.04,3483.15,3484.42,75691183
2020-08-04T14:00:00Z,3484.42,3488.79,3479.79,3480.75,60465667
2020-08-04T15:00:00Z,3480.75,3491.21,3476.27,3488.49,81874042
2020-08-04T16:00:00Z,3488.49,3497.02,3484.63,3492.76,68294824
2020-08-04T17:00:00Z,3492.76,3505.44,3492.20,3505.36,98102576
2020-08-04T18:00:00Z,3505.36,3510.63,3498.52,3503.02,66254716
2020-08-04T19:00:00Z,3503.02,3510.68,3502.02,3505.47,67131463
2020-08-04T20:00:00Z,3505.47,3509.39,3496.90,3500.79,78976198
2020-08-04T21:00:00Z,3500.79,3508.28,3499.73,3503.98,59143282
2020-08-04T22:00:00Z,3503.98,3509.90,3499.34,3505.98,59188495
2020-08-04T23:00:00Z,3505.98,3511.93,3502.47,3508.83,58228558
2020-08-05T00:00:00Z,3508.83,3526.05,3508.50,3522.23,97238831
2020-08-05T01:00:00Z,3522.23,3526.04,3516.56,3520.00,65319097
2020-08-05T02:00:00Z,3520.00,3531.13,3516.48,3527.40,86728157
2020-08-05T03:00:00Z,3527.40,3533.71,3526.01,3530.62,59153177
2020-08-05T04:00:00Z,3530.62,3538.33,3529.42,3535.87,79861286
2020-08-05T05:00:00Z,3535.87,3547.62,3530.76,3543.91,86184553
2020-08-05T06:00:00Z,3543.91,3548.81,3537.69,3541.64,73057707
2020-08-05T07:00:00Z,3541.64,3542.00,3531.54,3535.77,77991316
2020-08-05T08:00:00Z,3535.77,3538.19,3531.62,3533.43,69003716
2020-08-05T09:00:00Z,3533.43,3535.04,3517.75,3521.22,93585137
2020-08-05T10:00:00Z,3521.22,3532.38,3521.21,3527.92,82761963
2020-08-05T11:00:00Z,3527.92,3528.39,3516.92,3521.76,69094329
2020-08-05T12:00:00Z,3521.76,3522.10,3512.26,3515.17,74957259
2020-08-05T13:00:00Z,3515.17,3519.23,3512.23,3517.95,70997196
2020-08-05T14:00:00Z,3517.95,3523.00,3510.59,3512.02,78311544
2020-08-05T15:00:00Z,3512.02,3512.54,3509.68,3512.03,66041707
2020-08-05T16:00:00Z,3512.03,3515.51,3504.84,3505.72,83197726
2020-08-05T17:00:00Z,3505.72,3515.92,3501.87,3511.12,77415009
2020-08-05T18:00:00Z,3511.12,3514.91,3507.52,3508.43,58418142
2020-08-05T19:00:00Z,3508.43,3509.47,3501.39,3506.56,63142937
2020-08-05T20:00:00Z,3506.56,3510.34,3495.62,3499.83,78801662
2020-08-05T21:00:00Z,3499.83,3502.36,3495.31,3500.52,53254434
2020-08-05T22:00:00Z,3500.52,3501.87,3491.71,3495.21,64572916
2020-08-05T23:00:00Z,3495.21,3498.35,3492.46,3495.36,54891259
2020-08-06T00:00:00Z,3495.36,3500.02,3489.92,3494.01,69870160
2020-08-06T01:00:00Z,3494.01,3494.32,3493.17,3493.77,57016709
2020-08-06T02:00:00Z,3493.77,3495.19,3488.79,3489.54,59906981
2020-08-06T03:00:00Z,3489.54,3493.05,3488.81,3490.19,70281050
2020-08-06T04:00:00Z,3490.19,3490.69,3485.45,3487.79,69727116
2020-08-06T05:00:00Z,3487.79,3500.31,3485.67,3496.23,83143857
2020-08-06T06:00:00Z,3496.23,3502.72,3493.30,3501.40,72194494
2020-08-06T07:00:00Z,3501.40,3507.58,3500.46,3507.55,74977657
2020-08-06T08:00:00Z,3507.55,3514.96,3504.88,3512.78,73112221
2020-08-06T09:00:00Z,3512.78,3518.18,3509.87,3517.21,70258454
2020-08-06T10:00:00Z,3517.21,3521.05,3509.30,3511.45,68118867
2020-08-06T11:00:00Z,3511.45,3516.59,3506.52,3515.83,68812294
2020-08-06T12:00:00Z,3515.83,3520.46,3513.10,3518.91,72978358
2020-08-06T13:00:00Z,3518.91,3532.99,3514.83,3530.49,89417402
2020-08-06T14:00:00Z,3530.49,3532.50,3524.27,3525.57,66455723
2020-08-06T15:00:00Z,3525.57,3530.30,3524.97,3527.34,54699440
2020-08-06T16:00:00Z,3527.34,3528.12,3525.87,3527.61,68237361
2020-08-06T17:00:00Z,3527.61,3529.05,3525.43,3528.56,61927106
2020-08-06T18:00:00Z,3528.56,3533.48,3522.39,3524.61,73225535
2020-08-06T19:00:00Z,3524.61,3529.27,3515.62,3516.15,79824041
2020-08-06T20:00:00Z,3516.15,3520.19,3514.35,3517.20,54274872
2020-08-06T21:00:00Z,3517.20,3517.76,3503.45,3507.69,91560856
2020-08-06T22:00:00Z,3507.69,3512.10,3502.99,3509.43,68238187
2020-08-06T23:00:00Z,3509.43,3519.55,3508.71,3514.53,67278519
2020-08-07T00:00:00Z,3514.53,3521.34,3513.23,3517.56,68697707
2020-08-07T01:00:00Z,3517.56,3520.94,3510.16,3511.72,64028254
2020-08-07T02:00:00Z,3511.72,3514.70,3500.80,3504.28,74748943
2020-08-07T03:00:00Z,3504.28,3507.56,3490.91,3491.59,99005471
2020-08-07T04:00:00Z,3491.59,3491.83,3490.95,3491.52,68348370
2020-08-07T05:00:00Z,3491.52,3494.42,3485.25,3488.45,67886723
2020-08-07T06:00:00Z,3488.45,3500.37,3487.97,3499.19,85390011
2020-08-07T07:00:00Z,3499.19,3502.71,3497.85,3500.81,73358365
2020-08-07T08:00:00Z,3500.81,3508.59,3496.48,3503.73,57991019
2020-08-07T09:00:00Z,3503.73,3513.46,3502.17,3510.75,70158136
2020-08-07T10:00:00Z,3510.75,3520.50,3509.13,3519.25,76200064
2020-08-07T11:00:00Z,3519.25,3527.92,3514.52,3524.28,72917296
2020-08-07T12:00:00Z,3524.28,3543.68,3518.95,3539.88,95736200
2020-08-07T13:00:00Z,3539.88,3544.79,3532.01,3536.93,64108532
2020-08-07T14:00:00Z,3536.93,3539.73,3533.83,3536.40,61472695
2020-08-07T15:00:00Z,3536.40,3540.36,3532.17,3537.22,64699059
2020-08-07T16:00:00Z,3537.22,3540.88,3521.31,3522.71,94848123
2020-08-07T17:00:00Z,3522.71,3526.89,3518.25,3520.69,66594925
2020-08-07T18:00:00Z,3520.69,3533.58,3519.85,3529.40,78025190
2020-08-07T19:00:00Z,3529.40,3534.27,3527.95,3534.11,69227706
2020-08-07T20:00:00Z,3534.11,3543.43,3529.14,3540.44,74708699
2020-08-07T21:00:00Z,3540.44,3545.65,3534.37,3537.47,62325105
2020-08-07T22:00:00Z,3537.47,3554.72,3532.21,3549.54,84227804
2020-08-07T23:00:00Z,3549.54,3560.06,3544.49,3557.74,74273081
2020-08-08T00:00:00Z,3557.74,3562.55,3535.66,3538.87,98158875
2020-08-08T01:00:00Z,3538.87,3540.72,3537.75,3538.43,52571138
2020-08-08T02:00:00Z,3538.43,3543.20,3532.12,3534.73,75721918
2020-08-08T03:00:00Z,3534.73,3548.83,3529.66,3546.62,92672804
2020-08-08T04:00:00Z,3546.62,3551.20,3544.97,3545.74,57211757
2020-08-08T05:00:00Z,3545.74,3549.50,3543.37,3546.68,59618921
2020-08-08T06:00:00Z,3546.68,3548.79,3536.60,3540.80,77331584
2020-08-08T07:00:00Z,3540.80,3545.86,3528.03,3529.97,84981326
2020-08-08T08:00:00Z,3529.97,3534.11,3520.13,3521.74,75590516
2020-08-08T09:00:00Z,3521.74,3523.93,3518.28,3520.36,60361294
2020-08-08T10:00:00Z,3520.36,3525.22,3520.13,3521.83,72296254
2020-08-08T11:00:00Z,3521.83,3526.28,3515.67,3520.95,57310543
2020-08-08T12:00:00Z,3520.95,3526.24,3516.82,3518.58,58881072
2020-08-08T13:00:00Z,3518.58,3520.65,3513.42,3518.98,59380989
2020-08-08T14:00:00Z,3518.98,3522.97,3513.65,3521.98,68027291
2020-08-08T15:00:00Z,3521.98,3528.98,3521.69,3526.07,79012551
2020-08-08T16:00:00Z,3526.07,3539.85,3521.11,3537.78,79071814
2020-08-08T17:00:00Z,3537.78,3542.86,3534.45,3536.57,66684009
2020-08-08T18:00:00Z,3536.57,3542.01,3531.66,3536.76,67211316
2020-08-08T19:00:00Z,3536.76,3539.51,3533.35,3539.09,58658662
2020-08-08T20:00:00Z,3539.09,3545.43,3536.86,3544.15,77876530
2020-08-08T21:00:00Z,3544.15,3547.29,3537.33,3539.54,74394961
2020-08-08T22:00:00Z,3539.54,3543.41,3532.47,3533.98,81472229
2020-08-08T23:00:00Z,3533.98,3535.31,3521.02,3524.66,90481096
2020-08-09T00:00:00Z,3524.66,3543.38,3521.77,3538.92,91061391
2020-08-09T01:00:00Z,3538.92,3544.05,3532.49,3537.46,61991828
2020-08-09T02:00:00Z,3537.46,3539.47,3532.38,3535.64,58312382
2020-08-09T03:00:00Z,3535.64,3540.71,3534.48,3538.11,69120453
2020-08-09T04:00:00Z,3538.11,3546.04,3537.48,3541.09,57957758
2020-08-09T05:00:00Z,3541.09,3542.61,3540.43,3540.92,67103157
2020-08-09T06:00:00Z,3540.92,3543.91,3531.00,3531.54,88538961
2020-08-09T07:00:00Z,3531.54,3538.89,3531.53,3538.67,71515858
2020-08-09T08:00:00Z,3538.67,3545.01,3535.48,3544.13,81796888
2020-08-09T09:00:00Z,3544.13,3548.10,3532.47,3536.64,68644508
2020-08-09T10:00:00Z,3536.64,3541.71,3532.17,3538.28,69157821
2020-08-09T11:00:00Z,3538.28,3542.25,3538.16,3540.91,66242766
2020-08-09T12:00:00Z,3540.91,3544.86,3522.97,3527.57,96774105
2020-08-09T13:00:00Z,3527.57,3535.14,3526.67,3531.59,62318798
2020-08-09T14:00:00Z,3531.59,3537.78,3528.95,3537.43,72367065
2020-08-09T15:00:00Z,3537.43,3541.98,3525.87,3528.79,76348263
2020-08-09T16:00:00Z,3528.79,3530.79,3520.40,3522.03,83921941
2020-08-09T17:00:00Z,3522.03,3525.79,3512.42,3515.76,72804711
2020-08-09T18:00:00Z,3515.76,3516.49,3510.88,3511.57,78136549
2020-08-09T19:00:00Z,3511.57,3515.89,3511.29,3514.27,62090564
2020-08-09T20:00:00Z,3514.27,3518.85,3511.22,3516.53,71726410
2020-08-09T21:00:00Z,3516.53,3525.05,3512.17,3524.20,84985276
2020-08-09T22:00:00Z,3524.20,3528.64,3508.03,3511.08,83704895
2020-08-09T23:00:00Z,3511.08,3512.85,3510.78,3511.58,59989980
2020-08-10T00:00:00Z,3511.58,3520.24,3506.63,3515.49,75772085
2020-08-10T01:00:00Z,3515.49,3518.31,3511.04,3513.68,66712221
2020-08-10T02:00:00Z,3513.68,3516.77,3511.64,3514.47,54828895
2020-08-10T03:00:00Z,3514.47,3524.03,3509.86,3522.05,83071756
2020-08-10T04:00:00Z,3522.05,3524.91,3516.15,3516.60,74152395
2020-08-10T05:00:00Z,3516.60,3522.01,3514.64,3519.15,68041367
2020-08-10T06:00:00Z,3519.15,3530.15,3516.62,3525.01,74497833
2020-08-10T07:00:00Z,3525.01,3536.20,3521.59,3535.32,81857369
2020-08-10T08:00:00Z,3535.32,3538.32,3531.34,3531.85,64858056
2020-08-10T09:00:00Z,3531.85,3534.96,3519.88,3520.03,84135831
2020-08-10T10:00:00Z,3520.03,3521.62,3510.46,3511.22,86353136
2020-08-10T11:00:00Z,3511.22,3515.80,3503.61,3507.96,69823041
2020-08-10T12:00:00Z,3507.96,3513.77,3506.72,3511.70,76120489
2020-08-10T13:00:00Z,3511.70,3530.71,3507.55,3526.91,96844900
2020-08-10T14:00:00Z,3526.91,3531.41,3526.58,3529.93,61115497
2020-08-10T15:00:00Z,3529.93,3554.19,3526.75,3552.29,110123399
2020-08-10T16:00:00Z,3552.29,3563.32,3547.64,3559.04,79868939
2020-08-10T17:00:00Z,3559.04,3569.90,3554.42,3565.61,74509866
2020-08-10T18:00:00Z,3565.61,3567.62,3563.65,3566.04,51172528
2020-08-10T19:00:00Z,3566.04,3573.01,3562.96,3568.58,75193599
2020-08-10T20:00:00Z,3568.58,3575.74,3565.08,3573.46,77171535
2020-08-10T21:00:00Z,3573.46,3585.48,3569.57,3583.01,73114035
2020-08-10T22:00:00Z,3583.01,3586.34,3576.18,3580.71,69571210
2020-08-10T23:00:00Z,3580.71,3587.95,3575.29,3582.95,60575830
2020-08-11T00:00:00Z,3582.95,3589.26,3578.04,3586.85,68382708
2020-08-11T01:00:00Z,3586.85,3590.74,3581.76,3589.17,69992152
2020-08-11T02:00:00Z,3589.17,3595.78,3585.74,3591.61,74726782
2020-08-11T03:00:00Z,3591.61,3595.99,3591.27,3592.59,54770181
2020-08-11T04:00:00Z,3592.59,3593.78,3581.06,3584.69,78039839
2020-08-11T05:00:00Z,3584.69,3588.75,3575.48,3577.44,72189205
2020-08-11T06:00:00Z,3577.44,3579.68,3570.87,3574.18,66354642
2020-08-11T07:00:00Z,3574.18,3576.94,3569.38,3574.36,69767209
2020-08-11T08:00:00Z,3574.36,3579.68,3572.68,3578.80,68964013
2020-08-11T09:00:00Z,3578.80,3580.70,3571.89,3577.24,55360756
2020-08-11T10:00:00Z,3577.24,3581.49,3568.41,3573.23,77751031
2020-08-11T11:00:00Z,3573.23,3578.09,3565.20,3568.84,65268016
2020-08-11T12:00:00Z,3568.84,3575.61,3566.62,3573.60,70049695
2020-08-11T13:00:00Z,3573.60,3579.21,3570.43,3577.80,73493416
2020-08-11T14:00:00Z,3577.80,3578.93,3572.99,3574.89,70102225
2020-08-11T15:00:00Z,3574.89,3576.37,3572.66,3575.86,63130616
2020-08-11T16:00:00Z,3575.86,3579.97,3574.08,3576.45,60739886
2020-08-11T17:00:00Z,3576.45,3576.63,3571.48,3575.29,66193829
2020-08-11T18:00:00Z,3575.29,3588.28,3571.33,3587.18,84548976
2020-08-11T19:00:00Z,3587.18,3588.12,3580.73,3582.90,63370031
2020-08-11T20:00:00Z,3582.90,3587.73,3581.71,3584.29,62547152
2020-08-11T21:00:00Z,3584.29,3586.07,3562.90,3565.96,94108910
2020-08-11T22:00:00Z,3565.96,3567.39,3564.22,3565.37,67312162
2020-08-11T23:00:00Z,3565.37,3574.95,3564.73,3574.65,80181701
2020-08-12T00:00:00Z,3574.65,3579.51,3568.79,3573.36,69505671
2020-08-12T01:00:00Z,3573.36,3581.95,3570.34,3578.28,77759073
2020-08-12T02:00:00Z,3578.28,3590.62,3578.08,3585.65,68714444
2020-08-12T03:00:00Z,3585.65,3589.83,3580.36,3585.67,53335529
2020-08-12T04:00:00Z,3585.67,3588.73,3569.93,3573.26,93249963
2020-08-12T05:00:00Z,3573.26,3578.01,3560.09,3564.65,87865892
2020-08-12T06:00:00Z,3564.65,3575.70,3561.14,3573.13,73477675
2020-08-12T07:00:00Z,3573.13,3586.94,3570.93,3584.24,81920381
2020-08-12T08:00:00Z,3584.24,3598.67,3581.83,3593.91,85930792
2020-08-12T09:00:00Z,3593.91,3596.18,3589.91,3593.17,59502768
2020-08-12T10:00:00Z,3593.17,3593.67,3580.67,3585.29,84006508
2020-08-12T11:00:00Z,3585.29,3585.66,3579.94,3584.63,68320832
2020-08-12T12:00:00Z,3584.63,3589.50,3578.47,3581.29,64020223
2020-08-12T13:00:00Z,3581.29,3588.35,3577.81,3587.51,79742155
2020-08-12T14:00:00Z,3587.51,3592.47,3586.63,3591.78,61944206
2020-08-12T15:00:00Z,3591.78,3595.70,3565.84,3567.88,109862885
2020-08-12T16:00:00Z,3567.88,3573.19,3566.47,3568.96,69343535
2020-08-12T17:00:00Z,3568.96,3584.24,3567.25,3580.54,84817885
2020-08-12T18:00:00Z,3580.54,3584.96,3577.32,3582.26,68406406
2020-08-12T19:00:00Z,3582.26,3590.67,3581.67,3586.83,77166902
2020-08-12T20:00:00Z,3586.83,3594.15,3584.36,3592.41,72954207
2020-08-12T21:00:00Z,3592.41,3592.86,3587.36,3588.71,61462685
2020-08-12T22:00:00Z,3588.71,3590.83,3575.01,3580.10,69999000
2020-08-12T23:00:00Z,3580.10,3583.53,3558.08,3563.30,91178372
2020-08-13T00:00:00Z,3563.30,3573.06,3558.76,3567.92,69141269
2020-08-13T01:00:00Z,3567.92,3568.50,3566.98,3567.54,58983306
2020-08-13T02:00:00Z,3567.54,3580.26,3567.02,3576.36,76882576
2020-08-13T03:00:00Z,3576.36,3579.65,3565.64,3567.69,81142591
2020-08-13T04:00:00Z,3567.69,3571.87,3555.64,3560.23,77807590
2020-08-13T05:00:00Z,3560.23,3563.82,3543.38,3545.97,90485711
2020-08-13T06:00:00Z,3545.97,3549.72,3533.98,3536.36,86006498
2020-08-13T07:00:00Z,3536.36,3540.40,3536.08,3538.41,65730768
2020-08-13T08:00:00Z,3538.41,3539.13,3536.71,3538.80,64614849
2020-08-13T09:00:00Z,3538.80,3548.90,3537.59,3546.86,78400061
2020-08-13T10:00:00Z,3546.86,3551.40,3545.95,3548.76,69587069
2020-08-13T11:00:00Z,3548.76,3553.78,3544.60,3547.84,61015128
2020-08-13T12:00:00Z,3547.84,3552.33,3538.07,3543.01,77958819
2020-08-13T13:00:00Z,3543.01,3550.46,3538.68,3548.96,83144809
2020-08-13T14:00:00Z,3548.96,3553.59,3547.76,3552.38,68965965
2020-08-13T15:00:00Z,3552.38,3552.57,3549.89,3550.14,64854353
2020-08-13T16:00:00Z,3550.14,3550.16,3543.03,3546.60,70044426
2020-08-13T17:00:00Z,3546.60,3549.03,3536.49,3537.86,79039678
2020-08-13T18:00:00Z,3537.86,3542.46,3522.72,3527.45,74431873
2020-08-13T19:00:00Z,3527.45,3534.18,3523.16,3531.01,58966021
2020-08-13T20:00:00Z,3531.01,3534.22,3523.96,3525.01,68717040
2020-08-13T21:00:00Z,3525.01,3529.73,3514.44,3518.81,78103976
2020-08-13T22:00:00Z,3518.81,3521.10,3512.41,3515.11,71730333
2020-08-13T23:00:00Z,3515.11,3518.16,3507.89,3511.28,71215057
2020-08-14T00:00:00Z,3511.28,3522.63,3508.29,3519.17,79543586
2020-08-14T01:00:00Z,3519.17,3525.35,3514.53,3525.27,72721245
2020-08-14T02:00:00Z,3525.27,3529.52,3524.18,3528.76,63714660
2020-08-14T03:00:00Z,3528.76,3535.62,3528.05,3533.72,77732768
2020-08-14T04:00:00Z,3533.72,3536.59,3512.35,3516.63,95787249
2020-08-14T05:00:00Z,3516.63,3521.73,3511.94,3518.79,69787272
2020-08-14T06:00:00Z,3518.79,3525.39,3517.31,3524.46,80164728
2020-08-14T07:00:00Z,3524.46,3528.30,3521.39,3525.22,53652247
2020-08-14T08:00:00Z,3525.22,3532.53,3521.78,3529.36,77685123
2020-08-14T09:00:00Z,3529.36,3544.10,3526.98,3541.52,96814913
2020-08-14T10:00:00Z,3541.52,3545.74,3538.97,3540.07,58325904
2020-08-14T11:00:00Z,3540.07,3541.16,3528.02,3531.99,77495971
2020-08-14T12:00:00Z,3531.99,3532.37,3526.92,3529.58,73769781
2020-08-14T13:00:00Z,3529.58,3533.34,3527.43,3529.24,67259759
2020-08-14T14:00:00Z,3529.24,3530.10,3515.04,3516.71,79316322
2020-08-14T15:00:00Z,3516.71,3520.42,3511.63,3516.73,55761214
2020-08-14T16:00:00Z,3516.73,3521.30,3507.25,3509.93,70922373
2020-08-14T17:00:00Z,3509.93,3515.13,3507.52,3509.94,53002905
2020-08-14T18:00:00Z,3509.94,3514.38,3508.63,3510.56,62773657
2020-08-14T19:00:00Z,3510.56,3514.62,3487.78,3490.86,96008811
2020-08-14T20:00:00Z,3490.86,3490.92,3480.96,3484.87,83576200
2020-08-14T21:00:00Z,3484.87,3487.24,3484.47,3485.78,57685974
2020-08-14T22:00:00Z,3485.78,3491.10,3481.92,3489.13,74126583
2020-08-14T23:00:00Z,3489.13,3495.04,3487.84,3494.97,65821834
2020-08-15T00:00:00Z,3494.97,3497.27,3489.85,3497.24,66704166
2020-08-15T01:00:00Z,3497.24,3508.25,3496.75,3506.26,77853272
2020-08-15T02:00:00Z,3506.26,3508.75,3504.07,3506.77,67889625
2020-08-15T03:00:00Z,3506.77,3510.49,3503.10,3505.99,57349039
2020-08-15T04:00:00Z,3505.99,3511.70,3502.01,3506.71,66447397
2020-08-15T05:00:00Z,3506.71,3506.97,3493.59,3498.17,75457875
2020-08-15T06:00:00Z,3498.17,3512.14,3493.63,3508.08,90829544
2020-08-15T07:00:00Z,3508.08,3523.80,3506.03,3518.95,90803645
2020-08-15T08:00:00Z,3518.95,3520.21,3515.93,3516.88,63718015
2020-08-15T09:00:00Z,3516.88,3520.52,3509.88,3511.92,72566073
2020-08-15T10:00:00Z,3511.92,3517.13,3502.16,3504.78,66805356
2020-08-15T11:00:00Z,3504.78,3505.00,3488.43,3489.17,94681497
2020-08-15T12:00:00Z,3489.17,3492.54,3486.36,3489.07,55953582
2020-08-15T13:00:00Z,3489.07,3491.95,3487.55,3491.51,60254348
2020-08-15T14:00:00Z,3491.51,3496.40,3480.95,3484.16,77774181
2020-08-15T15:00:00Z,3484.16,3487.77,3482.58,3482.91,54672558
2020-08-15T16:00:00Z,3482.91,3487.07,3477.18,3481.55,54029349
2020-08-15T17:00:00Z,3481.55,3486.44,3463.44,3463.96,98468691
2020-08-15T18:00:00Z,3463.96,3468.74,3455.99,3459.17,68752844
2020-08-15T19:00:00Z,3459.17,3461.68,3448.11,3449.94,86408099
2020-08-15T20:00:00Z,3449.94,3452.47,3437.52,3438.87,91319815
2020-08-15T21:00:00Z,3438.87,3446.13,3437.70,3441.90,61912852
2020-08-15T22:00:00Z,3441.90,3453.18,3440.23,3449.66,69616984
2020-08-15T23:00:00Z,3449.66,3452.34,3447.78,3450.50,53846279
2020-08-16T00:00:00Z,3450.50,3454.77,3443.60,3446.54,78180376
2020-08-16T01:00:00Z,3446.54,3449.27,3441.75,3447.56,52873661
2020-08-16T02:00:00Z,3447.56,3449.11,3437.74,3439.16,85374028
2020-08-16T03:00:00Z,3439.16,3441.08,3433.95,3440.09,59575688
2020-08-16T04:00:00Z,3440.09,3440.28,3432.89,3435.78,68418650
2020-08-16T05:00:00Z,3435.78,3440.82,3432.97,3434.24,61818460
2020-08-16T06:00:00Z,3434.24,3436.02,3429.50,3434.40,62696801
2020-08-16T07:00:00Z,3434.40,3435.41,3429.93,3431.99,56216467
2020-08-16T08:00:00Z,3431.99,3440.40,3430.46,3435.33,72052236
2020-08-16T09:00:00Z,3435.33,3452.53,3434.68,3450.83,98329397
2020-08-16T10:00:00Z,3450.83,3452.88,3450.68,3451.74,67665953
2020-08-16T11:00:00Z,3451.74,3466.38,3451.00,3463.26,93978839
2020-08-16T12:00:00Z,3463.26,3466.45,3459.01,3464.75,57268054
2020-08-16T13:00:00Z,3464.75,3475.52,3463.33,3473.28,72762752
2020-08-16T14:00:00Z,3473.28,3486.76,3471.95,3482.75,74556644
2020-08-16T15:00:00Z,3482.75,3489.45,3479.24,3485.90,72966786
2020-08-16T16:00:00Z,3485.90,3499.66,3481.74,3498.31,91579824
2020-08-16T17:00:00Z,3498.31,3501.58,3497.16,3497.54,67650014
2020-08-16T18:00:00Z,3497.54,3503.76,3497.19,3499.70,71248886
2020-08-16T19:00:00Z,3499.70,3506.28,3499.59,3501.67,60935641
2020-08-16T20:00:00Z,3501.67,3511.81,3497.34,3506.91,69494742
2020-08-16T21:00:00Z,3506.91,3515.40,3504.31,3513.59,75233864
2020-08-16T22:00:00Z,3513.59,3515.41,3501.10,3503.37,91718930
2020-08-16T23:00:00Z,3503.37,3513.76,3500.33,3509.84,78967407
2020-08-17T00:00:00Z,3509.84,3513.87,3498.88,3500.46,85295519
2020-08-17T01:00:00Z,3500.46,3501.22,3495.77,3496.84,61078562
2020-08-17T02:00:00Z,3496.84,3501.66,3485.55,3487.43,89214058
2020-08-17T03:00:00Z,3487.43,3497.01,3484.30,3492.73,73852590
2020-08-17T04:00:00Z,3492.73,3502.43,3489.74,3502.16,88762485
2020-08-17T05:00:00Z,3502.16,3511.77,3498.20,3509.04,75319165
2020-08-17T06:00:00Z,3509.04,3511.19,3491.34,3496.25,98882704
2020-08-17T07:00:00Z,3496.25,3500.21,3480.82,3483.76,87093892
2020-08-17T08:00:00Z,3483.76,3483.82,3474.51,3477.67,77939391
2020-08-17T09:00:00Z,3477.67,3480.65,3472.55,3479.14,70315333
2020-08-17T10:00:00Z,3479.14,3481.09,3469.62,3473.20,76425247
2020-08-17T11:00:00Z,3473.20,3473.86,3459.42,3463.40,80901123
2020-08-17T12:00:00Z,3463.40,3467.09,3460.63,3462.02,56590755
2020-08-17T13:00:00Z,3462.02,3466.53,3455.71,3456.32,63986104
2020-08-17T14:00:00Z,3456.32,3466.88,3454.71,3464.19,80992480
2020-08-17T15:00:00Z,3464.19,3469.27,3459.54,3468.87,77482502
2020-08-17T16:00:00Z,3468.87,3470.77,3465.92,3470.23,53610491
2020-08-17T17:00:00Z,3470.23,3470.24,3459.23,3462.96,68122689
2020-08-17T18:00:00Z,3462.96,3468.31,3459.97,3464.11,67690434
2020-08-17T19:00:00Z,3464.11,3468.71,3453.17,3454.58,86326883
2020-08-17T20:00:00Z,3454.58,3465.11,3451.36,3461.97,85628583
2020-08-17T21:00:00Z,3461.97,3464.73,3452.82,3454.56,78449584
2020-08-17T22:00:00Z,3454.56,3455.74,3449.39,3450.12,77549842
2020-08-17T23:00:00Z,3450.12,3455.86,3445.37,3453.86,72921562
2020-08-18T00:00:00Z,3453.86,3458.76,3434.30,3437.06,104720320
2020-08-18T01:00:00Z,3437.06,3441.17,3424.23,3426.93,80806827
2020-08-18T02:00:00Z,3426.93,3435.18,3422.99,3432.70,63815909
2020-08-18T03:00:00Z,3432.70,3435.88,3426.23,3430.20,67648999
2020-08-18T04:00:00Z,3430.20,3432.43,3412.53,3414.34,93825660
2020-08-18T05:00:00Z,3414.34,3419.71,3414.22,3417.76,62392083
2020-08-18T06:00:00Z,3417.76,3419.13,3408.90,3411.37,67591530
2020-08-18T07:00:00Z,3411.37,3414.43,3410.06,3411.43,53449626
2020-08-18T08:00:00Z,3411.43,3417.39,3409.85,3413.96,60346404
2020-08-18T09:00:00Z,3413.96,3422.88,3413.67,3422.27,72078646
2020-08-18T10:00:00Z,3422.27,3427.39,3417.12,3422.29,61072266
2020-08-18T11:00:00Z,3422.29,3439.65,3419.46,3434.50,89503678
2020-08-18T12:00:00Z,3434.50,3439.24,3428.22,3432.90,55553975
2020-08-18T13:00:00Z,3432.90,3442.25,3429.63,3438.52,63872973
2020-08-18T14:00:00Z,3438.52,3460.52,3433.76,3457.10,105370944
2020-08-18T15:00:00Z,3457.10,3470.39,3453.19,3469.57,96112677
2020-08-18T16:00:00Z,3469.57,3489.32,3464.43,3488.05,97281908
2020-08-18T17:00:00Z,3488.05,3491.31,3484.88,3486.01,57584344
2020-08-18T18:00:00Z,3486.01,3491.39,3484.84,3487.21,71101156
2020-08-18T19:00:00Z,3487.21,3489.71,3474.10,3477.54,87673059
2020-08-18T20:00:00Z,3477.54,3484.13,3473.97,3483.19,67189777
2020-08-18T21:00:00Z,3483.19,3484.85,3478.66,3478.68,69105079
2020-08-18T22:00:00Z,3478.68,3496.49,3474.01,3491.90,91028743
2020-08-18T23:00:00Z,3491.90,3493.78,3486.79,3490.33,67341929
2020-08-19T00:00:00Z,3490.33,3501.80,3489.93,3497.98,81298561
2020-08-19T01:00:00Z,3497.98,3506.98,3495.99,3506.75,78958292
2020-08-19T02:00:00Z,3506.75,3515.47,3502.05,3510.54,68516808
2020-08-19T03:00:00Z,3510.54,3514.88,3504.57,3506.25,65580590
2020-08-19T04:00:00Z,3506.25,3506.64,3498.59,3498.70,86535526
2020-08-19T05:00:00Z,3498.70,3505.99,3498.18,3503.18,73212136
2020-08-19T06:00:00Z,3503.18,3507.70,3493.01,3495.79,69222955
2020-08-19T07:00:00Z,3495.79,3498.48,3492.80,3496.70,62262608
2020-08-19T08:00:00Z,3496.70,3499.04,3488.76,3490.38,65026966
2020-08-19T09:00:00Z,3490.38,3502.01,3488.05,3500.90,82347509
2020-08-19T10:00:00Z,3500.90,3501.44,3496.19,3500.87,51680042
2020-08-19T11:00:00Z,3500.87,3506.60,3496.14,3502.29,56659241
2020-08-19T12:00:00Z,3502.29,3506.72,3502.27,3503.38,70597892
2020-08-19T13:00:00Z,3503.38,3506.12,3502.88,3502.97,66809850
2020-08-19T14:00:00Z,3502.97,3513.70,3499.80,3509.29,71874981
2020-08-19T15:00:00Z,3509.29,3511.68,3503.84,3506.83,62412022
2020-08-19T16:00:00Z,3506.83,3514.52,3505.88,3510.83,71927608
2020-08-19T17:00:00Z,3510.83,3517.52,3510.40,3515.78,64556875
2020-08-19T18:00:00Z,3515.78,3522.72,3512.84,3518.21,56909725
2020-08-19T19:00:00Z,3518.21,3520.74,3507.04,3508.59,80152773
2020-08-19T20:00:00Z,3508.59,3509.22,3502.44,3506.92,53860344
2020-08-19T21:00:00Z,3506.92,3520.16,3505.94,3515.66,89497512
2020-08-19T22:00:00Z,3515.66,3517.98,3512.84,3517.68,60161330
2020-08-19T23:00:00Z,3517.68,3520.17,3512.42,3517.30,55032831
2020-08-20T00:00:00Z,3517.30,3522.31,3513.13,3518.74,56335869
2020-08-20T01:00:00Z,3518.74,3521.02,3513.68,3517.70,71768864
2020-08-20T02:00:00Z,3517.70,3542.64,3514.96,3538.41,103121551
2020-08-20T03:00:00Z,3538.41,3543.82,3538.28,3540.47,57129081
2020-08-20T04:00:00Z,3540.47,3544.22,3535.25,3539.82,69990119
2020-08-20T05:00:00Z,3539.82,3544.09,3533.39,3535.45,74017097
2020-08-20T06:00:00Z,3535.45,3545.84,3530.53,3540.87,63005092
2020-08-20T07:00:00Z,3540.87,3543.81,3533.73,3538.63,62417787
2020-08-20T08:00:00Z,3538.63,3546.55,3537.96,3544.79,75419549
2020-08-20T09:00:00Z,3544.79,3549.32,3540.43,3547.24,73206156
2020-08-20T10:00:00Z,3547.24,3558.95,3545.01,3554.15,83200939
2020-08-20T11:00:00Z,3554.15,3559.35,3546.58,3550.31,73894982
2020-08-20T12:00:00Z,3550.31,3555.78,3548.83,3551.53,71824085
2020-08-20T13:00:00Z,3551.53,3555.73,3546.63,3547.16,61316223
2020-08-20T14:00:00Z,3547.16,3557.54,3543.71,3557.42,90916136
2020-08-20T15:00:00Z,3557.42,3558.58,3533.94,3539.24,103138411
2020-08-20T16:00:00Z,3539.24,3544.25,3531.57,3535.44,67035973
2020-08-20T17:00:00Z,3535.44,3543.99,3532.03,3542.68,79000285
2020-08-20T18:00:00Z,3542.68,3544.36,3538.51,3542.85,65651926
2020-08-20T19:00:00Z,3542.85,3551.11,3538.34,3546.20,70024794
2020-08-20T20:00:00Z,3546.20,3557.43,3542.23,3554.83,72089353
2020-08-20T21:00:00Z,3554.83,3558.66,3541.95,3547.04,77876943
2020-08-20T22:00:00Z,3547.04,3549.09,3538.98,3541.61,74874422
2020-08-20T23:00:00Z,3541.61,3544.41,3529.30,3529.91,80299105
2020-08-21T00:00:00Z,3529.91,3549.43,3526.59,3544.98,98181466
2020-08-21T01:00:00Z,3544.98,3545.86,3541.28,3544.87,54220407
2020-08-21T02:00:00Z,3544.87,3550.17,3541.26,3545.62,66147791
2020-08-21T03:00:00Z,3545.62,3550.47,3534.48,3536.78,87490295
2020-08-21T04:00:00Z,3536.78,3545.95,3534.10,3543.27,77678583
2020-08-21T05:00:00Z,3543.27,3549.28,3542.04,3546.81,64647856
2020-08-21T06:00:00Z,3546.81,3551.66,3540.30,3543.74,68583749
2020-08-21T07:00:00Z,3543.74,3550.33,3539.91,3545.90,57594903
2020-08-21T08:00:00Z,3545.90,3546.78,3537.75,3541.30,71306627
2020-08-21T09:00:00Z,3541.30,3543.22,3538.23,3542.62,55778420
2020-08-21T10:00:00Z,3542.62,3549.37,3538.52,3545.83,70970390
2020-08-21T11:00:00Z,3545.83,3546.44,3536.50,3541.67,79066545
2020-08-21T12:00:00Z,3541.67,3554.45,3536.54,3549.09,74181934
2020-08-21T13:00:00Z,3549.09,3556.94,3546.69,3553.65,64857243
2020-08-21T14:00:00Z,3553.65,3560.75,3548.28,3560.26,72233442
2020-08-21T15:00:00Z,3560.26,3565.88,3560.15,3562.05,67779675
2020-08-21T16:00:00Z,3562.05,3564.99,3562.05,3562.30,65451433
2020-08-21T17:00:00Z,3562.30,3583.60,3558.86,3582.88,103774511
2020-08-21T18:00:00Z,3582.88,3585.90,3580.42,3585.50,63719344
2020-08-21T19:00:00Z,3585.50,3595.42,3585.49,3592.49,79306404
2020-08-21T20:00:00Z,3592.49,3603.72,3587.67,3598.99,84349854
2020-08-21T21:00:00Z,3598.99,3610.10,3596.86,3606.01,69821888
2020-08-21T22:00:00Z,3606.01,3619.73,3601.28,3616.49,86720145
2020-08-21T23:00:00Z,3616.49,3627.57,3613.68,3624.57,74585334
2020-08-22T00:00:00Z,3624.57,3634.36,3619.16,3628.98,62175742
2020-08-22T01:00:00Z,3628.98,3636.70,3627.28,3631.22,67770480
2020-08-22T02:00:00Z,3631.22,3636.49,3619.55,3625.01,69673271
2020-08-22T03:00:00Z,3625.01,3633.54,3623.20,3629.71,74164569
2020-08-22T04:00:00Z,3629.71,3633.03,3629.23,3629.84,57907191
2020-08-22T05:00:00Z,3629.84,3630.45,3624.08,3627.69,65954305
2020-08-22T06:00:00Z,3627.69,3631.58,3616.75,3621.39,70164719
2020-08-22T07:00:00Z,3621.39,3625.74,3601.59,3605.81,100225136
2020-08-22T08:00:00Z,3605.81,3613.52,3600.72,3612.11,73123036
2020-08-22T09:00:00Z,3612.11,3624.57,3611.85,3620.29,68363820
2020-08-22T10:00:00Z,3620.29,3622.41,3611.50,3616.22,70617025
2020-08-22T11:00:00Z,3616.22,3628.66,3611.60,3625.99,81272972
2020-08-22T12:00:00Z,3625.99,3631.47,3622.12,3627.84,72160450
2020-08-22T13:00:00Z,3627.84,3631.20,3622.35,3625.62,62703531
2020-08-22T14:00:00Z,3625.62,3630.87,3623.32,3625.11,54955753
2020-08-22T15:00:00Z,3625.11,3629.99,3617.29,3618.59,82229141
2020-08-22T16:00:00Z,3618.59,3619.10,3608.04,3612.95,62704384
2020-08-22T17:00:00Z,3612.95,3615.73,3609.43,3613.74,56651898
2020-08-22T18:00:00Z,3613.74,3614.21,3612.03,3612.96,56430605
2020-08-22T19:00:00Z,3612.96,3615.30,3609.68,3610.64,68706265
2020-08-22T20:00:00Z,3610.64,3625.68,3608.39,3621.75,87652824
2020-08-22T21:00:00Z,3621.75,3627.04,3616.27,3618.92,69381317
2020-08-22T22:00:00Z,3618.92,3622.11,3614.47,3615.60,67401817
2020-08-22T23:00:00Z,3615.60,3619.64,3609.12,3610.84,73464701
2020-08-23T00:00:00Z,3610.84,3627.66,3608.51,3627.11,94507485
2020-08-23T01:00:00Z,3627.11,3632.13,3615.78,3619.72,66425304
2020-08-23T02:00:00Z,3619.72,3627.68,3619.36,3626.01,72410729
2020-08-23T03:00:00Z,3626.01,3632.30,3622.44,3628.52,64765742
2020-08-23T04:00:00Z,3628.52,3631.46,3625.31,3628.80,59247608
2020-08-23T05:00:00Z,3628.80,3635.28,3626.74,3632.16,62296245
2020-08-23T06:00:00Z,3632.16,3635.17,3625.59,3627.42,66489517
2020-08-23T07:00:00Z,3627.42,3630.71,3627.03,3629.66,67136769
2020-08-23T08:00:00Z,3629.66,3643.15,3629.25,3638.60,89349476
2020-08-23T09:00:00Z,3638.60,3643.10,3632.78,3635.74,65502048
2020-08-23T10:00:00Z,3635.74,3636.75,3628.26,3633.20,60446420
2020-08-23T11:00:00Z,3633.20,3633.59,3624.82,3628.88,77404352
2020-08-23T12:00:00Z,3628.88,3645.44,3625.90,3642.56,99163120
2020-08-23T13:00:00Z,3642.56,3655.35,3638.39,3650.77,68902421
2020-08-23T14:00:00Z,3650.77,3653.60,3646.10,3648.16,74184862
2020-08-23T15:00:00Z,3648.16,3650.03,3641.91,3646.95,67603437
2020-08-23T16:00:00Z,3646.95,3648.91,3639.66,3643.35,60233707
2020-08-23T17:00:00Z,3643.35,3643.61,3632.72,3637.34,75554887
2020-08-23T18:00:00Z,3637.34,3639.94,3633.73,3636.85,57017647
2020-08-23T19:00:00Z,3636.85,3639.44,3626.13,3631.35,62993493
2020-08-23T20:00:00Z,3631.35,3637.69,3630.88,3636.59,63082038
2020-08-23T21:00:00Z,3636.59,3637.92,3623.98,3627.07,84895290
2020-08-23T22:00:00Z,3627.07,3632.43,3622.26,3631.92,61926264
2020-08-23T23:00:00Z,3631.92,3635.43,3628.80,3633.63,61401539
2020-08-24T00:00:00Z,3633.63,3642.70,3629.31,3639.46,62942080
2020-08-24T01:00:00Z,3639.46,3643.52,3631.11,3634.26,61901359
2020-08-24T02:00:00Z,3634.26,3640.65,3629.35,3639.67,74051787
2020-08-24T03:00:00Z,3639.67,3641.99,3629.09,3633.00,79498510
2020-08-24T04:00:00Z,3633.00,3648.56,3631.02,3643.29,76973987
2020-08-24T05:00:00Z,3643.29,3647.11,3640.17,3646.45,74116113
2020-08-24T06:00:00Z,3646.45,3648.01,3638.55,3643.56,65977538
2020-08-24T07:00:00Z,3643.56,3648.90,3639.47,3646.36,67504339
2020-08-24T08:00:00Z,3646.36,3651.67,3637.05,3639.04,69507991
2020-08-24T09:00:00Z,3639.04,3642.67,3636.49,3641.39,72643509
2020-08-24T10:00:00Z,3641.39,3657.13,3639.19,3653.54,93909698
2020-08-24T11:00:00Z,3653.54,3653.60,3652.66,3653.25,63775919
2020-08-24T12:00:00Z,3653.25,3657.04,3637.11,3640.43,96897303
2020-08-24T13:00:00Z,3640.43,3642.01,3638.27,3641.40,64573648
2020-08-24T14:00:00Z,3641.40,3653.43,3639.56,3649.62,80174964
2020-08-24T15:00:00Z,3649.62,3652.58,3647.86,3652.00,59495902
2020-08-24T16:00:00Z,3652.00,3655.37,3651.09,3651.19,70008723
2020-08-24T17:00:00Z,3651.19,3657.00,3650.89,3654.57,73221002
2020-08-24T18:00:00Z,3654.57,3655.18,3648.52,3653.12,71657050
2020-08-24T19:00:00Z,3653.12,3669.40,3651.25,3664.91,87679830
2020-08-24T20:00:00Z,3664.91,3673.12,3659.83,3670.79,74428068
2020-08-24T21:00:00Z,3670.79,3674.59,3670.03,3672.57,60693291
2020-08-24T22:00:00Z,3672.57,3675.10,3669.26,3674.77,72310206
2020-08-24T23:00:00Z,3674.77,3683.84,3671.43,3678.77,67764109
2020-08-25T00:00:00Z,3678.77,3681.86,3677.50,3681.44,63006836
2020-08-25T01:00:00Z,3681.44,3696.07,3678.29,3692.40,79373075
2020-08-25T02:00:00Z,3692.40,3704.25,3691.37,3703.35,76417047
2020-08-25T03:00:00Z,3703.35,3714.69,3698.51,3710.28,65364823
2020-08-25T04:00:00Z,3710.28,3721.89,3706.36,3716.45,65758750
2020-08-25T05:00:00Z,3716.45,3719.76,3702.82,3705.00,90224131
2020-08-25T06:00:00Z,3705.00,3713.03,3700.95,3709.09,65240508
2020-08-25T07:00:00Z,3709.09,3713.28,3707.85,3711.35,63806370
2020-08-25T08:00:00Z,3711.35,3716.07,3700.84,3705.31,81973127
2020-08-25T09:00:00Z,3705.31,3712.55,3700.50,3708.13,75191051
2020-08-25T10:00:00Z,3708.13,3711.19,3701.95,3706.75,67335374
2020-08-25T11:00:00Z,3706.75,3712.31,3702.15,3704.60,62906637
2020-08-25T12:00:00Z,3704.60,3714.51,3702.73,3713.76,76953601
2020-08-25T13:00:00Z,3713.76,3717.38,3698.21,3703.28,88952462
2020-08-25T14:00:00Z,3703.28,3707.94,3701.07,3704.82,68302785
2020-08-25T15:00:00Z,3704.82,3709.10,3695.64,3695.76,75074340
2020-08-25T16:00:00Z,3695.76,3706.14,3692.74,3702.79,83804146
2020-08-25T17:00:00Z,3702.79,3704.50,3695.76,3696.52,81560215
2020-08-25T18:00:00Z,3696.52,3698.19,3691.59,3695.29,68202226
2020-08-25T19:00:00Z,3695.29,3697.07,3686.69,3691.19,60270680
2020-08-25T20:00:00Z,3691.19,3704.32,3685.84,3699.44,87172876
2020-08-25T21:00:00Z,3699.44,3704.80,3696.35,3697.64,71661937
2020-08-25T22:00:00Z,3697.64,3702.42,3685.03,3686.95,91566619
2020-08-25T23:00:00Z,3686.95,3687.63,3686.26,3687.05,68583445
2020-08-26T00:00:00Z,3687.05,3691.19,3683.49,3689.46,59033096
2020-08-26T01:00:00Z,3689.46,3694.50,3684.17,3684.34,76249480
2020-08-26T02:00:00Z,3684.34,3695.01,3680.19,3691.31,74598426
2020-08-26T03:00:00Z,3691.31,3696.87,3686.64,3688.82,69401115
2020-08-26T04:00:00Z,3688.82,3692.49,3684.32,3686.08,61242424
2020-08-26T05:00:00Z,3686.08,3696.73,3683.51,3691.45,73943439
2020-08-26T06:00:00Z,3691.45,3697.63,3688.17,3695.96,72869635
2020-08-26T07:00:00Z,3695.96,3700.76,3683.63,3687.72,75190181
2020-08-26T08:00:00Z,3687.72,3691.43,3681.97,3686.58,56476299
2020-08-26T09:00:00Z,3686.58,3689.46,3664.76,3668.48,105861148
2020-08-26T10:00:00Z,3668.48,3671.89,3661.33,3661.50,75069596
2020-08-26T11:00:00Z,3661.50,3663.69,3654.75,3657.34,73411330
2020-08-26T12:00:00Z,3657.34,3675.58,3655.22,3673.73,88940716
2020-08-26T13:00:00Z,3673.73,3685.37,3669.41,3680.81,74675908
2020-08-26T14:00:00Z,3680.81,3694.43,3677.70,3689.08,83172805
2020-08-26T15:00:00Z,3689.08,3693.85,3687.03,3689.52,66800905
2020-08-26T16:00:00Z,3689.52,3695.88,3689.10,3691.23,63812096
2020-08-26T17:00:00Z,3691.23,3698.81,3685.99,3696.84,79249053
2020-08-26T18:00:00Z,3696.84,3698.27,3683.12,3688.52,85590511
2020-08-26T19:00:00Z,3688.52,3694.19,3685.35,3689.10,68876014
2020-08-26T20:00:00Z,3689.10,3693.53,3685.56,3687.95,65418010
2020-08-26T21:00:00Z,3687.95,3690.55,3672.68,3675.28,88608600
2020-08-26T22:00:00Z,3675.28,3679.82,3666.92,3672.24,56829454
2020-08-26T23:00:00Z,3672.24,3675.83,3653.03,3658.05,100852984
2020-08-27T00:00:00Z,3658.05,3660.77,3646.77,3648.33,76448299
2020-08-27T01:00:00Z,3648.33,3664.72,3647.61,3661.42,91787205
2020-08-27T02:00:00Z,3661.42,3672.83,3660.93,3670.50,74747567
2020-08-27T03:00:00Z,3670.50,3675.05,3661.13,3664.92,65858344
2020-08-27T04:00:00Z,3664.92,3676.06,3660.43,3670.68,76950398
2020-08-27T05:00:00Z,3670.68,3674.72,3669.41,3669.85,54561173
2020-08-27T06:00:00Z,3669.85,3671.82,3667.18,3667.69,62413306
2020-08-27T07:00:00Z,3667.69,3678.10,3663.50,3674.33,82548909
2020-08-27T08:00:00Z,3674.33,3680.90,3670.47,3675.65,60807944
2020-08-27T09:00:00Z,3675.65,3691.51,3672.91,3688.78,91764572
2020-08-27T10:00:00Z,3688.78,3705.65,3687.52,3701.26,80229681
2020-08-27T11:00:00Z,3701.26,3705.51,3695.82,3699.43,55255621
2020-08-27T12:00:00Z,3699.43,3700.24,3688.08,3690.48,74907023
2020-08-27T13:00:00Z,3690.48,3706.24,3685.14,3703.86,80837360
2020-08-27T14:00:00Z,3703.86,3725.56,3699.42,3720.63,92538323
2020-08-27T15:00:00Z,3720.63,3724.81,3717.53,3723.23,63599880
2020-08-27T16:00:00Z,3723.23,3736.69,3721.54,3735.30,79828833
2020-08-27T17:00:00Z,3735.30,3737.83,3729.25,3730.91,65961409
2020-08-27T18:00:00Z,3730.91,3735.50,3721.26,3725.76,63734406
2020-08-27T19:00:00Z,3725.76,3732.97,3723.30,3730.49,64823243
2020-08-27T20:00:00Z,3730.49,3747.07,3728.99,3744.71,83102783
2020-08-27T21:00:00Z,3744.71,3749.01,3738.77,3741.16,63813845
2020-08-27T22:00:00Z,3741.16,3754.98,3740.88,3750.08,82354692
2020-08-27T23:00:00Z,3750.08,3754.52,3743.39,3745.27,79455931
2020-08-28T00:00:00Z,3745.27,3750.52,3734.75,3735.68,77014527
2020-08-28T01:00:00Z,3735.68,3737.37,3728.06,3728.30,76960513
2020-08-28T02:00:00Z,3728.30,3730.36,3718.04,3723.33,75683230
2020-08-28T03:00:00Z,3723.33,3724.07,3712.19,3716.74,68645682
2020-08-28T04:00:00Z,3716.74,3719.46,3702.59,3705.17,85828076
2020-08-28T05:00:00Z,3705.17,3711.75,3702.20,3710.32,68723907
2020-08-28T06:00:00Z,3710.32,3713.86,3695.77,3701.26,79708936
2020-08-28T07:00:00Z,3701.26,3703.56,3696.15,3699.78,67939269
2020-08-28T08:00:00Z,3699.78,3702.09,3688.07,3690.80,71047828
2020-08-28T09:00:00Z,3690.80,3692.99,3679.71,3684.12,74877011
2020-08-28T10:00:00Z,3684.12,3691.36,3682.57,3687.14,57790177
2020-08-28T11:00:00Z,3687.14,3697.17,3684.50,3694.79,76914123
2020-08-28T12:00:00Z,3694.79,3705.99,3690.45,3705.03,84322667
2020-08-28T13:00:00Z,3705.03,3720.45,3702.21,3719.98,96071774
2020-08-28T14:00:00Z,3719.98,3724.03,3715.09,3716.77,57784239
2020-08-28T15:00:00Z,3716.77,3717.03,3705.94,3706.42,89839280
2020-08-28T16:00:00Z,3706.42,3710.06,3703.19,3704.87,73174408
2020-08-28T17:00:00Z,3704.87,3719.03,3704.61,3714.01,82770648
2020-08-28T18:00:00Z,3714.01,3716.53,3712.70,3714.57,68183625
2020-08-28T19:00:00Z,3714.57,3731.39,3711.03,3726.10,87412224
2020-08-28T20:00:00Z,3726.10,3731.44,3714.79,3719.62,79280811
2020-08-28T21:00:00Z,3719.62,3722.53,3714.25,3718.39,69868733
2020-08-28T22:00:00Z,3718.39,3721.68,3709.48,3709.68,70115496
2020-08-28T23:00:00Z,3709.68,3724.78,3708.58,3720.22,78204431
2020-08-29T00:00:00Z,3720.22,3720.62,3712.96,3717.17,58430527
2020-08-29T01:00:00Z,3717.17,3722.66,3708.47,3711.44,68636699
2020-08-29T02:00:00Z,3711.44,3720.04,3710.51,3714.98,62993292
2020-08-29T03:00:00Z,3714.98,3737.06,3713.76,3731.98,98049619
2020-08-29T04:00:00Z,3731.98,3734.19,3730.41,3731.31,64256714
2020-08-29T05:00:00Z,3731.31,3732.42,3717.75,3722.79,77689685
2020-08-29T06:00:00Z,3722.79,3731.03,3719.53,3727.46,73986837
2020-08-29T07:00:00Z,3727.46,3732.81,3725.31,3731.51,73866674
2020-08-29T08:00:00Z,3731.51,3733.13,3723.66,3726.91,77037183
2020-08-29T09:00:00Z,3726.91,3733.67,3721.71,3728.57,71768844
2020-08-29T10:00:00Z,3728.57,3736.85,3728.55,3734.74,77812833
2020-08-29T11:00:00Z,3734.74,3736.60,3726.24,3729.39,65950109
2020-08-29T12:00:00Z,3729.39,3730.90,3719.85,3723.42,77854653
2020-08-29T13:00:00Z,3723.42,3724.81,3719.68,3723.25,63220032
2020-08-29T14:00:00Z,3723.25,3729.21,3722.92,3723.94,68088640
2020-08-29T15:00:00Z,3723.94,3740.19,3723.76,3735.95,81110801
2020-08-29T16:00:00Z,3735.95,3745.98,3730.88,3743.43,68290560
2020-08-29T17:00:00Z,3743.43,3746.09,3736.98,3739.82,73801836
2020-08-29T18:00:00Z,3739.82,3741.30,3737.51,3740.43,70255238
2020-08-29T19:00:00Z,3740.43,3748.10,3736.15,3746.56,77313491
2020-08-29T20:00:00Z,3746.56,3762.99,3743.98,3761.04,91301529
2020-08-29T21:00:00Z,3761.04,3761.77,3753.22,3757.31,73965587
2020-08-29T22:00:00Z,3757.31,3759.35,3744.60,3748.56,78295962
2020-08-29T23:00:00Z,3748.56,3758.17,3743.01,3757.41,82246145
2020-08-30T00:00:00Z,3757.41,3759.21,3745.56,3748.87,85552024
2020-08-30T01:00:00Z,3748.87,3753.72,3746.81,3747.56,60822667
2020-08-30T02:00:00Z,3747.56,3748.27,3735.79,3740.22,67803562
2020-08-30T03:00:00Z,3740.22,3741.06,3720.83,3726.20,88117553
2020-08-30T04:00:00Z,3726.20,3730.31,3715.60,3719.05,83148119
2020-08-30T05:00:00Z,3719.05,3733.99,3716.47,3733.16,90542328
2020-08-30T06:00:00Z,3733.16,3741.10,3728.12,3735.76,61373789
2020-08-30T07:00:00Z,3735.76,3743.15,3732.39,3739.78,64264797
2020-08-30T08:00:00Z,3739.78,3751.57,3736.72,3748.04,82689216
2020-08-30T09:00:00Z,3748.04,3757.07,3743.92,3754.25,76034833
2020-08-30T10:00:00Z,3754.25,3778.91,3749.31,3774.46,94619815
2020-08-30T11:00:00Z,3774.46,3790.33,3772.25,3784.59,81567272
2020-08-30T12:00:00Z,3784.59,3787.94,3781.26,3787.73,59888348
2020-08-30T13:00:00Z,3787.73,3790.51,3774.94,3780.01,74649386
2020-08-30T14:00:00Z,3780.01,3785.59,3778.28,3782.92,59580562
2020-08-30T15:00:00Z,3782.92,3795.39,3781.01,3794.89,91554967
2020-08-30T16:00:00Z,3794.89,3796.82,3782.11,3784.73,79954938
2020-08-30T17:00:00Z,3784.73,3798.77,3781.43,3797.22,77130161
2020-08-30T18:00:00Z,3797.22,3810.23,3794.37,3805.17,72237118
2020-08-30T19:00:00Z,3805.17,3808.59,3800.65,3804.56,67535469
2020-08-30T20:00:00Z,3804.56,3811.26,3800.37,3807.02,73185841
2020-08-30T21:00:00Z,3807.02,3810.48,3792.12,3793.66,87958003
2020-08-30T22:00:00Z,3793.66,3799.79,3788.65,3799.35,71116793
2020-08-30T23:00:00Z,3799.35,3804.71,3793.19,3797.39,63466513
2020-08-31T00:00:00Z,3797.39,3803.64,3796.30,3800.73,74095553
2020-08-31T01:00:00Z,3800.73,3802.73,3799.38,3800.24,56413526
2020-08-31T02:00:00Z,3800.24,3800.57,3788.29,3792.37,69046627
2020-08-31T03:00:00Z,3792.37,3805.93,3790.02,3803.80,92987074
2020-08-31T04:00:00Z,3803.80,3805.85,3795.29,3796.45,80664333
2020-08-31T05:00:00Z,3796.45,3801.53,3788.92,3794.07,70782980
2020-08-31T06:00:00Z,3794.07,3797.66,3768.24,3770.33,106435937
2020-08-31T07:00:00Z,3770.33,3774.15,3758.89,3764.36,82621079
2020-08-31T08:00:00Z,3764.36,3769.97,3759.31,3759.87,66691655
2020-08-31T09:00:00Z,3759.87,3774.77,3757.62,3771.04,84263830
2020-08-31T10:00:00Z,3771.04,3775.39,3768.44,3769.28,55275688
2020-08-31T11:00:00Z,3769.28,3774.72,3758.71,3764.01,64431602
2020-08-31T12:00:00Z,3764.01,3775.75,3761.87,3772.60,68492350
2020-08-31T13:00:00Z,3772.60,3780.34,3769.28,3774.81,62083937
2020-08-31T14:00:00Z,3774.81,3775.11,3768.92,3770.31,67796466
2020-08-31T15:00:00Z,3770.31,3775.47,3763.06,3766.51,60983616
2020-08-31T16:00:00Z,3766.51,3771.22,3758.63,3761.06,80377955
2020-08-31T17:00:00Z,3761.06,3763.00,3757.74,3760.00,71590044
2020-08-31T18:00:00Z,3760.00,3764.59,3745.33,3747.36,85175750
2020-08-31T19:00:00Z,3747.36,3748.55,3739.21,3742.60,66641554
2020-08-31T20:00:00Z,3742.60,3747.74,3738.84,3742.15,53383177
2020-08-31T21:00:00Z,3742.15,3743.24,3730.64,3732.28,72611067
2020-08-31T22:00:00Z,3732.28,3734.15,3721.56,3725.15,79922782
2020-08-31T23:00:00Z,3725.15,3725.79,3708.94,3711.91,86016472
2020-09-01T00:00:00Z,3711.91,3722.09,3709.94,3718.66,74319665
2020-09-01T01:00:00Z,3718.66,3724.91,3713.14,3719.90,70161152
2020-09-01T02:00:00Z,3719.90,3720.08,3713.32,3717.01,68152084
2020-09-01T03:00:00Z,3717.01,3720.63,3712.91,3713.26,68839556
2020-09-01T04:00:00Z,3713.26,3718.47,3701.50,3705.20,83302391
2020-09-01T05:00:00Z,3705.20,3707.50,3693.99,3699.47,77511215
2020-09-01T06:00:00Z,3699.47,3703.95,3695.16,3696.69,75652719
2020-09-01T07:00:00Z,3696.69,3712.58,3695.66,3709.19,83306067
2020-09-01T08:00:00Z,3709.19,3722.70,3706.49,3717.63,85553749
2020-09-01T09:00:00Z,3717.63,3728.65,3716.30,3728.63,80792089
2020-09-01T10:00:00Z,3728.63,3743.63,3727.19,3739.42,89159802
2020-09-01T11:00:00Z,3739.42,3744.40,3731.68,3734.32,66799025
2020-09-01T12:00:00Z,3734.32,3737.07,3726.07,3729.53,66156677
2020-09-01T13:00:00Z,3729.53,3731.11,3716.08,3721.68,82648870
2020-09-01T14:00:00Z,3721.68,3740.50,3721.65,3735.64,85961076
2020-09-01T15:00:00Z,3735.64,3744.90,3733.81,3741.58,76528160
2020-09-01T16:00:00Z,3741.58,3745.67,3738.41,3742.16,61321838
2020-09-01T17:00:00Z,3742.16,3753.07,3741.10,3749.80,66729209
2020-09-01T18:00:00Z,3749.80,3752.44,3746.42,3751.70,62154241
2020-09-01T19:00:00Z,3751.70,3757.51,3747.79,3755.30,64725978
2020-09-01T20:00:00Z,3755.30,3768.45,3751.79,3768.12,94960896
2020-09-01T21:00:00Z,3768.12,3779.79,3763.00,3777.30,87191437
2020-09-01T22:00:00Z,3777.30,3785.05,3776.07,3783.56,64595776
2020-09-01T23:00:00Z,3783.56,3784.57,3767.64,3772.63,76872591
2020-09-02T00:00:00Z,3772.63,3782.72,3767.95,3778.13,69930631
2020-09-02T01:00:00Z,3778.13,3780.16,3768.60,3772.10,63199609
2020-09-02T02:00:00Z,3772.10,3781.88,3768.10,3776.18,59898562
2020-09-02T03:00:00Z,3776.18,3778.33,3769.04,3771.14,74742391
2020-09-02T04:00:00Z,3771.14,3785.53,3769.40,3782.10,90716536
2020-09-02T05:00:00Z,3782.10,3787.79,3779.90,3781.27,66828408
2020-09-02T06:00:00Z,3781.27,3785.38,3781.24,3782.18,71758187
2020-09-02T07:00:00Z,3782.18,3785.03,3776.85,3778.38,72663884
2020-09-02T08:00:00Z,3778.38,3782.12,3772.99,3781.77,66067571
2020-09-02T09:00:00Z,3781.77,3782.06,3772.91,3774.11,68051106
2020-09-02T10:00:00Z,3774.11,3774.59,3768.47,3773.53,61476551
2020-09-02T11:00:00Z,3773.53,3774.34,3769.39,3773.71,65778620
2020-09-02T12:00:00Z,3773.71,3794.40,3770.30,3791.92,95730194
2020-09-02T13:00:00Z,3791.92,3795.73,3785.08,3787.01,74000979
2020-09-02T14:00:00Z,3787.01,3791.48,3779.01,3783.33,69889770
2020-09-02T15:00:00Z,3783.33,3788.26,3780.22,3786.61,63474012
2020-09-02T16:00:00Z,3786.61,3789.22,3773.47,3775.10,74889462
2020-09-02T17:00:00Z,3775.10,3778.52,3765.83,3768.29,68995274
2020-09-02T18:00:00Z,3768.29,3773.26,3764.22,3768.40,51761949
2020-09-02T19:00:00Z,3768.40,3792.91,3764.66,3792.65,120152236
2020-09-02T20:00:00Z,3792.65,3792.83,3784.27,3789.44,73192686
2020-09-02T21:00:00Z,3789.44,3793.61,3788.89,3789.38,67282279
2020-09-02T22:00:00Z,3789.38,3796.21,3788.48,3793.55,62598052
2020-09-02T23:00:00Z,3793.55,3795.51,3791.50,3792.77,61324830
2020-09-03T00:00:00Z,3792.77,3796.00,3788.70,3789.03,77816859
2020-09-03T01:00:00Z,3789.03,3789.04,3781.06,3783.43,67761548
2020-09-03T02:00:00Z,3783.43,3787.26,3770.16,3774.14,89134742
2020-09-03T03:00:00Z,3774.14,3789.46,3768.49,3783.96,78835749
2020-09-03T04:00:00Z,3783.96,3787.73,3774.02,3776.11,67105073
2020-09-03T05:00:00Z,3776.11,3777.04,3768.08,3771.14,73324232
2020-09-03T06:00:00Z,3771.14,3775.97,3767.87,3775.45,64255273
2020-09-03T07:00:00Z,3775.45,3784.35,3773.06,3779.65,62364411
2020-09-03T08:00:00Z,3779.65,3781.16,3770.06,3775.23,75975481
2020-09-03T09:00:00Z,3775.23,3779.48,3759.79,3762.42,87055840
2020-09-03T10:00:00Z,3762.42,3765.41,3753.81,3754.79,73058515
2020-09-03T11:00:00Z,3754.79,3759.37,3738.01,3742.77,92923229
2020-09-03T12:00:00Z,3742.77,3746.02,3724.86,3727.67,95727219
2020-09-03T13:00:00Z,3727.67,3733.01,3719.61,3722.20,72451009
2020-09-03T14:00:00Z,3722.20,3737.52,3720.62,3734.44,86836964
2020-09-03T15:00:00Z,3734.44,3737.91,3732.58,3735.18,56688711
2020-09-03T16:00:00Z,3735.18,3735.72,3728.50,3729.70,64850656
2020-09-03T17:00:00Z,3729.70,3733.75,3715.83,3719.75,89287402
2020-09-03T18:00:00Z,3719.75,3736.51,3715.42,3731.57,92388648
2020-09-03T19:00:00Z,3731.57,3731.87,3724.23,3729.75,58581183
2020-09-03T20:00:00Z,3729.75,3735.18,3723.96,3728.81,58711930
2020-09-03T21:00:00Z,3728.81,3734.77,3724.64,3733.90,64670774
2020-09-03T22:00:00Z,3733.90,3736.49,3730.84,3734.97,54528229
2020-09-03T23:00:00Z,3734.97,3739.73,3730.48,3731.94,57998598
2020-09-04T00:00:00Z,3731.94,3748.87,3731.86,3743.39,80788066
2020-09-04T01:00:00Z,3743.39,3747.55,3722.10,3724.54,103814126
2020-09-04T02:00:00Z,3724.54,3740.85,3723.04,3738.81,95150853
2020-09-04T03:00:00Z,3738.81,3743.85,3721.39,3721.59,89616825
2020-09-04T04:00:00Z,3721.59,3727.58,3721.10,3722.67,71190470
2020-09-04T05:00:00Z,3722.67,3727.68,3716.43,3720.02,57382901
2020-09-04T06:00:00Z,3720.02,3725.62,3702.13,3704.19,101478793
2020-09-04T07:00:00Z,3704.19,3708.59,3700.55,3707.79,66044967
2020-09-04T08:00:00Z,3707.79,3714.70,3702.97,3712.45,60684899
2020-09-04T09:00:00Z,3712.45,3714.71,3704.62,3706.41,74853354
2020-09-04T10:00:00Z,3706.41,3709.56,3694.68,3699.12,73707439
2020-09-04T11:00:00Z,3699.12,3708.41,3695.50,3704.56,72655146
2020-09-04T12:00:00Z,3704.56,3708.64,3703.73,3705.03,61432759
2020-09-04T13:00:00Z,3705.03,3707.28,3696.32,3698.42,80176646
2020-09-04T14:00:00Z,3698.42,3701.79,3687.71,3691.33,80217884
2020-09-04T15:00:00Z,3691.33,3693.44,3688.70,3692.99,65887986
2020-09-04T16:00:00Z,3692.99,3701.86,3690.15,3698.05,65072163
2020-09-04T17:00:00Z,3698.05,3701.53,3694.08,3699.86,72880691
2020-09-04T18:00:00Z,3699.86,3706.33,3696.56,3703.12,62871375
2020-09-04T19:00:00Z,3703.12,3711.85,3698.05,3706.70,67159839
2020-09-04T20:00:00Z,3706.70,3710.15,3696.38,3700.95,73684539
2020-09-04T21:00:00Z,3700.95,3707.42,3697.33,3703.02,57383294
2020-09-04T22:00:00Z,3703.02,3708.44,3692.87,3695.91,69380320
2020-09-04T23:00:00Z,3695.91,3700.01,3695.43,3697.32,54260752
2020-09-05T00:00:00Z,3697.32,3701.15,3694.64,3695.66,72999961
2020-09-05T01:00:00Z,3695.66,3706.04,3695.03,3701.52,73666856
2020-09-05T02:00:00Z,3701.52,3704.54,3700.29,3701.92,52066749
2020-09-05T03:00:00Z,3701.92,3706.66,3694.95,3696.08,67204904
2020-09-05T04:00:00Z,3696.08,3703.45,3690.58,3700.18,69054731
2020-09-05T05:00:00Z,3700.18,3702.47,3695.36,3699.60,69885177
2020-09-05T06:00:00Z,3699.60,3704.26,3694.17,3697.47,70212233
2020-09-05T07:00:00Z,3697.47,3707.46,3696.34,3701.91,72634376
2020-09-05T08:00:00Z,3701.91,3706.55,3687.86,3690.64,89241250
2020-09-05T09:00:00Z,3690.64,3691.54,3680.79,3686.19,67501266
2020-09-05T10:00:00Z,3686.19,3689.62,3674.12,3675.72,74583911
2020-09-05T11:00:00Z,3675.72,3685.89,3670.24,3682.56,81871859
2020-09-05T12:00:00Z,3682.56,3686.11,3674.45,3677.68,61665421
2020-09-05T13:00:00Z,3677.68,3678.35,3666.45,3671.08,83609450
2020-09-05T14:00:00Z,3671.08,3675.85,3660.00,3663.66,72017405
2020-09-05T15:00:00Z,3663.66,3679.99,3660.45,3678.67,100072257
2020-09-05T16:00:00Z,3678.67,3678.74,3672.79,3673.50,77935178
2020-09-05T17:00:00Z,3673.50,3680.97,3671.66,3680.04,74843578
2020-09-05T18:00:00Z,3680.04,3681.84,3675.00,3677.93,66684068
2020-09-05T19:00:00Z,3677.93,3693.53,3676.93,3688.35,78619661
2020-09-05T20:00:00Z,3688.35,3693.43,3676.33,3679.06,79938654
2020-09-05T21:00:00Z,3679.06,3684.23,3672.69,3674.69,73613871
2020-09-05T22:00:00Z,3674.69,3679.64,3672.12,3672.81,72224943
2020-09-05T23:00:00Z,3672.81,3680.91,3670.06,3679.32,71611841
2020-09-06T00:00:00Z,3679.32,3682.79,3679.11,3681.45,73860380
2020-09-06T01:00:00Z,3681.45,3689.58,3677.20,3685.98,78792693
2020-09-06T02:00:00Z,3685.98,3697.87,3683.36,3697.41,77850725
2020-09-06T03:00:00Z,3697.41,3702.57,3687.82,3690.34,79030309
2020-09-06T04:00:00Z,3690.34,3695.31,3686.73,3687.69,60120810
2020-09-06T05:00:00Z,3687.69,3693.39,3684.87,3691.58,77694734
2020-09-06T06:00:00Z,3691.58,3698.18,3686.89,3695.23,61100804
2020-09-06T07:00:00Z,3695.23,3699.30,3682.41,3685.95,74478792
2020-09-06T08:00:00Z,3685.95,3697.07,3681.44,3694.03,73795492
2020-09-06T09:00:00Z,3694.03,3699.38,3685.28,3689.85,61870177
2020-09-06T10:00:00Z,3689.85,3697.40,3686.52,3694.38,66160843
2020-09-06T11:00:00Z,3694.38,3705.35,3689.88,3701.49,77960696
2020-09-06T12:00:00Z,3701.49,3709.67,3698.07,3706.69,74881313
2020-09-06T13:00:00Z,3706.69,3708.53,3704.86,3708.28,73381173
2020-09-06T14:00:00Z,3708.28,3708.73,3693.79,3699.31,70644728
2020-09-06T15:00:00Z,3699.31,3718.81,3696.39,3713.79,101139728
2020-09-06T16:00:00Z,3713.79,3725.89,3710.71,3725.06,89716194
2020-09-06T17:00:00Z,3725.06,3732.26,3720.42,3726.93,56554056
2020-09-06T18:00:00Z,3726.93,3731.93,3725.85,3731.39,61799340
2020-09-06T19:00:00Z,3731.39,3736.02,3729.49,3732.34,52121920
2020-09-06T20:00:00Z,3732.34,3733.05,3718.35,3721.08,79735180
2020-09-06T21:00:00Z,3721.08,3726.18,3716.08,3721.42,67966369
2020-09-06T22:00:00Z,3721.42,3734.86,3719.86,3733.73,85550541
2020-09-06T23:00:00Z,3733.73,3736.22,3719.92,3721.99,93513010
2020-09-07T00:00:00Z,3721.99,3722.79,3708.70,3713.76,79241568
2020-09-07T01:00:00Z,3713.76,3715.52,3708.06,3709.91,60734824
2020-09-07T02:00:00Z,3709.91,3714.91,3703.17,3707.86,54636369
2020-09-07T03:00:00Z,3707.86,3715.17,3706.21,3710.79,68603587
2020-09-07T04:00:00Z,3710.79,3717.23,3705.87,3715.97,69977916
2020-09-07T05:00:00Z,3715.97,3722.05,3715.32,3721.18,75372443
2020-09-07T06:00:00Z,3721.18,3730.99,3720.44,3727.22,67979753
2020-09-07T07:00:00Z,3727.22,3729.53,3713.87,3715.10,81804030
2020-09-07T08:00:00Z,3715.10,3734.35,3713.58,3729.96,82505855
2020-09-07T09:00:00Z,3729.96,3733.87,3726.58,3733.81,68204066
2020-09-07T10:00:00Z,3733.81,3736.03,3720.86,3723.55,72842995
2020-09-07T11:00:00Z,3723.55,3725.73,3717.36,3721.47,73211137
2020-09-07T12:00:00Z,3721.47,3737.31,3716.03,3734.07,91148783
2020-09-07T13:00:00Z,3734.07,3737.28,3729.50,3734.20,65450938
2020-09-07T14:00:00Z,3734.20,3735.70,3723.41,3723.92,80992987
2020-09-07T15:00:00Z,3723.92,3730.66,3718.76,3726.39,62444717
2020-09-07T16:00:00Z,3726.39,3731.87,3723.86,3725.86,60953853
2020-09-07T17:00:00Z,3725.86,3730.44,3725.60,3728.06,66279255
2020-09-07T18:00:00Z,3728.06,3734.97,3723.23,3729.79,62459622
2020-09-07T19:00:00Z,3729.79,3735.10,3729.03,3732.63,68496132
2020-09-07T20:00:00Z,3732.63,3735.54,3726.33,3731.95,65154704
2020-09-07T21:00:00Z,3731.95,3737.89,3729.41,3733.69,54783261
2020-09-07T22:00:00Z,3733.69,3733.99,3720.85,3725.52,68114635
2020-09-07T23:00:00Z,3725.52,3728.98,3721.75,3724.77,65007094
2020-09-08T00:00:00Z,3724.77,3725.72,3720.38,3722.74,55344905
2020-09-08T01:00:00Z,3722.74,3734.01,3720.58,3729.77,77039306
2020-09-08T02:00:00Z,3729.77,3748.92,3726.41,3746.25,90237240
2020-09-08T03:00:00Z,3746.25,3746.50,3740.84,3744.61,71290879
2020-09-08T04:00:00Z,3744.61,3749.60,3742.44,3742.60,70784008
2020-09-08T05:00:00Z,3742.60,3750.88,3736.93,3745.51,66000656
2020-09-08T06:00:00Z,3745.51,3753.20,3744.43,3750.32,69076266
2020-09-08T07:00:00Z,3750.32,3762.93,3747.07,3759.94,84497834
2020-09-08T08:00:00Z,3759.94,3767.68,3756.49,3762.22,59527937
2020-09-08T09:00:00Z,3762.22,3765.50,3757.42,3764.81,68941724
2020-09-08T10:00:00Z,3764.81,3765.10,3757.80,3761.05,77412126
2020-09-08T11:00:00Z,3761.05,3765.56,3759.13,3764.86,77884340
2020-09-08T12:00:00Z,3764.86,3771.75,3761.67,3770.74,73386282
2020-09-08T13:00:00Z,3770.74,3773.53,3759.17,3764.33,75797132
2020-09-08T14:00:00Z,3764.33,3764.65,3752.21,3755.95,77155758
2020-09-08T15:00:00Z,3755.95,3759.35,3739.35,3744.15,80484368
2020-09-08T16:00:00Z,3744.15,3745.93,3734.68,3738.28,74091883
2020-09-08T17:00:00Z,3738.28,3743.59,3735.18,3739.39,59875802
2020-09-08T18:00:00Z,3739.39,3740.18,3730.48,3733.89,62662942
2020-09-08T19:00:00Z,3733.89,3742.17,3733.62,3736.60,66261774
2020-09-08T20:00:00Z,3736.60,3744.49,3735.95,3742.26,71517564
2020-09-08T21:00:00Z,3742.26,3748.58,3738.31,3746.96,78788972
2020-09-08T22:00:00Z,3746.96,3762.24,3744.86,3761.10,86459415
2020-09-08T23:00:00Z,3761.10,3764.37,3751.62,3753.70,70209111
2020-09-09T00:00:00Z,3753.70,3759.26,3747.24,3751.28,55762334
2020-09-09T01:00:00Z,3751.28,3762.37,3745.64,3762.37,78106344
2020-09-09T02:00:00Z,3762.37,3764.57,3759.02,3760.17,71045004
2020-09-09T03:00:00Z,3760.17,3764.97,3756.46,3758.65,59221885
2020-09-09T04:00:00Z,3758.65,3760.27,3748.23,3750.11,87980714
2020-09-09T05:00:00Z,3750.11,3752.56,3745.77,3748.41,54317135
2020-09-09T06:00:00Z,3748.41,3752.19,3744.60,3744.95,64807730
2020-09-09T07:00:00Z,3744.95,3749.15,3743.36,3743.97,65366418
2020-09-09T08:00:00Z,3743.97,3752.01,3739.07,3750.13,78499016
2020-09-09T09:00:00Z,3750.13,3764.67,3747.77,3761.42,86266881
2020-09-09T10:00:00Z,3761.42,3765.73,3745.87,3747.03,98721842
2020-09-09T11:00:00Z,3747.03,3752.97,3743.00,3749.91,72607796
2020-09-09T12:00:00Z,3749.91,3754.62,3733.44,3737.31,81640372
2020-09-09T13:00:00Z,3737.31,3739.38,3732.69,3737.44,54289289
2020-09-09T14:00:00Z,3737.44,3746.74,3733.00,3742.22,73244085
2020-09-09T15:00:00Z,3742.22,3753.25,3736.97,3751.23,85823760
2020-09-09T16:00:00Z,3751.23,3768.36,3747.18,3764.01,79298691
2020-09-09T17:00:00Z,3764.01,3774.31,3762.62,3768.79,60738829
2020-09-09T18:00:00Z,3768.79,3780.39,3767.89,3779.52,91644796
2020-09-09T19:00:00Z,3779.52,3780.03,3766.79,3768.63,76886001
2020-09-09T20:00:00Z,3768.63,3781.77,3764.27,3777.23,70711167
2020-09-09T21:00:00Z,3777.23,3782.42,3776.14,3778.98,73684336
2020-09-09T22:00:00Z,3778.98,3786.32,3777.36,3782.33,62157485
2020-09-09T23:00:00Z,3782.33,3786.91,3766.50,3770.21,95239664
2020-09-10T00:00:00Z,3770.21,3771.08,3762.10,3764.69,70110785
2020-09-10T01:00:00Z,3764.69,3770.51,3764.47,3769.49,60648209
2020-09-10T02:00:00Z,3769.49,3771.47,3754.86,3757.24,95756564
2020-09-10T03:00:00Z,3757.24,3760.85,3753.63,3753.91,63435031
2020-09-10T04:00:00Z,3753.91,3763.65,3748.77,3762.66,83083307
2020-09-10T05:00:00Z,3762.66,3767.97,3753.93,3757.84,60862027
2020-09-10T06:00:00Z,3757.84,3772.27,3756.09,3770.13,92343927
2020-09-10T07:00:00Z,3770.13,3783.63,3766.65,3778.85,74074763
2020-09-10T08:00:00Z,3778.85,3782.26,3777.07,3777.40,59958963
2020-09-10T09:00:00Z,3777.40,3777.42,3764.63,3770.06,67880501
2020-09-10T10:00:00Z,3770.06,3780.47,3765.96,3778.19,86588707
2020-09-10T11:00:00Z,3778.19,3780.56,3756.54,3761.25,94013503
2020-09-10T12:00:00Z,3761.25,3762.46,3745.40,3748.81,82403081
2020-09-10T13:00:00Z,3748.81,3752.67,3739.48,3742.95,65985935
2020-09-10T14:00:00Z,3742.95,3759.16,3742.09,3759.07,95435120
2020-09-10T15:00:00Z,3759.07,3761.77,3747.89,3753.26,72247361
2020-09-10T16:00:00Z,3753.26,3755.95,3729.77,3734.94,99885393
2020-09-10T17:00:00Z,3734.94,3742.20,3730.43,3738.27,62888271
2020-09-10T18:00:00Z,3738.27,3741.52,3737.17,3740.26,60052269
2020-09-10T19:00:00Z,3740.26,3744.65,3729.28,3733.50,72869227
2020-09-10T20:00:00Z,3733.50,3736.74,3727.84,3729.03,62070575
2020-09-10T21:00:00Z,3729.03,3731.55,3721.03,3723.23,81609031
2020-09-10T22:00:00Z,3723.23,3731.69,3718.29,3729.19,78902041
2020-09-10T23:00:00Z,3729.19,3740.08,3727.27,3735.64,75381290
2020-09-11T00:00:00Z,3735.64,3744.78,3735.04,3744.68,75854320
2020-09-11T01:00:00Z,3744.68,3745.68,3730.20,3730.55,99062252
2020-09-11T02:00:00Z,3730.55,3735.18,3722.50,3723.99,83808659
2020-09-11T03:00:00Z,3723.99,3728.00,3723.79,3727.11,61692215
2020-09-11T04:00:00Z,3727.11,3730.17,3723.73,3724.06,65100377
2020-09-11T05:00:00Z,3724.06,3728.96,3721.46,3728.01,61061924
2020-09-11T06:00:00Z,3728.01,3731.10,3709.68,3713.09,98118423
2020-09-11T07:00:00Z,3713.09,3715.83,3710.65,3715.72,75172837
2020-09-11T08:00:00Z,3715.72,3721.07,3715.47,3719.84,71155565
2020-09-11T09:00:00Z,3719.84,3732.88,3715.66,3727.25,81175062
2020-09-11T10:00:00Z,3727.25,3736.78,3726.87,3732.72,65650487
2020-09-11T11:00:00Z,3732.72,3737.34,3727.88,3729.19,74842994
2020-09-11T12:00:00Z,3729.19,3730.22,3715.24,3719.30,79962120
2020-09-11T13:00:00Z,3719.30,3730.56,3717.00,3727.94,74661503
2020-09-11T14:00:00Z,3727.94,3735.79,3725.56,3732.71,78889747
2020-09-11T15:00:00Z,3732.71,3741.82,3731.60,3739.67,73687098
2020-09-11T16:00:00Z,3739.67,3744.71,3727.80,3730.45,88589308
2020-09-11T17:00:00Z,3730.45,3740.23,3729.94,3736.09,80520217
2020-09-11T18:00:00Z,3736.09,3741.44,3729.57,3732.82,66316631
2020-09-11T19:00:00Z,3732.82,3737.40,3720.77,3723.96,70850001
2020-09-11T20:00:00Z,3723.96,3744.08,3723.07,3740.21,101400191
2020-09-11T21:00:00Z,3740.21,3746.04,3735.18,3743.37,63452782
2020-09-11T22:00:00Z,3743.37,3751.33,3742.85,3749.32,65465670
2020-09-11T23:00:00Z,3749.32,3756.06,3745.62,3753.69,74136091
2020-09-12T00:00:00Z,3753.69,3754.06,3747.34,3748.67,72817530
2020-09-12T01:00:00Z,3748.67,3758.45,3743.59,3754.47,72933152
2020-09-12T02:00:00Z,3754.47,3754.48,3745.38,3747.27,68562740
2020-09-12T03:00:00Z,3747.27,3749.57,3742.22,3747.45,62650902
2020-09-12T04:00:00Z,3747.45,3751.21,3735.18,3736.40,91998753
2020-09-12T05:00:00Z,3736.40,3739.08,3725.77,3729.28,70778380
2020-09-12T06:00:00Z,3729.28,3732.34,3724.98,3730.23,65366116
2020-09-12T07:00:00Z,3730.23,3741.01,3727.19,3735.64,72732727
2020-09-12T08:00:00Z,3735.64,3736.95,3722.03,3726.11,85046999
2020-09-12T09:00:00Z,3726.11,3729.42,3723.55,3726.78,63408459
2020-09-12T10:00:00Z,3726.78,3738.06,3723.65,3737.15,79764288
2020-09-12T11:00:00Z,3737.15,3738.88,3719.29,3723.82,87324808
2020-09-12T12:00:00Z,3723.82,3736.68,3723.17,3731.94,81579361
2020-09-12T13:00:00Z,3731.94,3735.37,3724.89,3727.21,78807379
2020-09-12T14:00:00Z,3727.21,3732.60,3725.75,3726.62,67004371
2020-09-12T15:00:00Z,3726.62,3726.90,3711.93,3715.94,91511445
2020-09-12T16:00:00Z,3715.94,3721.00,3713.47,3714.13,65180583
2020-09-12T17:00:00Z,3714.13,3727.59,3708.87,3725.39,89662221
2020-09-12T18:00:00Z,3725.39,3736.42,3719.85,3732.91,73287395
2020-09-12T19:00:00Z,3732.91,3738.32,3728.40,3735.58,69083262
2020-09-12T20:00:00Z,3735.58,3739.91,3718.92,3722.05,97983101
2020-09-12T21:00:00Z,3722.05,3727.23,3718.43,3719.09,75958271
2020-09-12T22:00:00Z,3719.09,3731.61,3716.74,3726.13,76599841
2020-09-12T23:00:00Z,3726.13,3726.73,3717.52,3723.07,76053225
2020-09-13T00:00:00Z,3723.07,3727.44,3722.61,3726.92,60561788
2020-09-13T01:00:00Z,3726.92,3742.11,3723.06,3737.73,90216272
2020-09-13T02:00:00Z,3737.73,3747.69,3735.86,3743.43,67704887
2020-09-13T03:00:00Z,3743.43,3745.24,3734.09,3738.08,80596241
2020-09-13T04:00:00Z,3738.08,3741.40,3728.48,3728.94,78626048
2020-09-13T05:00:00Z,3728.94,3730.71,3722.81,3728.01,57329601
2020-09-13T06:00:00Z,3728.01,3732.97,3710.65,3713.71,85802853
2020-09-13T07:00:00Z,3713.71,3729.64,3713.08,3726.37,85228994
2020-09-13T08:00:00Z,3726.37,3735.58,3723.47,3733.19,82580990
2020-09-13T09:00:00Z,3733.19,3748.30,3730.54,3744.63,89804321
2020-09-13T10:00:00Z,3744.63,3749.11,3738.58,3738.76,80669319
2020-09-13T11:00:00Z,3738.76,3741.80,3731.99,3736.17,67357485
2020-09-13T12:00:00Z,3736.17,3738.43,3730.37,3734.98,69245462
2020-09-13T13:00:00Z,3734.98,3744.31,3734.38,3743.61,86693335
2020-09-13T14:00:00Z,3743.61,3743.70,3735.15,3735.91,86075126
2020-09-13T15:00:00Z,3735.91,3739.01,3730.79,3731.02,76904270
2020-09-13T16:00:00Z,3731.02,3749.38,3730.66,3746.10,87763182
2020-09-13T17:00:00Z,3746.10,3748.65,3730.13,3733.80,86894820
2020-09-13T18:00:00Z,3733.80,3736.68,3728.95,3730.62,73504698
2020-09-13T19:00:00Z,3730.62,3736.17,3713.96,3715.56,82690060
2020-09-13T20:00:00Z,3715.56,3720.64,3703.16,3708.29,82612133
2020-09-13T21:00:00Z,3708.29,3713.06,3702.39,3704.99,64344165
2020-09-13T22:00:00Z,3704.99,3709.35,3696.59,3701.52,63639108
2020-09-13T23:00:00Z,3701.52,3705.33,3700.98,3705.25,60362267
2020-09-14T00:00:00Z,3705.25,3705.73,3695.90,3700.55,62107499
2020-09-14T01:00:00Z,3700.55,3711.47,3697.24,3708.12,83612148
2020-09-14T02:00:00Z,3708.12,3713.34,3701.10,3703.60,72586767
2020-09-14T03:00:00Z,3703.60,3709.14,3693.19,3697.04,77363058
2020-09-14T04:00:00Z,3697.04,3700.07,3692.53,3697.13,64284527
2020-09-14T05:00:00Z,3697.13,3699.31,3690.37,3694.73,60491947
2020-09-14T06:00:00Z,3694.73,3697.49,3690.36,3693.22,71968290
2020-09-14T07:00:00Z,3693.22,3699.88,3691.42,3694.79,62536473
2020-09-14T08:00:00Z,3694.79,3697.53,3684.43,3688.71,78601836
2020-09-14T09:00:00Z,3688.71,3694.87,3684.42,3689.77,56380353
2020-09-14T10:00:00Z,3689.77,3691.41,3685.45,3690.85,53829248
2020-09-14T11:00:00Z,3690.85,3701.30,3687.05,3695.98,73656944
2020-09-14T12:00:00Z,3695.98,3698.66,3685.23,3689.10,67482896
2020-09-14T13:00:00Z,3689.10,3698.56,3683.89,3695.80,69361221
2020-09-14T14:00:00Z,3695.80,3705.25,3695.23,3701.04,67562831
2020-09-14T15:00:00Z,3701.04,3706.26,3696.64,3700.19,68568338
2020-09-14T16:00:00Z,3700.19,3710.53,3699.52,3708.28,83487646
2020-09-14T17:00:00Z,3708.28,3708.64,3702.52,3704.00,62546138
2020-09-14T18:00:00Z,3704.00,3706.07,3690.47,3693.04,93472433
2020-09-14T19:00:00Z,3693.04,3700.39,3692.32,3699.15,74089869
2020-09-14T20:00:00Z,3699.15,3701.25,3682.78,3684.94,85276347
2020-09-14T21:00:00Z,3684.94,3687.56,3680.09,3686.61,65554620
2020-09-14T22:00:00Z,3686.61,3700.23,3684.50,3699.43,86105202
2020-09-14T23:00:00Z,3699.43,3705.80,3695.80,3705.67,74686264
2020-09-15T00:00:00Z,3705.67,3710.29,3695.50,3697.90,79099411
2020-09-15T01:00:00Z,3697.90,3702.67,3696.89,3698.29,57897478
2020-09-15T02:00:00Z,3698.29,3713.58,3695.83,3711.92,95151574
2020-09-15T03:00:00Z,3711.92,3715.46,3708.59,3711.01,61555587
2020-09-15T04:00:00Z,3711.01,3726.49,3706.83,3724.21,96368406
2020-09-15T05:00:00Z,3724.21,3727.04,3720.26,3725.50,69000262
2020-09-15T06:00:00Z,3725.50,3733.51,3722.96,3729.09,73281339
2020-09-15T07:00:00Z,3729.09,3730.19,3724.48,3727.87,53921252
2020-09-15T08:00:00Z,3727.87,3729.26,3721.66,3727.13,59141133
2020-09-15T09:00:00Z,3727.13,3734.15,3723.30,3733.02,82209190
2020-09-15T10:00:00Z,3733.02,3736.40,3724.82,3725.68,76381989
2020-09-15T11:00:00Z,3725.68,3727.90,3721.49,3721.77,71381237
2020-09-15T12:00:00Z,3721.77,3724.37,3704.73,3709.70,95556371
2020-09-15T13:00:00Z,3709.70,3712.30,3701.44,3703.34,74737663
2020-09-15T14:00:00Z,3703.34,3716.22,3702.97,3713.77,89978039
2020-09-15T15:00:00Z,3713.77,3717.38,3704.38,3708.91,64314222
2020-09-15T16:00:00Z,3708.91,3714.20,3698.06,3699.03,76547360
2020-09-15T17:00:00Z,3699.03,3702.37,3695.28,3695.67,60315758
2020-09-15T18:00:00Z,3695.67,3705.56,3691.93,3701.56,63075932
2020-09-15T19:00:00Z,3701.56,3703.57,3696.44,3702.00,69297388
2020-09-15T20:00:00Z,3702.00,3702.18,3695.25,3699.25,70155629
2020-09-15T21:00:00Z,3699.25,3708.67,3697.00,3705.31,70861892
2020-09-15T22:00:00Z,3705.31,3721.61,3701.22,3720.62,94339686
2020-09-15T23:00:00Z,3720.62,3723.11,3713.18,3715.54,77310142
2020-09-16T00:00:00Z,3715.54,3719.68,3714.54,3715.59,54505947
2020-09-16T01:00:00Z,3715.59,3716.83,3712.19,3713.72,56057993
2020-09-16T02:00:00Z,3713.72,3723.62,3711.60,3719.41,78277398
2020-09-16T03:00:00Z,3719.41,3720.52,3701.14,3703.29,85131003
2020-09-16T04:00:00Z,3703.29,3712.17,3699.07,3710.73,77117116
2020-09-16T05:00:00Z,3710.73,3719.20,3710.36,3718.08,72303281
2020-09-16T06:00:00Z,3718.08,3729.50,3715.14,3724.81,75585259
2020-09-16T07:00:00Z,3724.81,3728.05,3712.64,3714.87,91334534
2020-09-16T08:00:00Z,3714.87,3715.29,3705.31,3708.83,76621747
2020-09-16T09:00:00Z,3708.83,3708.92,3705.33,3708.49,52654840
2020-09-16T10:00:00Z,3708.49,3708.65,3694.16,3699.37,71576375
2020-09-16T11:00:00Z,3699.37,3709.63,3697.28,3708.73,87910785
2020-09-16T12:00:00Z,3708.73,3714.84,3705.42,3712.46,69404405
2020-09-16T13:00:00Z,3712.46,3712.93,3704.49,3708.30,70428798
2020-09-16T14:00:00Z,3708.30,3714.19,3706.03,3709.22,69622675
2020-09-16T15:00:00Z,3709.22,3714.11,3705.02,3706.39,63862474
2020-09-16T16:00:00Z,3706.39,3709.69,3701.80,3709.30,63391539
2020-09-16T17:00:00Z,3709.30,3711.71,3705.09,3708.19,65446382
2020-09-16T18:00:00Z,3708.19,3712.65,3696.42,3699.66,87233501
2020-09-16T19:00:00Z,3699.66,3711.08,3695.54,3709.35,75788914
2020-09-16T20:00:00Z,3709.35,3716.26,3706.06,3710.74,55952048
2020-09-16T21:00:00Z,3710.74,3715.49,3705.88,3712.65,71219960
2020-09-16T22:00:00Z,3712.65,3717.16,3706.83,3711.99,59060822
2020-09-16T23:00:00Z,3711.99,3715.56,3708.64,3715.09,75733739
2020-09-17T00:00:00Z,3715.09,3716.95,3701.19,3703.90,74528261
2020-09-17T01:00:00Z,3703.90,3705.90,3685.25,3690.78,82567056
2020-09-17T02:00:00Z,3690.78,3694.69,3680.64,3685.05,68465028
2020-09-17T03:00:00Z,3685.05,3688.35,3675.85,3676.99,78591817
2020-09-17T04:00:00Z,3676.99,3681.49,3666.96,3670.26,83478128
2020-09-17T05:00:00Z,3670.26,3672.29,3648.02,3650.65,102578799
2020-09-17T06:00:00Z,3650.65,3657.51,3646.36,3653.44,67996600
2020-09-17T07:00:00Z,3653.44,3658.41,3648.79,3650.15,57554881
2020-09-17T08:00:00Z,3650.15,3654.51,3649.41,3650.25,66301406
2020-09-17T09:00:00Z,3650.25,3656.62,3647.27,3654.61,72167934
2020-09-17T10:00:00Z,3654.61,3657.49,3649.88,3650.58,61956787
2020-09-17T11:00:00Z,3650.58,3654.44,3650.19,3650.36,56330807
2020-09-17T12:00:00Z,3650.36,3653.04,3649.42,3649.88,61452298
2020-09-17T13:00:00Z,3649.88,3650.46,3634.49,3639.65,80054557
2020-09-17T14:00:00Z,3639.65,3649.72,3638.79,3645.80,68013644
2020-09-17T15:00:00Z,3645.80,3647.89,3630.56,3635.10,74135792
2020-09-17T16:00:00Z,3635.10,3640.08,3633.60,3636.91,62826581
2020-09-17T17:00:00Z,3636.91,3639.73,3631.95,3638.29,65474872
2020-09-17T18:00:00Z,3638.29,3641.31,3629.62,3629.91,80015148
2020-09-17T19:00:00Z,3629.91,3631.70,3623.92,3629.00,60346746
2020-09-17T20:00:00Z,3629.00,3632.77,3618.18,3620.71,88194230
2020-09-17T21:00:00Z,3620.71,3623.28,3613.61,3614.21,73096811
2020-09-17T22:00:00Z,3614.21,3626.00,3610.89,3622.65,72089014
2020-09-17T23:00:00Z,3622.65,3625.67,3620.64,3623.19,69396449
2020-09-18T00:00:00Z,3623.19,3623.79,3620.06,3621.17,72608987
2020-09-18T01:00:00Z,3621.17,3625.71,3618.40,3619.91,63572108
2020-09-18T02:00:00Z,3619.91,3625.53,3619.35,3621.47,70830160
2020-09-18T03:00:00Z,3621.47,3622.75,3617.29,3620.32,60176941
2020-09-18T04:00:00Z,3620.32,3627.57,3619.54,3627.16,74786110
2020-09-18T05:00:00Z,3627.16,3640.78,3625.40,3635.80,85459058
2020-09-18T06:00:00Z,3635.80,3637.74,3629.40,3634.24,69505840
2020-09-18T07:00:00Z,3634.24,3638.70,3628.39,3629.36,62458952
2020-09-18T08:00:00Z,3629.36,3640.30,3629.22,3635.23,63678793
2020-09-18T09:00:00Z,3635.23,3643.07,3630.33,3637.76,58960698
2020-09-18T10:00:00Z,3637.76,3650.20,3632.65,3645.21,78827321
2020-09-18T11:00:00Z,3645.21,3646.38,3635.96,3638.71,74679953
2020-09-18T12:00:00Z,3638.71,3653.13,3633.37,3651.70,83539208
2020-09-18T13:00:00Z,3651.70,3657.55,3651.19,3653.97,66277720
2020-09-18T14:00:00Z,3653.97,3658.09,3648.71,3655.23,54152702
2020-09-18T15:00:00Z,3655.23,3659.37,3641.47,3645.15,83502153
2020-09-18T16:00:00Z,3645.15,3654.34,3641.88,3651.38,66995212
2020-09-18T17:00:00Z,3651.38,3656.17,3648.08,3655.51,65138574
2020-09-18T18:00:00Z,3655.51,3657.68,3639.96,3640.12,101926120
2020-09-18T19:00:00Z,3640.12,3644.90,3637.12,3639.20,59922011
2020-09-18T20:00:00Z,3639.20,3639.48,3637.25,3638.45,65839924
2020-09-18T21:00:00Z,3638.45,3642.14,3634.42,3639.00,70446642
2020-09-18T22:00:00Z,3639.00,3642.63,3623.82,3625.11,85236730
2020-09-18T23:00:00Z,3625.11,3642.40,3622.69,3637.37,94111620
2020-09-19T00:00:00Z,3637.37,3640.22,3630.12,3631.05,77950899
2020-09-19T01:00:00Z,3631.05,3635.58,3630.11,3631.57,66535344
2020-09-19T02:00:00Z,3631.57,3635.43,3616.54,3618.72,82015773
2020-09-19T03:00:00Z,3618.72,3621.20,3613.40,3613.50,79153659
2020-09-19T04:00:00Z,3613.50,3620.40,3612.33,3618.56,63724364
2020-09-19T05:00:00Z,3618.56,3630.67,3615.80,3627.72,78290579
2020-09-19T06:00:00Z,3627.72,3632.96,3624.73,3629.15,63226630
2020-09-19T07:00:00Z,3629.15,3642.26,3627.13,3639.93,90324867
2020-09-19T08:00:00Z,3639.93,3647.80,3638.98,3646.52,81796737
2020-09-19T09:00:00Z,3646.52,3647.17,3644.15,3645.14,53783777
2020-09-19T10:00:00Z,3645.14,3647.84,3642.51,3645.07,50841925
2020-09-19T11:00:00Z,3645.07,3663.87,3644.25,3658.49,95446809
2020-09-19T12:00:00Z,3658.49,3665.08,3658.42,3665.03,82416486
2020-09-19T13:00:00Z,3665.03,3667.78,3646.42,3649.22,99816213
2020-09-19T14:00:00Z,3649.22,3659.45,3648.41,3657.69,70229685
2020-09-19T15:00:00Z,3657.69,3665.82,3653.52,3663.93,76341238
2020-09-19T16:00:00Z,3663.93,3675.82,3659.64,3673.07,73580726
2020-09-19T17:00:00Z,3673.07,3677.08,3670.93,3671.53,69964313
2020-09-19T18:00:00Z,3671.53,3671.70,3666.50,3667.36,78195311
2020-09-19T19:00:00Z,3667.36,3677.13,3665.36,3676.63,82677899
2020-09-19T20:00:00Z,3676.63,3680.26,3668.85,3671.28,79292445
2020-09-19T21:00:00Z,3671.28,3675.74,3670.90,3671.00,61430066
2020-09-19T22:00:00Z,3671.00,3671.28,3662.52,3663.53,81896306
2020-09-19T23:00:00Z,3663.53,3667.92,3659.18,3661.30,57536975
2020-09-20T00:00:00Z,3661.30,3662.93,3656.77,3657.08,76653807
2020-09-20T01:00:00Z,3657.08,3664.82,3653.83,3661.25,76080792
2020-09-20T02:00:00Z,3661.25,3663.78,3649.71,3651.45,80992907
2020-09-20T03:00:00Z,3651.45,3652.17,3644.66,3647.31,67502822
2020-09-20T04:00:00Z,3647.31,3648.15,3638.08,3643.17,67874637
2020-09-20T05:00:00Z,3643.17,3646.18,3637.95,3641.90,71649694
2020-09-20T06:00:00Z,3641.90,3649.31,3641.30,3645.69,67189163
2020-09-20T07:00:00Z,3645.69,3647.98,3634.55,3638.15,75353867
2020-09-20T08:00:00Z,3638.15,3644.56,3636.76,3639.31,61063103
2020-09-20T09:00:00Z,3639.31,3650.76,3637.42,3649.15,74354145
2020-09-20T10:00:00Z,3649.15,3655.21,3645.03,3649.91,54562987
2020-09-20T11:00:00Z,3649.91,3656.31,3649.62,3652.21,71942826
2020-09-20T12:00:00Z,3652.21,3657.60,3647.91,3653.57,69872859
2020-09-20T13:00:00Z,3653.57,3658.86,3649.13,3652.97,62515892
2020-09-20T14:00:00Z,3652.97,3654.58,3639.68,3642.13,91582245
2020-09-20T15:00:00Z,3642.13,3644.45,3626.43,3628.93,90919009
2020-09-20T16:00:00Z,3628.93,3632.56,3611.98,3617.26,94379738
2020-09-20T17:00:00Z,3617.26,3617.64,3612.57,3616.52,54124180
2020-09-20T18:00:00Z,3616.52,3625.00,3611.25,3624.91,84552167
2020-09-20T19:00:00Z,3624.91,3633.77,3620.65,3630.04,76161888
2020-09-20T20:00:00Z,3630.04,3630.83,3620.98,3626.25,70479437
2020-09-20T21:00:00Z,3626.25,3628.97,3625.85,3626.52,65762104
2020-09-20T22:00:00Z,3626.52,3649.34,3626.27,3645.34,93389807
2020-09-20T23:00:00Z,3645.34,3660.88,3641.53,3658.93,84615669
2020-09-21T00:00:00Z,3658.93,3668.11,3655.53,3664.56,63686586
2020-09-21T01:00:00Z,3664.56,3673.59,3659.72,3668.89,70768588
2020-09-21T02:00:00Z,3668.89,3673.71,3665.31,3667.49,53457631
2020-09-21T03:00:00Z,3667.49,3675.59,3667.27,3671.90,62129039
2020-09-21T04:00:00Z,3671.90,3673.93,3666.83,3667.25,60637686
2020-09-21T05:00:00Z,3667.25,3678.81,3661.97,3674.45,75723464
2020-09-21T06:00:00Z,3674.45,3675.65,3663.62,3663.77,85030579
2020-09-21T07:00:00Z,3663.77,3667.60,3657.44,3661.35,62793861
2020-09-21T08:00:00Z,3661.35,3663.80,3652.44,3657.46,67519451
2020-09-21T09:00:00Z,3657.46,3663.57,3654.97,3662.41,66827884
2020-09-21T10:00:00Z,3662.41,3664.31,3660.13,3662.84,58442586
2020-09-21T11:00:00Z,3662.84,3674.74,3661.39,3670.95,86427547
2020-09-21T12:00:00Z,3670.95,3674.38,3666.62,3668.59,62234962
2020-09-21T13:00:00Z,3668.59,3670.61,3660.66,3666.21,66693268
2020-09-21T14:00:00Z,3666.21,3667.68,3660.65,3666.79,68945101
2020-09-21T15:00:00Z,3666.79,3674.80,3663.74,3672.91,81025342
2020-09-21T16:00:00Z,3672.91,3685.52,3672.60,3680.15,85515403
2020-09-21T17:00:00Z,3680.15,3686.88,3676.45,3683.41,68548459
2020-09-21T18:00:00Z,3683.41,3687.39,3676.35,3681.30,71865610
2020-09-21T19:00:00Z,3681.30,3685.25,3668.23,3670.57,90184410
2020-09-21T20:00:00Z,3670.57,3689.69,3665.57,3684.67,99721644
2020-09-21T21:00:00Z,3684.67,3690.09,3679.86,3686.72,64929663
2020-09-21T22:00:00Z,3686.72,3694.27,3683.26,3693.15,75965431
2020-09-21T23:00:00Z,3693.15,3699.06,3690.88,3696.28,59990098
2020-09-22T00:00:00Z,3696.28,3701.59,3696.24,3699.07,71020690
2020-09-22T01:00:00Z,3699.07,3701.55,3692.25,3696.49,74366320
2020-09-22T02:00:00Z,3696.49,3700.47,3687.04,3690.16,73441716
2020-09-22T03:00:00Z,3690.16,3692.49,3687.14,3689.14,65429100
2020-09-22T04:00:00Z,3689.14,3701.54,3688.16,3696.81,78627895
2020-09-22T05:00:00Z,3696.81,3699.48,3680.51,3682.62,92947730
2020-09-22T06:00:00Z,3682.62,3683.23,3676.37,3681.67,53823570
2020-09-22T07:00:00Z,3681.67,3684.85,3677.68,3680.24,63895159
2020-09-22T08:00:00Z,3680.24,3686.81,3676.34,3681.72,54037576
2020-09-22T09:00:00Z,3681.72,3683.50,3676.22,3679.73,65354256
2020-09-22T10:00:00Z,3679.73,3681.22,3674.00,3675.73,77704456
2020-09-22T11:00:00Z,3675.73,3676.33,3669.80,3673.12,72768790
2020-09-22T12:00:00Z,3673.12,3693.05,3671.65,3690.86,92665401
2020-09-22T13:00:00Z,3690.86,3690.98,3684.17,3686.71,65726987
2020-09-22T14:00:00Z,3686.71,3690.96,3681.36,3689.18,57331076
2020-09-22T15:00:00Z,3689.18,3692.66,3668.88,3669.40,103241118
2020-09-22T16:00:00Z,3669.40,3673.87,3666.39,3673.84,76681778
2020-09-22T17:00:00Z,3673.84,3682.44,3669.36,3679.53,65995268
2020-09-22T18:00:00Z,3679.53,3684.37,3668.00,3673.53,78548822
2020-09-22T19:00:00Z,3673.53,3683.10,3670.97,3679.65,78578007
2020-09-22T20:00:00Z,3679.65,3681.17,3661.11,3666.01,80473188
2020-09-22T21:00:00Z,3666.01,3686.60,3663.08,3685.31,107100193
2020-09-22T22:00:00Z,3685.31,3692.95,3685.27,3690.14,73468268
2020-09-22T23:00:00Z,3690.14,3720.12,3687.98,3714.65,121333805
2020-09-23T00:00:00Z,3714.65,3719.12,3702.90,3705.52,75781283
2020-09-23T01:00:00Z,3705.52,3713.99,3700.76,3711.41,75723588
2020-09-23T02:00:00Z,3711.41,3726.51,3706.90,3721.28,77213875
2020-09-23T03:00:00Z,3721.28,3731.90,3717.35,3726.52,76411155
2020-09-23T04:00:00Z,3726.52,3734.34,3722.07,3732.97,78200169
2020-09-23T05:00:00Z,3732.97,3738.25,3725.69,3728.70,77658445
2020-09-23T06:00:00Z,3728.70,3730.36,3720.74,3723.10,76994846
2020-09-23T07:00:00Z,3723.10,3725.09,3711.15,3715.75,67513537
2020-09-23T08:00:00Z,3715.75,3731.38,3715.14,3726.27,76615875
2020-09-23T09:00:00Z,3726.27,3727.88,3713.74,3717.37,85346011
2020-09-23T10:00:00Z,3717.37,3724.97,3713.85,3721.25,63013165
2020-09-23T11:00:00Z,3721.25,3724.65,3719.13,3720.85,53878629
2020-09-23T12:00:00Z,3720.85,3724.09,3712.18,3716.53,77684856
2020-09-23T13:00:00Z,3716.53,3719.41,3712.60,3715.59,67362372
2020-09-23T14:00:00Z,3715.59,3725.02,3714.73,3720.66,78794520
2020-09-23T15:00:00Z,3720.66,3722.75,3710.41,3715.87,75691970
2020-09-23T16:00:00Z,3715.87,3719.59,3709.82,3713.62,55750655
2020-09-23T17:00:00Z,3713.62,3717.41,3704.31,3707.29,74885037
2020-09-23T18:00:00Z,3707.29,3711.33,3701.81,3704.31,71880285
2020-09-23T19:00:00Z,3704.31,3706.35,3692.46,3693.32,76627925
2020-09-23T20:00:00Z,3693.32,3694.37,3690.64,3692.71,52844769
2020-09-23T21:00:00Z,3692.71,3702.00,3687.45,3697.31,67597447
2020-09-23T22:00:00Z,3697.31,3698.97,3687.93,3690.33,79269500
2020-09-23T23:00:00Z,3690.33,3694.11,3682.05,3684.52,67190578
2020-09-24T00:00:00Z,3684.52,3692.78,3679.30,3689.43,78652194
2020-09-24T01:00:00Z,3689.43,3690.52,3684.47,3690.00,65329234
2020-09-24T02:00:00Z,3690.00,3692.22,3683.74,3684.35,66783943
2020-09-24T03:00:00Z,3684.35,3696.00,3684.22,3691.16,66199988
2020-09-24T04:00:00Z,3691.16,3703.33,3685.80,3702.41,90566859
2020-09-24T05:00:00Z,3702.41,3723.01,3701.60,3720.38,102892125
2020-09-24T06:00:00Z,3720.38,3720.89,3712.84,3716.30,65562426
2020-09-24T07:00:00Z,3716.30,3718.50,3707.41,3707.53,78956122
2020-09-24T08:00:00Z,3707.53,3708.44,3696.64,3699.64,78457632
2020-09-24T09:00:00Z,3699.64,3704.86,3691.15,3695.49,75182307
2020-09-24T10:00:00Z,3695.49,3701.03,3693.88,3698.80,63694846
2020-09-24T11:00:00Z,3698.80,3703.57,3689.88,3695.31,62838381
2020-09-24T12:00:00Z,3695.31,3703.93,3690.83,3702.89,69293500
2020-09-24T13:00:00Z,3702.89,3707.08,3687.87,3690.34,77736086
2020-09-24T14:00:00Z,3690.34,3694.73,3681.66,3683.24,66696492
2020-09-24T15:00:00Z,3683.24,3688.00,3679.75,3687.77,64733264
2020-09-24T16:00:00Z,3687.77,3692.44,3686.49,3689.84,59452052
2020-09-24T17:00:00Z,3689.84,3697.15,3687.70,3692.26,70260870
2020-09-24T18:00:00Z,3692.26,3697.26,3690.03,3691.11,60555574
2020-09-24T19:00:00Z,3691.11,3693.13,3680.99,3684.70,71578689
2020-09-24T20:00:00Z,3684.70,3688.33,3682.91,3684.16,55024306
2020-09-24T21:00:00Z,3684.16,3699.26,3681.70,3693.78,78439740
2020-09-24T22:00:00Z,3693.78,3695.70,3692.66,3695.49,55896150
2020-09-24T23:00:00Z,3695.49,3695.70,3689.84,3693.95,67519678
2020-09-25T00:00:00Z,3693.95,3697.27,3690.51,3692.93,62663484
2020-09-25T01:00:00Z,3692.93,3699.02,3688.74,3696.17,64683825
2020-09-25T02:00:00Z,3696.17,3704.12,3694.87,3699.10,73023091
2020-09-25T03:00:00Z,3699.10,3702.92,3693.19,3695.22,58826184
2020-09-25T04:00:00Z,3695.22,3698.74,3692.00,3694.12,71799728
2020-09-25T05:00:00Z,3694.12,3701.65,3691.25,3699.59,66845585
2020-09-25T06:00:00Z,3699.59,3716.40,3695.95,3710.90,87607774
2020-09-25T07:00:00Z,3710.90,3719.81,3709.56,3715.92,75307512
2020-09-25T08:00:00Z,3715.92,3719.81,3712.25,3718.70,63989254
2020-09-25T09:00:00Z,3718.70,3726.20,3715.98,3721.58,64163492
2020-09-25T10:00:00Z,3721.58,3725.37,3714.88,3720.36,59615182
2020-09-25T11:00:00Z,3720.36,3724.78,3717.22,3723.11,69101053
2020-09-25T12:00:00Z,3723.11,3740.81,3717.57,3736.07,79008854
2020-09-25T13:00:00Z,3736.07,3738.94,3730.40,3734.33,65381923
2020-09-25T14:00:00Z,3734.33,3737.15,3721.86,3726.99,72878032
2020-09-25T15:00:00Z,3726.99,3729.63,3726.00,3726.74,56045595
2020-09-25T16:00:00Z,3726.74,3728.13,3719.56,3724.94,56712355
2020-09-25T17:00:00Z,3724.94,3730.59,3723.59,3729.96,64191815
2020-09-25T18:00:00Z,3729.96,3734.26,3726.09,3730.56,66523033
2020-09-25T19:00:00Z,3730.56,3731.91,3719.79,3721.11,75408179
2020-09-25T20:00:00Z,3721.11,3725.79,3712.42,3716.66,60236368
2020-09-25T21:00:00Z,3716.66,3718.98,3713.54,3716.89,62239045
2020-09-25T22:00:00Z,3716.89,3722.62,3714.69,3719.64,74185151
2020-09-25T23:00:00Z,3719.64,3724.58,3710.48,3714.30,72449290
2020-09-26T00:00:00Z,3714.30,3723.56,3710.40,3720.61,74137471
2020-09-26T01:00:00Z,3720.61,3723.54,3709.81,3713.66,66664903
2020-09-26T02:00:00Z,3713.66,3726.13,3709.14,3723.83,79360022
2020-09-26T03:00:00Z,3723.83,3728.82,3709.37,3713.52,84365616
2020-09-26T04:00:00Z,3713.52,3713.78,3704.07,3704.17,81870982
2020-09-26T05:00:00Z,3704.17,3707.48,3697.24,3699.58,63973137
2020-09-26T06:00:00Z,3699.58,3705.15,3687.87,3690.08,70994944
2020-09-26T07:00:00Z,3690.08,3692.85,3687.84,3689.09,67373834
2020-09-26T08:00:00Z,3689.09,3692.40,3684.25,3689.52,51859937
2020-09-26T09:00:00Z,3689.52,3691.38,3682.04,3686.64,70826890
2020-09-26T10:00:00Z,3686.64,3691.95,3673.35,3676.95,86382501
2020-09-26T11:00:00Z,3676.95,3680.47,3675.85,3676.19,54584064
2020-09-26T12:00:00Z,3676.19,3677.60,3667.24,3670.31,72213853
2020-09-26T13:00:00Z,3670.31,3675.43,3663.38,3667.10,59760730
2020-09-26T14:00:00Z,3667.10,3668.69,3663.05,3667.49,64226690
2020-09-26T15:00:00Z,3667.49,3670.19,3664.64,3667.90,62263688
2020-09-26T16:00:00Z,3667.90,3668.34,3663.24,3666.31,69041673
2020-09-26T17:00:00Z,3666.31,3668.72,3657.98,3660.83,79568575
2020-09-26T18:00:00Z,3660.83,3660.83,3657.38,3659.70,70490386
2020-09-26T19:00:00Z,3659.70,3665.86,3657.84,3663.45,63076635
2020-09-26T20:00:00Z,3663.45,3663.95,3660.79,3663.27,53343583
2020-09-26T21:00:00Z,3663.27,3667.86,3656.87,3659.52,68684701
2020-09-26T22:00:00Z,3659.52,3666.77,3659.42,3666.76,71434896
2020-09-26T23:00:00Z,3666.76,3674.33,3665.31,3670.08,61196331
2020-09-27T00:00:00Z,3670.08,3673.36,3664.53,3672.52,73680457
2020-09-27T01:00:00Z,3672.52,3679.64,3668.37,3676.61,67527135
2020-09-27T02:00:00Z,3676.61,3681.34,3668.31,3672.03,74388942
2020-09-27T03:00:00Z,3672.03,3675.09,3665.12,3668.01,71151236
2020-09-27T04:00:00Z,3668.01,3668.41,3652.36,3656.75,88144800
2020-09-27T05:00:00Z,3656.75,3663.51,3654.25,3660.17,69738732
2020-09-27T06:00:00Z,3660.17,3663.65,3651.09,3651.58,82221503
2020-09-27T07:00:00Z,3651.58,3665.12,3651.55,3659.70,72243450
2020-09-27T08:00:00Z,3659.70,3668.69,3659.07,3663.56,72163100
2020-09-27T09:00:00Z,3663.56,3666.03,3643.92,3648.94,101841872
2020-09-27T10:00:00Z,3648.94,3653.40,3640.81,3645.35,71870376
2020-09-27T11:00:00Z,3645.35,3650.10,3635.05,3639.59,65586675
2020-09-27T12:00:00Z,3639.59,3649.23,3638.85,3648.26,75003351
2020-09-27T13:00:00Z,3648.26,3650.19,3637.87,3640.18,79964017
2020-09-27T14:00:00Z,3640.18,3642.27,3631.25,3636.38,64364646
2020-09-27T15:00:00Z,3636.38,3648.49,3634.36,3646.32,75805909
2020-09-27T16:00:00Z,3646.32,3651.98,3644.34,3647.11,53711907
2020-09-27T17:00:00Z,3647.11,3648.82,3632.45,3634.61,91717055
2020-09-27T18:00:00Z,3634.61,3640.02,3625.99,3627.57,74748062
2020-09-27T19:00:00Z,3627.57,3636.63,3622.42,3632.25,80242214
2020-09-27T20:00:00Z,3632.25,3632.41,3624.20,3629.46,66560530
2020-09-27T21:00:00Z,3629.46,3633.98,3620.15,3620.24,73583249
2020-09-27T22:00:00Z,3620.24,3621.45,3610.50,3613.62,67861372
2020-09-27T23:00:00Z,3613.62,3630.06,3613.45,3625.39,88334843
2020-09-28T00:00:00Z,3625.39,3635.05,3622.16,3630.13,66212847
2020-09-28T01:00:00Z,3630.13,3631.32,3628.85,3630.81,69617998
2020-09-28T02:00:00Z,3630.81,3635.10,3615.54,3618.30,91829798
2020-09-28T03:00:00Z,3618.30,3623.11,3617.87,3622.54,60359453
2020-09-28T04:00:00Z,3622.54,3624.95,3619.10,3624.34,54888668
2020-09-28T05:00:00Z,3624.34,3639.96,3620.49,3638.46,98111365
2020-09-28T06:00:00Z,3638.46,3643.38,3628.45,3629.36,74341155
2020-09-28T07:00:00Z,3629.36,3631.79,3614.07,3615.98,82274007
2020-09-28T08:00:00Z,3615.98,3623.69,3614.99,3619.04,64628639
2020-09-28T09:00:00Z,3619.04,3627.63,3618.96,3622.50,59764071
2020-09-28T10:00:00Z,3622.50,3626.85,3615.86,3616.78,71680180
2020-09-28T11:00:00Z,3616.78,3620.27,3613.40,3616.54,54155155
2020-09-28T12:00:00Z,3616.54,3619.14,3606.82,3608.75,72299068
2020-09-28T13:00:00Z,3608.75,3623.48,3608.01,3623.46,84150206
2020-09-28T14:00:00Z,3623.46,3625.98,3616.64,3622.10,56743142
2020-09-28T15:00:00Z,3622.10,3627.51,3615.36,3617.22,67474695
2020-09-28T16:00:00Z,3617.22,3618.98,3617.08,3618.65,68631478
2020-09-28T17:00:00Z,3618.65,3622.07,3608.25,3612.79,81069894
2020-09-28T18:00:00Z,3612.79,3616.88,3604.80,3606.13,67739122
2020-09-28T19:00:00Z,3606.13,3615.84,3601.52,3610.66,66049067
2020-09-28T20:00:00Z,3610.66,3612.62,3607.63,3610.19,67704370
2020-09-28T21:00:00Z,3610.19,3611.32,3605.31,3607.73,72494285
2020-09-28T22:00:00Z,3607.73,3613.30,3607.49,3610.68,58904141
2020-09-28T23:00:00Z,3610.68,3614.03,3605.48,3612.20,60595149
2020-09-29T00:00:00Z,3612.20,3614.25,3598.03,3602.85,74271085
2020-09-29T01:00:00Z,3602.85,3605.76,3594.31,3595.96,69272243
2020-09-29T02:00:00Z,3595.96,3617.73,3594.22,3612.84,101079140
2020-09-29T03:00:00Z,3612.84,3613.82,3600.08,3604.79,79870815
2020-09-29T04:00:00Z,3604.79,3610.13,3595.59,3601.03,70282348
2020-09-29T05:00:00Z,3601.03,3608.84,3596.68,3606.21,79318931
2020-09-29T06:00:00Z,3606.21,3610.88,3606.14,3610.02,62724683
2020-09-29T07:00:00Z,3610.02,3610.74,3605.88,3610.18,64370967
2020-09-29T08:00:00Z,3610.18,3618.03,3605.63,3616.80,67913243
2020-09-29T09:00:00Z,3616.80,3620.50,3598.39,3600.08,93612594
2020-09-29T10:00:00Z,3600.08,3611.54,3600.06,3610.99,89687387
2020-09-29T11:00:00Z,3610.99,3611.56,3599.04,3603.43,84958612
2020-09-29T12:00:00Z,3603.43,3604.32,3599.67,3599.79,64896972
2020-09-29T13:00:00Z,3599.79,3611.68,3596.83,3607.64,73823811
2020-09-29T14:00:00Z,3607.64,3610.70,3603.03,3607.43,52981779
2020-09-29T15:00:00Z,3607.43,3611.96,3605.13,3607.57,69911983
2020-09-29T16:00:00Z,3607.57,3616.03,3603.75,3614.54,69745941
2020-09-29T17:00:00Z,3614.54,3618.34,3611.92,3614.28,50939008
2020-09-29T18:00:00Z,3614.28,3622.09,3609.11,3616.89,65694505
2020-09-29T19:00:00Z,3616.89,3622.34,3607.03,3610.53,72354109
2020-09-29T20:00:00Z,3610.53,3614.79,3598.61,3598.64,84580996
2020-09-29T21:00:00Z,3598.64,3600.46,3586.61,3589.79,71923564
2020-09-29T22:00:00Z,3589.79,3594.90,3586.97,3588.29,58483270
2020-09-29T23:00:00Z,3588.29,3590.75,3587.21,3588.28,54526515
2020-09-30T00:00:00Z,3588.28,3589.19,3582.81,3583.16,74841451
2020-09-30T01:00:00Z,3583.16,3596.23,3579.83,3591.90,88702953
2020-09-30T02:00:00Z,3591.90,3603.49,3589.60,3603.23,92925495
2020-09-30T03:00:00Z,3603.23,3607.39,3602.93,3603.31,58546377
2020-09-30T04:00:00Z,3603.31,3606.95,3599.67,3606.34,63390895
2020-09-30T05:00:00Z,3606.34,3616.01,3605.46,3615.99,81389131
2020-09-30T06:00:00Z,3615.99,3621.67,3614.25,3617.28,65467106
2020-09-30T07:00:00Z,3617.28,3622.32,3611.41,3613.26,67503585
2020-09-30T08:00:00Z,3613.26,3613.61,3601.30,3603.61,90464412
2020-09-30T09:00:00Z,3603.61,3608.26,3599.54,3605.32,69140845
2020-09-30T10:00:00Z,3605.32,3609.63,3599.95,3603.38,74075353
2020-09-30T11:00:00Z,3603.38,3607.96,3596.95,3600.97,59713881
2020-09-30T12:00:00Z,3600.97,3607.45,3596.40,3604.24,64859163
2020-09-30T13:00:00Z,3604.24,3620.05,3603.75,3615.53,75608845
2020-09-30T14:00:00Z,3615.53,3620.86,3600.93,3604.44,87624073
2020-09-30T15:00:00Z,3604.44,3612.18,3599.43,3606.77,68170462
2020-09-30T16:00:00Z,3606.77,3609.13,3599.26,3602.22,74857496
2020-09-30T17:00:00Z,3602.22,3606.02,3600.81,3605.70,72144327
2020-09-30T18:00:00Z,3605.70,3608.39,3602.61,3606.56,60135656
2020-09-30T19:00:00Z,3606.56,3611.56,3597.74,3602.86,66122357
2020-09-30T20:00:00Z,3602.86,3613.23,3598.49,3611.10,82897276
2020-09-30T21:00:00Z,3611.10,3626.48,3610.01,3626.18,102035097
2020-09-30T22:00:00Z,3626.18,3629.32,3605.87,3607.98,105813634
2020-09-30T23:00:00Z,3607.98,3613.16,3598.49,3603.47,63965888
2020-10-01T00:00:00Z,3603.47,3606.98,3600.90,3604.36,61760704
2020-10-01T01:00:00Z,3604.36,3609.58,3602.85,3605.70,66710867
2020-10-01T02:00:00Z,3605.70,3605.87,3595.25,3598.64,82633971
2020-10-01T03:00:00Z,3598.64,3605.17,3595.54,3602.82,63960858
2020-10-01T04:00:00Z,3602.82,3606.75,3599.15,3601.27,72172063
2020-10-01T05:00:00Z,3601.27,3604.86,3590.66,3595.00,78124592
2020-10-01T06:00:00Z,3595.00,3601.78,3594.74,3596.91,66976435
2020-10-01T07:00:00Z,3596.91,3607.86,3595.43,3602.96,70511475
2020-10-01T08:00:00Z,3602.96,3611.32,3598.91,3607.06,78995224
2020-10-01T09:00:00Z,3607.06,3608.13,3604.08,3607.54,63147769
2020-10-01T10:00:00Z,3607.54,3618.45,3604.68,3617.55,82477130
2020-10-01T11:00:00Z,3617.55,3626.16,3616.59,3623.09,72758813
2020-10-01T12:00:00Z,3623.09,3630.81,3621.96,3629.57,81579715
2020-10-01T13:00:00Z,3629.57,3631.85,3628.17,3630.61,65833818
2020-10-01T14:00:00Z,3630.61,3635.71,3627.25,3634.31,59504572
2020-10-01T15:00:00Z,3634.31,3651.71,3633.51,3646.21,95320413
2020-10-01T16:00:00Z,3646.21,3651.21,3633.91,3635.42,85471927
2020-10-01T17:00:00Z,3635.42,3648.09,3632.25,3643.05,85589940
2020-10-01T18:00:00Z,3643.05,3644.56,3629.11,3631.48,85120392
2020-10-01T19:00:00Z,3631.48,3637.21,3626.65,3633.66,66073409
2020-10-01T20:00:00Z,3633.66,3637.93,3622.71,3624.04,79442632
2020-10-01T21:00:00Z,3624.04,3633.43,3623.93,3629.99,79871279
2020-10-01T22:00:00Z,3629.99,3633.45,3617.56,3622.08,82733182
2020-10-01T23:00:00Z,3622.08,3628.22,3621.72,3626.96,71131530
2020-10-02T00:00:00Z,3626.96,3639.95,3622.10,3636.69,89494528
2020-10-02T01:00:00Z,3636.69,3638.08,3632.93,3635.44,53739706
2020-10-02T02:00:00Z,3635.44,3646.59,3630.48,3646.20,91454627
2020-10-02T03:00:00Z,3646.20,3649.85,3645.10,3649.05,72365143
2020-10-02T04:00:00Z,3649.05,3659.46,3648.10,3654.06,71750059
2020-10-02T05:00:00Z,3654.06,3661.97,3653.62,3657.15,74465048
2020-10-02T06:00:00Z,3657.15,3662.00,3652.73,3653.88,60105765
2020-10-02T07:00:00Z,3653.88,3659.37,3647.26,3649.98,68067075
2020-10-02T08:00:00Z,3649.98,3652.44,3642.44,3645.20,63741939
2020-10-02T09:00:00Z,3645.20,3649.45,3639.80,3649.32,70825590
2020-10-02T10:00:00Z,3649.32,3653.76,3643.04,3644.98,61584448
2020-10-02T11:00:00Z,3644.98,3650.38,3631.36,3633.43,94535460
2020-10-02T12:00:00Z,3633.43,3639.49,3631.47,3637.45,68097987
2020-10-02T13:00:00Z,3637.45,3655.84,3634.02,3650.31,92162956
2020-10-02T14:00:00Z,3650.31,3651.78,3646.05,3651.31,67284670
2020-10-02T15:00:00Z,3651.31,3656.46,3646.46,3652.83,65244520
2020-10-02T16:00:00Z,3652.83,3657.73,3636.82,3641.17,89321538
2020-10-02T17:00:00Z,3641.17,3642.85,3634.51,3639.96,63625363
2020-10-02T18:00:00Z,3639.96,3640.75,3626.69,3629.92,88763680
2020-10-02T19:00:00Z,3629.92,3633.74,3617.14,3621.90,86840210
2020-10-02T20:00:00Z,3621.90,3624.88,3616.98,3619.00,71291866
2020-10-02T21:00:00Z,3619.00,3622.62,3608.64,3613.87,63027374
2020-10-02T22:00:00Z,3613.87,3619.65,3612.45,3618.44,69750731
2020-10-02T23:00:00Z,3618.44,3627.60,3617.94,3625.27,67370600
2020-10-03T00:00:00Z,3625.27,3627.05,3611.65,3614.74,82197083
2020-10-03T01:00:00Z,3614.74,3615.45,3609.70,3614.45,55157818
2020-10-03T02:00:00Z,3614.45,3614.96,3613.06,3614.30,52221722
2020-10-03T03:00:00Z,3614.30,3618.76,3610.39,3618.26,78412989
2020-10-03T04:00:00Z,3618.26,3630.24,3614.75,3626.98,73089427
2020-10-03T05:00:00Z,3626.98,3632.36,3624.59,3626.20,60453161
2020-10-03T06:00:00Z,3626.20,3635.00,3623.24,3634.65,86733820
2020-10-03T07:00:00Z,3634.65,3642.18,3629.57,3641.67,72180802
2020-10-03T08:00:00Z,3641.67,3649.39,3640.39,3645.90,63581080
2020-10-03T09:00:00Z,3645.90,3651.33,3640.09,3643.87,59360772
2020-10-03T10:00:00Z,3643.87,3654.41,3640.46,3652.59,74391718
2020-10-03T11:00:00Z,3652.59,3658.71,3650.00,3655.40,65293803
2020-10-03T12:00:00Z,3655.40,3662.31,3651.74,3661.70,78619998
2020-10-03T13:00:00Z,3661.70,3680.54,3659.35,3680.30,105485626
2020-10-03T14:00:00Z,3680.30,3700.87,3677.15,3695.80,102205316
2020-10-03T15:00:00Z,3695.80,3697.67,3690.06,3695.66,65888819
2020-10-03T16:00:00Z,3695.66,3702.00,3694.41,3697.44,71211235
2020-10-03T17:00:00Z,3697.44,3699.19,3687.27,3691.02,77977852
2020-10-03T18:00:00Z,3691.02,3696.61,3687.88,3692.96,61086133
2020-10-03T19:00:00Z,3692.96,3703.33,3690.48,3698.99,63308647
2020-10-03T20:00:00Z,3698.99,3699.82,3691.84,3697.16,73935408
2020-10-03T21:00:00Z,3697.16,3699.48,3688.21,3689.41,70975088
2020-10-03T22:00:00Z,3689.41,3689.77,3680.70,3683.35,76385370
2020-10-03T23:00:00Z,3683.35,3688.00,3679.23,3684.05,58594042
2020-10-04T00:00:00Z,3684.05,3689.80,3683.55,3686.87,64362481
2020-10-04T01:00:00Z,3686.87,3688.61,3670.62,3674.39,88980276
2020-10-04T02:00:00Z,3674.39,3678.21,3673.35,3677.00,64005356
2020-10-04T03:00:00Z,3677.00,3679.97,3669.26,3670.78,74454044
2020-10-04T04:00:00Z,3670.78,3676.73,3665.41,3676.36,71723891
2020-10-04T05:00:00Z,3676.36,3685.66,3672.63,3683.10,67154594
2020-10-04T06:00:00Z,3683.10,3685.38,3679.20,3683.55,65684336
2020-10-04T07:00:00Z,3683.55,3692.28,3679.08,3690.43,69875620
2020-10-04T08:00:00Z,3690.43,3692.05,3684.98,3688.69,69298557
2020-10-04T09:00:00Z,3688.69,3691.00,3678.02,3682.21,82162800
2020-10-04T10:00:00Z,3682.21,3684.10,3679.37,3679.39,58178742
2020-10-04T11:00:00Z,3679.39,3687.89,3675.03,3683.55,63570680
2020-10-04T12:00:00Z,3683.55,3698.54,3680.19,3695.94,77303659
2020-10-04T13:00:00Z,3695.94,3702.06,3690.93,3697.29,58053926
2020-10-04T14:00:00Z,3697.29,3700.57,3696.54,3698.30,61424505
2020-10-04T15:00:00Z,3698.30,3700.37,3688.78,3692.37,69220804
2020-10-04T16:00:00Z,3692.37,3718.55,3691.97,3717.32,107200514
2020-10-04T17:00:00Z,3717.32,3722.22,3710.80,3714.83,67526152
2020-10-04T18:00:00Z,3714.83,3725.04,3711.02,3722.17,76144865
2020-10-04T19:00:00Z,3722.17,3734.10,3720.56,3729.95,81362616
2020-10-04T20:00:00Z,3729.95,3730.98,3726.57,3730.57,66790289
2020-10-04T21:00:00Z,3730.57,3734.14,3716.34,3718.14,91136065
2020-10-04T22:00:00Z,3718.14,3728.53,3716.75,3724.24,77149433
2020-10-04T23:00:00Z,3724.24,3725.92,3717.29,3720.48,68041138
2020-10-05T00:00:00Z,3720.48,3725.73,3711.98,3716.30,76187676
2020-10-05T01:00:00Z,3716.30,3720.66,3713.18,3718.87,58192445
2020-10-05T02:00:00Z,3718.87,3721.45,3701.25,3701.80,98202727
2020-10-05T03:00:00Z,3701.80,3705.97,3699.58,3700.49,63157465
2020-10-05T04:00:00Z,3700.49,3703.49,3700.34,3701.94,70189797
2020-10-05T05:00:00Z,3701.94,3704.48,3693.32,3694.79,80337039
2020-10-05T06:00:00Z,3694.79,3702.86,3693.56,3699.62,63019417
2020-10-05T07:00:00Z,3699.62,3714.36,3697.47,3710.04,82853414
2020-10-05T08:00:00Z,3710.04,3718.08,3707.40,3712.97,58893084
2020-10-05T09:00:00Z,3712.97,3714.88,3706.44,3711.00,67463975
2020-10-05T10:00:00Z,3711.00,3715.90,3710.80,3714.27,73297308
2020-10-05T11:00:00Z,3714.27,3718.16,3697.23,3698.26,87900515
2020-10-05T12:00:00Z,3698.26,3715.84,3695.23,3710.48,84073054
2020-10-05T13:00:00Z,3710.48,3712.78,3701.10,3703.24,75236577
2020-10-05T14:00:00Z,3703.24,3705.99,3701.27,3701.60,70194433
2020-10-05T15:00:00Z,3701.60,3704.20,3696.40,3698.33,59370741
2020-10-05T16:00:00Z,3698.33,3712.28,3695.76,3707.77,85560360
2020-10-05T17:00:00Z,3707.77,3713.38,3706.29,3709.93,55830896
2020-10-05T18:00:00Z,3709.93,3722.36,3708.92,3718.76,85333999
2020-10-05T19:00:00Z,3718.76,3725.35,3718.13,3720.01,53418955
2020-10-05T20:00:00Z,3720.01,3727.65,3716.86,3723.86,72795337
2020-10-05T21:00:00Z,3723.86,3727.42,3716.00,3718.53,74606876
2020-10-05T22:00:00Z,3718.53,3719.45,3713.22,3716.63,68105072
2020-10-05T23:00:00Z,3716.63,3739.25,3715.97,3734.56,107730425
2020-10-06T00:00:00Z,3734.56,3740.64,3734.03,3737.14,71822981
2020-10-06T01:00:00Z,3737.14,3745.92,3733.20,3744.56,81662370
2020-10-06T02:00:00Z,3744.56,3756.76,3739.81,3752.73,73652723
2020-10-06T03:00:00Z,3752.73,3758.01,3745.28,3749.25,71915210
2020-10-06T04:00:00Z,3749.25,3751.78,3741.53,3746.40,64607962
2020-10-06T05:00:00Z,3746.40,3750.65,3736.40,3740.72,75954392
2020-10-06T06:00:00Z,3740.72,3747.92,3740.36,3745.99,76666887
2020-10-06T07:00:00Z,3745.99,3749.94,3742.53,3743.06,62436630
2020-10-06T08:00:00Z,3743.06,3743.69,3732.93,3735.53,70048047
2020-10-06T09:00:00Z,3735.53,3741.10,3734.65,3739.02,64745561
2020-10-06T10:00:00Z,3739.02,3740.42,3733.99,3739.64,65435747
2020-10-06T11:00:00Z,3739.64,3749.29,3738.22,3746.91,74996334
2020-10-06T12:00:00Z,3746.91,3747.47,3738.56,3739.61,74021856
2020-10-06T13:00:00Z,3739.61,3748.92,3737.12,3748.54,82885187
2020-10-06T14:00:00Z,3748.54,3763.84,3746.68,3759.34,74511936
2020-10-06T15:00:00Z,3759.34,3768.92,3756.89,3765.95,78919553
2020-10-06T16:00:00Z,3765.95,3772.68,3764.90,3768.85,63115608
2020-10-06T17:00:00Z,3768.85,3777.90,3767.81,3772.31,70105395
2020-10-06T18:00:00Z,3772.31,3773.66,3770.77,3771.46,65064481
2020-10-06T19:00:00Z,3771.46,3778.72,3766.55,3773.72,72686639
2020-10-06T20:00:00Z,3773.72,3775.82,3763.36,3765.54,72428575
2020-10-06T21:00:00Z,3765.54,3770.18,3759.01,3759.58,78909325
2020-10-06T22:00:00Z,3759.58,3779.20,3757.00,3779.10,111337501
2020-10-06T23:00:00Z,3779.10,3780.48,3772.02,3774.85,65544364
2020-10-07T00:00:00Z,3774.85,3779.17,3764.41,3769.99,77771625
2020-10-07T01:00:00Z,3769.99,3797.91,3767.72,3796.50,119640354
2020-10-07T02:00:00Z,3796.50,3797.28,3788.93,3793.93,65447226
2020-10-07T03:00:00Z,3793.93,3797.74,3777.50,3780.67,86441161
2020-10-07T04:00:00Z,3780.67,3793.97,3778.82,3788.80,82490095
2020-10-07T05:00:00Z,3788.80,3791.35,3769.26,3769.88,109683800
2020-10-07T06:00:00Z,3769.88,3772.82,3759.73,3764.56,68820906
2020-10-07T07:00:00Z,3764.56,3768.47,3750.24,3754.50,84378134
2020-10-07T08:00:00Z,3754.50,3756.95,3738.55,3744.07,77745498
2020-10-07T09:00:00Z,3744.07,3745.06,3728.11,3732.51,82764575
2020-10-07T10:00:00Z,3732.51,3743.91,3731.00,3740.18,80552243
2020-10-07T11:00:00Z,3740.18,3747.00,3735.30,3746.96,66536760
2020-10-07T12:00:00Z,3746.96,3752.18,3742.92,3746.48,64590512
2020-10-07T13:00:00Z,3746.48,3751.24,3744.49,3748.37,69941339
2020-10-07T14:00:00Z,3748.37,3751.81,3739.57,3742.36,76142849
2020-10-07T15:00:00Z,3742.36,3749.40,3738.06,3745.85,76054100
2020-10-07T16:00:00Z,3745.85,3758.36,3743.09,3756.40,79059382
2020-10-07T17:00:00Z,3756.40,3766.88,3752.58,3765.50,76923649
2020-10-07T18:00:00Z,3765.50,3765.66,3759.13,3761.34,62201288
2020-10-07T19:00:00Z,3761.34,3773.30,3757.49,3767.98,77289890
2020-10-07T20:00:00Z,3767.98,3783.63,3765.32,3781.66,94464730
2020-10-07T21:00:00Z,3781.66,3782.04,3777.10,3780.72,61112600
2020-10-07T22:00:00Z,3780.72,3781.41,3778.94,3781.12,53804798
2020-10-07T23:00:00Z,3781.12,3783.17,3769.67,3773.60,75103178
2020-10-08T00:00:00Z,3773.60,3773.70,3771.15,3772.35,70193075
2020-10-08T01:00:00Z,3772.35,3776.84,3765.25,3768.37,63096003
2020-10-08T02:00:00Z,3768.37,3777.14,3764.38,3772.51,61316516
2020-10-08T03:00:00Z,3772.51,3783.34,3769.77,3778.48,72485409
2020-10-08T04:00:00Z,3778.48,3787.59,3776.46,3786.16,72684267
2020-10-08T05:00:00Z,3786.16,3786.83,3784.57,3785.40,62430216
2020-10-08T06:00:00Z,3785.40,3787.66,3771.79,3772.64,91305396
2020-10-08T07:00:00Z,3772.64,3778.06,3764.07,3765.16,69549478
2020-10-08T08:00:00Z,3765.16,3765.50,3754.16,3758.18,67830582
2020-10-08T09:00:00Z,3758.18,3763.87,3745.82,3751.25,71162187
2020-10-08T10:00:00Z,3751.25,3755.38,3750.04,3752.45,58171649
2020-10-08T11:00:00Z,3752.45,3754.33,3749.66,3752.28,59239684
2020-10-08T12:00:00Z,3752.28,3755.04,3745.52,3749.46,71165666
2020-10-08T13:00:00Z,3749.46,3763.66,3744.62,3758.70,76600311
2020-10-08T14:00:00Z,3758.70,3780.77,3756.12,3778.78,98359979
2020-10-08T15:00:00Z,3778.78,3785.48,3778.65,3781.76,58551972
2020-10-08T16:00:00Z,3781.76,3790.04,3780.38,3784.46,60313987
2020-10-08T17:00:00Z,3784.46,3785.81,3772.74,3774.96,80663995
2020-10-08T18:00:00Z,3774.96,3779.71,3771.33,3777.50,74929506
2020-10-08T19:00:00Z,3777.50,3781.40,3772.49,3774.18,63271717
2020-10-08T20:00:00Z,3774.18,3783.46,3772.61,3778.38,63963732
2020-10-08T21:00:00Z,3778.38,3780.42,3769.53,3772.39,71248476
2020-10-08T22:00:00Z,3772.39,3777.63,3766.49,3770.98,60234211
2020-10-08T23:00:00Z,3770.98,3773.28,3761.24,3766.77,73281646
2020-10-09T00:00:00Z,3766.77,3769.90,3761.07,3768.57,65317694
2020-10-09T01:00:00Z,3768.57,3773.19,3763.26,3768.44,51421270
2020-10-09T02:00:00Z,3768.44,3770.93,3759.00,3762.98,75722393
2020-10-09T03:00:00Z,3762.98,3773.65,3761.58,3771.60,86964523
2020-10-09T04:00:00Z,3771.60,3772.62,3768.78,3771.34,56999911
2020-10-09T05:00:00Z,3771.34,3772.97,3759.82,3760.13,73840703
2020-10-09T06:00:00Z,3760.13,3761.75,3753.41,3757.80,73075412
2020-10-09T07:00:00Z,3757.80,3765.64,3754.47,3760.49,60152592
2020-10-09T08:00:00Z,3760.49,3765.64,3756.99,3761.58,71171735
2020-10-09T09:00:00Z,3761.58,3771.53,3758.56,3768.22,77455306
2020-10-09T10:00:00Z,3768.22,3775.82,3767.15,3770.58,71579013
2020-10-09T11:00:00Z,3770.58,3775.81,3766.41,3770.49,65138235
2020-10-09T12:00:00Z,3770.49,3773.16,3762.24,3765.45,75328269
2020-10-09T13:00:00Z,3765.45,3776.51,3761.73,3774.49,85690079
2020-10-09T14:00:00Z,3774.49,3780.62,3770.92,3774.98,67304838
2020-10-09T15:00:00Z,3774.98,3780.84,3771.01,3777.35,64594480
2020-10-09T16:00:00Z,3777.35,3789.78,3775.88,3785.51,76234821
2020-10-09T17:00:00Z,3785.51,3789.14,3767.48,3771.66,96997740
2020-10-09T18:00:00Z,3771.66,3774.55,3754.03,3758.96,83795903
2020-10-09T19:00:00Z,3758.96,3773.11,3755.38,3767.49,69416076
2020-10-09T20:00:00Z,3767.49,3770.63,3764.07,3768.13,64767420
2020-10-09T21:00:00Z,3768.13,3772.92,3759.51,3764.53,77479411
2020-10-09T22:00:00Z,3764.53,3773.78,3759.45,3772.74,81216091
2020-10-09T23:00:00Z,3772.74,3772.93,3771.69,3772.74,65719920
2020-10-10T00:00:00Z,3772.74,3774.89,3765.32,3769.97,73182749
2020-10-10T01:00:00Z,3769.97,3772.69,3755.42,3760.91,73786300
2020-10-10T02:00:00Z,3760.91,3761.38,3758.13,3759.49,61301737
2020-10-10T03:00:00Z,3759.49,3766.82,3758.05,3766.23,83527955
2020-10-10T04:00:00Z,3766.23,3772.60,3764.01,3771.02,70579291
2020-10-10T05:00:00Z,3771.02,3771.63,3760.69,3764.58,72830704
2020-10-10T06:00:00Z,3764.58,3769.72,3759.88,3765.03,58622565
2020-10-10T07:00:00Z,3765.03,3777.06,3763.49,3775.50,83236679
2020-10-10T08:00:00Z,3775.50,3777.70,3769.06,3774.54,56062316
2020-10-10T09:00:00Z,3774.54,3778.55,3762.35,3764.64,78011109
2020-10-10T10:00:00Z,3764.64,3771.07,3763.06,3765.85,54180825
2020-10-10T11:00:00Z,3765.85,3783.18,3763.52,3780.02,85063412
2020-10-10T12:00:00Z,3780.02,3781.80,3770.69,3773.98,78738333
2020-10-10T13:00:00Z,3773.98,3783.95,3773.02,3780.80,64777419
2020-10-10T14:00:00Z,3780.80,3784.68,3770.49,3774.18,66928645
2020-10-10T15:00:00Z,3774.18,3783.98,3770.26,3781.20,84508186
2020-10-10T16:00:00Z,3781.20,3785.87,3773.39,3773.81,81547002
2020-10-10T17:00:00Z,3773.81,3774.90,3753.95,3759.42,94262908
2020-10-10T18:00:00Z,3759.42,3765.67,3756.65,3761.99,73213916
2020-10-10T19:00:00Z,3761.99,3768.47,3761.55,3763.71,67677022
2020-10-10T20:00:00Z,3763.71,3770.80,3762.07,3767.20,60488645
2020-10-10T21:00:00Z,3767.20,3772.39,3766.75,3771.24,60890490
2020-10-10T22:00:00Z,3771.24,3774.43,3766.79,3773.09,66426567
2020-10-10T23:00:00Z,3773.09,3773.61,3764.67,3768.22,75515332
2020-10-11T00:00:00Z,3768.22,3770.24,3764.72,3765.97,72118518
2020-10-11T01:00:00Z,3765.97,3775.03,3765.07,3772.03,76255308
2020-10-11T02:00:00Z,3772.03,3778.08,3771.17,3774.31,61443703
2020-10-11T03:00:00Z,3774.31,3783.91,3773.60,3781.67,83975488
2020-10-11T04:00:00Z,3781.67,3784.15,3759.19,3763.43,107794408
2020-10-11T05:00:00Z,3763.43,3786.81,3761.99,3785.45,116349305
2020-10-11T06:00:00Z,3785.45,3790.50,3783.99,3788.98,71483627
2020-10-11T07:00:00Z,3788.98,3791.26,3788.06,3788.57,70358885
2020-10-11T08:00:00Z,3788.57,3790.32,3782.95,3783.87,69861377
2020-10-11T09:00:00Z,3783.87,3784.57,3774.90,3775.53,73324505
2020-10-11T10:00:00Z,3775.53,3785.13,3771.44,3780.13,78866729
2020-10-11T11:00:00Z,3780.13,3791.13,3779.57,3787.01,71784286
2020-10-11T12:00:00Z,3787.01,3788.70,3780.84,3785.93,56287812
2020-10-11T13:00:00Z,3785.93,3789.76,3773.80,3776.98,85467047
2020-10-11T14:00:00Z,3776.98,3777.52,3768.34,3769.92,77560565
2020-10-11T15:00:00Z,3769.92,3772.10,3766.65,3771.61,69114854
2020-10-11T16:00:00Z,3771.61,3775.55,3766.96,3772.26,63045994
2020-10-11T17:00:00Z,3772.26,3785.88,3768.03,3785.44,94675384
2020-10-11T18:00:00Z,3785.44,3791.89,3781.74,3791.37,75451861
2020-10-11T19:00:00Z,3791.37,3791.65,3781.27,3785.04,69876515
2020-10-11T20:00:00Z,3785.04,3786.30,3778.97,3783.90,69529821
2020-10-11T21:00:00Z,3783.90,3789.48,3781.31,3787.74,73967111
2020-10-11T22:00:00Z,3787.74,3792.57,3782.18,3790.60,61375311
2020-10-11T23:00:00Z,3790.60,3800.91,3787.13,3796.64,64872892
2020-10-12T00:00:00Z,3796.64,3803.05,3791.44,3801.30,67875635
2020-10-12T01:00:00Z,3801.30,3809.87,3800.30,3806.12,68909950
2020-10-12T02:00:00Z,3806.12,3807.53,3789.21,3790.32,85571976
2020-10-12T03:00:00Z,3790.32,3792.50,3779.44,3783.75,70844953
2020-10-12T04:00:00Z,3783.75,3785.89,3768.54,3770.76,89194719
2020-10-12T05:00:00Z,3770.76,3773.82,3765.05,3769.56,58768955
2020-10-12T06:00:00Z,3769.56,3771.81,3757.43,3758.71,84574631
2020-10-12T07:00:00Z,3758.71,3772.28,3754.09,3770.39,84533077
2020-10-12T08:00:00Z,3770.39,3771.06,3764.64,3769.41,63107363
2020-10-12T09:00:00Z,3769.41,3773.56,3757.62,3761.88,69410907
2020-10-12T10:00:00Z,3761.88,3770.27,3758.04,3766.76,65464577
2020-10-12T11:00:00Z,3766.76,3779.15,3764.43,3773.84,66347067
2020-10-12T12:00:00Z,3773.84,3778.85,3760.78,3764.37,70888059
2020-10-12T13:00:00Z,3764.37,3782.14,3760.83,3779.10,90239367
2020-10-12T14:00:00Z,3779.10,3784.29,3774.54,3778.18,64598984
2020-10-12T15:00:00Z,3778.18,3789.69,3775.36,3786.96,69365916
2020-10-12T16:00:00Z,3786.96,3795.08,3785.11,3790.67,67811349
2020-10-12T17:00:00Z,3790.67,3795.63,3788.22,3788.83,54151725
2020-10-12T18:00:00Z,3788.83,3794.09,3776.44,3780.50,73079359
2020-10-12T19:00:00Z,3780.50,3792.56,3777.11,3788.77,70328264
2020-10-12T20:00:00Z,3788.77,3792.36,3783.27,3787.16,56607837
2020-10-12T21:00:00Z,3787.16,3788.67,3782.07,3787.00,57035552
2020-10-12T22:00:00Z,3787.00,3789.23,3783.67,3786.87,57662652
2020-10-12T23:00:00Z,3786.87,3789.57,3783.39,3786.04,56842603
2020-10-13T00:00:00Z,3786.04,3786.74,3776.39,3780.75,61581857
2020-10-13T01:00:00Z,3780.75,3790.40,3778.89,3785.89,61358950
2020-10-13T02:00:00Z,3785.89,3789.21,3777.00,3780.00,65538646
2020-10-13T03:00:00Z,3780.00,3800.17,3779.47,3794.57,100470666
2020-10-13T04:00:00Z,3794.57,3799.29,3791.19,3794.90,58552209
2020-10-13T05:00:00Z,3794.90,3800.02,3785.27,3790.47,74615258
2020-10-13T06:00:00Z,3790.47,3796.24,3786.52,3794.91,67295586
2020-10-13T07:00:00Z,3794.91,3803.20,3793.98,3800.56,77790586
2020-10-13T08:00:00Z,3800.56,3805.43,3794.32,3796.84,65665299
2020-10-13T09:00:00Z,3796.84,3801.95,3782.19,3783.33,93583045
2020-10-13T10:00:00Z,3783.33,3787.85,3762.37,3765.78,94198713
2020-10-13T11:00:00Z,3765.78,3770.02,3764.23,3764.57,66659082
2020-10-13T12:00:00Z,3764.57,3767.08,3762.58,3762.83,59684932
2020-10-13T13:00:00Z,3762.83,3763.76,3759.54,3761.03,61828458
2020-10-13T14:00:00Z,3761.03,3769.51,3758.27,3768.67,75189739
2020-10-13T15:00:00Z,3768.67,3772.35,3763.10,3767.56,70267136
2020-10-13T16:00:00Z,3767.56,3767.85,3762.77,3765.76,59747216
2020-10-13T17:00:00Z,3765.76,3770.51,3757.58,3762.07,72213209
2020-10-13T18:00:00Z,3762.07,3762.38,3756.72,3758.78,71515720
2020-10-13T19:00:00Z,3758.78,3763.56,3758.28,3761.97,69948974
2020-10-13T20:00:00Z,3761.97,3763.94,3761.04,3763.53,60140119
2020-10-13T21:00:00Z,3763.53,3769.26,3761.45,3765.97,56364243
2020-10-13T22:00:00Z,3765.97,3771.08,3765.39,3769.95,63488284
2020-10-13T23:00:00Z,3769.95,3770.88,3754.34,3757.83,77980455
2020-10-14T00:00:00Z,3757.83,3771.18,3752.16,3770.42,95955570
2020-10-14T01:00:00Z,3770.42,3784.58,3766.43,3781.69,85813581
2020-10-14T02:00:00Z,3781.69,3784.24,3771.77,3775.29,67999979
2020-10-14T03:00:00Z,3775.29,3780.27,3773.71,3777.18,71271043
2020-10-14T04:00:00Z,3777.18,3780.18,3776.89,3777.35,51612966
2020-10-14T05:00:00Z,3777.35,3780.74,3772.32,3775.18,73945472
2020-10-14T06:00:00Z,3775.18,3776.48,3771.02,3775.85,57299690
2020-10-14T07:00:00Z,3775.85,3784.14,3774.49,3783.23,71202205
2020-10-14T08:00:00Z,3783.23,3788.10,3777.89,3786.13,60525512
2020-10-14T09:00:00Z,3786.13,3795.15,3781.74,3793.64,85662724
2020-10-14T10:00:00Z,3793.64,3798.73,3791.23,3791.29,63070637
2020-10-14T11:00:00Z,3791.29,3801.14,3790.57,3799.46,73267870
2020-10-14T12:00:00Z,3799.46,3805.14,3787.27,3790.33,82261827
2020-10-14T13:00:00Z,3790.33,3794.23,3786.82,3791.42,57134054
2020-10-14T14:00:00Z,3791.42,3796.83,3785.66,3786.11,72787718
2020-10-14T15:00:00Z,3786.11,3795.95,3785.58,3792.82,71855873
2020-10-14T16:00:00Z,3792.82,3796.90,3789.88,3794.07,61921985
2020-10-14T17:00:00Z,3794.07,3799.39,3793.15,3793.99,69055199
2020-10-14T18:00:00Z,3793.99,3799.50,3788.66,3798.26,62107851
2020-10-14T19:00:00Z,3798.26,3810.27,3796.68,3804.62,67240628
2020-10-14T20:00:00Z,3804.62,3826.05,3800.58,3820.78,87565310
2020-10-14T21:00:00Z,3820.78,3831.13,3815.65,3826.36,64027922
2020-10-14T22:00:00Z,3826.36,3828.29,3818.53,3819.26,74031443
2020-10-14T23:00:00Z,3819.26,3836.30,3813.75,3831.09,88615782
2020-10-15T00:00:00Z,3831.09,3833.15,3819.40,3822.61,81621671
2020-10-15T01:00:00Z,3822.61,3827.57,3811.25,3816.90,71605304
2020-10-15T02:00:00Z,3816.90,3835.94,3813.32,3835.35,102097542
2020-10-15T03:00:00Z,3835.35,3840.76,3823.86,3826.84,87553530
2020-10-15T04:00:00Z,3826.84,3831.92,3810.39,3815.48,81147099
2020-10-15T05:00:00Z,3815.48,3816.91,3805.48,3806.64,72469076
2020-10-15T06:00:00Z,3806.64,3810.31,3805.24,3806.65,62042061
2020-10-15T07:00:00Z,3806.65,3810.10,3797.83,3800.11,77755080
2020-10-15T08:00:00Z,3800.11,3805.29,3791.38,3794.90,74532201
2020-10-15T09:00:00Z,3794.90,3795.97,3783.13,3788.49,70927566
2020-10-15T10:00:00Z,3788.49,3790.50,3779.74,3783.26,70424311
2020-10-15T11:00:00Z,3783.26,3795.32,3778.19,3790.14,81289057
2020-10-15T12:00:00Z,3790.14,3793.08,3786.03,3787.73,69767844
2020-10-15T13:00:00Z,3787.73,3793.01,3763.87,3765.97,105750626
2020-10-15T14:00:00Z,3765.97,3770.69,3765.49,3769.17,70738917
2020-10-15T15:00:00Z,3769.17,3773.01,3759.69,3764.05,75722379
2020-10-15T16:00:00Z,3764.05,3775.25,3761.29,3774.38,75065481
2020-10-15T17:00:00Z,3774.38,3777.30,3769.02,3774.03,68048599
2020-10-15T18:00:00Z,3774.03,3782.60,3770.67,3779.01,79375487
2020-10-15T19:00:00Z,3779.01,3781.82,3767.83,3769.28,88868196
2020-10-15T20:00:00Z,3769.28,3772.13,3759.44,3763.10,75113325
2020-10-15T21:00:00Z,3763.10,3773.36,3760.74,3771.16,75973965
2020-10-15T22:00:00Z,3771.16,3781.81,3771.11,3779.03,70673065
2020-10-15T23:00:00Z,3779.03,3784.42,3776.24,3780.86,58866505
2020-10-16T00:00:00Z,3780.86,3781.74,3770.83,3774.48,83355473
2020-10-16T01:00:00Z,3774.48,3790.72,3768.84,3785.14,73785733
2020-10-16T02:00:00Z,3785.14,3793.14,3782.94,3789.76,65811773
2020-10-16T03:00:00Z,3789.76,3793.88,3780.37,3784.31,63512594
2020-10-16T04:00:00Z,3784.31,3799.93,3780.10,3794.22,78576000
2020-10-16T05:00:00Z,3794.22,3798.81,3788.60,3792.85,65446398
2020-10-16T06:00:00Z,3792.85,3798.39,3786.44,3791.56,64487165
2020-10-16T07:00:00Z,3791.56,3793.32,3776.52,3780.27,75886542
2020-10-16T08:00:00Z,3780.27,3791.25,3779.19,3788.66,69724540
2020-10-16T09:00:00Z,3788.66,3792.59,3777.63,3782.80,76524274
2020-10-16T10:00:00Z,3782.80,3783.68,3774.85,3776.21,70227331
2020-10-16T11:00:00Z,3776.21,3780.93,3769.38,3773.02,62284147
2020-10-16T12:00:00Z,3773.02,3794.51,3770.72,3791.87,96194716
2020-10-16T13:00:00Z,3791.87,3794.38,3781.98,3783.12,84155047
2020-10-16T14:00:00Z,3783.12,3786.88,3780.40,3785.25,55884836
2020-10-16T15:00:00Z,3785.25,3787.69,3779.33,3781.69,76840049
2020-10-16T16:00:00Z,3781.69,3783.63,3777.86,3781.59,54405473
2020-10-16T17:00:00Z,3781.59,3784.09,3776.94,3783.20,68429248
2020-10-16T18:00:00Z,3783.20,3790.87,3778.47,3787.35,65433427
2020-10-16T19:00:00Z,3787.35,3790.40,3778.61,3781.25,66777823
2020-10-16T20:00:00Z,3781.25,3786.72,3779.48,3786.16,62733861
2020-10-16T21:00:00Z,3786.16,3788.88,3779.04,3783.15,56908455
2020-10-16T22:00:00Z,3783.15,3788.55,3775.86,3777.16,70889975
2020-10-16T23:00:00Z,3777.16,3779.47,3772.20,3772.38,69856758
2020-10-17T00:00:00Z,3772.38,3779.19,3772.00,3774.78,57309280
2020-10-17T01:00:00Z,3774.78,3778.97,3766.95,3772.48,74064697
2020-10-17T02:00:00Z,3772.48,3778.07,3751.76,3755.48,98619344
2020-10-17T03:00:00Z,3755.48,3758.34,3749.50,3752.33,66723673
2020-10-17T04:00:00Z,3752.33,3754.25,3745.11,3745.89,69245613
2020-10-17T05:00:00Z,3745.89,3759.48,3744.08,3755.12,84422425
2020-10-17T06:00:00Z,3755.12,3757.99,3742.67,3745.40,85379945
2020-10-17T07:00:00Z,3745.40,3757.32,3743.39,3752.85,79006107
2020-10-17T08:00:00Z,3752.85,3771.33,3751.97,3765.79,87246843
2020-10-17T09:00:00Z,3765.79,3766.09,3758.83,3758.99,73791320
2020-10-17T10:00:00Z,3758.99,3772.11,3756.64,3766.61,85796388
2020-10-17T11:00:00Z,3766.61,3769.71,3754.69,3758.05,87827247
2020-10-17T12:00:00Z,3758.05,3772.18,3754.78,3768.14,75395589
2020-10-17T13:00:00Z,3768.14,3777.86,3764.27,3775.29,82160725
2020-10-17T14:00:00Z,3775.29,3777.97,3774.35,3777.25,73076732
2020-10-17T15:00:00Z,3777.25,3786.61,3774.18,3783.25,67896175
2020-10-17T16:00:00Z,3783.25,3786.65,3780.06,3780.53,61977894
2020-10-17T17:00:00Z,3780.53,3790.56,3779.20,3786.14,76344335
2020-10-17T18:00:00Z,3786.14,3790.03,3782.28,3782.45,72047122
2020-10-17T19:00:00Z,3782.45,3786.33,3770.64,3773.92,86377786
2020-10-17T20:00:00Z,3773.92,3776.72,3754.85,3758.29,85998923
2020-10-17T21:00:00Z,3758.29,3762.93,3745.48,3749.01,78884459
2020-10-17T22:00:00Z,3749.01,3760.83,3743.48,3755.37,65216243
2020-10-17T23:00:00Z,3755.37,3762.12,3755.20,3758.13,72276637
2020-10-18T00:00:00Z,3758.13,3759.07,3755.23,3757.94,53951818
2020-10-18T01:00:00Z,3757.94,3761.74,3753.09,3754.44,61403470
2020-10-18T02:00:00Z,3754.44,3755.27,3745.68,3748.55,68876129
2020-10-18T03:00:00Z,3748.55,3757.15,3745.55,3753.95,68468859
2020-10-18T04:00:00Z,3753.95,3758.60,3751.62,3754.03,53135736
2020-10-18T05:00:00Z,3754.03,3760.15,3752.50,3755.68,69015867
2020-10-18T06:00:00Z,3755.68,3764.20,3753.20,3763.06,81638513
2020-10-18T07:00:00Z,3763.06,3767.25,3756.66,3758.81,59787835
2020-10-18T08:00:00Z,3758.81,3759.64,3755.67,3759.35,66108766
2020-10-18T09:00:00Z,3759.35,3764.56,3755.26,3758.13,68181416
2020-10-18T10:00:00Z,3758.13,3759.86,3745.70,3749.41,85631030
2020-10-18T11:00:00Z,3749.41,3773.25,3746.33,3768.64,103536705
2020-10-18T12:00:00Z,3768.64,3770.13,3755.27,3756.01,85868655
2020-10-18T13:00:00Z,3756.01,3762.17,3755.86,3761.61,73528460
2020-10-18T14:00:00Z,3761.61,3770.53,3760.69,3767.36,67533499
2020-10-18T15:00:00Z,3767.36,3770.84,3749.34,3749.60,100840067
2020-10-18T16:00:00Z,3749.60,3753.98,3748.63,3752.96,60729836
2020-10-18T17:00:00Z,3752.96,3761.49,3748.65,3758.15,73824121
2020-10-18T18:00:00Z,3758.15,3761.54,3752.51,3752.98,62135270
2020-10-18T19:00:00Z,3752.98,3755.37,3738.99,3742.40,87048785
2020-10-18T20:00:00Z,3742.40,3754.63,3737.70,3749.32,82370653
2020-10-18T21:00:00Z,3749.32,3749.64,3744.28,3748.63,52857503
2020-10-18T22:00:00Z,3748.63,3761.98,3743.77,3759.49,86982349
2020-10-18T23:00:00Z,3759.49,3763.30,3754.56,3758.76,66600570
2020-10-19T00:00:00Z,3758.76,3762.37,3748.35,3751.99,67506544
2020-10-19T01:00:00Z,3751.99,3754.28,3751.16,3751.27,64660056
2020-10-19T02:00:00Z,3751.27,3756.64,3747.67,3750.10,66581577
2020-10-19T03:00:00Z,3750.10,3767.87,3748.02,3766.56,88732198
2020-10-19T04:00:00Z,3766.56,3778.01,3765.45,3774.52,68491379
2020-10-19T05:00:00Z,3774.52,3788.99,3774.40,3783.84,73735806
2020-10-19T06:00:00Z,3783.84,3787.40,3780.12,3784.99,57539867
2020-10-19T07:00:00Z,3784.99,3787.66,3774.85,3779.16,73030040
2020-10-19T08:00:00Z,3779.16,3787.14,3777.79,3783.77,79499306
2020-10-19T09:00:00Z,3783.77,3799.94,3779.25,3797.06,93905845
2020-10-19T10:00:00Z,3797.06,3802.48,3788.17,3789.30,68004580
2020-10-19T11:00:00Z,3789.30,3797.63,3784.11,3797.51,73183669
2020-10-19T12:00:00Z,3797.51,3806.19,3792.72,3801.48,67379349
2020-10-19T13:00:00Z,3801.48,3806.80,3796.27,3806.77,64384570
2020-10-19T14:00:00Z,3806.77,3810.03,3802.96,3805.97,64888809
2020-10-19T15:00:00Z,3805.97,3813.39,3801.76,3809.60,62703571
2020-10-19T16:00:00Z,3809.60,3811.77,3803.26,3807.53,67733128
2020-10-19T17:00:00Z,3807.53,3816.64,3804.97,3816.25,79532453
2020-10-19T18:00:00Z,3816.25,3819.74,3811.01,3814.60,55849446
2020-10-19T19:00:00Z,3814.60,3814.78,3810.89,3813.29,55561306
2020-10-19T20:00:00Z,3813.29,3816.06,3809.46,3813.81,70707154
2020-10-19T21:00:00Z,3813.81,3820.25,3810.14,3819.71,79760638
2020-10-19T22:00:00Z,3819.71,3824.67,3819.20,3823.54,62008167
2020-10-19T23:00:00Z,3823.54,3829.08,3817.65,3822.28,58894456
2020-10-20T00:00:00Z,3822.28,3825.70,3821.25,3822.11,54634379
2020-10-20T01:00:00Z,3822.11,3827.78,3817.38,3823.62,55086251
2020-10-20T02:00:00Z,3823.62,3825.05,3819.63,3823.04,70028243
2020-10-20T03:00:00Z,3823.04,3834.94,3821.96,3832.09,72620004
2020-10-20T04:00:00Z,3832.09,3844.57,3831.76,3842.67,89864483
2020-10-20T05:00:00Z,3842.67,3860.87,3839.50,3859.39,95115674
2020-10-20T06:00:00Z,3859.39,3861.67,3838.66,3844.02,100063131
2020-10-20T07:00:00Z,3844.02,3846.78,3837.93,3839.41,71837206
2020-10-20T08:00:00Z,3839.41,3840.79,3838.75,3840.54,68898138
2020-10-20T09:00:00Z,3840.54,3844.27,3829.07,3834.03,79274862
2020-10-20T10:00:00Z,3834.03,3844.11,3830.91,3842.50,74359338
2020-10-20T11:00:00Z,3842.50,3847.73,3837.52,3847.51,63248014
2020-10-20T12:00:00Z,3847.51,3851.83,3832.97,3837.03,82715404
2020-10-20T13:00:00Z,3837.03,3838.71,3816.52,3821.27,96053194
2020-10-20T14:00:00Z,3821.27,3832.76,3817.53,3830.75,70942002
2020-10-20T15:00:00Z,3830.75,3835.44,3826.66,3832.74,73767067
2020-10-20T16:00:00Z,3832.74,3838.36,3823.01,3825.18,76226014
2020-10-20T17:00:00Z,3825.18,3830.07,3819.78,3824.85,67424605
2020-10-20T18:00:00Z,3824.85,3830.60,3817.41,3820.72,65498878
2020-10-20T19:00:00Z,3820.72,3821.35,3812.05,3817.44,59849392
2020-10-20T20:00:00Z,3817.44,3819.18,3811.67,3818.92,66116799
2020-10-20T21:00:00Z,3818.92,3834.68,3817.78,3828.88,87960917
2020-10-20T22:00:00Z,3828.88,3834.66,3821.23,3825.15,63792241
2020-10-20T23:00:00Z,3825.15,3836.63,3821.03,3830.93,75456805
2020-10-21T00:00:00Z,3830.93,3851.51,3826.91,3850.00,107410482
2020-10-21T01:00:00Z,3850.00,3857.41,3846.24,3852.02,66048715
2020-10-21T02:00:00Z,3852.02,3866.87,3848.25,3861.40,72283529
2020-10-21T03:00:00Z,3861.40,3866.94,3854.88,3857.64,71280955
2020-10-21T04:00:00Z,3857.64,3872.37,3853.42,3870.09,94564686
2020-10-21T05:00:00Z,3870.09,3873.63,3862.71,3863.73,69759662
2020-10-21T06:00:00Z,3863.73,3879.06,3859.56,3875.94,82726801
2020-10-21T07:00:00Z,3875.94,3881.20,3874.06,3879.32,76443753
2020-10-21T08:00:00Z,3879.32,3889.66,3878.06,3884.05,71255675
2020-10-21T09:00:00Z,3884.05,3888.01,3875.25,3877.14,79737380
2020-10-21T10:00:00Z,3877.14,3878.98,3870.33,3874.33,73088199
2020-10-21T11:00:00Z,3874.33,3879.29,3872.73,3876.36,68301251
2020-10-21T12:00:00Z,3876.36,3878.89,3870.81,3873.17,73103231
2020-10-21T13:00:00Z,3873.17,3889.34,3869.61,3886.49,87267120
2020-10-21T14:00:00Z,3886.49,3891.98,3884.27,3888.90,69066729
2020-10-21T15:00:00Z,3888.90,3889.68,3880.07,3883.27,77161198
2020-10-21T16:00:00Z,3883.27,3888.65,3874.51,3878.16,62052655
2020-10-21T17:00:00Z,3878.16,3878.31,3875.32,3877.82,59785412
2020-10-21T18:00:00Z,3877.82,3889.03,3874.53,3883.36,72110444
2020-10-21T19:00:00Z,3883.36,3892.64,3879.89,3888.56,77997969
2020-10-21T20:00:00Z,3888.56,3905.49,3885.60,3901.64,80763073
2020-10-21T21:00:00Z,3901.64,3911.52,3896.50,3906.47,71727866
2020-10-21T22:00:00Z,3906.47,3909.92,3901.22,3903.66,55877884
2020-10-21T23:00:00Z,3903.66,3904.29,3896.36,3896.70,76384308
2020-10-22T00:00:00Z,3896.70,3897.60,3879.49,3881.62,98834540
2020-10-22T01:00:00Z,3881.62,3887.20,3881.36,3881.40,62859244
2020-10-22T02:00:00Z,3881.40,3881.79,3871.22,3874.49,72813971
2020-10-22T03:00:00Z,3874.49,3876.16,3867.80,3870.69,62241145
2020-10-22T04:00:00Z,3870.69,3875.40,3857.60,3860.37,88518005
2020-10-22T05:00:00Z,3860.37,3865.80,3854.46,3856.84,67550082
2020-10-22T06:00:00Z,3856.84,3869.72,3852.82,3864.84,68555472
2020-10-22T07:00:00Z,3864.84,3871.87,3864.49,3870.50,80449785
2020-10-22T08:00:00Z,3870.50,3877.51,3864.79,3874.65,74033242
2020-10-22T09:00:00Z,3874.65,3877.35,3863.01,3868.57,80694913
2020-10-22T10:00:00Z,3868.57,3891.32,3864.52,3887.86,97087033
2020-10-22T11:00:00Z,3887.86,3890.38,3881.02,3885.00,56471732
2020-10-22T12:00:00Z,3885.00,3885.24,3873.07,3878.83,76116332
2020-10-22T13:00:00Z,3878.83,3884.16,3876.04,3880.30,63534468
2020-10-22T14:00:00Z,3880.30,3882.59,3874.72,3879.39,68918758
2020-10-22T15:00:00Z,3879.39,3902.80,3874.24,3898.17,97844878
2020-10-22T16:00:00Z,3898.17,3901.93,3888.36,3888.81,83047142
2020-10-22T17:00:00Z,3888.81,3891.16,3877.41,3880.42,82377591
2020-10-22T18:00:00Z,3880.42,3886.89,3876.62,3882.23,70998871
2020-10-22T19:00:00Z,3882.23,3886.23,3879.31,3880.31,56736254
2020-10-22T20:00:00Z,3880.31,3891.96,3876.96,3891.95,80565174
2020-10-22T21:00:00Z,3891.95,3903.63,3889.33,3901.29,78451264
2020-10-22T22:00:00Z,3901.29,3902.35,3887.68,3888.20,79994352
2020-10-22T23:00:00Z,3888.20,3889.28,3879.90,3884.01,59956318
2020-10-23T00:00:00Z,3884.01,3886.95,3871.69,3874.05,77827329
2020-10-23T01:00:00Z,3874.05,3880.02,3872.86,3878.91,61898235
2020-10-23T02:00:00Z,3878.91,3883.21,3874.01,3881.96,69034256
2020-10-23T03:00:00Z,3881.96,3891.51,3878.59,3888.81,83820290
2020-10-23T04:00:00Z,3888.81,3894.66,3887.55,3891.30,74123259
2020-10-23T05:00:00Z,3891.30,3895.03,3884.44,3890.03,62885720
2020-10-23T06:00:00Z,3890.03,3898.85,3886.98,3893.58,67104661
2020-10-23T07:00:00Z,3893.58,3901.67,3890.63,3896.27,56995968
2020-10-23T08:00:00Z,3896.27,3906.10,3896.07,3905.92,77844934
2020-10-23T09:00:00Z,3905.92,3916.21,3904.61,3914.41,70344281
2020-10-23T10:00:00Z,3914.41,3920.48,3910.42,3916.10,58147269
2020-10-23T11:00:00Z,3916.10,3921.05,3915.47,3917.78,55957297
2020-10-23T12:00:00Z,3917.78,3921.69,3915.42,3920.84,58358091
2020-10-23T13:00:00Z,3920.84,3926.05,3913.01,3916.24,70900182
2020-10-23T14:00:00Z,3916.24,3918.21,3910.37,3917.07,62537275
2020-10-23T15:00:00Z,3917.07,3921.77,3910.83,3910.89,62852672
2020-10-23T16:00:00Z,3910.89,3912.87,3897.11,3900.41,88492807
2020-10-23T17:00:00Z,3900.41,3901.70,3900.01,3900.56,59208257
2020-10-23T18:00:00Z,3900.56,3908.68,3898.82,3904.03,59522363
2020-10-23T19:00:00Z,3904.03,3908.95,3902.60,3906.15,64495307
2020-10-23T20:00:00Z,3906.15,3913.41,3905.30,3910.38,72298603
2020-10-23T21:00:00Z,3910.38,3910.63,3897.11,3902.66,82827733
2020-10-23T22:00:00Z,3902.66,3908.47,3894.04,3897.90,61914135
2020-10-23T23:00:00Z,3897.90,3898.70,3887.90,3893.21,72747469
2020-10-24T00:00:00Z,3893.21,3893.79,3883.00,3887.97,66958637
2020-10-24T01:00:00Z,3887.97,3892.60,3884.08,3888.38,64139024
2020-10-24T02:00:00Z,3888.38,3894.74,3883.09,3894.48,68402202
2020-10-24T03:00:00Z,3894.48,3900.79,3892.12,3898.16,59497788
2020-10-24T04:00:00Z,3898.16,3901.49,3897.32,3897.59,54440616
2020-10-24T05:00:00Z,3897.59,3906.09,3895.02,3904.37,73644449
2020-10-24T06:00:00Z,3904.37,3913.24,3900.70,3909.32,71819162
2020-10-24T07:00:00Z,3909.32,3932.48,3907.26,3926.60,101043870
2020-10-24T08:00:00Z,3926.60,3930.69,3916.27,3921.58,68928201
2020-10-24T09:00:00Z,3921.58,3927.88,3915.86,3924.06,55421347
2020-10-24T10:00:00Z,3924.06,3930.96,3922.16,3928.70,69074392
2020-10-24T11:00:00Z,3928.70,3932.67,3920.41,3923.14,74822505
2020-10-24T12:00:00Z,3923.14,3932.53,3917.74,3929.79,82064887
2020-10-24T13:00:00Z,3929.79,3941.97,3926.14,3940.18,89604049
2020-10-24T14:00:00Z,3940.18,3945.64,3930.48,3932.46,67335995
2020-10-24T15:00:00Z,3932.46,3950.92,3930.72,3946.01,96376874
2020-10-24T16:00:00Z,3946.01,3954.98,3944.75,3951.92,75135552
2020-10-24T17:00:00Z,3951.92,3956.42,3946.25,3949.02,67826818
2020-10-24T18:00:00Z,3949.02,3949.03,3936.76,3942.09,82703914
2020-10-24T19:00:00Z,3942.09,3952.35,3940.78,3951.98,73655036
2020-10-24T20:00:00Z,3951.98,3957.76,3944.27,3950.21,59091048
2020-10-24T21:00:00Z,3950.21,3953.64,3944.72,3949.75,53406631
2020-10-24T22:00:00Z,3949.75,3950.35,3934.77,3940.59,83162428
2020-10-24T23:00:00Z,3940.59,3953.88,3940.34,3949.46,77113001
2020-10-25T00:00:00Z,3949.46,3953.92,3941.63,3946.71,61559006
2020-10-25T01:00:00Z,3946.71,3951.83,3938.02,3940.45,71629313
2020-10-25T02:00:00Z,3940.45,3943.55,3919.49,3921.55,105566220
2020-10-25T03:00:00Z,3921.55,3921.72,3907.72,3913.20,77474368
2020-10-25T04:00:00Z,3913.20,3917.04,3908.34,3909.40,64788720
2020-10-25T05:00:00Z,3909.40,3912.57,3906.63,3906.80,56673599
2020-10-25T06:00:00Z,3906.80,3909.21,3870.14,3874.40,125226064
2020-10-25T07:00:00Z,3874.40,3878.18,3860.47,3864.07,76658650
2020-10-25T08:00:00Z,3864.07,3866.99,3850.51,3850.63,82695500
2020-10-25T09:00:00Z,3850.63,3851.75,3843.85,3843.97,75310835
2020-10-25T10:00:00Z,3843.97,3846.82,3840.17,3845.93,63348127
2020-10-25T11:00:00Z,3845.93,3853.03,3840.92,3851.44,62501213
2020-10-25T12:00:00Z,3851.44,3854.01,3840.83,3845.95,64218300
2020-10-25T13:00:00Z,3845.95,3858.10,3843.39,3855.01,74921383
2020-10-25T14:00:00Z,3855.01,3856.06,3845.89,3850.69,75109734
2020-10-25T15:00:00Z,3850.69,3857.50,3848.58,3853.29,60553974
2020-10-25T16:00:00Z,3853.29,3859.70,3848.28,3855.52,66940619
2020-10-25T17:00:00Z,3855.52,3867.91,3855.17,3867.23,75333968
2020-10-25T18:00:00Z,3867.23,3880.04,3863.34,3877.60,76804511
2020-10-25T19:00:00Z,3877.60,3878.04,3855.78,3857.48,104175879
2020-10-25T20:00:00Z,3857.48,3857.79,3842.58,3847.85,78296943
2020-10-25T21:00:00Z,3847.85,3854.76,3843.83,3852.29,68222033
2020-10-25T22:00:00Z,3852.29,3862.99,3846.95,3860.63,83719391
2020-10-25T23:00:00Z,3860.63,3865.96,3855.57,3864.00,68239549
2020-10-26T00:00:00Z,3864.00,3864.77,3858.17,3862.02,68393080
2020-10-26T01:00:00Z,3862.02,3863.49,3851.19,3852.64,89032499
2020-10-26T02:00:00Z,3852.64,3854.11,3833.71,3838.68,88708692
2020-10-26T03:00:00Z,3838.68,3847.37,3833.37,3844.65,66893101
2020-10-26T04:00:00Z,3844.65,3857.32,3840.24,3853.73,72863212
2020-10-26T05:00:00Z,3853.73,3856.75,3840.54,3843.09,79917740
2020-10-26T06:00:00Z,3843.09,3847.92,3830.09,3835.52,66095712
2020-10-26T07:00:00Z,3835.52,3837.09,3831.34,3833.01,68126743
2020-10-26T08:00:00Z,3833.01,3833.80,3825.29,3829.26,67067497
2020-10-26T09:00:00Z,3829.26,3830.89,3815.80,3819.84,78567471
2020-10-26T10:00:00Z,3819.84,3825.26,3804.43,3808.71,87889668
2020-10-26T11:00:00Z,3808.71,3817.34,3806.93,3813.65,70674848
2020-10-26T12:00:00Z,3813.65,3818.76,3808.57,3811.76,59068981
2020-10-26T13:00:00Z,3811.76,3816.27,3804.75,3807.48,65318121
2020-10-26T14:00:00Z,3807.48,3810.17,3788.17,3790.19,87065777
2020-10-26T15:00:00Z,3790.19,3805.92,3789.14,3804.45,80590574
2020-10-26T16:00:00Z,3804.45,3810.08,3801.49,3806.07,55589938
2020-10-26T17:00:00Z,3806.07,3811.35,3801.35,3810.66,63910630
2020-10-26T18:00:00Z,3810.66,3817.36,3808.11,3815.36,64254672
2020-10-26T19:00:00Z,3815.36,3822.26,3814.00,3817.93,55465559
2020-10-26T20:00:00Z,3817.93,3825.05,3813.96,3824.25,82375939
2020-10-26T21:00:00Z,3824.25,3827.98,3813.91,3817.10,69613027
2020-10-26T22:00:00Z,3817.10,3831.42,3812.88,3825.76,84814513
2020-10-26T23:00:00Z,3825.76,3825.95,3820.54,3823.86,65733416
2020-10-27T00:00:00Z,3823.86,3826.95,3811.14,3811.79,86095117
2020-10-27T01:00:00Z,3811.79,3814.44,3804.06,3808.74,67648929
2020-10-27T02:00:00Z,3808.74,3814.26,3784.47,3784.82,101369526
2020-10-27T03:00:00Z,3784.82,3786.97,3782.45,3783.53,56609498
2020-10-27T04:00:00Z,3783.53,3800.93,3782.59,3795.83,82132554
2020-10-27T05:00:00Z,3795.83,3797.23,3790.33,3792.02,72745302
2020-10-27T06:00:00Z,3792.02,3792.83,3779.33,3783.85,71489235
2020-10-27T07:00:00Z,3783.85,3799.86,3780.85,3794.49,81077133
2020-10-27T08:00:00Z,3794.49,3796.43,3785.47,3790.57,75248651
2020-10-27T09:00:00Z,3790.57,3794.80,3789.03,3789.07,70815095
2020-10-27T10:00:00Z,3789.07,3790.82,3768.45,3772.52,100164432
2020-10-27T11:00:00Z,3772.52,3777.71,3765.65,3767.53,61470707
2020-10-27T12:00:00Z,3767.53,3775.69,3762.64,3775.09,76359197
2020-10-27T13:00:00Z,3775.09,3779.84,3768.56,3768.82,70786234
2020-10-27T14:00:00Z,3768.82,3771.19,3761.63,3766.33,73694389
2020-10-27T15:00:00Z,3766.33,3776.23,3764.53,3771.62,76046307
2020-10-27T16:00:00Z,3771.62,3777.09,3755.75,3761.12,72663502
2020-10-27T17:00:00Z,3761.12,3765.36,3748.40,3749.09,87860272
2020-10-27T18:00:00Z,3749.09,3751.69,3746.48,3747.64,68212886
2020-10-27T19:00:00Z,3747.64,3751.01,3741.12,3741.92,67931180
2020-10-27T20:00:00Z,3741.92,3754.35,3737.78,3749.37,68303768
2020-10-27T21:00:00Z,3749.37,3752.49,3737.99,3741.55,69423718
2020-10-27T22:00:00Z,3741.55,3753.03,3741.13,3750.48,71805015
2020-10-27T23:00:00Z,3750.48,3757.15,3750.31,3752.62,66610522
2020-10-28T00:00:00Z,3752.62,3752.85,3741.24,3743.64,77499158
2020-10-28T01:00:00Z,3743.64,3744.24,3736.77,3741.48,72428368
2020-10-28T02:00:00Z,3741.48,3748.60,3741.47,3747.79,79205633
2020-10-28T03:00:00Z,3747.79,3748.70,3744.54,3745.79,69192797
2020-10-28T04:00:00Z,3745.79,3747.12,3742.35,3746.25,66319578
2020-10-28T05:00:00Z,3746.25,3750.81,3738.31,3741.96,68600608
2020-10-28T06:00:00Z,3741.96,3747.47,3741.76,3745.45,63826864
2020-10-28T07:00:00Z,3745.45,3748.08,3729.89,3734.92,75397380
2020-10-28T08:00:00Z,3734.92,3736.39,3730.70,3735.62,55028716
2020-10-28T09:00:00Z,3735.62,3749.39,3730.86,3748.04,87544564
2020-10-28T10:00:00Z,3748.04,3750.16,3744.90,3748.56,68838683
2020-10-28T11:00:00Z,3748.56,3751.57,3744.28,3745.92,73679143
2020-10-28T12:00:00Z,3745.92,3748.77,3743.91,3747.04,54581347
2020-10-28T13:00:00Z,3747.04,3750.04,3740.04,3744.00,71602974
2020-10-28T14:00:00Z,3744.00,3744.95,3729.30,3734.88,73501203
2020-10-28T15:00:00Z,3734.88,3756.18,3733.24,3753.72,91390502
2020-10-28T16:00:00Z,3753.72,3753.80,3750.16,3750.53,63567030
2020-10-28T17:00:00Z,3750.53,3753.34,3738.38,3741.61,81420374
2020-10-28T18:00:00Z,3741.61,3742.29,3728.06,3729.27,83057055
2020-10-28T19:00:00Z,3729.27,3738.64,3725.20,3738.10,77369621
2020-10-28T20:00:00Z,3738.10,3748.74,3736.30,3743.41,78785890
2020-10-28T21:00:00Z,3743.41,3749.83,3741.49,3748.63,70482537
2020-10-28T22:00:00Z,3748.63,3754.01,3743.82,3747.42,66971187
2020-10-28T23:00:00Z,3747.42,3748.05,3737.69,3740.48,69459110
2020-10-29T00:00:00Z,3740.48,3743.00,3730.47,3731.66,81835147
2020-10-29T01:00:00Z,3731.66,3734.81,3719.43,3724.32,81343094
2020-10-29T02:00:00Z,3724.32,3727.62,3712.99,3717.58,73641734
2020-10-29T03:00:00Z,3717.58,3720.95,3709.33,3712.68,66905617
2020-10-29T04:00:00Z,3712.68,3719.00,3709.37,3717.18,62182729
2020-10-29T05:00:00Z,3717.18,3722.50,3712.83,3713.34,59558946
2020-10-29T06:00:00Z,3713.34,3714.84,3705.78,3710.94,61565704
2020-10-29T07:00:00Z,3710.94,3712.48,3703.78,3706.28,71353185
2020-10-29T08:00:00Z,3706.28,3716.13,3700.68,3711.40,66356588
2020-10-29T09:00:00Z,3711.40,3715.85,3697.85,3700.13,88165540
2020-10-29T10:00:00Z,3700.13,3704.81,3698.54,3700.75,51400837
2020-10-29T11:00:00Z,3700.75,3707.08,3696.70,3703.39,73593934
2020-10-29T12:00:00Z,3703.39,3703.50,3698.21,3700.47,58393473
2020-10-29T13:00:00Z,3700.47,3704.99,3689.70,3691.92,84338894
2020-10-29T14:00:00Z,3691.92,3705.42,3688.08,3702.19,84013377
2020-10-29T15:00:00Z,3702.19,3706.56,3695.91,3701.46,67590866
2020-10-29T16:00:00Z,3701.46,3706.32,3686.49,3691.79,74838104
2020-10-29T17:00:00Z,3691.79,3701.99,3690.20,3697.73,80184561
2020-10-29T18:00:00Z,3697.73,3702.60,3692.79,3697.19,61334652
2020-10-29T19:00:00Z,3697.19,3702.44,3687.40,3690.96,66426326
2020-10-29T20:00:00Z,3690.96,3703.30,3687.84,3698.25,75476837
2020-10-29T21:00:00Z,3698.25,3699.60,3691.86,3695.96,72435279
2020-10-29T22:00:00Z,3695.96,3698.60,3691.56,3696.43,54137296
2020-10-29T23:00:00Z,3696.43,3701.29,3679.93,3681.49,88943297
2020-10-30T00:00:00Z,3681.49,3688.57,3681.47,3687.62,81023076
2020-10-30T01:00:00Z,3687.62,3691.52,3677.10,3677.12,80380817
2020-10-30T02:00:00Z,3677.12,3677.98,3671.90,3677.33,54005520
2020-10-30T03:00:00Z,3677.33,3685.48,3673.88,3683.28,76358793
2020-10-30T04:00:00Z,3683.28,3693.21,3680.67,3688.15,64764881
2020-10-30T05:00:00Z,3688.15,3698.00,3684.92,3693.06,70608256
2020-10-30T06:00:00Z,3693.06,3694.95,3674.00,3676.69,104387397
2020-10-30T07:00:00Z,3676.69,3688.59,3676.51,3684.13,70485516
2020-10-30T08:00:00Z,3684.13,3689.05,3676.33,3679.59,60040120
2020-10-30T09:00:00Z,3679.59,3683.10,3665.67,3671.01,88431092
2020-10-30T10:00:00Z,3671.01,3671.07,3654.77,3659.68,91921307
2020-10-30T11:00:00Z,3659.68,3666.58,3659.42,3662.22,59417109
2020-10-30T12:00:00Z,3662.22,3667.60,3660.80,3663.81,65388281
2020-10-30T13:00:00Z,3663.81,3675.76,3659.98,3674.53,75047628
2020-10-30T14:00:00Z,3674.53,3684.95,3669.55,3681.34,67406049
2020-10-30T15:00:00Z,3681.34,3682.18,3669.07,3671.56,84292369
2020-10-30T16:00:00Z,3671.56,3684.82,3669.72,3680.21,78139045
2020-10-30T17:00:00Z,3680.21,3688.12,3676.07,3687.48,78230584
2020-10-30T18:00:00Z,3687.48,3692.92,3682.21,3691.59,61610228
2020-10-30T19:00:00Z,3691.59,3695.51,3680.61,3684.31,71968688
2020-10-30T20:00:00Z,3684.31,3694.20,3678.91,3690.49,72945978
2020-10-30T21:00:00Z,3690.49,3695.27,3686.39,3689.85,55198250
2020-10-30T22:00:00Z,3689.85,3695.74,3686.65,3694.82,69143042
2020-10-30T23:00:00Z,3694.82,3707.09,3693.50,3705.82,76899282
2020-10-31T00:00:00Z,3705.82,3710.14,3702.65,3707.45,58214551
2020-10-31T01:00:00Z,3707.45,3710.10,3699.97,3704.89,56423538
2020-10-31T02:00:00Z,3704.89,3707.39,3704.75,3705.87,55439311
2020-10-31T03:00:00Z,3705.87,3709.72,3694.84,3698.63,72091546
2020-10-31T04:00:00Z,3698.63,3707.60,3695.11,3705.06,72047771
2020-10-31T05:00:00Z,3705.06,3711.63,3699.46,3708.70,63502433
2020-10-31T06:00:00Z,3708.70,3708.76,3700.29,3703.78,65240058
2020-10-31T07:00:00Z,3703.78,3708.19,3701.22,3703.09,58985489
2020-10-31T08:00:00Z,3703.09,3708.38,3699.09,3707.92,66210866
2020-10-31T09:00:00Z,3707.92,3714.79,3707.80,3711.62,68272620
2020-10-31T10:00:00Z,3711.62,3712.72,3705.04,3707.01,66481333
2020-10-31T11:00:00Z,3707.01,3708.63,3705.17,3707.53,61414945
2020-10-31T12:00:00Z,3707.53,3712.66,3701.29,3701.99,79223919
2020-10-31T13:00:00Z,3701.99,3705.45,3696.10,3700.31,72934166
2020-10-31T14:00:00Z,3700.31,3705.02,3698.66,3703.23,67957610
2020-10-31T15:00:00Z,3703.23,3708.32,3691.12,3694.64,72918909
2020-10-31T16:00:00Z,3694.64,3697.30,3690.96,3691.21,64568426
2020-10-31T17:00:00Z,3691.21,3694.21,3685.94,3692.59,55785684
2020-10-31T18:00:00Z,3692.59,3703.24,3691.26,3697.79,77916249
2020-10-31T19:00:00Z,3697.79,3702.53,3692.54,3696.30,56875211
2020-10-31T20:00:00Z,3696.30,3708.96,3693.00,3703.72,66920185
2020-10-31T21:00:00Z,3703.72,3704.78,3689.98,3692.79,93298459
2020-10-31T22:00:00Z,3692.79,3696.89,3685.61,3687.99,69486004
2020-10-31T23:00:00Z,3687.99,3692.57,3685.77,3690.38,57951410
2020-11-01T00:00:00Z,3690.38,3694.24,3685.78,3689.64,61352124
2020-11-01T01:00:00Z,3689.64,3693.99,3677.37,3681.76,71567580
2020-11-01T02:00:00Z,3681.76,3685.69,3674.28,3679.22,74025487
2020-11-01T03:00:00Z,3679.22,3682.42,3675.71,3679.54,58000769
2020-11-01T04:00:00Z,3679.54,3687.43,3678.45,3685.76,68984786
2020-11-01T05:00:00Z,3685.76,3694.32,3683.35,3691.37,80109935
2020-11-01T06:00:00Z,3691.37,3694.12,3682.52,3684.49,75298234
2020-11-01T07:00:00Z,3684.49,3689.36,3684.11,3687.53,71879378
2020-11-01T08:00:00Z,3687.53,3691.91,3683.27,3683.48,64826518
2020-11-01T09:00:00Z,3683.48,3691.24,3681.99,3686.94,61143931
2020-11-01T10:00:00Z,3686.94,3696.00,3684.35,3695.24,71008619
2020-11-01T11:00:00Z,3695.24,3699.56,3688.79,3689.20,74966924
2020-11-01T12:00:00Z,3689.20,3692.67,3683.77,3685.60,75592833
2020-11-01T13:00:00Z,3685.60,3685.74,3674.43,3677.38,69316999
2020-11-01T14:00:00Z,3677.38,3683.17,3677.18,3679.61,71623796
2020-11-01T15:00:00Z,3679.61,3682.40,3675.79,3681.74,74273720
2020-11-01T16:00:00Z,3681.74,3685.97,3677.68,3685.60,61997705
2020-11-01T17:00:00Z,3685.60,3687.84,3683.60,3685.37,68525549
2020-11-01T18:00:00Z,3685.37,3687.56,3676.14,3677.82,84138168
2020-11-01T19:00:00Z,3677.82,3680.47,3664.05,3667.11,80520018
2020-11-01T20:00:00Z,3667.11,3668.35,3653.42,3654.49,91217687
2020-11-01T21:00:00Z,3654.49,3657.27,3646.70,3650.51,78197404
2020-11-01T22:00:00Z,3650.51,3656.53,3650.45,3653.09,73007028
2020-11-01T23:00:00Z,3653.09,3656.21,3640.95,3642.41,84011133
2020-11-02T00:00:00Z,3642.41,3642.84,3634.98,3635.10,77273331
2020-11-02T01:00:00Z,3635.10,3645.90,3634.45,3642.91,70748615
2020-11-02T02:00:00Z,3642.91,3646.39,3641.80,3645.95,62404321
2020-11-02T03:00:00Z,3645.95,3647.01,3638.94,3639.64,71755450
2020-11-02T04:00:00Z,3639.64,3641.82,3638.59,3640.83,63711041
2020-11-02T05:00:00Z,3640.83,3649.44,3638.98,3646.93,75281779
2020-11-02T06:00:00Z,3646.93,3648.38,3644.19,3646.88,61090412
2020-11-02T07:00:00Z,3646.88,3653.66,3644.24,3650.79,63548598
2020-11-02T08:00:00Z,3650.79,3654.26,3643.91,3645.04,82387047
2020-11-02T09:00:00Z,3645.04,3648.58,3641.83,3646.79,62485208
2020-11-02T10:00:00Z,3646.79,3651.94,3644.23,3648.76,67836347
2020-11-02T11:00:00Z,3648.76,3652.76,3646.12,3652.67,73313341
2020-11-02T12:00:00Z,3652.67,3654.35,3651.81,3653.62,57082477
2020-11-02T13:00:00Z,3653.62,3660.99,3651.23,3658.67,77886986
2020-11-02T14:00:00Z,3658.67,3663.55,3656.14,3663.42,68904306
2020-11-02T15:00:00Z,3663.42,3666.63,3659.44,3662.21,69793130
2020-11-02T16:00:00Z,3662.21,3662.47,3658.26,3661.23,56574361
2020-11-02T17:00:00Z,3661.23,3673.38,3657.89,3671.39,88607372
2020-11-02T18:00:00Z,3671.39,3674.57,3669.32,3672.81,72240973
2020-11-02T19:00:00Z,3672.81,3674.63,3664.08,3667.67,79992407
2020-11-02T20:00:00Z,3667.67,3669.62,3663.66,3666.35,53732622
2020-11-02T21:00:00Z,3666.35,3673.55,3664.94,3671.30,69479202
2020-11-02T22:00:00Z,3671.30,3671.63,3666.13,3667.89,73933682
2020-11-02T23:00:00Z,3667.89,3668.93,3664.51,3667.64,53553616
2020-11-03T00:00:00Z,3667.64,3668.53,3664.64,3668.14,70962667
2020-11-03T01:00:00Z,3668.14,3675.07,3665.77,3671.48,61728996
2020-11-03T02:00:00Z,3671.48,3672.84,3669.91,3671.15,53209660
2020-11-03T03:00:00Z,3671.15,3683.85,3669.38,3682.08,76211871
2020-11-03T04:00:00Z,3682.08,3685.79,3679.15,3681.48,58033034
2020-11-03T05:00:00Z,3681.48,3685.29,3677.86,3684.01,69450702
2020-11-03T06:00:00Z,3684.01,3687.42,3679.28,3682.24,61915451
2020-11-03T07:00:00Z,3682.24,3684.40,3678.61,3681.69,66918250
2020-11-03T08:00:00Z,3681.69,3682.14,3677.29,3679.67,68873714
2020-11-03T09:00:00Z,3679.67,3685.96,3678.86,3682.68,70893539
2020-11-03T10:00:00Z,3682.68,3686.27,3681.49,3684.81,71119211
2020-11-03T11:00:00Z,3684.81,3689.11,3684.40,3688.20,74103696
2020-11-03T12:00:00Z,3688.20,3691.88,3686.38,3691.86,64464338
2020-11-03T13:00:00Z,3691.86,3697.61,3690.37,3694.24,63991953
2020-11-03T14:00:00Z,3694.24,3700.30,3693.40,3697.12,67514126
2020-11-03T15:00:00Z,3697.12,3704.83,3696.63,3702.22,64749439
2020-11-03T16:00:00Z,3702.22,3705.34,3699.56,3702.66,70288718
2020-11-03T17:00:00Z,3702.66,3703.60,3699.77,3702.97,70442604
2020-11-03T18:00:00Z,3702.97,3704.61,3698.38,3699.55,61268866
2020-11-03T19:00:00Z,3699.55,3702.12,3696.53,3701.88,62090849
2020-11-03T20:00:00Z,3701.88,3704.02,3693.47,3696.48,61858242
2020-11-03T21:00:00Z,3696.48,3698.46,3693.18,3698.10,72805438
2020-11-03T22:00:00Z,3698.10,3703.47,3696.23,3702.94,79663287
2020-11-03T23:00:00Z,3702.94,3708.08,3701.39,3705.80,61694552
2020-11-04T00:00:00Z,3705.80,3708.99,3701.41,3705.18,64595135
2020-11-04T01:00:00Z,3705.18,3711.63,3702.10,3709.69,63989970
2020-11-04T02:00:00Z,3709.69,3714.16,3709.14,3713.38,75089239
2020-11-04T03:00:00Z,3713.38,3719.25,3713.34,3716.78,75112808
2020-11-04T04:00:00Z,3716.78,3720.09,3709.49,3712.94,64793136
2020-11-04T05:00:00Z,3712.94,3715.64,3710.54,3711.38,68978101
2020-11-04T06:00:00Z,3711.38,3717.90,3710.35,3715.92,64500038
2020-11-04T07:00:00Z,3715.92,3718.68,3712.90,3718.00,68087552
2020-11-04T08:00:00Z,3718.00,3723.06,3715.05,3722.62,62191987
2020-11-04T09:00:00Z,3722.62,3726.06,3714.99,3716.66,69272429
2020-11-04T10:00:00Z,3716.66,3720.17,3715.51,3719.72,72356651
2020-11-04T11:00:00Z,3719.72,3723.21,3711.13,3713.22,81241404
2020-11-04T12:00:00Z,3713.22,3713.58,3711.78,3712.99,59342830
2020-11-04T13:00:00Z,3712.99,3716.48,3711.23,3713.25,64463593
2020-11-04T14:00:00Z,3713.25,3720.37,3713.01,3719.87,68318633
2020-11-04T15:00:00Z,3719.87,3726.05,3717.57,3722.22,60998257
2020-11-04T16:00:00Z,3722.22,3724.81,3721.28,3724.48,58086678
2020-11-04T17:00:00Z,3724.48,3728.80,3722.51,3726.32,66531632
2020-11-04T18:00:00Z,3726.32,3726.86,3725.20,3725.52,67286517
2020-11-04T19:00:00Z,3725.52,3728.10,3716.01,3717.75,84991556
2020-11-04T20:00:00Z,3717.75,3718.91,3709.80,3712.54,66215992
2020-11-04T21:00:00Z,3712.54,3718.93,3711.61,3716.99,76518114
2020-11-04T22:00:00Z,3716.99,3719.44,3715.16,3719.29,63680012
2020-11-04T23:00:00Z,3719.29,3723.56,3716.49,3721.54,61725720
2020-11-05T00:00:00Z,3721.54,3725.23,3717.76,3724.82,60216921
2020-11-05T01:00:00Z,3724.82,3724.99,3715.72,3719.08,76625281
2020-11-05T02:00:00Z,3719.08,3720.49,3711.87,3713.29,79972643
2020-11-05T03:00:00Z,3713.29,3718.19,3712.43,3715.59,71878489
2020-11-05T04:00:00Z,3715.59,3718.27,3713.10,3716.43,70798116
2020-11-05T05:00:00Z,3716.43,3720.03,3710.02,3713.07,72086962
2020-11-05T06:00:00Z,3713.07,3720.07,3709.62,3716.56,65456814
2020-11-05T07:00:00Z,3716.56,3718.26,3710.78,3714.44,67263966
2020-11-05T08:00:00Z,3714.44,3719.44,3712.19,3715.86,55809352
2020-11-05T09:00:00Z,3715.86,3716.73,3712.31,3714.85,69786806
2020-11-05T10:00:00Z,3714.85,3715.76,3710.62,3712.95,67336475
2020-11-05T11:00:00Z,3712.95,3725.68,3711.09,3722.79,90348068
2020-11-05T12:00:00Z,3722.79,3723.25,3720.95,3721.37,60063431
2020-11-05T13:00:00Z,3721.37,3722.39,3718.53,3721.25,51798052
2020-11-05T14:00:00Z,3721.25,3724.66,3718.01,3720.02,62834019
2020-11-05T15:00:00Z,3720.02,3720.92,3714.80,3716.82,59861813
2020-11-05T16:00:00Z,3716.82,3720.11,3716.28,3718.24,54132279
2020-11-05T17:00:00Z,3718.24,3721.54,3714.75,3718.59,57297119
2020-11-05T18:00:00Z,3718.59,3724.56,3717.44,3722.13,66913557
2020-11-05T19:00:00Z,3722.13,3727.22,3721.50,3723.86,66560989
2020-11-05T20:00:00Z,3723.86,3727.17,3721.23,3721.34,62634941
2020-11-05T21:00:00Z,3721.34,3721.74,3718.37,3719.97,55117439
2020-11-05T22:00:00Z,3719.97,3720.18,3717.38,3719.77,69828203
2020-11-05T23:00:00Z,3719.77,3722.42,3717.18,3721.13,64595608
2020-11-06T00:00:00Z,3721.13,3724.78,3720.91,3724.52,59718673
2020-11-06T01:00:00Z,3724.52,3727.36,3721.98,3723.57,54395597
2020-11-06T02:00:00Z,3723.57,3730.35,3723.27,3726.60,63268556
2020-11-06T03:00:00Z,3726.60,3733.32,3724.04,3731.82,65235457
2020-11-06T04:00:00Z,3731.82,3740.56,3729.31,3739.03,72144039
2020-11-06T05:00:00Z,3739.03,3746.64,3737.44,3745.04,69643569
2020-11-06T06:00:00Z,3745.04,3747.19,3742.23,3745.44,64104630
2020-11-06T07:00:00Z,3745.44,3749.59,3742.14,3748.17,68768738
2020-11-06T08:00:00Z,3748.17,3756.54,3746.02,3754.82,76804076
2020-11-06T09:00:00Z,3754.82,3758.70,3751.69,3756.13,72421845
2020-11-06T10:00:00Z,3756.13,3758.54,3749.06,3749.74,64873543
2020-11-06T11:00:00Z,3749.74,3754.41,3746.03,3751.32,67445895
2020-11-06T12:00:00Z,3751.32,3760.81,3750.91,3757.34,78107284
2020-11-06T13:00:00Z,3757.34,3762.81,3755.76,3759.41,64050401
2020-11-06T14:00:00Z,3759.41,3761.56,3754.32,3757.33,56947986
2020-11-06T15:00:00Z,3757.33,3760.36,3752.18,3754.60,63613661
2020-11-06T16:00:00Z,3754.60,3758.45,3748.14,3749.61,63705108
2020-11-06T17:00:00Z,3749.61,3754.84,3747.00,3751.52,59565448
2020-11-06T18:00:00Z,3751.52,3760.79,3748.02,3757.42,78317991
2020-11-06T19:00:00Z,3757.42,3767.60,3756.57,3764.29,69860172
2020-11-06T20:00:00Z,3764.29,3770.59,3762.00,3769.23,70992136
2020-11-06T21:00:00Z,3769.23,3769.80,3764.13,3767.08,60311783
2020-11-06T22:00:00Z,3767.08,3773.92,3765.94,3772.08,72879813
2020-11-06T23:00:00Z,3772.08,3774.36,3767.99,3770.45,67889564
2020-11-07T00:00:00Z,3770.45,3773.38,3753.13,3755.01,89399708
2020-11-07T01:00:00Z,3755.01,3756.87,3751.93,3754.34,61514840
2020-11-07T02:00:00Z,3754.34,3758.55,3750.82,3756.46,56993169
2020-11-07T03:00:00Z,3756.46,3759.52,3755.53,3757.51,59351074
2020-11-07T04:00:00Z,3757.51,3760.72,3751.67,3751.98,74923064
2020-11-07T05:00:00Z,3751.98,3754.89,3751.80,3752.04,69429897
2020-11-07T06:00:00Z,3752.04,3753.87,3747.23,3747.87,78212796
2020-11-07T07:00:00Z,3747.87,3752.60,3745.71,3749.78,58853995
2020-11-07T08:00:00Z,3749.78,3753.63,3740.58,3744.26,67979026
2020-11-07T09:00:00Z,3744.26,3747.24,3738.10,3740.32,78242161
2020-11-07T10:00:00Z,3740.32,3742.29,3738.17,3740.52,51813346
2020-11-07T11:00:00Z,3740.52,3747.08,3738.27,3744.42,69675447
2020-11-07T12:00:00Z,3744.42,3746.13,3736.43,3738.94,78783253
2020-11-07T13:00:00Z,3738.94,3742.75,3736.01,3742.35,75876765
2020-11-07T14:00:00Z,3742.35,3745.13,3740.04,3744.57,61985166
2020-11-07T15:00:00Z,3744.57,3747.50,3738.29,3741.76,59134618
2020-11-07T16:00:00Z,3741.76,3750.18,3738.44,3747.55,79836956
2020-11-07T17:00:00Z,3747.55,3749.62,3745.02,3749.45,64973068
2020-11-07T18:00:00Z,3749.45,3758.22,3748.44,3755.11,79822788
2020-11-07T19:00:00Z,3755.11,3756.41,3748.42,3751.62,60780774
2020-11-07T20:00:00Z,3751.62,3757.26,3751.31,3753.73,70146797
2020-11-07T21:00:00Z,3753.73,3755.87,3752.01,3755.17,53557414
2020-11-07T22:00:00Z,3755.17,3760.68,3751.76,3757.27,63849596
2020-11-07T23:00:00Z,3757.27,3759.72,3756.04,3758.28,61035313
2020-11-08T00:00:00Z,3758.28,3761.99,3754.36,3755.67,70477778
2020-11-08T01:00:00Z,3755.67,3763.20,3753.66,3759.57,66021927
2020-11-08T02:00:00Z,3759.57,3761.20,3755.70,3759.44,58411105
2020-11-08T03:00:00Z,3759.44,3761.36,3757.87,3761.15,70945619
2020-11-08T04:00:00Z,3761.15,3763.82,3759.17,3760.50,69884244
2020-11-08T05:00:00Z,3760.50,3763.66,3752.26,3754.86,80365188
2020-11-08T06:00:00Z,3754.86,3762.92,3753.65,3759.38,60826601
2020-11-08T07:00:00Z,3759.38,3759.54,3753.25,3755.11,61242620
2020-11-08T08:00:00Z,3755.11,3756.84,3746.28,3749.95,77642674
2020-11-08T09:00:00Z,3749.95,3752.08,3749.72,3750.57,60181952
2020-11-08T10:00:00Z,3750.57,3757.80,3750.04,3754.82,59571688
2020-11-08T11:00:00Z,3754.82,3764.82,3754.53,3762.84,72081811
2020-11-08T12:00:00Z,3762.84,3766.02,3762.16,3762.55,57073735
2020-11-08T13:00:00Z,3762.55,3764.60,3756.26,3758.07,74594252
2020-11-08T14:00:00Z,3758.07,3762.63,3754.76,3759.96,66164283
2020-11-08T15:00:00Z,3759.96,3764.28,3757.43,3761.51,72543811
2020-11-08T16:00:00Z,3761.51,3762.53,3756.69,3758.26,59704416
2020-11-08T17:00:00Z,3758.26,3763.98,3755.21,3761.57,75370302
2020-11-08T18:00:00Z,3761.57,3767.01,3760.08,3766.68,76874418
2020-11-08T19:00:00Z,3766.68,3771.89,3764.18,3770.97,72122170
2020-11-08T20:00:00Z,3770.97,3772.30,3765.30,3765.63,73058475
2020-11-08T21:00:00Z,3765.63,3767.41,3757.55,3759.49,69016558
2020-11-08T22:00:00Z,3759.49,3762.64,3756.89,3761.46,67096740
2020-11-08T23:00:00Z,3761.46,3765.29,3757.82,3759.53,71352163
2020-11-09T00:00:00Z,3759.53,3760.37,3756.09,3756.34,58121256
2020-11-09T01:00:00Z,3756.34,3756.72,3749.40,3750.30,63659431
2020-11-09T02:00:00Z,3750.30,3754.12,3742.93,3744.64,64241131
2020-11-09T03:00:00Z,3744.64,3747.59,3739.46,3740.93,61534637
2020-11-09T04:00:00Z,3740.93,3753.23,3737.84,3750.87,87060403
2020-11-09T05:00:00Z,3750.87,3756.49,3747.80,3755.25,79084415
2020-11-09T06:00:00Z,3755.25,3757.67,3743.96,3745.09,77069149
2020-11-09T07:00:00Z,3745.09,3748.76,3743.48,3748.33,59596876
2020-11-09T08:00:00Z,3748.33,3751.54,3747.90,3751.43,65010697
2020-11-09T09:00:00Z,3751.43,3753.68,3748.16,3753.55,70725197
2020-11-09T10:00:00Z,3753.55,3756.56,3747.77,3751.03,61860363
2020-11-09T11:00:00Z,3751.03,3753.30,3748.57,3751.49,60108877
2020-11-09T12:00:00Z,3751.49,3756.73,3748.04,3755.94,74020623
2020-11-09T13:00:00Z,3755.94,3756.14,3748.87,3751.86,71283128
2020-11-09T14:00:00Z,3751.86,3764.73,3750.81,3761.87,74481216
2020-11-09T15:00:00Z,3761.87,3762.48,3758.31,3761.00,59221348
2020-11-09T16:00:00Z,3761.00,3765.05,3760.19,3764.98,60816980
2020-11-09T17:00:00Z,3764.98,3767.35,3761.57,3766.51,68057726
2020-11-09T18:00:00Z,3766.51,3768.31,3764.67,3766.10,62000492
2020-11-09T19:00:00Z,3766.10,3766.79,3761.41,3763.10,61953501
2020-11-09T20:00:00Z,3763.10,3766.75,3759.73,3761.16,64424664
2020-11-09T21:00:00Z,3761.16,3771.63,3757.96,3768.97,78145416
2020-11-09T22:00:00Z,3768.97,3770.89,3762.09,3764.49,64034575
2020-11-09T23:00:00Z,3764.49,3771.44,3762.84,3768.49,72593812
2020-11-10T00:00:00Z,3768.49,3770.20,3760.97,3764.05,64842631
2020-11-10T01:00:00Z,3764.05,3764.65,3757.52,3760.55,64829436
2020-11-10T02:00:00Z,3760.55,3767.49,3758.69,3766.20,74400622
2020-11-10T03:00:00Z,3766.20,3768.97,3757.70,3760.52,62382690
2020-11-10T04:00:00Z,3760.52,3762.71,3752.54,3755.73,73192709
2020-11-10T05:00:00Z,3755.73,3757.10,3752.08,3754.94,56913257
2020-11-10T06:00:00Z,3754.94,3757.45,3753.05,3753.82,61362309
2020-11-10T07:00:00Z,3753.82,3759.58,3753.14,3757.39,65203029
2020-11-10T08:00:00Z,3757.39,3765.10,3756.60,3763.57,63300696
2020-11-10T09:00:00Z,3763.57,3765.41,3760.29,3761.55,68536956
2020-11-10T10:00:00Z,3761.55,3763.82,3757.71,3759.87,56181003
2020-11-10T11:00:00Z,3759.87,3763.42,3757.33,3758.67,57193554
2020-11-10T12:00:00Z,3758.67,3761.90,3750.81,3753.42,63701119
2020-11-10T13:00:00Z,3753.42,3753.70,3747.27,3749.50,71372776
2020-11-10T14:00:00Z,3749.50,3762.64,3746.59,3759.64,87161799
2020-11-10T15:00:00Z,3759.64,3762.75,3758.48,3761.64,59074576
2020-11-10T16:00:00Z,3761.64,3763.54,3758.52,3761.17,70678712
2020-11-10T17:00:00Z,3761.17,3764.81,3759.77,3762.72,64217748
2020-11-10T18:00:00Z,3762.72,3770.92,3761.34,3770.16,65879397
2020-11-10T19:00:00Z,3770.16,3773.95,3767.47,3772.29,66679408
2020-11-10T20:00:00Z,3772.29,3778.37,3770.21,3777.57,69046416
2020-11-10T21:00:00Z,3777.57,3778.82,3765.03,3767.97,71358311
2020-11-10T22:00:00Z,3767.97,3769.14,3754.75,3757.55,79983503
2020-11-10T23:00:00Z,3757.55,3760.78,3752.97,3754.44,58045451
2020-11-11T00:00:00Z,3754.44,3762.69,3754.04,3759.49,62344301
2020-11-11T01:00:00Z,3759.49,3765.20,3755.82,3761.40,70699259
2020-11-11T02:00:00Z,3761.40,3762.64,3760.93,3762.56,63214497
2020-11-11T03:00:00Z,3762.56,3764.97,3759.86,3764.11,56450835
2020-11-11T04:00:00Z,3764.11,3764.57,3756.97,3757.50,77642983
2020-11-11T05:00:00Z,3757.50,3759.44,3751.84,3754.67,56209352
2020-11-11T06:00:00Z,3754.67,3770.97,3753.57,3768.09,87507843
2020-11-11T07:00:00Z,3768.09,3774.97,3766.22,3773.32,79358486
2020-11-11T08:00:00Z,3773.32,3777.19,3766.08,3768.88,63708852
2020-11-11T09:00:00Z,3768.88,3769.75,3763.66,3764.08,70406484
2020-11-11T10:00:00Z,3764.08,3770.20,3760.57,3766.78,67175305
2020-11-11T11:00:00Z,3766.78,3767.90,3765.80,3766.96,51682828
2020-11-11T12:00:00Z,3766.96,3776.09,3764.48,3774.99,73460603
2020-11-11T13:00:00Z,3774.99,3777.54,3772.64,3775.68,62150239
2020-11-11T14:00:00Z,3775.68,3779.10,3763.37,3765.66,78834224
2020-11-11T15:00:00Z,3765.66,3773.02,3761.92,3771.39,70344589
2020-11-11T16:00:00Z,3771.39,3783.82,3768.03,3782.38,86916658
2020-11-11T17:00:00Z,3782.38,3783.31,3774.16,3777.03,62227400
2020-11-11T18:00:00Z,3777.03,3783.18,3776.24,3782.29,71752670
2020-11-11T19:00:00Z,3782.29,3782.77,3772.70,3775.93,82163922
2020-11-11T20:00:00Z,3775.93,3782.99,3772.13,3780.48,77826723
2020-11-11T21:00:00Z,3780.48,3783.56,3773.80,3776.47,63821031
2020-11-11T22:00:00Z,3776.47,3786.68,3775.29,3785.47,82455093
2020-11-11T23:00:00Z,3785.47,3792.42,3783.95,3791.46,73134119
2020-11-12T00:00:00Z,3791.46,3796.11,3789.63,3794.81,64710712
2020-11-12T01:00:00Z,3794.81,3798.58,3793.66,3795.31,53505307
2020-11-12T02:00:00Z,3795.31,3796.20,3787.21,3789.81,70270123
2020-11-12T03:00:00Z,3789.81,3791.82,3783.40,3787.26,60819437
2020-11-12T04:00:00Z,3787.26,3788.59,3786.25,3787.20,70072872
2020-11-12T05:00:00Z,3787.20,3793.70,3785.10,3792.04,60626952
2020-11-12T06:00:00Z,3792.04,3800.25,3791.77,3799.54,79319987
2020-11-12T07:00:00Z,3799.54,3800.22,3794.79,3795.22,71983928
2020-11-12T08:00:00Z,3795.22,3799.01,3792.06,3797.24,72369035
2020-11-12T09:00:00Z,3797.24,3802.68,3795.72,3801.11,74310879
2020-11-12T10:00:00Z,3801.11,3805.14,3799.07,3803.34,63749753
2020-11-12T11:00:00Z,3803.34,3804.07,3799.56,3801.08,71599869
2020-11-12T12:00:00Z,3801.08,3803.58,3795.04,3797.90,75632605
2020-11-12T13:00:00Z,3797.90,3799.62,3790.32,3791.98,77974681
2020-11-12T14:00:00Z,3791.98,3795.71,3787.95,3790.56,68205285
2020-11-12T15:00:00Z,3790.56,3793.55,3784.64,3786.85,74338880
2020-11-12T16:00:00Z,3786.85,3788.48,3782.07,3783.28,68877326
2020-11-12T17:00:00Z,3783.28,3784.88,3781.09,3782.88,56299364
2020-11-12T18:00:00Z,3782.88,3784.39,3780.23,3783.65,55703865
2020-11-12T19:00:00Z,3783.65,3786.81,3783.15,3784.38,65665900
2020-11-12T20:00:00Z,3784.38,3784.77,3777.19,3777.94,65606741
2020-11-12T21:00:00Z,3777.94,3780.37,3765.04,3765.69,92982625
2020-11-12T22:00:00Z,3765.69,3768.69,3765.40,3766.32,60655293
2020-11-12T23:00:00Z,3766.32,3768.66,3758.53,3760.38,70203641
2020-11-13T00:00:00Z,3760.38,3763.06,3757.09,3760.05,53443559
2020-11-13T01:00:00Z,3760.05,3763.59,3754.49,3757.76,72212496
2020-11-13T02:00:00Z,3757.76,3761.61,3752.23,3755.39,61426805
2020-11-13T03:00:00Z,3755.39,3761.54,3752.22,3761.13,79003619
2020-11-13T04:00:00Z,3761.13,3765.37,3758.55,3762.29,62271855
2020-11-13T05:00:00Z,3762.29,3764.05,3756.35,3758.02,71210496
2020-11-13T06:00:00Z,3758.02,3766.51,3756.92,3765.83,85392303
2020-11-13T07:00:00Z,3765.83,3771.00,3762.56,3768.80,56890225
2020-11-13T08:00:00Z,3768.80,3771.04,3765.43,3768.60,66344668
2020-11-13T09:00:00Z,3768.60,3769.53,3764.56,3765.56,64790977
2020-11-13T10:00:00Z,3765.56,3774.39,3764.94,3770.88,73883833
2020-11-13T11:00:00Z,3770.88,3771.75,3770.26,3771.53,51752738
2020-11-13T12:00:00Z,3771.53,3781.64,3767.87,3778.13,64218978
2020-11-13T13:00:00Z,3778.13,3778.97,3777.57,3777.80,51662754
2020-11-13T14:00:00Z,3777.80,3781.96,3775.54,3779.83,68902160
2020-11-13T15:00:00Z,3779.83,3781.80,3772.45,3773.34,68909385
2020-11-13T16:00:00Z,3773.34,3774.87,3767.48,3769.08,76575954
2020-11-13T17:00:00Z,3769.08,3771.12,3759.96,3762.54,80072138
2020-11-13T18:00:00Z,3762.54,3764.14,3751.84,3752.82,77030371
2020-11-13T19:00:00Z,3752.82,3763.71,3751.39,3762.50,87589156
2020-11-13T20:00:00Z,3762.50,3771.50,3761.74,3771.06,70305565
2020-11-13T21:00:00Z,3771.06,3779.28,3769.65,3776.54,75418406
2020-11-13T22:00:00Z,3776.54,3779.62,3771.58,3775.19,59694191
2020-11-13T23:00:00Z,3775.19,3781.29,3771.67,3779.13,73430612
2020-11-14T00:00:00Z,3779.13,3783.83,3778.10,3781.96,67567117
2020-11-14T01:00:00Z,3781.96,3787.91,3780.51,3786.11,65885024
2020-11-14T02:00:00Z,3786.11,3791.90,3785.96,3789.46,58682853
2020-11-14T03:00:00Z,3789.46,3791.59,3783.89,3785.94,73042062
2020-11-14T04:00:00Z,3785.94,3790.75,3783.61,3788.22,61882914
2020-11-14T05:00:00Z,3788.22,3793.43,3784.54,3792.18,68629044
2020-11-14T06:00:00Z,3792.18,3805.55,3791.22,3802.68,85484431
2020-11-14T07:00:00Z,3802.68,3805.82,3800.28,3802.66,62457879
2020-11-14T08:00:00Z,3802.66,3809.33,3801.08,3807.14,70320924
2020-11-14T09:00:00Z,3807.14,3808.91,3800.98,3804.78,67232447
2020-11-14T10:00:00Z,3804.78,3816.74,3803.49,3813.58,76181817
2020-11-14T11:00:00Z,3813.58,3820.19,3809.85,3817.80,65587816
2020-11-14T12:00:00Z,3817.80,3820.22,3814.92,3817.29,65340928
2020-11-14T13:00:00Z,3817.29,3826.66,3814.48,3824.87,79790451
2020-11-14T14:00:00Z,3824.87,3826.44,3815.28,3818.64,78259652
2020-11-14T15:00:00Z,3818.64,3821.38,3809.74,3810.38,72062259
2020-11-14T16:00:00Z,3810.38,3814.60,3809.20,3812.21,59799124
2020-11-14T17:00:00Z,3812.21,3818.48,3810.39,3816.44,77367746
2020-11-14T18:00:00Z,3816.44,3822.81,3815.95,3821.21,79486071
2020-11-14T19:00:00Z,3821.21,3823.08,3815.77,3816.34,73106584
2020-11-14T20:00:00Z,3816.34,3817.76,3806.98,3810.15,74957423
2020-11-14T21:00:00Z,3810.15,3811.64,3804.09,3805.96,63437711
2020-11-14T22:00:00Z,3805.96,3816.19,3802.52,3814.11,68154236
2020-11-14T23:00:00Z,3814.11,3821.58,3813.34,3820.16,64190977
2020-11-15T00:00:00Z,3820.16,3828.53,3817.69,3825.28,77615747
2020-11-15T01:00:00Z,3825.28,3834.61,3822.26,3832.16,73364447
2020-11-15T02:00:00Z,3832.16,3833.59,3825.95,3828.59,61830743
2020-11-15T03:00:00Z,3828.59,3829.71,3824.57,3825.85,62702344
2020-11-15T04:00:00Z,3825.85,3833.19,3822.53,3830.54,73885706
2020-11-15T05:00:00Z,3830.54,3832.97,3826.96,3827.11,71968565
2020-11-15T06:00:00Z,3827.11,3836.36,3824.61,3832.73,72709785
2020-11-15T07:00:00Z,3832.73,3845.27,3830.17,3842.36,74418052
2020-11-15T08:00:00Z,3842.36,3846.17,3841.91,3842.15,56259674
2020-11-15T09:00:00Z,3842.15,3843.55,3831.45,3834.07,72316748
2020-11-15T10:00:00Z,3834.07,3843.28,3830.33,3839.33,78990511
2020-11-15T11:00:00Z,3839.33,3843.05,3836.46,3838.68,70159531
2020-11-15T12:00:00Z,3838.68,3844.15,3838.39,3840.80,62230745
2020-11-15T13:00:00Z,3840.80,3849.28,3840.58,3846.06,66077837
2020-11-15T14:00:00Z,3846.06,3852.49,3845.21,3848.87,69805491
2020-11-15T15:00:00Z,3848.87,3850.55,3833.00,3836.45,89402248
2020-11-15T16:00:00Z,3836.45,3843.15,3833.33,3841.18,76915481
2020-11-15T17:00:00Z,3841.18,3849.77,3838.26,3848.37,70073241
2020-11-15T18:00:00Z,3848.37,3854.11,3844.53,3853.03,67800010
2020-11-15T19:00:00Z,3853.03,3855.72,3848.58,3850.79,55641713
2020-11-15T20:00:00Z,3850.79,3854.52,3843.05,3846.20,65658409
2020-11-15T21:00:00Z,3846.20,3847.47,3842.82,3846.01,56054665
2020-11-15T22:00:00Z,3846.01,3857.88,3842.56,3854.15,80939460
2020-11-15T23:00:00Z,3854.15,3856.42,3849.96,3852.68,67403322
2020-11-16T00:00:00Z,3852.68,3855.17,3851.21,3853.16,61277920
2020-11-16T01:00:00Z,3853.16,3861.13,3853.06,3857.41,63812396
2020-11-16T02:00:00Z,3857.41,3859.75,3857.02,3859.34,58892801
2020-11-16T03:00:00Z,3859.34,3859.39,3850.86,3852.53,71159189
2020-11-16T04:00:00Z,3852.53,3855.66,3849.46,3851.92,69787969
2020-11-16T05:00:00Z,3851.92,3854.20,3850.55,3853.42,54427714
2020-11-16T06:00:00Z,3853.42,3855.85,3841.70,3842.41,74815306
2020-11-16T07:00:00Z,3842.41,3842.85,3841.85,3841.88,58586059
2020-11-16T08:00:00Z,3841.88,3843.59,3839.37,3839.87,59935326
2020-11-16T09:00:00Z,3839.87,3842.67,3836.94,3842.01,58175732
2020-11-16T10:00:00Z,3842.01,3843.75,3838.76,3841.26,54078824
2020-11-16T11:00:00Z,3841.26,3842.14,3838.99,3840.20,54880324
2020-11-16T12:00:00Z,3840.20,3842.09,3835.30,3838.47,67985886
2020-11-16T13:00:00Z,3838.47,3844.24,3836.97,3841.44,65222757
2020-11-16T14:00:00Z,3841.44,3843.60,3838.70,3842.47,63521132
2020-11-16T15:00:00Z,3842.47,3844.82,3841.49,3843.82,56810363
2020-11-16T16:00:00Z,3843.82,3844.76,3837.43,3840.08,65912355
2020-11-16T17:00:00Z,3840.08,3844.31,3837.01,3841.28,61245205
2020-11-16T18:00:00Z,3841.28,3842.04,3832.53,3836.40,63251213
2020-11-16T19:00:00Z,3836.40,3837.54,3830.46,3831.51,79997966
2020-11-16T20:00:00Z,3831.51,3837.99,3830.71,3835.76,66802116
2020-11-16T21:00:00Z,3835.76,3839.68,3831.88,3834.94,66556847
2020-11-16T22:00:00Z,3834.94,3841.70,3832.76,3838.93,72680138
2020-11-16T23:00:00Z,3838.93,3844.92,3838.09,3843.79,73175330
2020-11-17T00:00:00Z,3843.79,3847.48,3842.82,3845.78,63416281
2020-11-17T01:00:00Z,3845.78,3849.76,3842.75,3846.27,57866479
2020-11-17T02:00:00Z,3846.27,3848.43,3844.13,3846.61,59487934
2020-11-17T03:00:00Z,3846.61,3849.71,3843.47,3847.66,64602700
2020-11-17T04:00:00Z,3847.66,3852.82,3847.00,3851.00,59491651
2020-11-17T05:00:00Z,3851.00,3853.66,3848.44,3848.99,69378828
2020-11-17T06:00:00Z,3848.99,3850.62,3846.83,3846.92,59054604
2020-11-17T07:00:00Z,3846.92,3852.94,3845.91,3852.15,74872075
2020-11-17T08:00:00Z,3852.15,3854.13,3843.38,3844.72,79497210
2020-11-17T09:00:00Z,3844.72,3846.01,3840.50,3842.70,66406688
2020-11-17T10:00:00Z,3842.70,3843.68,3836.90,3839.82,74762710
2020-11-17T11:00:00Z,3839.82,3842.18,3836.02,3837.18,57525858
2020-11-17T12:00:00Z,3837.18,3840.12,3832.59,3835.82,55681590
2020-11-17T13:00:00Z,3835.82,3837.62,3825.85,3825.95,82882241
2020-11-17T14:00:00Z,3825.95,3827.22,3816.33,3819.55,83308167
2020-11-17T15:00:00Z,3819.55,3825.71,3817.14,3822.47,69285670
2020-11-17T16:00:00Z,3822.47,3823.05,3818.62,3819.92,72693159
2020-11-17T17:00:00Z,3819.92,3825.97,3819.76,3823.98,69534985
2020-11-17T18:00:00Z,3823.98,3832.48,3822.85,3831.00,76222914
2020-11-17T19:00:00Z,3831.00,3834.70,3829.19,3832.63,63922018
2020-11-17T20:00:00Z,3832.63,3836.26,3825.75,3828.51,77518182
2020-11-17T21:00:00Z,3828.51,3835.00,3824.89,3832.45,64332547
2020-11-17T22:00:00Z,3832.45,3836.76,3828.78,3833.07,64873781
2020-11-17T23:00:00Z,3833.07,3841.87,3830.13,3839.17,73525617
2020-11-18T00:00:00Z,3839.17,3841.33,3831.80,3833.52,68687635
2020-11-18T01:00:00Z,3833.52,3836.22,3831.24,3834.94,66688881
2020-11-18T02:00:00Z,3834.94,3844.90,3833.95,3842.86,75991324
2020-11-18T03:00:00Z,3842.86,3845.38,3838.56,3839.99,60181370
2020-11-18T04:00:00Z,3839.99,3847.00,3837.23,3843.83,58714355
2020-11-18T05:00:00Z,3843.83,3849.72,3843.81,3848.03,63308256
2020-11-18T06:00:00Z,3848.03,3851.35,3844.82,3847.56,58759384
2020-11-18T07:00:00Z,3847.56,3851.14,3845.68,3850.87,69818038
2020-11-18T08:00:00Z,3850.87,3859.10,3849.58,3855.82,74940960
2020-11-18T09:00:00Z,3855.82,3859.59,3854.24,3855.45,57386942
2020-11-18T10:00:00Z,3855.45,3857.71,3853.35,3856.73,64326642
2020-11-18T11:00:00Z,3856.73,3861.12,3853.04,3858.55,62781239
2020-11-18T12:00:00Z,3858.55,3860.72,3851.48,3854.64,68393072
2020-11-18T13:00:00Z,3854.64,3857.33,3849.71,3853.18,57977941
2020-11-18T14:00:00Z,3853.18,3854.17,3852.37,3853.41,55162711
2020-11-18T15:00:00Z,3853.41,3855.33,3852.84,3853.09,62692783
2020-11-18T16:00:00Z,3853.09,3860.10,3849.41,3856.93,69178343
2020-11-18T17:00:00Z,3856.93,3863.91,3856.45,3860.59,77420763
2020-11-18T18:00:00Z,3860.59,3866.60,3858.36,3863.26,59355034
2020-11-18T19:00:00Z,3863.26,3869.01,3862.33,3867.69,78700492
2020-11-18T20:00:00Z,3867.69,3870.42,3865.71,3866.81,56121439
2020-11-18T21:00:00Z,3866.81,3867.48,3864.26,3866.67,56727735
2020-11-18T22:00:00Z,3866.67,3868.35,3861.02,3863.74,69219208
2020-11-18T23:00:00Z,3863.74,3865.83,3863.14,3865.00,67029168
2020-11-19T00:00:00Z,3865.00,3867.80,3860.90,3864.26,65222671
2020-11-19T01:00:00Z,3864.26,3868.84,3863.05,3866.64,56678318
2020-11-19T02:00:00Z,3866.64,3872.12,3863.09,3868.28,69440653
2020-11-19T03:00:00Z,3868.28,3876.57,3867.14,3873.03,65633030
2020-11-19T04:00:00Z,3873.03,3873.52,3865.33,3867.69,77769328
2020-11-19T05:00:00Z,3867.69,3871.17,3859.01,3862.91,79754546
2020-11-19T06:00:00Z,3862.91,3864.72,3858.97,3860.03,68827750
2020-11-19T07:00:00Z,3860.03,3864.42,3856.89,3863.46,62415241
2020-11-19T08:00:00Z,3863.46,3866.69,3854.74,3856.39,80491722
2020-11-19T09:00:00Z,3856.39,3858.41,3849.71,3851.62,69165113
2020-11-19T10:00:00Z,3851.62,3859.25,3848.35,3855.55,72063750
2020-11-19T11:00:00Z,3855.55,3858.28,3846.12,3849.79,75287871
2020-11-19T12:00:00Z,3849.79,3854.66,3846.92,3852.29,57106959
2020-11-19T13:00:00Z,3852.29,3859.54,3849.21,3857.52,70355209
2020-11-19T14:00:00Z,3857.52,3861.13,3853.76,3859.57,65529975
2020-11-19T15:00:00Z,3859.57,3871.07,3858.53,3867.93,85276234
2020-11-19T16:00:00Z,3867.93,3876.54,3865.68,3872.68,65171666
2020-11-19T17:00:00Z,3872.68,3879.95,3869.70,3879.06,71851215
2020-11-19T18:00:00Z,3879.06,3882.38,3875.99,3882.18,67272242
2020-11-19T19:00:00Z,3882.18,3884.54,3878.95,3883.94,68029585
2020-11-19T20:00:00Z,3883.94,3885.36,3883.49,3885.29,72148158
2020-11-19T21:00:00Z,3885.29,3889.91,3884.97,3888.50,59327358
2020-11-19T22:00:00Z,3888.50,3890.17,3882.80,3885.75,59045440
2020-11-19T23:00:00Z,3885.75,3886.38,3879.59,3880.72,73391373
2020-11-20T00:00:00Z,3880.72,3887.73,3880.27,3886.71,71582958
2020-11-20T01:00:00Z,3886.71,3891.51,3886.24,3891.47,61858571
2020-11-20T02:00:00Z,3891.47,3898.52,3890.56,3896.01,64261791
2020-11-20T03:00:00Z,3896.01,3898.08,3881.83,3883.48,80372826
2020-11-20T04:00:00Z,3883.48,3887.18,3875.61,3879.41,78077140
2020-11-20T05:00:00Z,3879.41,3892.96,3879.30,3889.66,90501368
2020-11-20T06:00:00Z,3889.66,3894.13,3889.34,3891.49,66895321
2020-11-20T07:00:00Z,3891.49,3895.50,3890.84,3893.45,69044908
2020-11-20T08:00:00Z,3893.45,3896.65,3892.02,3895.38,66099438
2020-11-20T09:00:00Z,3895.38,3898.58,3893.84,3896.26,62319335
2020-11-20T10:00:00Z,3896.26,3897.33,3889.10,3891.04,64808320
2020-11-20T11:00:00Z,3891.04,3891.93,3887.83,3888.61,74909524
2020-11-20T12:00:00Z,3888.61,3897.16,3887.50,3895.28,72383769
2020-11-20T13:00:00Z,3895.28,3898.99,3894.88,3895.72,55853477
2020-11-20T14:00:00Z,3895.72,3897.98,3889.28,3889.44,73682473
2020-11-20T15:00:00Z,3889.44,3890.32,3887.70,3889.56,60942715
2020-11-20T16:00:00Z,3889.56,3896.19,3889.38,3894.17,73559796
2020-11-20T17:00:00Z,3894.17,3897.74,3891.27,3896.23,72178606
2020-11-20T18:00:00Z,3896.23,3899.87,3894.80,3896.43,69021368
2020-11-20T19:00:00Z,3896.43,3901.41,3893.48,3901.25,73680154
2020-11-20T20:00:00Z,3901.25,3905.03,3897.22,3900.08,57783520
2020-11-20T21:00:00Z,3900.08,3902.68,3898.28,3902.15,73615545
2020-11-20T22:00:00Z,3902.15,3908.64,3900.93,3907.85,70316356
2020-11-20T23:00:00Z,3907.85,3909.85,3899.03,3900.23,83328141
2020-11-21T00:00:00Z,3900.23,3903.53,3899.01,3902.14,62440994
2020-11-21T01:00:00Z,3902.14,3903.34,3900.53,3901.94,55359421
2020-11-21T02:00:00Z,3901.94,3907.37,3901.00,3904.51,62848337
2020-11-21T03:00:00Z,3904.51,3907.37,3893.90,3897.45,79420762
2020-11-21T04:00:00Z,3897.45,3913.89,3894.13,3911.40,98038148
2020-11-21T05:00:00Z,3911.40,3919.47,3910.59,3918.52,81759627
2020-11-21T06:00:00Z,3918.52,3922.57,3914.92,3919.87,60560531
2020-11-21T07:00:00Z,3919.87,3920.08,3912.22,3915.52,63435480
2020-11-21T08:00:00Z,3915.52,3926.55,3913.60,3923.69,85488996
2020-11-21T09:00:00Z,3923.69,3930.89,3921.73,3928.36,69792175
2020-11-21T10:00:00Z,3928.36,3930.70,3923.62,3927.54,66175448
2020-11-21T11:00:00Z,3927.54,3931.52,3924.47,3927.50,69914878
2020-11-21T12:00:00Z,3927.50,3934.05,3927.36,3930.08,55638934
2020-11-21T13:00:00Z,3930.08,3931.39,3922.26,3922.31,72244857
2020-11-21T14:00:00Z,3922.31,3923.32,3916.90,3920.45,59581905
2020-11-21T15:00:00Z,3920.45,3921.58,3919.62,3920.48,66514394
2020-11-21T16:00:00Z,3920.48,3923.29,3917.86,3918.86,55979028
2020-11-21T17:00:00Z,3918.86,3920.42,3914.88,3915.03,63383613
2020-11-21T18:00:00Z,3915.03,3923.26,3912.73,3921.75,72369468
2020-11-21T19:00:00Z,3921.75,3924.97,3914.35,3916.76,72647863
2020-11-21T20:00:00Z,3916.76,3923.47,3915.73,3920.90,58768915
2020-11-21T21:00:00Z,3920.90,3923.80,3914.70,3916.00,65111542
2020-11-21T22:00:00Z,3916.00,3921.37,3915.23,3919.34,62997741
2020-11-21T23:00:00Z,3919.34,3921.84,3915.81,3920.57,64574983
2020-11-22T00:00:00Z,3920.57,3923.76,3917.94,3920.21,60063967
2020-11-22T01:00:00Z,3920.21,3931.30,3918.09,3927.37,77012770
2020-11-22T02:00:00Z,3927.37,3933.33,3924.18,3931.52,72584881
2020-11-22T03:00:00Z,3931.52,3932.24,3927.97,3928.50,56879507
2020-11-22T04:00:00Z,3928.50,3931.65,3927.82,3928.55,66136975
2020-11-22T05:00:00Z,3928.55,3930.68,3923.62,3923.74,72926692
2020-11-22T06:00:00Z,3923.74,3925.08,3913.49,3914.31,87511769
2020-11-22T07:00:00Z,3914.31,3916.50,3909.14,3910.55,62885257
2020-11-22T08:00:00Z,3910.55,3923.74,3907.33,3920.10,74946087
2020-11-22T09:00:00Z,3920.10,3923.96,3918.01,3922.38,73141989
2020-11-22T10:00:00Z,3922.38,3929.49,3919.55,3927.40,67237323
2020-11-22T11:00:00Z,3927.40,3929.87,3916.95,3920.78,79003229
2020-11-22T12:00:00Z,3920.78,3923.27,3916.90,3920.53,61330117
2020-11-22T13:00:00Z,3920.53,3922.35,3915.36,3916.37,68779024
2020-11-22T14:00:00Z,3916.37,3928.07,3912.72,3924.21,76241339
2020-11-22T15:00:00Z,3924.21,3926.18,3920.10,3921.72,60008015
2020-11-22T16:00:00Z,3921.72,3929.76,3921.37,3927.84,76585033
2020-11-22T17:00:00Z,3927.84,3935.46,3924.97,3933.29,69407160
2020-11-22T18:00:00Z,3933.29,3937.43,3931.38,3935.02,67561313
2020-11-22T19:00:00Z,3935.02,3941.34,3932.82,3940.92,79962157
2020-11-22T20:00:00Z,3940.92,3942.87,3934.64,3937.44,64567630
2020-11-22T21:00:00Z,3937.44,3953.50,3936.95,3950.12,86835893
2020-11-22T22:00:00Z,3950.12,3953.80,3945.42,3948.67,62554513
2020-11-22T23:00:00Z,3948.67,3952.26,3948.07,3949.96,67814258
2020-11-23T00:00:00Z,3949.96,3951.20,3944.87,3948.80,63525154
2020-11-23T01:00:00Z,3948.80,3948.83,3944.66,3946.22,75000569
2020-11-23T02:00:00Z,3946.22,3949.26,3939.29,3941.53,78939907
2020-11-23T03:00:00Z,3941.53,3957.70,3938.41,3956.04,81696309
2020-11-23T04:00:00Z,3956.04,3959.08,3948.65,3949.80,74148607
2020-11-23T05:00:00Z,3949.80,3960.77,3947.36,3959.24,85736853
2020-11-23T06:00:00Z,3959.24,3964.58,3955.51,3962.82,61282637
2020-11-23T07:00:00Z,3962.82,3973.01,3962.47,3969.62,69888700
2020-11-23T08:00:00Z,3969.62,3972.65,3963.84,3966.89,72944901
2020-11-23T09:00:00Z,3966.89,3967.85,3962.27,3964.92,63623703
2020-11-23T10:00:00Z,3964.92,3971.24,3963.90,3969.97,74846039
2020-11-23T11:00:00Z,3969.97,3974.61,3968.79,3972.41,63218233
2020-11-23T12:00:00Z,3972.41,3981.00,3971.73,3979.95,83631899
2020-11-23T13:00:00Z,3979.95,3983.50,3977.38,3982.23,59174790
2020-11-23T14:00:00Z,3982.23,3990.77,3978.48,3990.32,75343577
2020-11-23T15:00:00Z,3990.32,3994.63,3987.02,3990.66,66048055
2020-11-23T16:00:00Z,3990.66,3996.49,3988.46,3993.51,74117443
2020-11-23T17:00:00Z,3993.51,3998.41,3992.38,3997.89,71961758
2020-11-23T18:00:00Z,3997.89,3998.22,3992.81,3995.68,64912910
2020-11-23T19:00:00Z,3995.68,4001.78,3991.95,3998.04,61865144
2020-11-23T20:00:00Z,3998.04,3998.90,3994.31,3996.04,54107046
2020-11-23T21:00:00Z,3996.04,3998.11,3996.01,3998.07,60273022
2020-11-23T22:00:00Z,3998.07,4005.73,3997.05,4002.03,61790874
2020-11-23T23:00:00Z,4002.03,4016.36,3999.76,4012.43,71959039
2020-11-24T00:00:00Z,4012.43,4014.25,4008.20,4011.06,56601552
2020-11-24T01:00:00Z,4011.06,4012.75,4007.76,4009.65,60255887
2020-11-24T02:00:00Z,4009.65,4017.31,4008.04,4014.02,62615052
2020-11-24T03:00:00Z,4014.02,4017.94,4008.64,4009.91,69589515
2020-11-24T04:00:00Z,4009.91,4010.91,4007.43,4009.52,53889397
2020-11-24T05:00:00Z,4009.52,4012.31,3996.86,4000.96,83912949
2020-11-24T06:00:00Z,4000.96,4013.57,3997.94,4010.38,79647039
2020-11-24T07:00:00Z,4010.38,4013.24,4007.15,4010.11,65009320
2020-11-24T08:00:00Z,4010.11,4019.19,4008.75,4016.90,77430417
2020-11-24T09:00:00Z,4016.90,4023.92,4014.33,4020.96,72825274
2020-11-24T10:00:00Z,4020.96,4024.77,4017.20,4020.76,51939362
2020-11-24T11:00:00Z,4020.76,4025.75,4019.47,4024.11,62490009
2020-11-24T12:00:00Z,4024.11,4024.47,4019.77,4021.75,62207327
2020-11-24T13:00:00Z,4021.75,4024.63,4018.53,4018.83,64475652
2020-11-24T14:00:00Z,4018.83,4025.05,4014.99,4022.42,65573326
2020-11-24T15:00:00Z,4022.42,4024.46,4012.30,4013.73,87082113
2020-11-24T16:00:00Z,4013.73,4016.00,4001.91,4005.50,84146776
2020-11-24T17:00:00Z,4005.50,4010.33,4002.37,4006.49,59337237
2020-11-24T18:00:00Z,4006.49,4009.00,3995.22,3997.56,87310934
2020-11-24T19:00:00Z,3997.56,3999.30,3996.91,3998.27,63575869
2020-11-24T20:00:00Z,3998.27,4000.97,3996.46,3998.93,66235036
2020-11-24T21:00:00Z,3998.93,4001.21,3993.35,3995.76,73463479
2020-11-24T22:00:00Z,3995.76,3997.91,3988.36,3990.15,76922586
2020-11-24T23:00:00Z,3990.15,3990.40,3981.69,3983.46,67447623
2020-11-25T00:00:00Z,3983.46,3991.79,3981.22,3989.33,65669259
2020-11-25T01:00:00Z,3989.33,4001.98,3987.20,3999.69,81049079
2020-11-25T02:00:00Z,3999.69,4001.80,3994.87,3995.19,74548549
2020-11-25T03:00:00Z,3995.19,3998.27,3991.38,3996.22,59142452
2020-11-25T04:00:00Z,3996.22,3998.09,3991.78,3991.85,74609215
2020-11-25T05:00:00Z,3991.85,3995.69,3983.53,3986.29,66730725
2020-11-25T06:00:00Z,3986.29,3998.54,3982.83,3995.93,87675634
2020-11-25T07:00:00Z,3995.93,4005.35,3994.91,4003.85,67066358
2020-11-25T08:00:00Z,4003.85,4007.57,3998.40,3999.11,77069804
2020-11-25T09:00:00Z,3999.11,4000.87,3994.76,3995.81,72821915
2020-11-25T10:00:00Z,3995.81,3999.59,3993.40,3998.92,58020093
2020-11-25T11:00:00Z,3998.92,3999.37,3994.69,3995.61,57239748
2020-11-25T12:00:00Z,3995.61,4002.11,3992.54,3999.18,57437958
2020-11-25T13:00:00Z,3999.18,4003.61,3996.96,4002.48,72343357
2020-11-25T14:00:00Z,4002.48,4004.46,3997.19,4000.24,60021733
2020-11-25T15:00:00Z,4000.24,4001.09,3994.15,3994.62,80648401
2020-11-25T16:00:00Z,3994.62,3997.61,3989.13,3991.98,62343402
2020-11-25T17:00:00Z,3991.98,3992.55,3991.69,3992.45,58860934
2020-11-25T18:00:00Z,3992.45,3992.47,3986.89,3987.30,61232391
2020-11-25T19:00:00Z,3987.30,3988.11,3983.60,3986.86,65210348
2020-11-25T20:00:00Z,3986.86,3989.08,3981.56,3983.16,59415943
2020-11-25T21:00:00Z,3983.16,3985.49,3975.43,3976.08,72290213
2020-11-25T22:00:00Z,3976.08,3978.60,3968.36,3970.67,77672646
2020-11-25T23:00:00Z,3970.67,3976.75,3968.86,3975.63,74152541
2020-11-26T00:00:00Z,3975.63,3976.25,3970.03,3972.08,75153790
2020-11-26T01:00:00Z,3972.08,3977.64,3970.05,3976.42,66604739
2020-11-26T02:00:00Z,3976.42,3980.01,3973.57,3979.33,58970600
2020-11-26T03:00:00Z,3979.33,3980.48,3973.38,3974.86,76709445
2020-11-26T04:00:00Z,3974.86,3978.66,3972.70,3978.49,70810541
2020-11-26T05:00:00Z,3978.49,3979.34,3972.27,3974.32,70404019
2020-11-26T06:00:00Z,3974.32,3977.35,3970.39,3971.60,71438781
2020-11-26T07:00:00Z,3971.60,3980.82,3970.00,3980.18,78909671
2020-11-26T08:00:00Z,3980.18,3980.81,3975.68,3976.91,72974518
2020-11-26T09:00:00Z,3976.91,3979.03,3969.68,3969.73,76263833
2020-11-26T10:00:00Z,3969.73,3973.00,3958.53,3961.34,73686263
2020-11-26T11:00:00Z,3961.34,3971.84,3958.68,3967.97,71064429
2020-11-26T12:00:00Z,3967.97,3970.26,3960.14,3962.17,76450156
2020-11-26T13:00:00Z,3962.17,3971.48,3959.78,3968.41,77037397
2020-11-26T14:00:00Z,3968.41,3971.11,3966.60,3967.57,65222174
2020-11-26T15:00:00Z,3967.57,3969.74,3963.65,3966.68,52438942
2020-11-26T16:00:00Z,3966.68,3968.54,3964.81,3968.54,68867096
2020-11-26T17:00:00Z,3968.54,3970.98,3962.62,3964.28,65833524
2020-11-26T18:00:00Z,3964.28,3967.82,3960.04,3961.69,65291503
2020-11-26T19:00:00Z,3961.69,3961.98,3956.47,3959.65,72487126
2020-11-26T20:00:00Z,3959.65,3972.56,3955.63,3969.71,79597639
2020-11-26T21:00:00Z,3969.71,3973.21,3966.77,3967.21,62206578
2020-11-26T22:00:00Z,3967.21,3969.56,3963.67,3968.64,71217764
2020-11-26T23:00:00Z,3968.64,3972.22,3968.41,3970.52,71222783
2020-11-27T00:00:00Z,3970.52,3972.41,3962.39,3964.20,74430852
2020-11-27T01:00:00Z,3964.20,3969.39,3960.28,3969.22,60710472
2020-11-27T02:00:00Z,3969.22,3973.73,3968.53,3972.53,67159522
2020-11-27T03:00:00Z,3972.53,3973.51,3964.55,3965.64,75830901
2020-11-27T04:00:00Z,3965.64,3969.32,3961.85,3968.87,58571295
2020-11-27T05:00:00Z,3968.87,3977.28,3968.87,3974.20,62531522
2020-11-27T06:00:00Z,3974.20,3975.81,3969.90,3973.52,54485051
2020-11-27T07:00:00Z,3973.52,3979.67,3970.84,3976.08,67238274
2020-11-27T08:00:00Z,3976.08,3979.96,3973.85,3977.19,63830773
2020-11-27T09:00:00Z,3977.19,3982.93,3975.34,3981.48,71684782
2020-11-27T10:00:00Z,3981.48,3984.33,3976.94,3979.28,54880860
2020-11-27T11:00:00Z,3979.28,3982.11,3977.70,3978.80,51763750
2020-11-27T12:00:00Z,3978.80,3984.72,3976.33,3983.32,75913954
2020-11-27T13:00:00Z,3983.32,3986.60,3979.90,3983.90,54375299
2020-11-27T14:00:00Z,3983.90,3989.37,3980.66,3985.62,71405844
2020-11-27T15:00:00Z,3985.62,3989.76,3984.49,3989.40,67786087
2020-11-27T16:00:00Z,3989.40,3996.53,3985.94,3993.32,65435791
2020-11-27T17:00:00Z,3993.32,3995.56,3988.79,3990.26,75897553
2020-11-27T18:00:00Z,3990.26,3993.69,3986.63,3989.78,59203786
2020-11-27T19:00:00Z,3989.78,3991.83,3983.04,3985.54,63411072
2020-11-27T20:00:00Z,3985.54,3985.79,3981.11,3981.19,60494080
2020-11-27T21:00:00Z,3981.19,3984.86,3974.14,3974.96,81212604
2020-11-27T22:00:00Z,3974.96,3980.59,3972.24,3978.93,64381334
2020-11-27T23:00:00Z,3978.93,3982.99,3975.10,3978.77,56348120
2020-11-28T00:00:00Z,3978.77,3981.18,3976.46,3979.72,58047795
2020-11-28T01:00:00Z,3979.72,3980.72,3971.44,3972.21,79822543
2020-11-28T02:00:00Z,3972.21,3983.19,3969.13,3979.31,76240121
2020-11-28T03:00:00Z,3979.31,3992.05,3975.52,3990.73,75531028
2020-11-28T04:00:00Z,3990.73,3993.21,3988.39,3992.52,54555595
2020-11-28T05:00:00Z,3992.52,3994.63,3991.49,3991.62,55610306
2020-11-28T06:00:00Z,3991.62,3992.18,3991.09,3991.19,57619428
2020-11-28T07:00:00Z,3991.19,3991.26,3989.92,3990.63,67742234
2020-11-28T08:00:00Z,3990.63,3999.29,3987.92,3998.42,76248226
2020-11-28T09:00:00Z,3998.42,4004.11,3996.09,4002.27,59437739
2020-11-28T10:00:00Z,4002.27,4004.44,3991.86,3993.10,70971106
2020-11-28T11:00:00Z,3993.10,3996.87,3992.58,3994.41,56341406
2020-11-28T12:00:00Z,3994.41,4004.03,3992.27,4001.84,83017207
2020-11-28T13:00:00Z,4001.84,4008.38,3999.36,4006.25,70601685
2020-11-28T14:00:00Z,4006.25,4010.15,4003.56,4008.18,59899287
2020-11-28T15:00:00Z,4008.18,4011.01,4006.88,4008.84,65759918
2020-11-28T16:00:00Z,4008.84,4012.38,4004.97,4005.31,62480249
2020-11-28T17:00:00Z,4005.31,4005.79,3999.09,3999.36,77903219
2020-11-28T18:00:00Z,3999.36,4002.05,3998.17,4001.74,68907545
2020-11-28T19:00:00Z,4001.74,4010.34,3999.60,4006.99,69644294
2020-11-28T20:00:00Z,4006.99,4007.83,4002.07,4002.96,58579469
2020-11-28T21:00:00Z,4002.96,4010.49,4001.81,4006.41,63603570
2020-11-28T22:00:00Z,4006.41,4011.18,4005.00,4008.01,71340456
2020-11-28T23:00:00Z,4008.01,4013.33,4006.53,4009.67,53412503
2020-11-29T00:00:00Z,4009.67,4010.57,3999.32,4002.37,80528530
2020-11-29T01:00:00Z,4002.37,4004.62,3999.64,4001.70,67502272
2020-11-29T02:00:00Z,4001.70,4003.73,3997.42,3999.45,68871776
2020-11-29T03:00:00Z,3999.45,3999.56,3995.62,3996.78,60543565
2020-11-29T04:00:00Z,3996.78,3998.37,3996.02,3996.61,62809639
2020-11-29T05:00:00Z,3996.61,3998.79,3990.61,3992.08,77110237
2020-11-29T06:00:00Z,3992.08,3999.76,3990.27,3998.95,71871147
2020-11-29T07:00:00Z,3998.95,4001.76,3994.29,3995.80,60536222
2020-11-29T08:00:00Z,3995.80,3996.96,3991.49,3991.70,72898718
2020-11-29T09:00:00Z,3991.70,3993.91,3989.80,3992.28,69393881
2020-11-29T10:00:00Z,3992.28,3995.71,3989.09,3991.10,58036108
2020-11-29T11:00:00Z,3991.10,4003.18,3989.27,4001.02,82756409
2020-11-29T12:00:00Z,4001.02,4002.48,3997.25,4000.51,54810189
2020-11-29T13:00:00Z,4000.51,4010.09,3998.27,4007.71,67239392
2020-11-29T14:00:00Z,4007.71,4010.26,4000.82,4004.20,73390108
2020-11-29T15:00:00Z,4004.20,4005.11,3998.23,3999.50,66841375
2020-11-29T16:00:00Z,3999.50,4000.28,3997.83,3999.04,55844218
2020-11-29T17:00:00Z,3999.04,4000.17,3997.37,3998.54,51543219
2020-11-29T18:00:00Z,3998.54,4001.48,3996.17,3999.03,52041213
2020-11-29T19:00:00Z,3999.03,4004.78,3997.63,4004.54,70656730
2020-11-29T20:00:00Z,4004.54,4007.26,3995.49,3996.47,75597975
2020-11-29T21:00:00Z,3996.47,4003.84,3996.11,4000.77,76487431
2020-11-29T22:00:00Z,4000.77,4002.47,3997.40,4000.67,65535509
2020-11-29T23:00:00Z,4000.67,4003.16,3994.69,3997.19,64211593
2020-11-30T00:00:00Z,3997.19,3998.40,3994.90,3996.66,62832905
2020-11-30T01:00:00Z,3996.66,4000.57,3994.62,3995.49,52726072
2020-11-30T02:00:00Z,3995.49,4002.36,3992.33,4001.81,73476566
2020-11-30T03:00:00Z,4001.81,4004.70,3996.61,3999.59,59411325
2020-11-30T04:00:00Z,3999.59,3999.99,3996.71,3998.96,52692464
2020-11-30T05:00:00Z,3998.96,4005.18,3996.40,4001.84,61263172
2020-11-30T06:00:00Z,4001.84,4013.09,3997.76,4013.02,82742578
2020-11-30T07:00:00Z,4013.02,4021.94,4011.45,4019.34,67961571
2020-11-30T08:00:00Z,4019.34,4037.23,4017.47,4033.36,85689372
2020-11-30T09:00:00Z,4033.36,4033.86,4029.35,4030.76,56120516
2020-11-30T10:00:00Z,4030.76,4032.67,4027.77,4030.54,50601644
2020-11-30T11:00:00Z,4030.54,4033.89,4028.15,4033.03,55476561
2020-11-30T12:00:00Z,4033.03,4035.71,4028.55,4028.65,76447317
2020-11-30T13:00:00Z,4028.65,4029.88,4025.02,4028.00,60995540
2020-11-30T14:00:00Z,4028.00,4031.67,4019.79,4020.40,70365856
2020-11-30T15:00:00Z,4020.40,4035.60,4017.63,4032.95,77171768
2020-11-30T16:00:00Z,4032.95,4036.32,4026.07,4027.28,63268465
2020-11-30T17:00:00Z,4027.28,4032.78,4024.05,4030.77,71313220
2020-11-30T18:00:00Z,4030.77,4038.30,4028.96,4038.21,76992122
2020-11-30T19:00:00Z,4038.21,4039.50,4034.59,4038.04,60223264
2020-11-30T20:00:00Z,4038.04,4038.08,4035.02,4036.08,54594556
2020-11-30T21:00:00Z,4036.08,4038.13,4031.51,4032.74,69254969
2020-11-30T22:00:00Z,4032.74,4037.33,4031.26,4033.59,70773652
2020-11-30T23:00:00Z,4033.59,4047.13,4030.48,4043.47,82936206
2020-12-01T00:00:00Z,4043.47,4046.07,4035.91,4038.77,78553055
2020-12-01T01:00:00Z,4038.77,4044.14,4035.81,4042.15,69110625
2020-12-01T02:00:00Z,4042.15,4043.98,4036.68,4036.75,79904499
2020-12-01T03:00:00Z,4036.75,4037.52,4034.72,4035.90,60547365
2020-12-01T04:00:00Z,4035.90,4039.30,4034.52,4035.60,59433541
2020-12-01T05:00:00Z,4035.60,4036.58,4028.71,4031.64,62300921
2020-12-01T06:00:00Z,4031.64,4035.12,4022.13,4025.49,71770930
2020-12-01T07:00:00Z,4025.49,4030.67,4022.80,4029.38,64382345
2020-12-01T08:00:00Z,4029.38,4036.06,4028.56,4033.47,70036126
2020-12-01T09:00:00Z,4033.47,4034.59,4033.32,4034.29,53276326
2020-12-01T10:00:00Z,4034.29,4035.09,4028.91,4032.42,57384677
2020-12-01T11:00:00Z,4032.42,4035.41,4021.38,4025.45,67929778
2020-12-01T12:00:00Z,4025.45,4031.62,4024.79,4027.84,56442302
2020-12-01T13:00:00Z,4027.84,4029.49,4022.77,4025.62,55608011
2020-12-01T14:00:00Z,4025.62,4027.89,4025.47,4027.23,59392917
2020-12-01T15:00:00Z,4027.23,4028.69,4024.07,4026.36,57084921
2020-12-01T16:00:00Z,4026.36,4033.48,4025.87,4033.44,83416995
2020-12-01T17:00:00Z,4033.44,4036.77,4029.47,4036.59,71868826
2020-12-01T18:00:00Z,4036.59,4040.17,4031.95,4034.49,61998485
2020-12-01T19:00:00Z,4034.49,4037.34,4031.77,4034.74,52260599
2020-12-01T20:00:00Z,4034.74,4036.13,4033.03,4034.71,69062140
2020-12-01T21:00:00Z,4034.71,4052.31,4033.03,4048.98,95568653
2020-12-01T22:00:00Z,4048.98,4060.61,4047.10,4059.30,76400723
2020-12-01T23:00:00Z,4059.30,4059.53,4055.02,4057.76,69608741
2020-12-02T00:00:00Z,4057.76,4062.48,4055.30,4059.58,67076770
2020-12-02T01:00:00Z,4059.58,4061.86,4053.90,4056.46,74856043
2020-12-02T02:00:00Z,4056.46,4059.10,4049.63,4053.13,66276879
2020-12-02T03:00:00Z,4053.13,4054.11,4045.79,4048.95,75899115
2020-12-02T04:00:00Z,4048.95,4049.86,4043.07,4046.74,59255946
2020-12-02T05:00:00Z,4046.74,4057.59,4043.25,4057.11,88671498
2020-12-02T06:00:00Z,4057.11,4061.35,4056.25,4059.87,66025425
2020-12-02T07:00:00Z,4059.87,4068.67,4056.46,4065.19,66306161
2020-12-02T08:00:00Z,4065.19,4068.11,4061.83,4067.04,59888267
2020-12-02T09:00:00Z,4067.04,4079.91,4064.02,4076.47,76097552
2020-12-02T10:00:00Z,4076.47,4087.15,4072.94,4083.05,75842389
2020-12-02T11:00:00Z,4083.05,4087.39,4081.56,4084.85,66873382
2020-12-02T12:00:00Z,4084.85,4091.91,4083.20,4087.91,62544757
2020-12-02T13:00:00Z,4087.91,4089.42,4080.01,4082.83,62638173
2020-12-02T14:00:00Z,4082.83,4085.76,4072.89,4077.00,62641913
2020-12-02T15:00:00Z,4077.00,4078.14,4071.90,4074.74,58871402
2020-12-02T16:00:00Z,4074.74,4076.22,4070.97,4075.56,69218839
2020-12-02T17:00:00Z,4075.56,4077.75,4071.48,4075.34,51821465
2020-12-02T18:00:00Z,4075.34,4079.01,4063.24,4067.05,84463011
2020-12-02T19:00:00Z,4067.05,4079.64,4063.52,4076.00,73972938
2020-12-02T20:00:00Z,4076.00,4086.55,4074.07,4084.63,67307675
2020-12-02T21:00:00Z,4084.63,4086.43,4082.71,4083.27,65751464
2020-12-02T22:00:00Z,4083.27,4096.29,4081.68,4093.06,81809321
2020-12-02T23:00:00Z,4093.06,4096.60,4091.14,4093.61,61957134
2020-12-03T00:00:00Z,4093.61,4096.76,4091.42,4094.75,63996380
2020-12-03T01:00:00Z,4094.75,4095.57,4088.11,4090.24,64106058
2020-12-03T02:00:00Z,4090.24,4098.69,4087.69,4095.60,78612976
2020-12-03T03:00:00Z,4095.60,4099.19,4088.20,4091.23,64131681
2020-12-03T04:00:00Z,4091.23,4094.56,4086.89,4087.45,62472370
2020-12-03T05:00:00Z,4087.45,4090.12,4082.58,4086.59,61160246
2020-12-03T06:00:00Z,4086.59,4103.43,4082.90,4099.27,90651771
2020-12-03T07:00:00Z,4099.27,4105.53,4097.13,4102.06,73748246
2020-12-03T08:00:00Z,4102.06,4103.61,4093.45,4097.49,66472543
2020-12-03T09:00:00Z,4097.49,4100.40,4089.51,4092.74,66178929
2020-12-03T10:00:00Z,4092.74,4093.66,4090.33,4092.55,56241070
2020-12-03T11:00:00Z,4092.55,4100.11,4089.11,4096.12,70951427
2020-12-03T12:00:00Z,4096.12,4099.78,4089.75,4093.44,59582677
2020-12-03T13:00:00Z,4093.44,4093.71,4089.26,4092.64,53043977
2020-12-03T14:00:00Z,4092.64,4095.56,4089.33,4093.86,58605919
2020-12-03T15:00:00Z,4093.86,4096.99,4089.35,4089.64,66049074
2020-12-03T16:00:00Z,4089.64,4089.73,4078.02,4081.27,66723520
2020-12-03T17:00:00Z,4081.27,4084.80,4074.05,4074.73,77033524
2020-12-03T18:00:00Z,4074.73,4075.78,4070.66,4075.57,68629480
2020-12-03T19:00:00Z,4075.57,4077.91,4060.97,4063.58,81227394
2020-12-03T20:00:00Z,4063.58,4068.13,4060.46,4066.93,58144890
2020-12-03T21:00:00Z,4066.93,4068.48,4064.85,4066.86,68539691
2020-12-03T22:00:00Z,4066.86,4067.56,4061.97,4062.12,75032710
2020-12-03T23:00:00Z,4062.12,4063.56,4052.32,4053.21,70294319
2020-12-04T00:00:00Z,4053.21,4055.53,4050.50,4052.47,58298699
2020-12-04T01:00:00Z,4052.47,4053.04,4044.25,4047.38,69110653
2020-12-04T02:00:00Z,4047.38,4050.28,4039.34,4039.50,78417564
2020-12-04T03:00:00Z,4039.50,4040.22,4029.82,4031.05,86077679
2020-12-04T04:00:00Z,4031.05,4039.99,4028.11,4038.13,73286648
2020-12-04T05:00:00Z,4038.13,4042.99,4034.39,4039.06,62642003
2020-12-04T06:00:00Z,4039.06,4041.25,4030.87,4032.68,63443392
2020-12-04T07:00:00Z,4032.68,4036.20,4032.35,4034.30,68529828
2020-12-04T08:00:00Z,4034.30,4037.99,4030.56,4035.21,52960721
2020-12-04T09:00:00Z,4035.21,4036.04,4031.66,4032.18,74809803
2020-12-04T10:00:00Z,4032.18,4036.24,4022.46,4025.62,75429954
2020-12-04T11:00:00Z,4025.62,4025.98,4018.75,4022.17,64401616
2020-12-04T12:00:00Z,4022.17,4030.14,4020.19,4026.50,77896589
2020-12-04T13:00:00Z,4026.50,4029.74,4023.11,4028.61,68445630
2020-12-04T14:00:00Z,4028.61,4030.19,4025.29,4028.56,68303947
2020-12-04T15:00:00Z,4028.56,4031.93,4017.68,4020.92,65895821
2020-12-04T16:00:00Z,4020.92,4025.28,4018.80,4022.62,60526718
2020-12-04T17:00:00Z,4022.62,4025.64,4022.02,4023.50,71005499
2020-12-04T18:00:00Z,4023.50,4023.75,4014.14,4014.28,74378748
2020-12-04T19:00:00Z,4014.28,4017.33,4010.53,4015.68,56191615
2020-12-04T20:00:00Z,4015.68,4019.05,4008.97,4009.09,66526206
2020-12-04T21:00:00Z,4009.09,4013.00,4004.37,4007.12,68959993
2020-12-04T22:00:00Z,4007.12,4012.82,4006.83,4009.05,54721085
2020-12-04T23:00:00Z,4009.05,4014.91,4006.79,4012.47,67333961
2020-12-05T00:00:00Z,4012.47,4021.78,4009.85,4019.66,66983205
2020-12-05T01:00:00Z,4019.66,4022.68,4012.64,4016.33,56960920
2020-12-05T02:00:00Z,4016.33,4018.14,4011.92,4012.70,75168004
2020-12-05T03:00:00Z,4012.70,4016.45,4010.51,4013.51,61790769
2020-12-05T04:00:00Z,4013.51,4015.87,4010.32,4012.52,56808699
2020-12-05T05:00:00Z,4012.52,4012.97,4008.41,4011.74,56165801
2020-12-05T06:00:00Z,4011.74,4014.24,4010.06,4011.24,54621124
2020-12-05T07:00:00Z,4011.24,4012.07,4005.25,4005.45,80289231
2020-12-05T08:00:00Z,4005.45,4006.15,4003.21,4005.68,60799409
2020-12-05T09:00:00Z,4005.68,4009.12,3999.54,4002.25,75972289
2020-12-05T10:00:00Z,4002.25,4006.05,3989.88,3990.86,81387084
2020-12-05T11:00:00Z,3990.86,4003.80,3988.37,4000.42,84920044
2020-12-05T12:00:00Z,4000.42,4002.42,3999.54,4000.92,61496382
2020-12-05T13:00:00Z,4000.92,4001.29,3995.84,3996.95,69860336
2020-12-05T14:00:00Z,3996.95,4001.26,3993.20,3997.83,64806992
2020-12-05T15:00:00Z,3997.83,3998.78,3996.84,3998.17,60755430
2020-12-05T16:00:00Z,3998.17,4005.70,3996.63,4002.47,78463431
2020-12-05T17:00:00Z,4002.47,4003.99,3998.84,4002.51,51371838
2020-12-05T18:00:00Z,4002.51,4006.88,4000.14,4004.17,57289926
2020-12-05T19:00:00Z,4004.17,4011.81,4000.81,4008.24,68539082
2020-12-05T20:00:00Z,4008.24,4010.15,4003.14,4004.47,69612208
2020-12-05T21:00:00Z,4004.47,4005.35,3999.34,4001.65,69624828
2020-12-05T22:00:00Z,4001.65,4007.33,4000.88,4003.53,69200517
2020-12-05T23:00:00Z,4003.53,4008.03,4003.50,4004.15,64774280
2020-12-06T00:00:00Z,4004.15,4006.28,4003.17,4004.52,68565372
2020-12-06T01:00:00Z,4004.52,4008.85,4002.54,4005.79,63959197
2020-12-06T02:00:00Z,4005.79,4009.78,4003.59,4008.72,72224124
2020-12-06T03:00:00Z,4008.72,4012.59,4002.20,4004.24,60070804
2020-12-06T04:00:00Z,4004.24,4008.01,4001.55,4004.96,66303953
2020-12-06T05:00:00Z,4004.96,4010.01,4002.49,4008.49,67057569
2020-12-06T06:00:00Z,4008.49,4014.86,4005.65,4013.42,75555008
2020-12-06T07:00:00Z,4013.42,4021.86,4010.24,4017.85,74766584
2020-12-06T08:00:00Z,4017.85,4022.57,4015.48,4022.47,65269846
2020-12-06T09:00:00Z,4022.47,4024.18,4019.76,4023.00,69064005
2020-12-06T10:00:00Z,4023.00,4026.01,4016.94,4020.27,59466632
2020-12-06T11:00:00Z,4020.27,4021.75,4010.84,4012.49,71707811
2020-12-06T12:00:00Z,4012.49,4015.83,4009.09,4009.10,65658301
2020-12-06T13:00:00Z,4009.10,4011.68,4005.90,4008.03,57175283
2020-12-06T14:00:00Z,4008.03,4014.12,4005.50,4010.90,69767023
2020-12-06T15:00:00Z,4010.90,4013.97,4004.52,4008.35,63009007
2020-12-06T16:00:00Z,4008.35,4012.32,4006.39,4009.34,58182981
2020-12-06T17:00:00Z,4009.34,4012.91,4008.68,4011.80,73473397
2020-12-06T18:00:00Z,4011.80,4015.31,4011.13,4014.15,60831663
2020-12-06T19:00:00Z,4014.15,4015.12,4005.28,4009.03,67895318
2020-12-06T20:00:00Z,4009.03,4011.90,3997.83,3998.85,72948807
2020-12-06T21:00:00Z,3998.85,4002.39,3994.00,3995.17,71897180
2020-12-06T22:00:00Z,3995.17,3999.21,3990.49,3992.90,56600533
2020-12-06T23:00:00Z,3992.90,3997.00,3980.07,3983.74,86961036
2020-12-07T00:00:00Z,3983.74,3989.30,3982.11,3987.16,71422507
2020-12-07T01:00:00Z,3987.16,3988.96,3982.64,3986.48,66645221
2020-12-07T02:00:00Z,3986.48,3987.74,3985.91,3986.48,52395246
2020-12-07T03:00:00Z,3986.48,3990.01,3983.84,3986.73,65373842
2020-12-07T04:00:00Z,3986.73,3987.60,3983.52,3984.02,57288485
2020-12-07T05:00:00Z,3984.02,3985.43,3978.54,3980.66,61705455
2020-12-07T06:00:00Z,3980.66,3985.35,3979.04,3983.28,68532746
2020-12-07T07:00:00Z,3983.28,3992.54,3981.74,3990.11,75001926
2020-12-07T08:00:00Z,3990.11,3992.93,3986.02,3990.69,58631763
2020-12-07T09:00:00Z,3990.69,3991.15,3986.92,3988.69,57534934
2020-12-07T10:00:00Z,3988.69,3992.07,3979.83,3983.38,74250652
2020-12-07T11:00:00Z,3983.38,3984.92,3975.67,3976.84,74476951
2020-12-07T12:00:00Z,3976.84,3978.82,3973.23,3976.79,67458526
2020-12-07T13:00:00Z,3976.79,3979.27,3970.56,3972.49,63302204
2020-12-07T14:00:00Z,3972.49,3973.27,3966.55,3969.13,64004154
2020-12-07T15:00:00Z,3969.13,3969.45,3965.05,3968.58,70748336
2020-12-07T16:00:00Z,3968.58,3970.28,3963.89,3966.21,56456452
2020-12-07T17:00:00Z,3966.21,3970.36,3963.81,3969.13,71234792
2020-12-07T18:00:00Z,3969.13,3980.85,3966.82,3979.41,72507570
2020-12-07T19:00:00Z,3979.41,3986.70,3978.94,3983.23,71080105
2020-12-07T20:00:00Z,3983.23,3986.11,3979.98,3983.91,65129763
2020-12-07T21:00:00Z,3983.91,3984.96,3981.71,3982.36,55871184
2020-12-07T22:00:00Z,3982.36,3988.58,3982.16,3988.07,67751550
2020-12-07T23:00:00Z,3988.07,3989.02,3985.06,3985.96,66999687
2020-12-08T00:00:00Z,3985.96,3988.15,3983.71,3986.32,53024988
2020-12-08T01:00:00Z,3986.32,3988.28,3974.28,3977.86,81258621
2020-12-08T02:00:00Z,3977.86,3982.97,3973.82,3982.50,69551854
2020-12-08T03:00:00Z,3982.50,3989.22,3980.09,3988.36,62345837
2020-12-08T04:00:00Z,3988.36,3994.37,3986.36,3991.22,63007318
2020-12-08T05:00:00Z,3991.22,3993.09,3990.90,3991.58,61745490
2020-12-08T06:00:00Z,3991.58,3994.71,3983.05,3985.22,80478381
2020-12-08T07:00:00Z,3985.22,3986.23,3982.95,3985.36,58360864
2020-12-08T08:00:00Z,3985.36,3989.12,3981.28,3982.23,65951893
2020-12-08T09:00:00Z,3982.23,3987.83,3980.68,3985.50,59905735
2020-12-08T10:00:00Z,3985.50,3986.02,3980.20,3982.19,62304010
2020-12-08T11:00:00Z,3982.19,3987.25,3980.96,3983.20,70069178
2020-12-08T12:00:00Z,3983.20,3988.60,3981.89,3986.25,59103232
2020-12-08T13:00:00Z,3986.25,3994.71,3982.53,3992.79,67352533
2020-12-08T14:00:00Z,3992.79,3997.56,3989.54,3993.52,62422237
2020-12-08T15:00:00Z,3993.52,3997.19,3981.45,3983.08,76857741
2020-12-08T16:00:00Z,3983.08,3986.99,3981.91,3984.06,59757613
2020-12-08T17:00:00Z,3984.06,3986.80,3981.07,3985.89,68795618
2020-12-08T18:00:00Z,3985.89,3988.16,3979.13,3982.92,60706473
2020-12-08T19:00:00Z,3982.92,3986.94,3979.43,3979.99,71604804
2020-12-08T20:00:00Z,3979.99,3982.53,3976.99,3977.55,70896489
2020-12-08T21:00:00Z,3977.55,3980.16,3977.42,3978.69,67530551
2020-12-08T22:00:00Z,3978.69,3981.45,3974.05,3977.94,68054816
2020-12-08T23:00:00Z,3977.94,3978.14,3976.69,3977.05,64160906
2020-12-09T00:00:00Z,3977.05,3982.89,3973.84,3981.51,58977478
2020-12-09T01:00:00Z,3981.51,3984.31,3981.26,3981.66,70138456
2020-12-09T02:00:00Z,3981.66,3984.63,3976.05,3977.55,68233304
2020-12-09T03:00:00Z,3977.55,3979.10,3969.75,3973.58,66399553
2020-12-09T04:00:00Z,3973.58,3976.22,3966.75,3970.69,57042106
2020-12-09T05:00:00Z,3970.69,3971.48,3964.65,3965.32,71965423
2020-12-09T06:00:00Z,3965.32,3968.19,3962.44,3962.68,70546583
2020-12-09T07:00:00Z,3962.68,3963.74,3958.80,3959.48,62867219
2020-12-09T08:00:00Z,3959.48,3960.25,3955.52,3956.09,74020576
2020-12-09T09:00:00Z,3956.09,3959.26,3944.74,3947.13,81031401
2020-12-09T10:00:00Z,3947.13,3948.44,3939.60,3943.51,63298542
2020-12-09T11:00:00Z,3943.51,3945.94,3940.46,3944.65,68478643
2020-12-09T12:00:00Z,3944.65,3951.49,3943.42,3949.96,74818244
2020-12-09T13:00:00Z,3949.96,3950.96,3943.17,3944.90,70536489
2020-12-09T14:00:00Z,3944.90,3945.05,3939.62,3941.79,56811397
2020-12-09T15:00:00Z,3941.79,3945.24,3939.56,3943.66,69498772
2020-12-09T16:00:00Z,3943.66,3948.88,3940.49,3945.56,68247992
2020-12-09T17:00:00Z,3945.56,3947.88,3937.78,3940.37,78089380
2020-12-09T18:00:00Z,3940.37,3941.84,3936.40,3939.53,61117189
2020-12-09T19:00:00Z,3939.53,3940.97,3937.18,3938.69,55915729
2020-12-09T20:00:00Z,3938.69,3938.92,3934.14,3935.49,73814614
2020-12-09T21:00:00Z,3935.49,3942.90,3934.24,3940.79,63454322
2020-12-09T22:00:00Z,3940.79,3943.57,3940.10,3942.88,72349626
2020-12-09T23:00:00Z,3942.88,3946.09,3935.90,3938.81,72376420
2020-12-10T00:00:00Z,3938.81,3940.98,3936.93,3937.52,53410143
2020-12-10T01:00:00Z,3937.52,3940.58,3937.08,3939.67,68588069
2020-12-10T02:00:00Z,3939.67,3946.94,3938.95,3944.68,65747466
2020-12-10T03:00:00Z,3944.68,3957.58,3944.60,3953.66,73280087
2020-12-10T04:00:00Z,3953.66,3957.47,3948.30,3951.04,68245693
2020-12-10T05:00:00Z,3951.04,3951.35,3941.89,3943.17,71399219
2020-12-10T06:00:00Z,3943.17,3948.00,3939.12,3946.19,66442719
2020-12-10T07:00:00Z,3946.19,3954.63,3944.23,3954.22,70129288
2020-12-10T08:00:00Z,3954.22,3954.41,3947.38,3948.93,70968136
2020-12-10T09:00:00Z,3948.93,3954.70,3947.18,3951.19,66131372
2020-12-10T10:00:00Z,3951.19,3961.99,3951.00,3958.31,75272103
2020-12-10T11:00:00Z,3958.31,3959.03,3946.51,3948.80,85650504
2020-12-10T12:00:00Z,3948.80,3960.32,3947.92,3958.64,80025360
2020-12-10T13:00:00Z,3958.64,3963.88,3957.54,3960.35,69764047
2020-12-10T14:00:00Z,3960.35,3963.76,3957.58,3959.90,67465483
2020-12-10T15:00:00Z,3959.90,3962.60,3951.48,3955.34,77831983
2020-12-10T16:00:00Z,3955.34,3963.52,3954.34,3959.83,64928381
2020-12-10T17:00:00Z,3959.83,3962.11,3955.38,3957.20,75105713
2020-12-10T18:00:00Z,3957.20,3963.32,3954.47,3960.88,68459350
2020-12-10T19:00:00Z,3960.88,3963.08,3954.30,3958.03,60663972
2020-12-10T20:00:00Z,3958.03,3965.60,3957.88,3965.05,72663117
2020-12-10T21:00:00Z,3965.05,3967.14,3957.43,3958.73,66686212
2020-12-10T22:00:00Z,3958.73,3965.00,3955.97,3963.71,63275926
2020-12-10T23:00:00Z,3963.71,3963.97,3953.98,3957.22,74307635
2020-12-11T00:00:00Z,3957.22,3965.93,3956.12,3965.41,73078499
2020-12-11T01:00:00Z,3965.41,3966.70,3964.70,3965.36,69937494
2020-12-11T02:00:00Z,3965.36,3966.46,3965.33,3965.58,54648794
2020-12-11T03:00:00Z,3965.58,3976.27,3962.29,3972.57,70143707
2020-12-11T04:00:00Z,3972.57,3972.82,3967.94,3968.30,76391984
2020-12-11T05:00:00Z,3968.30,3976.45,3966.58,3975.92,68224221
2020-12-11T06:00:00Z,3975.92,3983.15,3975.19,3979.36,64112882
2020-12-11T07:00:00Z,3979.36,3982.80,3978.30,3979.41,58451735
2020-12-11T08:00:00Z,3979.41,3984.35,3977.22,3982.85,74815761
2020-12-11T09:00:00Z,3982.85,3987.85,3979.78,3984.23,64167259
2020-12-11T10:00:00Z,3984.23,3992.90,3980.24,3989.50,74487772
2020-12-11T11:00:00Z,3989.50,3996.21,3988.09,3993.26,67388341
2020-12-11T12:00:00Z,3993.26,3994.55,3990.78,3993.40,57031564
2020-12-11T13:00:00Z,3993.40,3996.63,3989.93,3995.38,72858809
2020-12-11T14:00:00Z,3995.38,4004.32,3993.54,4000.22,69262603
2020-12-11T15:00:00Z,4000.22,4004.00,3993.75,3997.76,71054606
2020-12-11T16:00:00Z,3997.76,4004.24,3996.46,4000.55,66532301
2020-12-11T17:00:00Z,4000.55,4001.75,3995.14,3997.50,58772488
2020-12-11T18:00:00Z,3997.50,4005.53,3996.90,4005.24,70359429
2020-12-11T19:00:00Z,4005.24,4013.02,4001.58,4009.27,75696045
2020-12-11T20:00:00Z,4009.27,4018.49,4009.00,4016.01,65439117
2020-12-11T21:00:00Z,4016.01,4016.78,4009.92,4010.13,78349607
2020-12-11T22:00:00Z,4010.13,4016.35,4007.07,4014.23,66213540
2020-12-11T23:00:00Z,4014.23,4015.25,4011.14,4014.28,66291219
2020-12-12T00:00:00Z,4014.28,4018.77,4011.17,4016.24,62935499
2020-12-12T01:00:00Z,4016.24,4018.03,4006.57,4009.04,76501071
2020-12-12T02:00:00Z,4009.04,4015.39,4006.70,4012.29,56793663
2020-12-12T03:00:00Z,4012.29,4017.10,4010.24,4016.29,72659891
2020-12-12T04:00:00Z,4016.29,4017.44,4007.80,4011.67,59893115
2020-12-12T05:00:00Z,4011.67,4018.94,4010.84,4016.73,69096514
2020-12-12T06:00:00Z,4016.73,4019.66,4004.58,4007.60,86941157
2020-12-12T07:00:00Z,4007.60,4008.78,3999.06,4002.61,74852512
2020-12-12T08:00:00Z,4002.61,4006.13,3996.67,3998.94,59813773
2020-12-12T09:00:00Z,3998.94,4000.51,3997.24,3999.98,55863349
2020-12-12T10:00:00Z,3999.98,4003.99,3992.64,3995.21,68938057
2020-12-12T11:00:00Z,3995.21,3998.12,3985.28,3989.03,79474729
2020-12-12T12:00:00Z,3989.03,3991.75,3984.95,3988.28,69614360
2020-12-12T13:00:00Z,3988.28,3990.53,3986.25,3987.26,65627860
2020-12-12T14:00:00Z,3987.26,3990.76,3984.94,3988.94,70967824
2020-12-12T15:00:00Z,3988.94,3996.07,3987.45,3995.99,65447489
2020-12-12T16:00:00Z,3995.99,3996.78,3992.84,3994.12,63754812
2020-12-12T17:00:00Z,3994.12,3996.63,3990.12,3995.60,71939086
2020-12-12T18:00:00Z,3995.60,4000.31,3994.34,3999.41,71681222
2020-12-12T19:00:00Z,3999.41,4005.98,3995.35,4003.29,62598565
2020-12-12T20:00:00Z,4003.29,4005.93,4002.93,4004.56,55484139
2020-12-12T21:00:00Z,4004.56,4009.28,4002.25,4005.40,70286412
2020-12-12T22:00:00Z,4005.40,4009.57,4001.98,4009.07,73381750
2020-12-12T23:00:00Z,4009.07,4009.83,4003.44,4004.75,72616064
2020-12-13T00:00:00Z,4004.75,4010.52,4002.18,4007.20,58147612
2020-12-13T01:00:00Z,4007.20,4011.24,4002.29,4003.84,64317511
2020-12-13T02:00:00Z,4003.84,4008.98,4003.37,4006.43,58426633
2020-12-13T03:00:00Z,4006.43,4011.80,4005.77,4009.35,64564562
2020-12-13T04:00:00Z,4009.35,4012.48,4005.36,4008.75,57935021
2020-12-13T05:00:00Z,4008.75,4011.51,4002.40,4006.43,71555643
2020-12-13T06:00:00Z,4006.43,4009.22,4003.62,4005.34,67914291
2020-12-13T07:00:00Z,4005.34,4007.36,3999.84,4001.59,66875383
2020-12-13T08:00:00Z,4001.59,4004.91,4000.51,4003.50,57558200
2020-12-13T09:00:00Z,4003.50,4011.28,4002.54,4007.65,67801239
2020-12-13T10:00:00Z,4007.65,4013.30,4007.34,4010.47,68474715
2020-12-13T11:00:00Z,4010.47,4025.52,4007.13,4022.33,78873447
2020-12-13T12:00:00Z,4022.33,4026.44,4019.77,4024.02,60248857
2020-12-13T13:00:00Z,4024.02,4024.28,4010.63,4010.87,83521152
2020-12-13T14:00:00Z,4010.87,4022.02,4009.75,4021.69,71969991
2020-12-13T15:00:00Z,4021.69,4022.74,4012.49,4016.09,67253510
2020-12-13T16:00:00Z,4016.09,4029.79,4013.15,4027.25,85973991
2020-12-13T17:00:00Z,4027.25,4036.57,4023.29,4036.03,74640761
2020-12-13T18:00:00Z,4036.03,4039.63,4032.98,4036.64,61408813
2020-12-13T19:00:00Z,4036.64,4040.89,4036.42,4039.02,73534419
2020-12-13T20:00:00Z,4039.02,4043.01,4037.55,4039.38,65007010
2020-12-13T21:00:00Z,4039.38,4041.54,4026.53,4030.33,75203355
2020-12-13T22:00:00Z,4030.33,4035.99,4027.04,4034.09,75801364
2020-12-13T23:00:00Z,4034.09,4034.53,4024.81,4027.25,67211256
2020-12-14T00:00:00Z,4027.25,4027.55,4018.83,4018.85,72952842
2020-12-14T01:00:00Z,4018.85,4024.50,4015.39,4023.95,68561251
2020-12-14T02:00:00Z,4023.95,4029.12,4020.81,4026.50,65691531
2020-12-14T03:00:00Z,4026.50,4033.87,4023.09,4033.81,71059752
2020-12-14T04:00:00Z,4033.81,4048.69,4031.61,4044.82,75242882
2020-12-14T05:00:00Z,4044.82,4047.62,4043.00,4044.42,60872124
2020-12-14T06:00:00Z,4044.42,4047.87,4041.69,4045.05,56795215
2020-12-14T07:00:00Z,4045.05,4047.14,4043.82,4044.63,61608393
2020-12-14T08:00:00Z,4044.63,4045.49,4042.46,4044.64,55728497
2020-12-14T09:00:00Z,4044.64,4049.46,4042.29,4045.77,62142196
2020-12-14T10:00:00Z,4045.77,4046.65,4042.19,4042.34,65023058
2020-12-14T11:00:00Z,4042.34,4050.26,4041.39,4046.64,62555001
2020-12-14T12:00:00Z,4046.64,4050.34,4045.85,4050.01,63113179
2020-12-14T13:00:00Z,4050.01,4062.41,4047.94,4058.70,82763972
2020-12-14T14:00:00Z,4058.70,4062.43,4045.44,4047.52,77489672
2020-12-14T15:00:00Z,4047.52,4053.49,4044.92,4052.44,67875334
2020-12-14T16:00:00Z,4052.44,4056.05,4049.57,4055.05,72976980
2020-12-14T17:00:00Z,4055.05,4056.67,4048.64,4050.13,65560134
2020-12-14T18:00:00Z,4050.13,4053.01,4041.84,4045.76,62116318
2020-12-14T19:00:00Z,4045.76,4047.91,4043.67,4047.20,59379313
2020-12-14T20:00:00Z,4047.20,4059.77,4047.08,4058.58,88035005
2020-12-14T21:00:00Z,4058.58,4067.67,4057.56,4065.44,69136339
2020-12-14T22:00:00Z,4065.44,4067.51,4061.58,4065.89,65897218
2020-12-14T23:00:00Z,4065.89,4072.75,4062.73,4071.73,76597211
2020-12-15T00:00:00Z,4071.73,4081.14,4069.34,4079.14,73920768
2020-12-15T01:00:00Z,4079.14,4083.19,4074.46,4077.62,68162760
2020-12-15T02:00:00Z,4077.62,4085.52,4077.31,4081.33,68271202
2020-12-15T03:00:00Z,4081.33,4085.06,4081.24,4084.73,76557394
2020-12-15T04:00:00Z,4084.73,4084.81,4080.51,4082.25,62681441
2020-12-15T05:00:00Z,4082.25,4084.03,4080.73,4080.82,59051993
2020-12-15T06:00:00Z,4080.82,4084.64,4076.87,4082.50,58206008
2020-12-15T07:00:00Z,4082.50,4089.19,4080.47,4088.90,76977122
2020-12-15T08:00:00Z,4088.90,4099.34,4086.20,4095.26,79192362
2020-12-15T09:00:00Z,4095.26,4098.60,4093.03,4096.26,69755857
2020-12-15T10:00:00Z,4096.26,4103.08,4095.35,4101.10,60939582
2020-12-15T11:00:00Z,4101.10,4105.92,4098.63,4104.55,66780779
2020-12-15T12:00:00Z,4104.55,4111.76,4101.61,4107.73,66519438
2020-12-15T13:00:00Z,4107.73,4109.78,4105.64,4108.63,61729325
2020-12-15T14:00:00Z,4108.63,4111.70,4101.48,4103.59,70943200
2020-12-15T15:00:00Z,4103.59,4108.96,4100.75,4108.83,62066279
2020-12-15T16:00:00Z,4108.83,4116.69,4104.67,4114.63,68913676
2020-12-15T17:00:00Z,4114.63,4116.23,4114.01,4114.88,63704890
2020-12-15T18:00:00Z,4114.88,4119.00,4113.44,4114.22,56688013
2020-12-15T19:00:00Z,4114.22,4120.10,4113.61,4119.09,65648347
2020-12-15T20:00:00Z,4119.09,4119.83,4115.97,4116.25,62344191
2020-12-15T21:00:00Z,4116.25,4125.05,4113.07,4122.13,73102860
2020-12-15T22:00:00Z,4122.13,4131.68,4121.01,4130.21,84659066
2020-12-15T23:00:00Z,4130.21,4139.60,4127.19,4136.14,68439136
2020-12-16T00:00:00Z,4136.14,4139.91,4124.82,4127.73,80723772
2020-12-16T01:00:00Z,4127.73,4128.03,4118.94,4120.83,66437356
2020-12-16T02:00:00Z,4120.83,4122.68,4114.95,4116.55,68570837
2020-12-16T03:00:00Z,4116.55,4120.50,4115.90,4119.36,57304502
2020-12-16T04:00:00Z,4119.36,4124.17,4118.19,4124.03,76271235
2020-12-16T05:00:00Z,4124.03,4131.80,4121.09,4128.33,76472140
2020-12-16T06:00:00Z,4128.33,4138.82,4124.14,4137.41,78837660
2020-12-16T07:00:00Z,4137.41,4139.43,4124.92,4128.01,84315854
2020-12-16T08:00:00Z,4128.01,4128.50,4123.01,4123.81,67898083
2020-12-16T09:00:00Z,4123.81,4124.40,4115.45,4118.77,66259229
2020-12-16T10:00:00Z,4118.77,4119.36,4108.33,4112.41,78525596
2020-12-16T11:00:00Z,4112.41,4112.93,4105.63,4106.26,68677655
2020-12-16T12:00:00Z,4106.26,4111.69,4102.18,4111.12,76965369
2020-12-16T13:00:00Z,4111.12,4112.94,4108.39,4110.32,64529479
2020-12-16T14:00:00Z,4110.32,4118.62,4109.71,4117.41,78925453
2020-12-16T15:00:00Z,4117.41,4123.67,4114.24,4121.47,62864864
2020-12-16T16:00:00Z,4121.47,4124.17,4120.54,4120.70,68591036
2020-12-16T17:00:00Z,4120.70,4131.32,4118.47,4128.11,83864365
2020-12-16T18:00:00Z,4128.11,4128.52,4125.38,4127.72,62996337
2020-12-16T19:00:00Z,4127.72,4130.65,4116.52,4118.70,83523716
2020-12-16T20:00:00Z,4118.70,4119.26,4110.89,4114.42,71527603
2020-12-16T21:00:00Z,4114.42,4117.51,4106.62,4110.24,58654950
2020-12-16T22:00:00Z,4110.24,4112.35,4106.85,4107.35,57738010
2020-12-16T23:00:00Z,4107.35,4112.80,4104.23,4109.67,70226248
2020-12-17T00:00:00Z,4109.67,4111.98,4106.23,4108.87,67366243
2020-12-17T01:00:00Z,4108.87,4116.10,4106.22,4113.47,72881736
2020-12-17T02:00:00Z,4113.47,4117.58,4105.15,4109.01,73148446
2020-12-17T03:00:00Z,4109.01,4113.63,4106.72,4109.66,62575855
2020-12-17T04:00:00Z,4109.66,4109.97,4104.67,4105.83,58239758
2020-12-17T05:00:00Z,4105.83,4110.66,4105.28,4110.17,67154603
2020-12-17T06:00:00Z,4110.17,4113.88,4105.95,4106.15,60918295
2020-12-17T07:00:00Z,4106.15,4116.61,4104.14,4113.23,72576647
2020-12-17T08:00:00Z,4113.23,4114.18,4111.70,4114.17,68085856
2020-12-17T09:00:00Z,4114.17,4117.13,4113.58,4116.22,71849655
2020-12-17T10:00:00Z,4116.22,4121.28,4113.25,4119.20,69392049
2020-12-17T11:00:00Z,4119.20,4126.52,4118.30,4122.93,70014860
2020-12-17T12:00:00Z,4122.93,4131.95,4119.64,4129.45,65458368
2020-12-17T13:00:00Z,4129.45,4131.96,4122.82,4124.52,73609013
2020-12-17T14:00:00Z,4124.52,4127.32,4120.67,4122.88,54794565
2020-12-17T15:00:00Z,4122.88,4127.26,4119.42,4123.52,56213959
2020-12-17T16:00:00Z,4123.52,4127.74,4117.47,4118.00,76123986
2020-12-17T17:00:00Z,4118.00,4126.96,4116.83,4125.60,70581456
2020-12-17T18:00:00Z,4125.60,4133.79,4122.28,4131.27,63806084
2020-12-17T19:00:00Z,4131.27,4142.86,4128.21,4140.01,80177023
2020-12-17T20:00:00Z,4140.01,4143.00,4132.52,4134.16,71510784
2020-12-17T21:00:00Z,4134.16,4134.52,4131.95,4132.89,54461616
2020-12-17T22:00:00Z,4132.89,4138.41,4132.65,4135.56,73066756
2020-12-17T23:00:00Z,4135.56,4144.43,4134.87,4141.29,76840295
2020-12-18T00:00:00Z,4141.29,4144.49,4138.87,4143.54,57199709
2020-12-18T01:00:00Z,4143.54,4152.50,4140.47,4150.57,73843771
2020-12-18T02:00:00Z,4150.57,4154.00,4147.50,4152.82,56106554
2020-12-18T03:00:00Z,4152.82,4167.88,4149.80,4163.64,90200945
2020-12-18T04:00:00Z,4163.64,4167.80,4161.33,4167.34,70877772
2020-12-18T05:00:00Z,4167.34,4171.27,4160.98,4161.88,62082941
2020-12-18T06:00:00Z,4161.88,4163.73,4154.98,4158.58,71194808
2020-12-18T07:00:00Z,4158.58,4163.94,4156.70,4160.97,67918606
2020-12-18T08:00:00Z,4160.97,4161.47,4154.33,4155.57,70235976
2020-12-18T09:00:00Z,4155.57,4162.36,4153.51,4159.91,76315554
2020-12-18T10:00:00Z,4159.91,4163.93,4159.40,4161.74,60700689
2020-12-18T11:00:00Z,4161.74,4166.78,4159.18,4164.34,55430651
2020-12-18T12:00:00Z,4164.34,4166.52,4160.22,4163.25,65708801
2020-12-18T13:00:00Z,4163.25,4164.89,4151.94,4153.66,77451212
2020-12-18T14:00:00Z,4153.66,4156.04,4149.77,4153.83,61184806
2020-12-18T15:00:00Z,4153.83,4156.34,4145.98,4149.93,59330346
2020-12-18T16:00:00Z,4149.93,4151.24,4145.66,4150.63,61814232
2020-12-18T17:00:00Z,4150.63,4153.37,4149.69,4149.89,70201405
2020-12-18T18:00:00Z,4149.89,4156.32,4147.46,4152.83,62056805
2020-12-18T19:00:00Z,4152.83,4153.45,4149.27,4150.02,66439516
2020-12-18T20:00:00Z,4150.02,4161.31,4149.70,4159.49,82950642
2020-12-18T21:00:00Z,4159.49,4164.00,4155.89,4160.13,52671965
2020-12-18T22:00:00Z,4160.13,4161.59,4155.66,4158.20,57245689
2020-12-18T23:00:00Z,4158.20,4161.57,4157.66,4159.68,64169006
2020-12-19T00:00:00Z,4159.68,4161.66,4154.89,4158.33,65247985
2020-12-19T01:00:00Z,4158.33,4170.53,4157.68,4168.90,78775536
2020-12-19T02:00:00Z,4168.90,4169.46,4164.01,4166.49,73177291
2020-12-19T03:00:00Z,4166.49,4170.62,4160.67,4164.07,66796272
2020-12-19T04:00:00Z,4164.07,4171.27,4162.07,4167.92,74962348
2020-12-19T05:00:00Z,4167.92,4170.41,4160.67,4164.73,56506039
2020-12-19T06:00:00Z,4164.73,4176.01,4164.30,4171.74,72375022
2020-12-19T07:00:00Z,4171.74,4174.13,4158.59,4159.85,79002471
2020-12-19T08:00:00Z,4159.85,4166.41,4156.18,4162.92,73098659
2020-12-19T09:00:00Z,4162.92,4169.70,4161.49,4165.87,65135003
2020-12-19T10:00:00Z,4165.87,4168.25,4162.18,4168.04,74136346
2020-12-19T11:00:00Z,4168.04,4169.07,4159.98,4160.06,78335140
2020-12-19T12:00:00Z,4160.06,4160.53,4159.13,4159.36,53215872
2020-12-19T13:00:00Z,4159.36,4174.84,4155.80,4171.49,87717323
2020-12-19T14:00:00Z,4171.49,4176.04,4168.02,4175.13,67662523
2020-12-19T15:00:00Z,4175.13,4177.88,4169.99,4174.19,59076705
2020-12-19T16:00:00Z,4174.19,4182.06,4172.06,4178.21,64230693
2020-12-19T17:00:00Z,4178.21,4181.19,4173.97,4177.53,65288020
2020-12-19T18:00:00Z,4177.53,4190.30,4176.55,4188.79,73873967
2020-12-19T19:00:00Z,4188.79,4190.96,4184.28,4185.18,58063089
2020-12-19T20:00:00Z,4185.18,4193.92,4182.34,4193.40,82151211
2020-12-19T21:00:00Z,4193.40,4197.00,4190.28,4194.08,65356536
2020-12-19T22:00:00Z,4194.08,4199.72,4193.21,4195.41,55747703
2020-12-19T23:00:00Z,4195.41,4199.54,4191.57,4196.58,59948499
2020-12-20T00:00:00Z,4196.58,4198.46,4191.72,4192.18,66212065
2020-12-20T01:00:00Z,4192.18,4195.33,4189.25,4190.63,66452673
2020-12-20T02:00:00Z,4190.63,4195.38,4186.90,4195.14,66473749
2020-12-20T03:00:00Z,4195.14,4205.59,4192.52,4204.43,86504945
2020-12-20T04:00:00Z,4204.43,4208.86,4201.11,4205.29,63069249
2020-12-20T05:00:00Z,4205.29,4207.28,4201.14,4206.90,56421886
2020-12-20T06:00:00Z,4206.90,4207.87,4198.55,4199.69,64660402
2020-12-20T07:00:00Z,4199.69,4213.89,4196.10,4210.03,75106556
2020-12-20T08:00:00Z,4210.03,4215.74,4208.13,4211.67,72829330
2020-12-20T09:00:00Z,4211.67,4212.84,4202.80,4203.12,83642514
2020-12-20T10:00:00Z,4203.12,4206.95,4193.99,4197.76,63348126
2020-12-20T11:00:00Z,4197.76,4210.39,4195.93,4206.79,77191823
2020-12-20T12:00:00Z,4206.79,4210.83,4199.63,4202.17,64505242
2020-12-20T13:00:00Z,4202.17,4204.97,4196.37,4198.99,63484997
2020-12-20T14:00:00Z,4198.99,4203.25,4187.38,4188.84,73894444
2020-12-20T15:00:00Z,4188.84,4189.69,4185.66,4187.42,62907077
2020-12-20T16:00:00Z,4187.42,4194.24,4184.61,4192.37,64056358
2020-12-20T17:00:00Z,4192.37,4192.46,4188.04,4189.27,64288444
2020-12-20T18:00:00Z,4189.27,4193.86,4187.42,4193.37,73832190
2020-12-20T19:00:00Z,4193.37,4196.33,4187.31,4188.71,71117243
2020-12-20T20:00:00Z,4188.71,4194.69,4188.44,4193.32,77766198
2020-12-20T21:00:00Z,4193.32,4196.85,4187.37,4190.35,68363773
2020-12-20T22:00:00Z,4190.35,4192.38,4187.53,4189.02,69183946
2020-12-20T23:00:00Z,4189.02,4195.45,4185.51,4194.16,68550343
2020-12-21T00:00:00Z,4194.16,4196.41,4187.53,4190.00,59191758
2020-12-21T01:00:00Z,4190.00,4203.76,4185.79,4199.86,72918397
2020-12-21T02:00:00Z,4199.86,4206.57,4196.85,4205.88,65365914
2020-12-21T03:00:00Z,4205.88,4213.33,4205.47,4209.35,57288643
2020-12-21T04:00:00Z,4209.35,4211.15,4205.07,4206.87,58288415
2020-12-21T05:00:00Z,4206.87,4209.37,4195.23,4198.51,66361510
2020-12-21T06:00:00Z,4198.51,4199.63,4188.03,4190.21,81421680
2020-12-21T07:00:00Z,4190.21,4191.56,4184.67,4188.58,66732431
2020-12-21T08:00:00Z,4188.58,4189.55,4176.28,4179.83,71548249
2020-12-21T09:00:00Z,4179.83,4182.79,4176.87,4181.97,69466275
2020-12-21T10:00:00Z,4181.97,4185.97,4178.51,4185.04,70252405
2020-12-21T11:00:00Z,4185.04,4185.06,4177.96,4179.43,78478251
2020-12-21T12:00:00Z,4179.43,4180.32,4176.61,4178.71,70584385
2020-12-21T13:00:00Z,4178.71,4182.20,4178.66,4180.74,60474583
2020-12-21T14:00:00Z,4180.74,4181.34,4173.02,4173.55,75869940
2020-12-21T15:00:00Z,4173.55,4179.09,4170.94,4175.24,62527354
2020-12-21T16:00:00Z,4175.24,4180.76,4174.87,4176.54,67171480
2020-12-21T17:00:00Z,4176.54,4177.93,4172.78,4175.68,67367536
2020-12-21T18:00:00Z,4175.68,4180.65,4172.46,4176.93,58527709
2020-12-21T19:00:00Z,4176.93,4189.45,4175.30,4186.66,72909363
2020-12-21T20:00:00Z,4186.66,4186.84,4185.77,4185.78,62380862
2020-12-21T21:00:00Z,4185.78,4186.59,4174.75,4176.62,68049097
2020-12-21T22:00:00Z,4176.62,4182.13,4173.75,4180.83,71137176
2020-12-21T23:00:00Z,4180.83,4195.75,4177.55,4191.97,85282520
2020-12-22T00:00:00Z,4191.97,4192.96,4184.17,4185.25,79556152
2020-12-22T01:00:00Z,4185.25,4192.48,4185.05,4189.06,62428867
2020-12-22T02:00:00Z,4189.06,4193.36,4182.20,4185.22,74338565
2020-12-22T03:00:00Z,4185.22,4188.32,4178.99,4180.81,72301290
2020-12-22T04:00:00Z,4180.81,4184.71,4180.28,4184.27,76145072
2020-12-22T05:00:00Z,4184.27,4185.38,4169.96,4174.07,70325087
2020-12-22T06:00:00Z,4174.07,4177.36,4170.23,4175.61,54616991
2020-12-22T07:00:00Z,4175.61,4179.27,4164.80,4168.06,77057902
2020-12-22T08:00:00Z,4168.06,4171.68,4160.17,4162.50,76766716
2020-12-22T09:00:00Z,4162.50,4170.72,4159.72,4167.66,70257918
2020-12-22T10:00:00Z,4167.66,4172.04,4165.82,4171.61,60121752
2020-12-22T11:00:00Z,4171.61,4173.12,4169.71,4169.78,69877953
2020-12-22T12:00:00Z,4169.78,4171.77,4166.91,4168.54,62716400
2020-12-22T13:00:00Z,4168.54,4168.93,4166.64,4168.09,54955217
2020-12-22T14:00:00Z,4168.09,4175.75,4165.15,4171.87,70541423
2020-12-22T15:00:00Z,4171.87,4177.42,4168.12,4174.01,54286005
2020-12-22T16:00:00Z,4174.01,4174.17,4166.92,4168.47,62527655
2020-12-22T17:00:00Z,4168.47,4177.92,4165.08,4177.04,67197648
2020-12-22T18:00:00Z,4177.04,4178.05,4168.73,4172.53,62795533
2020-12-22T19:00:00Z,4172.53,4175.42,4170.56,4173.26,62161527
2020-12-22T20:00:00Z,4173.26,4175.52,4165.01,4168.36,79033306
2020-12-22T21:00:00Z,4168.36,4172.54,4162.76,4166.55,57351397
2020-12-22T22:00:00Z,4166.55,4177.72,4164.40,4174.92,77700833
2020-12-22T23:00:00Z,4174.92,4176.57,4171.50,4174.78,51349997
2020-12-23T00:00:00Z,4174.78,4178.45,4170.56,4174.59,55545264
2020-12-23T01:00:00Z,4174.59,4176.49,4170.34,4172.47,63490234
2020-12-23T02:00:00Z,4172.47,4175.41,4161.58,4165.85,72304887
2020-12-23T03:00:00Z,4165.85,4170.10,4164.78,4168.18,62315927
2020-12-23T04:00:00Z,4168.18,4171.71,4164.73,4167.90,52945256
2020-12-23T05:00:00Z,4167.90,4171.91,4163.27,4167.15,69203024
2020-12-23T06:00:00Z,4167.15,4174.99,4165.14,4171.81,67195090
2020-12-23T07:00:00Z,4171.81,4175.26,4165.55,4168.90,69876446
2020-12-23T08:00:00Z,4168.90,4172.79,4160.83,4162.70,75420042
2020-12-23T09:00:00Z,4162.70,4165.97,4155.85,4157.73,70508372
2020-12-23T10:00:00Z,4157.73,4158.57,4150.34,4154.26,67942878
2020-12-23T11:00:00Z,4154.26,4163.40,4152.80,4162.84,74694068
2020-12-23T12:00:00Z,4162.84,4166.75,4151.16,4152.31,77785801
2020-12-23T13:00:00Z,4152.31,4160.10,4148.53,4159.17,67030080
2020-12-23T14:00:00Z,4159.17,4162.64,4157.25,4158.97,55833746
2020-12-23T15:00:00Z,4158.97,4160.01,4151.58,4153.50,62696184
2020-12-23T16:00:00Z,4153.50,4156.04,4141.61,4143.12,78869489
2020-12-23T17:00:00Z,4143.12,4147.04,4135.34,4136.84,79896374
2020-12-23T18:00:00Z,4136.84,4137.54,4126.14,4128.62,80942206
2020-12-23T19:00:00Z,4128.62,4140.07,4128.40,4138.54,81916588
2020-12-23T20:00:00Z,4138.54,4142.06,4132.79,4132.92,62984042
2020-12-23T21:00:00Z,4132.92,4137.09,4122.00,4125.38,67823042
2020-12-23T22:00:00Z,4125.38,4131.89,4124.66,4131.44,69624405
2020-12-23T23:00:00Z,4131.44,4132.50,4128.88,4129.23,64640721
2020-12-24T00:00:00Z,4129.23,4134.83,4127.23,4134.61,74610454
2020-12-24T01:00:00Z,4134.61,4135.54,4131.26,4131.39,69782030
2020-12-24T02:00:00Z,4131.39,4138.98,4128.68,4135.00,62668896
2020-12-24T03:00:00Z,4135.00,4137.40,4134.79,4136.75,67904371
2020-12-24T04:00:00Z,4136.75,4140.48,4134.12,4136.17,65438701
2020-12-24T05:00:00Z,4136.17,4149.97,4132.90,4146.32,83102882
2020-12-24T06:00:00Z,4146.32,4153.47,4144.01,4150.79,70117977
2020-12-24T07:00:00Z,4150.79,4168.02,4150.26,4167.66,86468534
2020-12-24T08:00:00Z,4167.66,4171.40,4165.15,4171.09,56971199
2020-12-24T09:00:00Z,4171.09,4173.34,4166.93,4170.58,55559205
2020-12-24T10:00:00Z,4170.58,4175.20,4166.36,4172.11,64858557
2020-12-24T11:00:00Z,4172.11,4173.29,4171.88,4172.34,65598318
2020-12-24T12:00:00Z,4172.34,4174.70,4164.82,4167.29,70577298
2020-12-24T13:00:00Z,4167.29,4168.69,4162.79,4165.10,54682994
2020-12-24T14:00:00Z,4165.10,4175.64,4164.18,4174.65,78177990
2020-12-24T15:00:00Z,4174.65,4177.01,4165.71,4167.56,80019032
2020-12-24T16:00:00Z,4167.56,4170.38,4167.25,4167.32,69130181
2020-12-24T17:00:00Z,4167.32,4170.70,4166.79,4167.67,66329820
2020-12-24T18:00:00Z,4167.67,4169.75,4162.32,4165.09,56514047
2020-12-24T19:00:00Z,4165.09,4169.58,4164.37,4167.91,61124070
2020-12-24T20:00:00Z,4167.91,4171.79,4162.20,4166.19,73135486
2020-12-24T21:00:00Z,4166.19,4170.33,4164.79,4169.82,71234171
2020-12-24T22:00:00Z,4169.82,4175.50,4169.48,4174.56,69953758
2020-12-24T23:00:00Z,4174.56,4176.14,4165.17,4166.51,69415131
2020-12-25T00:00:00Z,4166.51,4168.85,4165.02,4165.65,69362063
2020-12-25T01:00:00Z,4165.65,4167.89,4161.35,4164.03,59723466
2020-12-25T02:00:00Z,4164.03,4167.52,4156.15,4156.66,76619763
2020-12-25T03:00:00Z,4156.66,4158.32,4156.65,4156.78,60973163
2020-12-25T04:00:00Z,4156.78,4164.42,4153.48,4160.61,59393355
2020-12-25T05:00:00Z,4160.61,4164.59,4156.97,4159.17,57055118
2020-12-25T06:00:00Z,4159.17,4165.30,4155.15,4164.02,77458224
2020-12-25T07:00:00Z,4164.02,4165.08,4155.60,4158.12,63853140
2020-12-25T08:00:00Z,4158.12,4160.02,4152.82,4156.44,68822020
2020-12-25T09:00:00Z,4156.44,4160.06,4156.05,4156.82,51166202
2020-12-25T10:00:00Z,4156.82,4157.47,4152.99,4156.52,57828597
2020-12-25T11:00:00Z,4156.52,4159.68,4151.67,4154.75,63312346
2020-12-25T12:00:00Z,4154.75,4156.49,4144.05,4146.66,78472418
2020-12-25T13:00:00Z,4146.66,4150.20,4143.99,4150.01,67187926
2020-12-25T14:00:00Z,4150.01,4153.29,4145.71,4149.63,55214931
2020-12-25T15:00:00Z,4149.63,4150.51,4139.63,4142.57,72457971
2020-12-25T16:00:00Z,4142.57,4149.09,4138.64,4146.03,74401220
2020-12-25T17:00:00Z,4146.03,4148.53,4140.27,4142.85,60271428
2020-12-25T18:00:00Z,4142.85,4146.75,4136.75,4138.47,69260877
2020-12-25T19:00:00Z,4138.47,4138.65,4132.26,4135.16,60477445
2020-12-25T20:00:00Z,4135.16,4137.59,4127.47,4131.47,59320051
2020-12-25T21:00:00Z,4131.47,4133.73,4129.42,4132.53,54871396
2020-12-25T22:00:00Z,4132.53,4134.06,4124.49,4127.53,71324902
2020-12-25T23:00:00Z,4127.53,4135.18,4125.93,4133.56,73296056
2020-12-26T00:00:00Z,4133.56,4146.65,4131.39,4144.75,84377522
2020-12-26T01:00:00Z,4144.75,4148.59,4135.95,4138.69,73467391
2020-12-26T02:00:00Z,4138.69,4145.37,4134.71,4141.84,68272639
2020-12-26T03:00:00Z,4141.84,4152.70,4140.86,4149.27,76182528
2020-12-26T04:00:00Z,4149.27,4154.88,4148.99,4152.37,68152979
2020-12-26T05:00:00Z,4152.37,4152.84,4149.33,4152.52,54869406
2020-12-26T06:00:00Z,4152.52,4154.88,4146.12,4147.94,72246561
2020-12-26T07:00:00Z,4147.94,4155.32,4143.93,4152.60,62948347
2020-12-26T08:00:00Z,4152.60,4154.22,4149.87,4153.64,71599613
2020-12-26T09:00:00Z,4153.64,4153.71,4150.50,4150.54,65063808
2020-12-26T10:00:00Z,4150.54,4156.21,4147.72,4153.95,71693134
2020-12-26T11:00:00Z,4153.95,4155.56,4149.77,4155.34,66921294
2020-12-26T12:00:00Z,4155.34,4168.73,4155.27,4166.69,75594410
2020-12-26T13:00:00Z,4166.69,4168.12,4164.93,4166.01,67433545
2020-12-26T14:00:00Z,4166.01,4171.16,4164.33,4168.26,66452867
2020-12-26T15:00:00Z,4168.26,4172.22,4166.35,4167.29,64724151
2020-12-26T16:00:00Z,4167.29,4168.90,4164.95,4166.39,51842053
2020-12-26T17:00:00Z,4166.39,4168.37,4159.04,4159.18,78564694
2020-12-26T18:00:00Z,4159.18,4172.28,4157.73,4168.15,86381253
2020-12-26T19:00:00Z,4168.15,4171.70,4162.77,4166.82,56731691
2020-12-26T20:00:00Z,4166.82,4167.54,4162.69,4165.05,67496130
2020-12-26T21:00:00Z,4165.05,4173.69,4163.77,4172.09,77688936
2020-12-26T22:00:00Z,4172.09,4179.50,4169.46,4178.63,81058245
2020-12-26T23:00:00Z,4178.63,4180.54,4177.16,4179.57,70842064
2020-12-27T00:00:00Z,4179.57,4181.47,4171.89,4174.17,79363036
2020-12-27T01:00:00Z,4174.17,4177.55,4171.89,4172.90,71695083
2020-12-27T02:00:00Z,4172.90,4173.00,4169.87,4171.04,64660445
2020-12-27T03:00:00Z,4171.04,4176.42,4167.02,4175.30,64163925
2020-12-27T04:00:00Z,4175.30,4179.01,4169.44,4172.86,70652870
2020-12-27T05:00:00Z,4172.86,4173.96,4164.84,4167.91,60918942
2020-12-27T06:00:00Z,4167.91,4172.80,4164.59,4170.68,68619644
2020-12-27T07:00:00Z,4170.68,4175.91,4167.77,4172.33,59748439
2020-12-27T08:00:00Z,4172.33,4173.85,4168.45,4171.36,61748406
2020-12-27T09:00:00Z,4171.36,4173.01,4170.31,4170.56,63147624
2020-12-27T10:00:00Z,4170.56,4175.28,4168.49,4174.68,60955949
2020-12-27T11:00:00Z,4174.68,4180.87,4171.09,4180.36,70470608
2020-12-27T12:00:00Z,4180.36,4183.17,4176.17,4178.78,56145108
2020-12-27T13:00:00Z,4178.78,4180.32,4173.03,4175.40,62133699
2020-12-27T14:00:00Z,4175.40,4181.21,4173.98,4177.26,64559759
2020-12-27T15:00:00Z,4177.26,4181.84,4173.98,4179.47,61985454
2020-12-27T16:00:00Z,4179.47,4180.57,4167.07,4171.00,84440265
2020-12-27T17:00:00Z,4171.00,4178.99,4169.02,4175.12,61765719
2020-12-27T18:00:00Z,4175.12,4176.10,4170.25,4174.44,65944643
2020-12-27T19:00:00Z,4174.44,4182.72,4174.01,4178.90,66377745
2020-12-27T20:00:00Z,4178.90,4187.22,4175.47,4184.23,74471247
2020-12-27T21:00:00Z,4184.23,4188.27,4184.05,4187.05,56590888
2020-12-27T22:00:00Z,4187.05,4188.82,4182.26,4184.83,68687058
2020-12-27T23:00:00Z,4184.83,4186.56,4178.35,4180.38,61608060
2020-12-28T00:00:00Z,4180.38,4184.18,4176.03,4180.17,59338186
2020-12-28T01:00:00Z,4180.17,4183.11,4172.45,4173.28,68935014
2020-12-28T02:00:00Z,4173.28,4180.22,4169.01,4178.36,60146531
2020-12-28T03:00:00Z,4178.36,4182.14,4170.22,4173.60,76595720
2020-12-28T04:00:00Z,4173.60,4177.31,4171.82,4176.80,57129668
2020-12-28T05:00:00Z,4176.80,4181.74,4175.15,4181.52,72088181
2020-12-28T06:00:00Z,4181.52,4182.86,4175.26,4178.36,70819794
2020-12-28T07:00:00Z,4178.36,4183.11,4176.93,4179.07,64399042
2020-12-28T08:00:00Z,4179.07,4182.03,4176.51,4178.96,69908904
2020-12-28T09:00:00Z,4178.96,4187.13,4177.03,4186.55,66060383
2020-12-28T10:00:00Z,4186.55,4186.64,4178.02,4181.21,79189332
2020-12-28T11:00:00Z,4181.21,4183.58,4178.54,4180.95,65367321
2020-12-28T12:00:00Z,4180.95,4188.03,4178.59,4183.76,66223848
2020-12-28T13:00:00Z,4183.76,4187.88,4175.00,4177.82,74295137
2020-12-28T14:00:00Z,4177.82,4178.88,4176.75,4177.00,57849755
2020-12-28T15:00:00Z,4177.00,4185.06,4175.82,4181.55,64873373
2020-12-28T16:00:00Z,4181.55,4182.82,4175.62,4179.87,69371668
2020-12-28T17:00:00Z,4179.87,4181.28,4173.79,4178.06,70412422
2020-12-28T18:00:00Z,4178.06,4180.41,4167.91,4170.78,64161550
2020-12-28T19:00:00Z,4170.78,4174.03,4164.23,4167.95,69261537
2020-12-28T20:00:00Z,4167.95,4176.01,4165.54,4171.94,71288599
2020-12-28T21:00:00Z,4171.94,4173.62,4167.56,4167.59,60352156
2020-12-28T22:00:00Z,4167.59,4167.97,4165.36,4165.98,66751512
2020-12-28T23:00:00Z,4165.98,4169.48,4158.63,4161.37,77550879
2020-12-29T00:00:00Z,4161.37,4167.74,4160.17,4165.15,64570544
2020-12-29T01:00:00Z,4165.15,4166.63,4155.85,4159.63,72114879
2020-12-29T02:00:00Z,4159.63,4161.43,4152.88,4154.16,63259707
2020-12-29T03:00:00Z,4154.16,4157.94,4145.28,4149.03,65802844
2020-12-29T04:00:00Z,4149.03,4151.75,4144.95,4148.35,53714260
2020-12-29T05:00:00Z,4148.35,4148.81,4146.60,4147.55,58324790
2020-12-29T06:00:00Z,4147.55,4147.55,4139.42,4141.28,77909414
2020-12-29T07:00:00Z,4141.28,4147.01,4140.21,4142.86,71746053
2020-12-29T08:00:00Z,4142.86,4144.02,4141.28,4143.55,60894334
2020-12-29T09:00:00Z,4143.55,4156.37,4139.89,4152.15,78751119
2020-12-29T10:00:00Z,4152.15,4154.39,4146.42,4146.92,68987466
2020-12-29T11:00:00Z,4146.92,4151.38,4143.12,4148.28,67667529
2020-12-29T12:00:00Z,4148.28,4151.13,4144.46,4150.81,68276000
2020-12-29T13:00:00Z,4150.81,4159.03,4148.20,4155.02,74207914
2020-12-29T14:00:00Z,4155.02,4163.10,4151.59,4161.43,71580414
2020-12-29T15:00:00Z,4161.43,4163.73,4158.01,4163.34,68889904
2020-12-29T16:00:00Z,4163.34,4166.33,4158.43,4162.29,71662783
2020-12-29T17:00:00Z,4162.29,4169.43,4158.51,4168.52,69047671
2020-12-29T18:00:00Z,4168.52,4175.42,4166.70,4174.97,72075494
2020-12-29T19:00:00Z,4174.97,4185.00,4171.96,4181.58,66578799
2020-12-29T20:00:00Z,4181.58,4184.39,4180.53,4181.30,56942188
2020-12-29T21:00:00Z,4181.30,4196.95,4178.66,4194.74,88454741
2020-12-29T22:00:00Z,4194.74,4195.64,4186.55,4190.39,73374026
2020-12-29T23:00:00Z,4190.39,4194.33,4189.84,4191.71,54991690
2020-12-30T00:00:00Z,4191.71,4196.00,4179.31,4183.07,75576481
2020-12-30T01:00:00Z,4183.07,4186.73,4181.78,4184.28,59033368
2020-12-30T02:00:00Z,4184.28,4189.53,4179.99,4186.77,62664181
2020-12-30T03:00:00Z,4186.77,4187.69,4181.51,4182.01,76677683
2020-12-30T04:00:00Z,4182.01,4186.81,4181.31,4182.58,64674333
2020-12-30T05:00:00Z,4182.58,4184.23,4181.18,4184.05,63913862
2020-12-30T06:00:00Z,4184.05,4191.91,4182.70,4191.85,68488735
2020-12-30T07:00:00Z,4191.85,4194.74,4185.53,4188.55,70571975
2020-12-30T08:00:00Z,4188.55,4190.42,4180.69,4180.94,77285025
2020-12-30T09:00:00Z,4180.94,4181.87,4177.73,4178.97,54105877
2020-12-30T10:00:00Z,4178.97,4182.21,4178.08,4180.20,69729195
2020-12-30T11:00:00Z,4180.20,4183.21,4170.44,4172.89,73483423
2020-12-30T12:00:00Z,4172.89,4173.94,4171.97,4173.86,60559625
2020-12-30T13:00:00Z,4173.86,4175.45,4168.64,4169.40,66834684
2020-12-30T14:00:00Z,4169.40,4171.15,4164.90,4168.75,58182274
2020-12-30T15:00:00Z,4168.75,4168.83,4167.77,4167.89,57684787
2020-12-30T16:00:00Z,4167.89,4182.57,4163.89,4181.60,89175148
2020-12-30T17:00:00Z,4181.60,4189.91,4181.30,4186.99,72454147
2020-12-30T18:00:00Z,4186.99,4191.72,4183.04,4191.56,77135132
2020-12-30T19:00:00Z,4191.56,4192.89,4185.49,4189.74,55978642
2020-12-30T20:00:00Z,4189.74,4189.79,4188.89,4189.43,53226123
2020-12-30T21:00:00Z,4189.43,4190.87,4185.10,4187.42,62494860
2020-12-30T22:00:00Z,4187.42,4197.60,4186.70,4194.54,69237368
2020-12-30T23:00:00Z,4194.54,4195.18,4189.54,4191.41,64323496
2020-12-31T00:00:00Z,4191.41,4194.83,4190.75,4192.52,68001194
2020-12-31T01:00:00Z,4192.52,4196.53,4185.45,4189.04,57350644
2020-12-31T02:00:00Z,4189.04,4198.65,4188.33,4195.72,76067642
2020-12-31T03:00:00Z,4195.72,4200.38,4191.67,4198.59,70130366
2020-12-31T04:00:00Z,4198.59,4207.55,4198.35,4205.36,77719813
2020-12-31T05:00:00Z,4205.36,4207.44,4198.41,4199.58,65393515
2020-12-31T06:00:00Z,4199.58,4202.62,4194.78,4198.70,65030944
2020-12-31T07:00:00Z,4198.70,4203.86,4196.26,4201.19,64624892
2020-12-31T08:00:00Z,4201.19,4208.29,4198.22,4205.35,65699833
2020-12-31T09:00:00Z,4205.35,4216.67,4203.71,4213.60,72083647
2020-12-31T10:00:00Z,4213.60,4217.32,4206.25,4208.71,65054318
2020-12-31T11:00:00Z,4208.71,4214.05,4204.71,4213.17,63372666
2020-12-31T12:00:00Z,4213.17,4216.45,4210.58,4212.14,54315270
2020-12-31T13:00:00Z,4212.14,4215.46,4208.34,4209.99,70617466
2020-12-31T14:00:00Z,4209.99,4211.26,4207.22,4208.94,60352476
2020-12-31T15:00:00Z,4208.94,4211.94,4206.73,4207.04,66168850
2020-12-31T16:00:00Z,4207.04,4212.91,4206.36,4209.06,54567381
2020-12-31T17:00:00Z,4209.06,4209.73,4203.12,4207.30,64612481
2020-12-31T18:00:00Z,4207.30,4209.51,4206.77,4207.85,60540649
2020-12-31T19:00:00Z,4207.85,4210.30,4201.06,4202.49,70812159
2020-12-31T20:00:00Z,4202.49,4208.89,4202.15,4207.37,65631644
2020-12-31T21:00:00Z,4207.37,4207.75,4203.25,4204.47,57140829
2020-12-31T22:00:00Z,4204.47,4217.58,4201.91,4216.00,80946008
2020-12-31T23:00:00Z,4216.00,4218.99,4211.43,4213.24,65555999
