time,open,high,low,close,volume
2022-01-01T00:00:00Z,123.90,127.48,123.21,126.90,220375096
2022-01-01T04:00:00Z,126.90,127.92,125.72,127.47,278149048
2022-01-01T08:00:00Z,127.47,129.10,125.72,126.31,297818822
2022-01-01T12:00:00Z,126.31,127.05,122.83,124.16,270838947
2022-01-01T16:00:00Z,124.16,127.14,123.42,126.15,212481461
2022-01-01T20:00:00Z,126.15,128.76,125.09,128.01,231600420
2022-01-02T00:00:00Z,128.01,131.94,127.43,130.81,265045356
2022-01-02T04:00:00Z,130.81,131.78,129.11,131.20,257521223
2022-01-02T08:00:00Z,131.20,133.78,130.57,131.93,223048752
2022-01-02T12:00:00Z,131.93,132.66,128.90,129.88,195313596
2022-01-02T16:00:00Z,129.88,131.40,128.66,129.38,255523772
2022-01-02T20:00:00Z,129.38,130.57,127.36,129.80,291870286
2022-01-03T00:00:00Z,129.80,134.34,129.10,133.51,282289245
2022-01-03T04:00:00Z,133.51,134.56,132.11,133.86,232572898
2022-01-03T08:00:00Z,133.86,135.26,131.24,131.80,230661386
2022-01-03T12:00:00Z,131.80,132.44,126.70,127.41,276703594
2022-01-03T16:00:00Z,127.41,129.01,126.68,127.64,283045556
2022-01-03T20:00:00Z,127.64,130.05,126.33,129.31,244147314
2022-01-04T00:00:00Z,129.31,133.19,128.55,131.87,182271512
2022-01-04T04:00:00Z,131.87,132.54,129.40,130.63,220629467
2022-01-04T08:00:00Z,130.63,132.25,129.10,129.77,270228366
2022-01-04T12:00:00Z,129.77,130.28,126.51,127.76,276869914
2022-01-04T16:00:00Z,127.76,129.72,127.11,127.84,241053322
2022-01-04T20:00:00Z,127.84,128.57,125.54,127.57,218826425
2022-01-05T00:00:00Z,127.57,131.13,126.79,130.13,273581771
2022-01-05T04:00:00Z,130.13,131.58,128.80,130.80,296745870
2022-01-05T08:00:00Z,130.80,132.85,129.33,130.07,273343890
2022-01-05T12:00:00Z,130.07,130.58,125.27,126.00,212212003
2022-01-05T16:00:00Z,126.00,127.28,125.11,125.61,218858180
2022-01-05T20:00:00Z,125.61,128.25,124.26,127.72,255604919
2022-01-06T00:00:00Z,127.72,132.80,126.96,132.05,259693439
2022-01-06T04:00:00Z,132.05,132.83,130.55,131.92,235751436
2022-01-06T08:00:00Z,131.92,133.41,130.05,130.83,200661021
2022-01-06T12:00:00Z,130.83,131.46,127.61,129.08,253427347
2022-01-06T16:00:00Z,129.08,132.03,128.59,130.89,293172990
2022-01-06T20:00:00Z,130.89,132.60,129.47,132.10,287405283
2022-01-07T00:00:00Z,132.10,135.61,131.39,134.58,239615680
2022-01-07T04:00:00Z,134.58,135.74,132.92,135.02,220309858
2022-01-07T08:00:00Z,135.02,137.39,134.21,135.47,268151363
2022-01-07T12:00:00Z,135.47,136.22,131.78,132.79,278667405
2022-01-07T16:00:00Z,132.79,134.24,131.48,132.21,244025481
2022-01-07T20:00:00Z,132.21,134.02,130.33,133.40,183632792
2022-01-08T00:00:00Z,133.40,138.60,132.79,137.97,219627233
2022-01-08T04:00:00Z,137.97,139.39,136.81,138.76,272932893
2022-01-08T08:00:00Z,138.76,140.36,136.50,137.25,284087063
2022-01-08T12:00:00Z,137.25,138.05,132.75,133.87,251204441
2022-01-08T16:00:00Z,133.87,136.08,133.13,134.86,216195348
2022-01-08T20:00:00Z,134.86,137.08,133.51,136.34,267505127
2022-01-09T00:00:00Z,136.34,139.73,135.86,138.20,294018028
2022-01-09T04:00:00Z,138.20,138.84,135.40,136.53,274436087
2022-01-09T08:00:00Z,136.53,138.03,134.65,135.29,215330516
2022-01-09T12:00:00Z,135.29,136.08,131.36,132.29,205372772
2022-01-09T16:00:00Z,132.29,133.51,130.32,131.10,246578397
2022-01-09T20:00:00Z,131.10,131.80,128.37,130.14,266775279
2022-01-10T00:00:00Z,130.14,133.63,129.56,132.54,247664661
2022-01-10T04:00:00Z,132.54,133.27,130.92,132.68,205302520
2022-01-10T08:00:00Z,132.68,134.27,130.38,130.87,250107686
2022-01-10T12:00:00Z,130.87,131.59,125.21,125.82,292871808
2022-01-10T16:00:00Z,125.82,126.73,123.98,124.68,290914899
2022-01-10T20:00:00Z,124.68,126.25,122.97,125.50,245405898
2022-01-11T00:00:00Z,125.50,129.05,124.84,127.64,213147575
2022-01-11T04:00:00Z,127.64,128.18,124.41,125.22,258313815
2022-01-11T08:00:00Z,125.22,126.08,121.85,122.37,273078017
2022-01-11T12:00:00Z,122.37,122.96,118.08,118.98,243128489
2022-01-11T16:00:00Z,118.98,120.64,118.19,118.78,191706340
2022-01-11T20:00:00Z,118.78,119.49,116.54,118.22,217991995
2022-01-12T00:00:00Z,118.22,121.07,117.52,119.85,274445683
2022-01-12T04:00:00Z,119.85,120.66,118.09,119.97,289886886
2022-01-12T08:00:00Z,119.97,122.15,119.15,119.76,260070692
2022-01-12T12:00:00Z,119.76,120.24,115.50,116.19,216716369
2022-01-12T16:00:00Z,116.19,117.26,114.71,115.18,259968252
2022-01-12T20:00:00Z,115.18,116.87,113.40,116.28,289689985
2022-01-13T00:00:00Z,116.28,121.08,115.57,120.31,274169658
2022-01-13T04:00:00Z,120.31,121.00,118.87,120.12,217658346
2022-01-13T08:00:00Z,120.12,121.28,117.44,118.11,191341053
2022-01-13T12:00:00Z,118.11,118.57,113.93,115.08,243488081
2022-01-13T16:00:00Z,115.08,117.57,114.59,116.61,273420975
2022-01-13T20:00:00Z,116.61,119.02,115.52,118.51,258604546
2022-01-14T00:00:00Z,118.51,122.35,117.81,121.36,213363435
2022-01-14T04:00:00Z,121.36,122.34,119.77,121.62,245530070
2022-01-14T08:00:00Z,121.62,124.07,120.93,122.51,290937715
2022-01-14T12:00:00Z,122.51,123.10,119.85,121.10,292791490
2022-01-14T16:00:00Z,121.10,123.03,120.64,121.30,249930491
2022-01-14T20:00:00Z,121.30,122.58,119.42,122.13,205042249
2022-01-15T00:00:00Z,122.13,126.88,121.47,126.32,247341585
2022-01-15T04:00:00Z,126.32,128.25,125.38,127.57,266414560
2022-01-15T08:00:00Z,127.57,129.31,125.75,126.49,246763055
2022-01-15T12:00:00Z,126.49,127.19,121.83,122.73,205723739
2022-01-15T16:00:00Z,122.73,124.55,122.15,123.43,215634850
2022-01-15T20:00:00Z,123.43,126.44,122.38,125.85,274670085
2022-01-16T00:00:00Z,125.85,130.33,125.28,129.28,294163464
2022-01-16T04:00:00Z,129.28,129.98,127.22,128.53,267550675
2022-01-16T08:00:00Z,128.53,130.16,127.12,127.81,216137458
2022-01-16T12:00:00Z,127.81,128.56,124.72,126.08,251047622
2022-01-16T16:00:00Z,126.08,128.20,125.39,126.61,283843531
2022-01-16T20:00:00Z,126.61,127.18,124.43,126.48,272621617
2022-01-17T00:00:00Z,126.48,129.84,126.02,128.73,219272454
2022-01-17T04:00:00Z,128.73,129.57,127.11,129.10,183633155
2022-01-17T08:00:00Z,129.10,131.13,127.74,128.34,244383124
2022-01-17T12:00:00Z,128.34,129.10,123.39,124.08,278984187
2022-01-17T16:00:00Z,124.08,125.03,122.30,123.04,268402614
2022-01-17T20:00:00Z,123.04,125.18,121.39,124.45,220476007
2022-01-18T00:00:00Z,124.45,129.30,123.89,128.39,239683784
2022-01-18T04:00:00Z,128.39,128.87,126.65,127.92,287370040
2022-01-18T08:00:00Z,127.92,129.20,125.66,126.14,293037142
2022-01-18T12:00:00Z,126.14,126.84,122.44,123.58,253201478
2022-01-18T16:00:00Z,123.58,126.09,122.84,124.96,200362722
2022-01-18T20:00:00Z,124.96,126.76,123.61,126.01,235403944
2022-01-19T00:00:00Z,126.01,129.36,125.34,128.12,259509643
2022-01-19T04:00:00Z,128.12,128.73,126.18,128.07,255967881
2022-01-19T08:00:00Z,128.07,130.42,127.57,128.42,219186211
2022-01-19T12:00:00Z,128.42,129.05,125.12,126.10,212479554
2022-01-19T16:00:00Z,126.10,127.69,125.21,125.84,273530118
2022-01-19T20:00:00Z,125.84,127.93,124.19,127.20,296836274
2022-01-20T00:00:00Z,127.20,133.08,126.46,132.28,273569308
2022-01-20T04:00:00Z,132.28,134.89,131.59,134.12,218712065
2022-01-20T08:00:00Z,134.12,136.36,133.09,133.76,240845972
2022-01-20T12:00:00Z,133.76,134.30,130.05,131.36,276585726
2022-01-20T16:00:00Z,131.36,134.26,130.68,133.51,269889474
2022-01-20T20:00:00Z,133.51,137.40,132.62,136.70,220262268
2022-01-21T00:00:00Z,136.70,141.52,135.87,140.47,182638418
2022-01-21T04:00:00Z,140.47,141.32,138.75,140.48,244485349
2022-01-21T08:00:00Z,140.48,142.80,139.78,140.92,283328391
2022-01-21T12:00:00Z,140.92,141.47,138.35,140.04,276909196
2022-01-21T16:00:00Z,140.04,142.59,139.45,141.21,230773746
2022-01-21T20:00:00Z,141.21,142.95,139.45,142.34,232583262
2022-01-22T00:00:00Z,142.34,147.37,141.50,146.60,282196806
2022-01-22T04:00:00Z,146.60,149.71,145.66,148.84,291682244
2022-01-22T08:00:00Z,148.84,151.58,147.99,149.35,255254772
2022-01-22T12:00:00Z,149.35,150.06,145.23,146.32,194984590
2022-01-22T16:00:00Z,146.32,148.21,145.77,146.79,222685370
2022-01-22T20:00:00Z,146.79,149.78,145.47,149.23,257704826
2022-01-23T00:00:00Z,149.23,154.13,148.42,153.19,265392112
2022-01-23T04:00:00Z,153.19,154.08,151.10,152.32,231897467
2022-01-23T08:00:00Z,152.32,153.68,149.59,150.47,212705661
2022-01-23T12:00:00Z,150.47,151.30,146.53,147.91,270972838
2022-01-23T16:00:00Z,147.91,150.25,147.22,148.71,297851975
2022-01-23T20:00:00Z,148.71,149.65,146.66,148.96,278078879
2022-01-24T00:00:00Z,148.96,152.16,148.28,150.84,220207074
2022-01-24T04:00:00Z,150.84,151.65,148.83,150.87,229490600
2022-01-24T08:00:00Z,150.87,153.15,149.88,150.70,268046542
2022-01-24T12:00:00Z,150.70,151.59,146.27,147.14,266088423
2022-01-24T16:00:00Z,147.14,148.18,144.79,145.66,224490474
2022-01-24T20:00:00Z,145.66,146.67,143.24,145.88,188787369
2022-01-25T00:00:00Z,145.88,150.28,145.35,149.17,243692259
2022-01-25T04:00:00Z,149.17,149.87,147.17,148.38,286334721
2022-01-25T08:00:00Z,148.38,149.59,144.78,145.47,283996463
2022-01-25T12:00:00Z,145.47,146.33,140.23,141.14,239901819
2022-01-25T16:00:00Z,141.14,142.90,140.30,141.49,224268667
2022-01-25T20:00:00Z,141.49,143.38,139.91,142.55,275474494
2022-01-26T00:00:00Z,142.55,145.94,141.92,144.44,288784465
2022-01-26T04:00:00Z,144.44,144.98,141.97,143.41,256148462
2022-01-26T08:00:00Z,143.41,145.42,142.54,143.09,193279080
2022-01-26T12:00:00Z,143.09,143.89,139.82,140.90,210734822
2022-01-26T16:00:00Z,140.90,142.53,139.64,140.43,260708422
2022-01-26T20:00:00Z,140.43,141.24,138.14,140.33,273809658
2022-01-27T00:00:00Z,140.33,144.53,139.59,143.61,243674603
2022-01-27T04:00:00Z,143.61,145.16,142.27,144.41,211999569
2022-01-27T08:00:00Z,144.41,146.31,142.59,143.18,266970213
2022-01-27T12:00:00Z,143.18,143.89,138.31,139.08,297185642
2022-01-27T16:00:00Z,139.08,140.72,138.28,139.34,281059507
2022-01-27T20:00:00Z,139.34,142.52,138.05,141.71,224893848
2022-01-28T00:00:00Z,141.71,146.58,140.88,145.46,217131140
2022-01-28T04:00:00Z,145.46,146.20,143.47,144.90,258376009
2022-01-28T08:00:00Z,144.90,146.66,143.39,144.12,261470357
2022-01-28T12:00:00Z,144.12,144.70,141.04,142.54,235135730
2022-01-28T16:00:00Z,142.54,145.08,141.81,143.61,194521779
2022-01-28T20:00:00Z,143.61,144.65,141.62,143.91,241914836
2022-01-29T00:00:00Z,143.91,147.43,143.04,146.23,287904982
2022-01-29T04:00:00Z,146.23,147.56,144.63,146.68,289560961
2022-01-29T08:00:00Z,146.68,148.96,145.48,146.31,247770303
2022-01-29T12:00:00Z,146.31,146.87,141.59,142.38,219046164
2022-01-29T16:00:00Z,142.38,143.47,140.67,141.21,267287151
2022-01-29T20:00:00Z,141.21,142.89,139.23,142.28,284427174
2022-01-30T00:00:00Z,142.28,147.01,141.43,146.10,255960609
2022-01-30T04:00:00Z,146.10,146.97,144.22,145.49,191118108
2022-01-30T08:00:00Z,145.49,146.71,142.23,143.08,205206121
2022-01-30T12:00:00Z,143.08,143.76,138.42,139.53,263202488
2022-01-30T16:00:00Z,139.53,141.55,139.00,140.00,281062093
2022-01-30T20:00:00Z,140.00,140.75,138.06,140.24,254351656
2022-01-31T00:00:00Z,140.24,142.94,139.48,141.14,214548542
2022-01-31T04:00:00Z,141.14,141.96,138.22,139.41,261520483
2022-01-31T08:00:00Z,139.41,140.83,137.30,138.11,294841373
2022-01-31T12:00:00Z,138.11,138.87,133.55,134.35,282518965
2022-01-31T16:00:00Z,134.35,135.22,131.69,132.42,228555252
2022-01-31T20:00:00Z,132.42,132.88,129.61,131.66,203936808
2022-02-01T00:00:00Z,131.66,135.52,131.05,134.59,247740971
2022-02-01T04:00:00Z,134.59,135.32,132.98,134.60,261367800
2022-02-01T08:00:00Z,134.60,135.98,131.69,132.41,246941539
2022-02-01T12:00:00Z,132.41,133.19,127.05,127.81,203940168
2022-02-01T16:00:00Z,127.81,129.23,126.98,127.74,239080515
2022-02-01T20:00:00Z,127.74,129.80,126.25,129.10,287964221
2022-02-02T00:00:00Z,129.10,132.71,128.63,131.29,293525660
2022-02-02T04:00:00Z,131.29,131.91,128.51,129.53,254315143
2022-02-02T08:00:00Z,129.53,130.85,127.53,128.14,212735864
2022-02-02T12:00:00Z,128.14,128.89,124.70,125.89,257744915
2022-02-02T16:00:00Z,125.89,127.72,125.14,126.13,278717300
2022-02-02T20:00:00Z,126.13,127.02,124.04,126.28,254786605
2022-02-03T00:00:00Z,126.28,130.33,125.73,129.49,195512480
2022-02-03T04:00:00Z,129.49,131.64,128.48,131.07,203596261
2022-02-03T08:00:00Z,131.07,133.72,130.43,131.49,264684082
2022-02-03T12:00:00Z,131.49,132.22,127.62,128.46,287007848
2022-02-03T16:00:00Z,128.46,130.08,127.69,128.79,263782791
2022-02-03T20:00:00Z,128.79,132.15,127.58,131.37,216050782
2022-02-04T00:00:00Z,131.37,136.83,130.68,136.04,254648908
2022-02-04T04:00:00Z,136.04,136.77,134.48,136.07,290852275
2022-02-04T08:00:00Z,136.07,137.66,134.38,134.94,282491916
2022-02-04T12:00:00Z,134.94,135.60,131.72,133.17,231235520
2022-02-04T16:00:00Z,133.17,136.18,132.40,135.24,194333522
2022-02-04T20:00:00Z,135.24,137.78,134.02,136.99,237116079
2022-02-05T00:00:00Z,136.99,141.17,136.20,140.12,266615670
2022-02-05T04:00:00Z,140.12,142.06,138.73,141.25,257891744
2022-02-05T08:00:00Z,141.25,144.22,140.68,142.50,212641467
2022-02-05T12:00:00Z,142.50,143.08,139.40,140.59,235135799
2022-02-05T16:00:00Z,140.59,142.39,139.87,140.47,286462847
2022-02-05T20:00:00Z,140.47,142.45,138.66,141.72,295841404
2022-02-06T00:00:00Z,141.72,147.01,140.86,146.16,259498772
2022-02-06T04:00:00Z,146.16,147.64,144.97,146.76,209662559
2022-02-06T08:00:00Z,146.76,148.32,144.16,144.98,246981965
2022-02-06T12:00:00Z,144.98,145.53,140.22,141.33,271782713
2022-02-06T16:00:00Z,141.33,143.48,140.72,142.30,252736182
2022-02-06T20:00:00Z,142.30,144.83,141.02,144.20,206534675
2022-02-07T00:00:00Z,144.20,148.08,143.35,146.80,201483680
2022-02-07T04:00:00Z,146.80,147.67,144.51,145.98,265046368
2022-02-07T08:00:00Z,145.98,147.90,144.80,145.67,291525436
2022-02-07T12:00:00Z,145.67,146.36,142.41,143.73,271845038
2022-02-07T16:00:00Z,143.73,145.65,142.85,143.53,220708668
2022-02-07T20:00:00Z,143.53,144.16,141.07,143.28,246407934
2022-02-08T00:00:00Z,143.28,147.02,142.50,146.15,285279829
2022-02-08T04:00:00Z,146.15,147.59,144.74,146.80,281038543
2022-02-08T08:00:00Z,146.80,148.58,144.77,145.63,232997911
2022-02-08T12:00:00Z,145.63,146.42,140.49,141.33,184248900
2022-02-08T16:00:00Z,141.33,142.78,140.35,141.12,231867680
2022-02-08T20:00:00Z,141.12,143.94,139.79,143.28,271889215
2022-02-09T00:00:00Z,143.28,148.20,142.62,147.21,267808409
2022-02-09T04:00:00Z,147.21,148.01,145.26,146.74,224720196
2022-02-09T08:00:00Z,146.74,148.38,145.01,145.82,230048457
2022-02-09T12:00:00Z,145.82,146.67,142.69,144.30,283378179
2022-02-09T16:00:00Z,144.30,147.22,143.52,145.91,296487778
2022-02-09T20:00:00Z,145.91,147.68,144.23,146.89,263310171
2022-02-10T00:00:00Z,146.89,150.80,146.35,149.67,205662425
2022-02-10T04:00:00Z,149.67,151.25,148.16,150.69,235153952
2022-02-10T08:00:00Z,150.69,153.49,149.84,151.41,263769167
2022-02-10T12:00:00Z,151.41,152.31,147.74,148.84,253919497
2022-02-10T16:00:00Z,148.84,150.43,147.94,148.83,220058371
2022-02-10T20:00:00Z,148.83,151.91,147.39,151.03,203022349
2022-02-11T00:00:00Z,151.03,157.21,150.37,156.39,264199532
2022-02-11T04:00:00Z,156.39,158.34,155.38,157.67,294516245
2022-02-11T08:00:00Z,157.67,159.77,156.34,156.94,278440540
2022-02-11T12:00:00Z,156.94,157.82,153.42,154.84,224237957
2022-02-11T16:00:00Z,154.84,158.08,153.91,157.02,236876744
2022-02-11T20:00:00Z,157.02,160.23,155.84,159.28,278212647
2022-02-12T00:00:00Z,159.28,163.39,158.45,162.02,278242658
2022-02-12T04:00:00Z,162.02,162.69,159.82,161.73,233922231
2022-02-12T08:00:00Z,161.73,164.11,161.09,161.91,179633799
2022-02-12T12:00:00Z,161.91,162.71,158.65,159.86,231498143
2022-02-12T16:00:00Z,159.86,161.71,158.70,159.50,276105610
2022-02-12T20:00:00Z,159.50,160.70,157.25,159.78,276529092
2022-02-13T00:00:00Z,159.78,164.53,158.86,163.55,235777815
2022-02-13T04:00:00Z,163.55,165.49,162.26,164.55,223809247
2022-02-13T08:00:00Z,164.55,166.58,162.43,163.25,278715440
2022-02-13T12:00:00Z,163.25,163.91,158.05,158.96,295473344
2022-02-13T16:00:00Z,158.96,160.60,158.14,158.81,265764282
2022-02-13T20:00:00Z,158.81,161.01,157.16,160.18,205072873
2022-02-14T00:00:00Z,160.18,163.98,159.21,162.37,222434958
2022-02-14T04:00:00Z,162.37,163.28,159.01,160.11,255072428
2022-02-14T08:00:00Z,160.11,161.15,156.85,157.74,261306769
2022-02-14T12:00:00Z,157.74,158.33,153.34,154.53,232938486
2022-02-14T16:00:00Z,154.53,156.27,153.36,153.94,203866452
2022-02-14T20:00:00Z,153.94,154.75,151.14,152.94,262073576
2022-02-15T00:00:00Z,152.94,155.82,152.04,154.50,295906882
2022-02-15T04:00:00Z,154.50,155.42,152.65,154.41,283498224
2022-02-15T08:00:00Z,154.41,156.37,152.50,153.42,230860093
2022-02-15T12:00:00Z,153.42,154.14,148.05,148.87,226160207
2022-02-15T16:00:00Z,148.87,149.78,146.58,147.27,269764632
2022-02-15T20:00:00Z,147.27,148.41,145.06,147.88,274209284
2022-02-16T00:00:00Z,147.88,152.01,147.07,150.95,234101979
2022-02-16T04:00:00Z,150.95,151.84,148.48,149.52,181757530
2022-02-16T08:00:00Z,149.52,150.66,145.79,146.66,230712429
2022-02-16T12:00:00Z,146.66,147.45,141.92,143.08,279136961
2022-02-16T16:00:00Z,143.08,145.21,142.42,143.77,283910261
2022-02-16T20:00:00Z,143.77,145.14,141.98,144.48,245677053
2022-02-17T00:00:00Z,144.48,147.75,143.81,146.42,220673404
2022-02-17T04:00:00Z,146.42,147.22,144.31,146.24,272508135
2022-02-17T08:00:00Z,146.24,148.60,145.36,146.55,292835247
2022-02-17T12:00:00Z,146.55,147.40,143.00,144.15,266900873
2022-02-17T16:00:00Z,144.15,145.67,142.67,143.52,203738435
2022-02-17T20:00:00Z,143.52,144.82,141.29,144.05,209014055
2022-02-18T00:00:00Z,144.05,148.87,143.51,148.02,251053232
2022-02-18T04:00:00Z,148.02,149.20,146.67,148.64,269435880
2022-02-18T08:00:00Z,148.64,150.30,146.24,146.95,244981987
2022-02-18T12:00:00Z,146.95,147.82,142.10,143.09,208165210
2022-02-18T16:00:00Z,143.09,145.16,142.25,143.92,258620681
2022-02-18T20:00:00Z,143.92,146.94,142.76,146.09,295650963
2022-02-19T00:00:00Z,146.09,150.38,145.46,149.06,286974891
2022-02-19T04:00:00Z,149.06,149.63,146.80,148.25,236310444
2022-02-19T08:00:00Z,148.25,150.20,147.21,147.79,214387220
2022-02-19T12:00:00Z,147.79,148.62,144.71,145.96,260072632
2022-02-19T16:00:00Z,145.96,147.92,145.08,146.02,269061825
2022-02-19T20:00:00Z,146.02,146.86,143.68,145.65,236516908
2022-02-20T00:00:00Z,145.65,149.21,144.90,148.05,191934241
2022-02-20T04:00:00Z,148.05,149.10,146.34,148.35,229144730
2022-02-20T08:00:00Z,148.35,150.22,146.41,147.01,280872465
2022-02-20T12:00:00Z,147.01,147.74,141.64,142.22,289830303
2022-02-20T16:00:00Z,142.22,143.21,140.34,141.06,254304012
2022-02-20T20:00:00Z,141.06,143.07,139.34,142.24,216409830
2022-02-21T00:00:00Z,142.24,146.66,141.42,145.41,264817813
2022-02-21T04:00:00Z,145.41,146.13,142.90,144.00,288638229
2022-02-21T08:00:00Z,144.00,145.06,140.94,141.64,266782833
2022-02-21T12:00:00Z,141.64,142.22,137.40,138.57,205999912
2022-02-21T16:00:00Z,138.57,140.62,137.85,138.90,195999372
2022-02-21T20:00:00Z,138.90,139.71,136.71,138.61,252343975
2022-02-22T00:00:00Z,138.61,141.25,137.78,139.73,276543628
2022-02-22T04:00:00Z,139.73,140.51,137.43,138.93,256009504
2022-02-22T08:00:00Z,138.93,140.86,137.39,138.17,211573885
2022-02-22T12:00:00Z,138.17,138.69,133.60,134.35,253817100
2022-02-22T16:00:00Z,134.35,135.35,132.37,132.87,293730348
2022-02-22T20:00:00Z,132.87,134.01,130.65,133.42,288855697
2022-02-23T00:00:00Z,133.42,138.24,132.63,137.51,240589341
2022-02-23T04:00:00Z,137.51,138.74,136.31,137.93,205948823
2022-02-23T08:00:00Z,137.93,139.40,135.50,136.31,249293569
2022-02-23T12:00:00Z,136.31,136.95,131.98,133.17,262938858
2022-02-23T16:00:00Z,133.17,135.72,132.68,134.63,245264255
2022-02-23T20:00:00Z,134.63,137.22,133.48,136.73,201688496
2022-02-24T00:00:00Z,136.73,140.57,135.98,139.47,226710463
2022-02-24T04:00:00Z,139.47,140.29,137.42,139.05,281221389
2022-02-24T08:00:00Z,139.05,141.11,138.22,139.31,294192075
2022-02-24T12:00:00Z,139.31,140.07,136.52,137.96,261570037
2022-02-24T16:00:00Z,137.96,140.20,137.33,138.58,215293090
2022-02-24T20:00:00Z,138.58,140.33,136.75,139.70,255733205
2022-02-25T00:00:00Z,139.70,144.88,139.04,144.36,282973034
2022-02-25T04:00:00Z,144.36,147.46,143.53,146.77,265493980
2022-02-25T08:00:00Z,146.77,149.48,145.89,147.22,207699682
2022-02-25T12:00:00Z,147.22,148.08,143.29,144.53,188772290
2022-02-25T16:00:00Z,144.53,146.95,143.75,145.83,253646185
2022-02-25T20:00:00Z,145.83,149.79,144.91,149.00,282480002
2022-02-26T00:00:00Z,149.00,154.36,148.44,153.33,265858896
2022-02-26T04:00:00Z,153.33,154.06,151.44,153.05,218248072
2022-02-26T08:00:00Z,153.05,154.89,151.60,152.33,247664536
2022-02-26T12:00:00Z,152.33,153.24,149.30,150.90,290155757
2022-02-26T16:00:00Z,150.90,153.78,150.01,152.38,289154011
2022-02-26T20:00:00Z,152.38,154.20,150.65,153.30,243720816
2022-02-27T00:00:00Z,153.30,157.41,152.64,156.30,196744041
2022-02-27T04:00:00Z,156.30,158.22,154.93,157.56,237601185
2022-02-27T08:00:00Z,157.56,160.40,156.77,158.13,260217871
2022-02-27T12:00:00Z,158.13,159.02,154.15,155.05,256004250
2022-02-27T16:00:00Z,155.05,156.40,153.50,154.39,215088970
2022-02-27T20:00:00Z,154.39,156.58,152.60,155.65,223340333
2022-02-28T00:00:00Z,155.65,160.60,154.85,159.55,280115646
2022-02-28T04:00:00Z,159.55,160.20,157.60,158.97,296924954
2022-02-28T08:00:00Z,158.97,160.28,155.86,156.49,267413001
2022-02-28T12:00:00Z,156.49,157.27,151.84,152.91,213111346
2022-02-28T16:00:00Z,152.91,155.09,152.03,153.73,245368773
2022-02-28T20:00:00Z,153.73,155.62,152.17,154.73,275954264
2022-03-01T00:00:00Z,154.73,158.16,153.83,156.63,263136421
2022-03-01T04:00:00Z,156.63,157.41,154.28,156.01,210689880
2022-03-01T08:00:00Z,156.01,158.29,155.19,155.95,190858980
2022-03-01T12:00:00Z,155.95,156.61,152.35,153.51,254019040
2022-03-01T16:00:00Z,153.51,155.11,152.06,152.71,287111580
2022-03-01T20:00:00Z,152.71,153.59,150.25,152.72,274388447
2022-03-02T00:00:00Z,152.72,157.20,151.80,156.22,223854046
2022-03-02T04:00:00Z,156.22,157.73,154.86,156.79,240190919
2022-03-02T08:00:00Z,156.79,158.55,154.30,155.17,284966769
2022-03-02T12:00:00Z,155.17,155.75,150.09,151.11,287910656
2022-03-02T16:00:00Z,151.11,153.03,150.45,151.73,245751072
2022-03-02T20:00:00Z,151.73,154.83,150.44,154.15,191168704
2022-03-03T00:00:00Z,154.15,158.80,153.23,157.66,225531256
2022-03-03T04:00:00Z,157.66,158.59,155.63,157.20,263629161
2022-03-03T08:00:00Z,157.20,159.21,156.05,156.98,265837942
2022-03-03T12:00:00Z,156.98,157.71,154.12,155.80,227704690
2022-03-03T16:00:00Z,155.80,158.44,155.24,156.88,218982956
2022-03-03T20:00:00Z,156.88,158.00,154.85,157.44,277511897
2022-03-04T00:00:00Z,157.44,161.41,156.57,160.54,297986293
2022-03-04T04:00:00Z,160.54,162.66,159.23,161.78,271797993
2022-03-04T08:00:00Z,161.78,164.19,160.81,161.80,214157384
2022-03-04T12:00:00Z,161.80,162.67,157.28,158.30,233862682
2022-03-04T16:00:00Z,158.30,159.92,157.23,158.09,267717752
2022-03-04T20:00:00Z,158.09,160.97,156.59,160.25,259827533
2022-03-05T00:00:00Z,160.25,165.63,159.49,164.71,220196272
2022-03-05T04:00:00Z,164.71,165.62,162.93,164.58,192705191
2022-03-05T08:00:00Z,164.58,166.13,162.13,163.03,253362611
2022-03-05T12:00:00Z,163.03,163.98,159.06,160.56,290324698
2022-03-05T16:00:00Z,160.56,163.17,159.70,161.70,281479617
2022-03-05T20:00:00Z,161.70,163.08,159.76,162.22,232562288
2022-03-06T00:00:00Z,162.22,165.30,161.61,163.66,231450622
2022-03-06T04:00:00Z,163.66,164.45,161.12,162.77,278231202
2022-03-06T08:00:00Z,162.77,164.81,161.21,162.00,285192554
2022-03-06T12:00:00Z,162.00,162.96,157.33,158.22,246746472
2022-03-06T16:00:00Z,158.22,159.32,155.41,156.35,185120385
2022-03-06T20:00:00Z,156.35,157.15,153.61,155.97,218467480
2022-03-07T00:00:00Z,155.97,160.24,155.30,159.07,267547919
2022-03-07T04:00:00Z,159.07,159.69,157.18,158.64,274594490
2022-03-07T08:00:00Z,158.64,160.01,155.25,155.86,239360148
2022-03-07T12:00:00Z,155.86,156.74,150.25,151.00,217847386
2022-03-07T16:00:00Z,151.00,152.38,149.75,150.62,273393120
2022-03-07T20:00:00Z,150.62,152.00,148.77,151.10,297362303
2022-03-08T00:00:00Z,151.10,154.01,150.32,152.12,274717393
2022-03-08T04:00:00Z,152.12,152.73,148.47,149.52,214235595
2022-03-08T08:00:00Z,149.52,150.70,146.85,147.45,221374244
2022-03-08T12:00:00Z,147.45,148.19,143.20,144.07,258417483
2022-03-08T16:00:00Z,144.07,145.38,142.07,142.80,258798217
2022-03-08T20:00:00Z,142.80,143.65,140.01,141.73,233009110
2022-03-09T00:00:00Z,141.73,145.19,140.92,144.04,198279960
2022-03-09T04:00:00Z,144.04,145.26,142.43,144.44,251593011
2022-03-09T08:00:00Z,144.44,146.37,142.53,143.23,292028252
2022-03-09T12:00:00Z,143.23,143.83,138.08,138.77,287039307
2022-03-09T16:00:00Z,138.77,140.02,137.53,138.13,240056972
2022-03-09T20:00:00Z,138.13,140.41,136.56,139.68,221524046
2022-03-10T00:00:00Z,139.68,144.12,138.83,142.91,270043873
2022-03-10T04:00:00Z,142.91,143.71,140.43,141.59,281090831
2022-03-10T08:00:00Z,141.59,142.76,138.89,139.67,246791067
2022-03-10T12:00:00Z,139.67,140.18,135.89,137.27,184007754
2022-03-10T16:00:00Z,137.27,139.66,136.66,138.34,216833428
2022-03-10T20:00:00Z,138.34,139.66,136.55,139.04,270455228
2022-03-11T00:00:00Z,139.04,142.68,138.21,141.63,282118519
2022-03-11T04:00:00Z,141.63,143.39,140.28,142.54,249898347
2022-03-11T08:00:00Z,142.54,145.22,141.75,143.26,215653435
2022-03-11T12:00:00Z,143.26,143.92,139.54,140.59,267769604
2022-03-11T16:00:00Z,140.59,142.12,139.46,140.11,295068296
2022-03-11T20:00:00Z,140.11,141.93,138.28,141.43,276190340
2022-03-12T00:00:00Z,141.43,146.41,140.65,145.74,217652116
2022-03-12T04:00:00Z,145.74,146.66,144.29,145.86,208080895
2022-03-12T08:00:00Z,145.86,147.27,142.99,143.84,248222167
2022-03-12T12:00:00Z,143.84,144.61,139.26,140.43,263940590
2022-03-12T16:00:00Z,140.43,142.78,139.79,141.55,245099786
2022-03-12T20:00:00Z,141.55,143.78,140.21,143.14,203207236
2022-03-13T00:00:00Z,143.14,146.75,142.46,145.43,248645191
2022-03-13T04:00:00Z,145.43,146.23,143.14,144.74,292156013
2022-03-13T08:00:00Z,144.74,146.77,143.77,144.57,291001560
2022-03-13T12:00:00Z,144.57,145.42,141.08,142.26,246288261
2022-03-13T16:00:00Z,142.26,143.81,140.66,141.49,214756918
2022-03-13T20:00:00Z,141.49,142.10,138.88,141.04,260524784
2022-03-14T00:00:00Z,141.04,144.94,140.51,143.89,275718403
2022-03-14T04:00:00Z,143.89,144.60,142.26,144.05,245983752
2022-03-14T08:00:00Z,144.05,145.58,141.37,142.06,188883789
2022-03-14T12:00:00Z,142.06,142.90,136.44,137.21,215349640
2022-03-14T16:00:00Z,137.21,138.38,135.95,136.77,272231603
2022-03-14T20:00:00Z,136.77,139.16,135.28,138.36,288273533
2022-03-15T00:00:00Z,138.36,142.56,137.77,141.25,259183730
2022-03-15T04:00:00Z,141.25,141.81,138.73,139.92,216624882
2022-03-15T08:00:00Z,139.92,141.34,137.98,138.53,260679366
2022-03-15T12:00:00Z,138.53,139.31,135.16,136.40,291148313
2022-03-15T16:00:00Z,136.40,138.49,135.57,136.92,276261610
2022-03-15T20:00:00Z,136.92,137.71,134.85,136.86,220220984
2022-03-16T00:00:00Z,136.86,140.26,136.16,139.11,194174773
2022-03-16T04:00:00Z,139.11,140.40,137.48,139.70,241877253
2022-03-16T08:00:00Z,139.70,142.05,139.02,139.58,270711159
2022-03-16T12:00:00Z,139.58,140.29,135.36,136.12,256280067
2022-03-16T16:00:00Z,136.12,137.52,135.06,135.76,211605345
2022-03-16T20:00:00Z,135.76,138.70,134.32,137.90,244475307
2022-03-17T00:00:00Z,137.90,143.77,137.11,142.91,290668430
2022-03-17T04:00:00Z,142.91,144.46,141.70,143.65,293328657
2022-03-17T08:00:00Z,143.65,145.55,142.15,142.85,251232274
2022-03-17T12:00:00Z,142.85,143.46,139.58,141.14,207007251
2022-03-17T16:00:00Z,141.14,144.38,140.39,143.54,249816754
2022-03-17T20:00:00Z,143.54,146.51,142.42,145.74,269207110
2022-03-18T00:00:00Z,145.74,149.94,144.85,148.77,246421137
2022-03-18T04:00:00Z,148.77,150.24,147.14,149.35,202956740
2022-03-18T08:00:00Z,149.35,152.15,148.63,150.38,213208789
2022-03-18T12:00:00Z,150.38,150.93,147.44,148.84,272773926
2022-03-18T16:00:00Z,148.84,150.91,148.18,149.14,292944896
2022-03-18T20:00:00Z,149.14,151.32,147.36,150.65,267104611
2022-03-19T00:00:00Z,150.65,156.58,149.75,155.74,216498643
2022-03-19T04:00:00Z,155.74,158.58,154.80,157.65,252187923
2022-03-19T08:00:00Z,157.65,159.92,156.22,157.16,285674130
2022-03-19T12:00:00Z,157.16,157.88,152.88,154.16,274999932
2022-03-19T16:00:00Z,154.16,156.69,153.61,155.49,222013239
2022-03-19T20:00:00Z,155.49,158.48,154.25,157.92,184561393
2022-03-20T00:00:00Z,157.92,162.09,157.05,160.89,241569434
2022-03-20T04:00:00Z,160.89,161.84,158.39,159.74,276465743
2022-03-20T08:00:00Z,159.74,161.29,157.82,158.77,266375575
2022-03-20T12:00:00Z,158.77,159.62,155.21,156.61,219098257
2022-03-20T16:00:00Z,156.61,158.70,155.77,156.61,239062634
2022-03-20T20:00:00Z,156.61,157.18,154.12,156.34,287553869
2022-03-21T00:00:00Z,156.34,160.04,155.60,158.96,294011637
2022-03-21T04:00:00Z,158.96,160.45,157.39,159.68,254890733
2022-03-21T08:00:00Z,159.68,161.84,158.03,158.92,202635163
2022-03-21T12:00:00Z,158.92,159.84,153.63,154.56,238082571
2022-03-21T16:00:00Z,154.56,155.68,152.60,153.50,261704488
2022-03-21T20:00:00Z,153.50,155.38,151.52,154.57,253118173
2022-03-22T00:00:00Z,154.57,158.89,153.97,157.54,216584936
2022-03-22T04:00:00Z,157.54,158.31,154.84,155.83,210329323
2022-03-22T08:00:00Z,155.83,156.96,152.31,153.06,271998411
2022-03-22T12:00:00Z,153.06,153.97,148.51,149.71,296042393
2022-03-22T16:00:00Z,149.71,151.72,148.83,150.15,273575087
2022-03-22T20:00:00Z,150.15,151.17,148.07,150.30,219517058
2022-03-23T00:00:00Z,150.30,153.47,149.67,152.01,242387476
2022-03-23T04:00:00Z,152.01,152.61,149.92,151.89,278743675
2022-03-23T08:00:00Z,151.89,154.31,151.13,151.94,272495787
2022-03-23T12:00:00Z,151.94,152.80,148.01,148.89,223113940
2022-03-23T16:00:00Z,148.89,150.15,146.99,147.84,180364943
2022-03-23T20:00:00Z,147.84,149.32,145.72,148.43,241811107
2022-03-24T00:00:00Z,148.43,153.24,147.67,152.33,281063123
2022-03-24T04:00:00Z,152.33,153.23,150.74,152.47,275229342
2022-03-24T08:00:00Z,152.47,153.92,149.84,150.44,229810144
2022-03-24T12:00:00Z,150.44,151.20,145.78,146.78,232410971
2022-03-24T16:00:00Z,146.78,149.00,145.93,147.89,282829243
2022-03-24T20:00:00Z,147.89,150.79,146.60,149.92,293070150
2022-03-25T00:00:00Z,149.92,154.07,149.06,152.72,257290043
2022-03-25T04:00:00Z,152.72,153.46,150.54,152.24,197508704
2022-03-25T08:00:00Z,152.24,154.50,151.58,152.32,225501722
2022-03-25T12:00:00Z,152.32,152.97,149.28,150.66,256697559
2022-03-25T16:00:00Z,150.66,152.72,149.86,150.65,262655047
2022-03-25T20:00:00Z,150.65,151.53,148.30,150.62,229525753
2022-03-26T00:00:00Z,150.62,154.74,149.71,153.70,210884029
2022-03-26T04:00:00Z,153.70,155.29,152.31,154.36,269843172
2022-03-26T08:00:00Z,154.36,156.30,152.17,153.02,297502263
2022-03-26T12:00:00Z,153.02,153.57,147.67,148.46,278536362
2022-03-26T16:00:00Z,148.46,149.79,147.38,147.91,221436119
2022-03-26T20:00:00Z,147.91,150.16,146.29,149.49,231395477
2022-03-27T00:00:00Z,149.49,153.79,148.60,152.53,270478881
2022-03-27T04:00:00Z,152.53,153.43,149.82,150.99,268858772
2022-03-27T08:00:00Z,150.99,152.18,147.99,148.88,224753277
2022-03-27T12:00:00Z,148.88,149.55,144.71,145.93,185997860
2022-03-27T16:00:00Z,145.93,147.87,145.15,145.82,241223093
2022-03-27T20:00:00Z,145.82,146.49,143.20,144.88,284378220
2022-03-28T00:00:00Z,144.88,147.38,144.08,145.70,282705015
2022-03-28T04:00:00Z,145.70,146.56,143.28,144.65,239376015
2022-03-28T08:00:00Z,144.65,146.17,142.25,143.10,224549462
2022-03-28T12:00:00Z,143.10,143.86,137.34,138.15,276540017
2022-03-28T16:00:00Z,138.15,138.77,135.09,135.82,290551722
2022-03-28T20:00:00Z,135.82,136.32,133.28,135.72,258479806
2022-03-29T00:00:00Z,135.72,139.78,135.07,138.73,195992921
2022-03-29T04:00:00Z,138.73,139.50,136.62,137.60,212266758
2022-03-29T08:00:00Z,137.60,138.70,133.86,134.62,257877049
2022-03-29T12:00:00Z,134.62,135.40,129.52,130.45,271252407
2022-03-29T16:00:00Z,130.45,132.17,129.76,130.65,241590654
2022-03-29T20:00:00Z,130.65,131.69,128.77,131.01,210551239
2022-03-30T00:00:00Z,131.01,133.75,130.50,132.10,266270311
2022-03-30T04:00:00Z,132.10,132.74,129.36,130.51,297288683
2022-03-30T08:00:00Z,130.51,132.16,128.98,129.62,281957467
2022-03-30T12:00:00Z,129.62,130.39,125.76,126.68,226516784
2022-03-30T16:00:00Z,126.68,127.88,124.95,125.71,219352642
2022-03-30T20:00:00Z,125.71,126.48,123.38,125.75,261023049
2022-03-31T00:00:00Z,125.75,130.29,125.23,129.57,264214555
2022-03-31T04:00:00Z,129.57,131.32,128.57,130.78,232273229
2022-03-31T08:00:00Z,130.78,132.79,129.37,129.89,191886137
2022-03-31T12:00:00Z,129.89,130.63,125.49,126.35,239711341
2022-03-31T16:00:00Z,126.35,128.30,125.58,127.20,286305261
2022-03-31T20:00:00Z,127.20,130.47,126.11,129.70,288689615
2022-04-01T00:00:00Z,129.70,134.23,129.04,133.12,247695202
2022-04-01T04:00:00Z,133.12,133.64,131.00,132.32,219773155
2022-04-01T08:00:00Z,132.32,134.01,131.11,131.63,268759611
2022-04-01T12:00:00Z,131.63,132.30,128.71,130.13,286530414
2022-04-01T16:00:00Z,130.13,132.54,129.37,131.22,258530810
2022-04-01T20:00:00Z,131.22,132.71,129.54,131.94,193955078
2022-04-02T00:00:00Z,131.94,136.16,131.19,135.29,203483499
2022-04-02T04:00:00Z,135.29,137.70,134.26,136.93,260498452
2022-04-02T08:00:00Z,136.93,139.66,136.40,137.45,278747409
2022-04-02T12:00:00Z,137.45,138.04,133.40,134.30,252606611
2022-04-02T16:00:00Z,134.30,135.81,133.47,134.05,213509057
2022-04-02T20:00:00Z,134.05,136.61,132.61,135.89,261267522
2022-04-03T00:00:00Z,135.89,140.90,135.07,139.93,295394637
2022-04-03T04:00:00Z,139.93,140.71,138.03,139.28,283835364
2022-04-03T08:00:00Z,139.28,140.42,136.35,137.11,230532252
2022-04-03T12:00:00Z,137.11,137.60,132.88,134.11,206420420
2022-04-03T16:00:00Z,134.11,136.38,133.51,135.13,250537752
2022-04-03T20:00:00Z,135.13,136.54,133.45,135.92,260913735
2022-04-04T00:00:00Z,135.92,139.14,135.11,137.85,244179363
2022-04-04T04:00:00Z,137.85,138.67,135.94,137.59,201523071
2022-04-04T08:00:00Z,137.59,139.79,136.80,137.61,237196764
2022-04-04T12:00:00Z,137.61,138.24,133.78,134.73,286760538
2022-04-04T16:00:00Z,134.73,135.98,132.96,133.57,293095798
2022-04-04T20:00:00Z,133.57,134.18,131.17,133.63,254692583
2022-04-05T00:00:00Z,133.63,137.85,132.89,137.09,213891209
2022-04-05T04:00:00Z,137.09,137.91,135.60,137.12,259588176
2022-04-05T08:00:00Z,137.12,138.48,134.09,134.90,281104907
2022-04-05T12:00:00Z,134.90,135.61,129.80,130.70,257532588
2022-04-05T16:00:00Z,130.70,132.53,130.12,131.30,196328654
2022-04-05T20:00:00Z,131.30,133.84,130.11,133.26,200786423
2022-04-06T00:00:00Z,133.26,137.28,132.62,136.12,262173742
2022-04-06T04:00:00Z,136.12,136.88,133.97,135.45,284992535
2022-04-06T08:00:00Z,135.45,137.38,134.57,135.33,262419474
2022-04-06T12:00:00Z,135.33,136.12,132.49,133.93,215445651
2022-04-06T16:00:00Z,133.93,136.15,133.23,134.53,254849094
2022-04-06T20:00:00Z,134.53,135.67,132.48,134.97,291842187
2022-04-07T00:00:00Z,134.97,139.27,134.44,138.44,284194448
2022-04-07T04:00:00Z,138.44,140.49,137.36,139.94,233518067
2022-04-07T08:00:00Z,139.94,142.41,139.14,139.90,197018297
2022-04-07T12:00:00Z,139.90,140.73,135.63,136.60,239199384
2022-04-07T16:00:00Z,136.60,138.40,135.80,137.16,263768826
2022-04-07T20:00:00Z,137.16,140.95,136.10,140.14,255297681
2022-04-08T00:00:00Z,140.14,145.87,139.56,145.07,210502235
2022-04-08T04:00:00Z,145.07,146.03,143.62,145.44,233618020
2022-04-08T08:00:00Z,145.44,147.43,144.38,144.97,285684741
2022-04-08T12:00:00Z,144.97,145.80,142.06,143.76,295863575
2022-04-08T16:00:00Z,143.76,146.96,142.89,145.78,260319495
2022-04-08T20:00:00Z,145.78,147.93,144.40,147.05,211217907
2022-04-09T00:00:00Z,147.05,150.89,146.31,149.70,249150794
2022-04-09T04:00:00Z,149.70,151.08,148.01,150.34,274396094
2022-04-09T08:00:00Z,150.34,152.96,149.71,150.76,255590562
2022-04-09T12:00:00Z,150.76,151.53,146.97,147.85,204149785
2022-04-09T16:00:00Z,147.85,149.27,146.37,147.14,198815731
2022-04-09T20:00:00Z,147.14,149.16,145.32,148.29,262791328
2022-04-10T00:00:00Z,148.29,153.55,147.44,152.63,289858951
2022-04-10T04:00:00Z,152.63,153.80,151.17,152.94,270896908
2022-04-10T08:00:00Z,152.94,154.43,150.24,150.97,220552740
2022-04-10T12:00:00Z,150.97,151.62,146.21,147.27,247056354
2022-04-10T16:00:00Z,147.27,149.33,146.49,147.88,286682095
2022-04-10T20:00:00Z,147.88,149.56,146.23,148.77,283085431
2022-04-11T00:00:00Z,148.77,151.78,147.87,150.08,235529991
2022-04-11T04:00:00Z,150.08,150.90,146.89,148.12,187068949
2022-04-11T08:00:00Z,148.12,149.59,145.86,146.67,230748404
2022-04-11T12:00:00Z,146.67,147.20,142.39,143.36,269157499
2022-04-11T16:00:00Z,143.36,144.56,141.35,141.85,265446116
2022-04-11T20:00:00Z,141.85,142.61,138.94,140.84,222911325
2022-04-12T00:00:00Z,140.84,144.39,140.00,143.34,228933898
2022-04-12T04:00:00Z,143.34,144.31,141.85,143.46,283044745
2022-04-12T08:00:00Z,143.46,144.96,140.69,141.53,296961440
2022-04-12T12:00:00Z,141.53,142.16,135.82,136.56,264554034
2022-04-12T16:00:00Z,136.56,137.68,135.10,135.71,207579607
2022-04-12T20:00:00Z,135.71,137.25,133.94,136.76,237595125
2022-04-13T00:00:00Z,136.76,140.30,136.00,139.02,266544191
2022-04-13T04:00:00Z,139.02,139.84,135.94,136.86,254070134
2022-04-13T08:00:00Z,136.86,137.94,133.75,134.55,217273249
2022-04-13T12:00:00Z,134.55,135.26,130.52,131.69,200561762
2022-04-13T16:00:00Z,131.69,133.64,131.11,131.84,262255135
2022-04-13T20:00:00Z,131.84,132.33,129.60,131.64,293239486
2022-04-14T00:00:00Z,131.64,134.88,131.00,133.83,277930863
2022-04-14T04:00:00Z,133.83,135.10,132.25,134.45,224535062
2022-04-14T08:00:00Z,134.45,136.77,133.64,134.47,237957489
2022-04-14T12:00:00Z,134.47,135.24,130.15,130.97,279992851
2022-04-14T16:00:00Z,130.97,132.16,129.39,130.15,280583667
2022-04-14T20:00:00Z,130.15,132.12,128.36,131.44,236641704
2022-04-15T00:00:00Z,131.44,136.31,130.92,135.40,181002705
2022-04-15T04:00:00Z,135.40,136.07,133.63,134.93,228670173
2022-04-15T08:00:00Z,134.93,136.16,132.06,132.72,273556061
2022-04-15T12:00:00Z,132.72,133.50,128.39,129.54,274456543
2022-04-15T16:00:00Z,129.54,131.91,128.79,130.70,234343696
2022-04-15T20:00:00Z,130.70,132.70,129.29,131.94,223125260
2022-04-16T00:00:00Z,131.94,135.41,131.39,134.08,278834861
2022-04-16T04:00:00Z,134.08,134.62,131.99,133.69,296386869
2022-04-16T08:00:00Z,133.69,135.92,133.01,133.74,267400760
2022-04-16T12:00:00Z,133.74,134.50,130.24,131.14,207304840
2022-04-16T16:00:00Z,131.14,132.37,129.31,130.07,225088565
2022-04-16T20:00:00Z,130.07,130.80,127.64,129.75,257705471
2022-04-17T00:00:00Z,129.75,133.74,129.10,132.77,258446680
2022-04-17T04:00:00Z,132.77,133.28,131.09,132.59,230309642
2022-04-17T08:00:00Z,132.59,133.86,129.53,130.03,201673610
2022-04-17T12:00:00Z,130.03,130.70,124.46,124.99,260487538
2022-04-17T16:00:00Z,124.99,126.20,123.86,124.51,295051180
2022-04-17T20:00:00Z,124.51,126.32,123.03,125.59,283439508
2022-04-18T00:00:00Z,125.59,129.01,124.87,127.55,231602937
2022-04-18T04:00:00Z,127.55,128.16,124.54,125.52,227646751
2022-04-18T08:00:00Z,125.52,126.63,123.10,123.69,271879092
2022-04-18T12:00:00Z,123.69,124.23,119.79,120.75,276786966
2022-04-18T16:00:00Z,120.75,122.24,119.43,119.96,236942109
2022-04-18T20:00:00Z,119.96,120.66,117.27,118.70,179923167
2022-04-19T00:00:00Z,118.70,121.36,117.98,120.12,228014260
2022-04-19T04:00:00Z,120.12,120.78,118.25,119.72,276832145
2022-04-19T08:00:00Z,119.72,121.26,117.46,118.11,282178317
2022-04-19T12:00:00Z,118.11,118.52,112.62,113.15,244652879
2022-04-19T16:00:00Z,113.15,113.92,111.35,111.75,220436774
2022-04-19T20:00:00Z,111.75,113.42,110.01,112.90,273077480
2022-04-20T00:00:00Z,112.90,117.35,112.22,116.47,294166219
2022-04-20T04:00:00Z,116.47,117.16,114.54,115.63,268889806
2022-04-20T08:00:00Z,115.63,116.71,113.05,113.73,206230412
2022-04-20T12:00:00Z,113.73,114.23,109.98,111.18,211814980
2022-04-20T16:00:00Z,111.18,113.56,110.78,112.41,250487028
2022-04-20T20:00:00Z,112.41,113.66,110.89,113.24,266678620
2022-04-21T00:00:00Z,113.24,116.37,112.61,115.35,242573935
2022-04-21T04:00:00Z,115.35,116.12,113.65,115.48,206293927
2022-04-21T08:00:00Z,115.48,117.69,114.79,115.91,257431921
2022-04-21T12:00:00Z,115.91,116.51,112.53,113.50,295237317
2022-04-21T16:00:00Z,113.50,115.02,112.66,113.26,287368576
2022-04-21T20:00:00Z,113.26,115.30,111.67,114.81,237480797
2022-04-22T00:00:00Z,114.81,120.40,114.24,119.94,216243085
2022-04-22T04:00:00Z,119.94,122.14,119.18,121.55,262469455
2022-04-22T08:00:00Z,121.55,123.46,120.22,120.91,271812921
2022-04-22T12:00:00Z,120.91,121.60,117.11,118.34,237220992
2022-04-22T16:00:00Z,118.34,121.12,117.72,120.25,189128346
2022-04-22T20:00:00Z,120.25,123.55,119.43,122.91,226642575
2022-04-23T00:00:00Z,122.91,127.18,122.42,126.06,278868943
2022-04-23T04:00:00Z,126.06,126.69,124.06,125.62,288481464
2022-04-23T08:00:00Z,125.62,127.66,124.90,125.65,253714920
2022-04-23T12:00:00Z,125.65,126.40,122.84,124.15,216626364
2022-04-23T16:00:00Z,124.15,126.12,123.43,124.55,265823109
2022-04-23T20:00:00Z,124.55,125.77,122.58,125.06,290353987
2022-04-24T00:00:00Z,125.06,129.52,124.54,128.80,269075413
2022-04-24T04:00:00Z,128.80,130.86,127.84,130.34,208690746
2022-04-24T08:00:00Z,130.34,132.64,129.41,129.95,197971072
2022-04-24T12:00:00Z,129.95,130.69,125.43,126.13,249500085
2022-04-24T16:00:00Z,126.13,127.47,125.28,126.01,273956860
2022-04-24T20:00:00Z,126.01,128.60,124.71,127.83,253881339
2022-04-25T00:00:00Z,127.83,132.20,127.19,131.04,210070084
2022-04-25T04:00:00Z,131.04,131.54,128.50,129.55,253054794
2022-04-25T08:00:00Z,129.55,130.65,126.92,127.41,293768910
2022-04-25T12:00:00Z,127.41,128.07,123.61,124.67,289692123
2022-04-25T16:00:00Z,124.67,126.70,123.93,125.19,242158484
2022-04-25T20:00:00Z,125.19,125.97,123.29,125.24,208128463
2022-04-26T00:00:00Z,125.24,128.42,124.53,127.22,251913938
2022-04-26T04:00:00Z,127.22,128.23,125.49,127.51,265795855
2022-04-26T08:00:00Z,127.51,129.83,126.90,127.51,242768026
2022-04-26T12:00:00Z,127.51,128.06,123.36,124.08,199026924
2022-04-26T16:00:00Z,124.08,125.19,122.45,122.99,224465728
2022-04-26T20:00:00Z,122.99,124.53,121.08,123.86,279568328
2022-04-27T00:00:00Z,123.86,128.59,123.11,127.75,293259445
2022-04-27T04:00:00Z,127.75,128.45,126.21,127.51,261430480
2022-04-27T08:00:00Z,127.51,128.68,124.67,125.36,215957475
2022-04-27T12:00:00Z,125.36,125.79,120.95,122.06,257149783
2022-04-27T16:00:00Z,122.06,124.43,121.50,123.43,285031470
2022-04-27T20:00:00Z,123.43,125.90,122.29,125.33,268033945
2022-04-28T00:00:00Z,125.33,129.20,124.57,128.11,210523339
2022-04-28T04:00:00Z,128.11,128.92,126.42,128.15,187541037
2022-04-28T08:00:00Z,128.15,130.55,127.45,128.85,250919906
2022-04-28T12:00:00Z,128.85,129.42,126.09,127.40,280127208
2022-04-28T16:00:00Z,127.40,129.36,126.93,127.58,264062846
2022-04-28T20:00:00Z,127.58,128.74,125.60,128.27,217148657
2022-04-29T00:00:00Z,128.27,132.99,127.55,132.36,247347389
2022-04-29T04:00:00Z,132.36,134.44,131.37,133.70,290645580
2022-04-29T08:00:00Z,133.70,135.59,132.05,132.84,290412653
2022-04-29T12:00:00Z,132.84,133.54,128.26,129.21,245650240
2022-04-29T16:00:00Z,129.21,131.13,128.65,129.98,199193970
2022-04-29T20:00:00Z,129.98,133.19,128.90,132.62,240380792
2022-04-30T00:00:00Z,132.62,137.32,131.96,136.34,260243781
2022-04-30T04:00:00Z,136.34,137.10,134.35,135.73,253223601
2022-04-30T08:00:00Z,135.73,137.34,134.19,134.95,212637042
2022-04-30T12:00:00Z,134.95,135.73,131.77,133.17,221408103
2022-04-30T16:00:00Z,133.17,135.37,132.48,133.71,278853616
2022-04-30T20:00:00Z,133.71,134.27,131.45,133.46,296431418
2022-05-01T00:00:00Z,133.46,136.60,132.93,135.37,267726404
2022-05-01T04:00:00Z,135.37,136.05,133.52,135.37,214207275
2022-05-01T08:00:00Z,135.37,137.26,133.64,134.31,247161870
2022-05-01T12:00:00Z,134.31,135.11,128.91,129.66,278304864
2022-05-01T16:00:00Z,129.66,130.49,127.20,127.97,265861438
2022-05-01T20:00:00Z,127.97,129.31,125.88,128.58,211946859
2022-05-02T00:00:00Z,128.58,132.86,128.05,131.73,188034506
2022-05-02T04:00:00Z,131.73,132.27,129.38,130.35,251477276
2022-05-02T08:00:00Z,130.35,131.36,126.82,127.35,285050499
2022-05-02T12:00:00Z,127.35,128.08,122.53,123.34,272968583
2022-05-02T16:00:00Z,123.34,124.88,122.53,123.25,223185996
2022-05-02T20:00:00Z,123.25,123.94,121.15,122.81,240326714
2022-05-03T00:00:00Z,122.81,125.11,122.20,123.24,285895832
2022-05-03T04:00:00Z,123.24,123.71,120.19,121.31,289560625
2022-05-03T08:00:00Z,121.31,122.69,119.37,119.83,247993430
2022-05-03T12:00:00Z,119.83,120.45,115.26,115.77,193828795
2022-05-03T16:00:00Z,115.77,116.57,113.08,113.68,228053060
2022-05-03T20:00:00Z,113.68,114.35,111.14,113.03,260771575
2022-05-04T00:00:00Z,113.03,116.97,112.39,116.10,263215982
2022-05-04T04:00:00Z,116.10,116.71,114.60,116.06,225522574
2022-05-04T08:00:00Z,116.06,117.25,113.27,113.81,217410649
2022-05-04T12:00:00Z,113.81,114.30,108.71,109.35,276671866
2022-05-04T16:00:00Z,109.35,110.83,108.76,109.47,297943966
2022-05-04T20:00:00Z,109.47,111.44,108.18,110.84,272556665
2022-05-05T00:00:00Z,110.84,114.26,110.17,112.94,215657964
2022-05-05T04:00:00Z,112.94,113.55,110.24,111.27,235988293
2022-05-05T08:00:00Z,111.27,112.59,109.48,110.08,270302830
2022-05-05T12:00:00Z,110.08,110.46,106.75,107.86,262670730
2022-05-05T16:00:00Z,107.86,109.65,107.36,107.92,218250227
2022-05-05T20:00:00Z,107.92,108.50,105.82,107.95,190012976
2022-05-06T00:00:00Z,107.95,111.81,107.30,111.11,251067736
2022-05-06T04:00:00Z,111.11,113.11,110.14,112.44,288605910
2022-05-06T08:00:00Z,112.44,114.66,111.61,112.28,280470788
2022-05-06T12:00:00Z,112.28,112.77,107.89,108.60,232341998
2022-05-06T16:00:00Z,108.60,109.90,107.88,108.36,232036027
2022-05-06T20:00:00Z,108.36,110.66,107.08,110.25,279576707
2022-05-07T00:00:00Z,110.25,114.73,109.62,113.93,287193358
2022-05-07T04:00:00Z,113.93,114.60,111.89,112.88,249246735
2022-05-07T08:00:00Z,112.88,113.94,110.15,110.81,187925362
2022-05-07T12:00:00Z,110.81,111.38,106.98,108.10,217789159
2022-05-07T16:00:00Z,108.10,110.21,107.63,108.97,264795660
2022-05-07T20:00:00Z,108.97,109.84,107.25,109.38,272195558
2022-05-08T00:00:00Z,109.38,112.36,108.84,111.28,237501396
2022-05-08T04:00:00Z,111.28,111.90,109.48,111.24,216673587
2022-05-08T08:00:00Z,111.24,113.28,110.48,111.11,272995703
2022-05-08T12:00:00Z,111.11,111.75,107.00,107.65,297772221
2022-05-08T16:00:00Z,107.65,108.46,105.49,106.10,275902718
2022-05-08T20:00:00Z,106.10,106.67,103.83,106.13,216104004
2022-05-09T00:00:00Z,106.13,110.17,105.70,109.29,223780206
2022-05-09T04:00:00Z,109.29,109.84,107.52,108.52,261173601
2022-05-09T08:00:00Z,108.52,109.47,105.00,105.53,259390186
2022-05-09T12:00:00Z,105.53,106.16,100.35,100.99,230207248
2022-05-09T16:00:00Z,100.99,102.38,100.40,101.15,195786072
2022-05-09T20:00:00Z,101.15,102.72,99.72,102.14,249601344
2022-05-10T00:00:00Z,102.14,105.22,101.72,103.91,290693937
2022-05-10T04:00:00Z,103.91,104.33,101.47,102.56,286466271
2022-05-10T08:00:00Z,102.56,104.13,101.43,101.86,240289848
2022-05-10T12:00:00Z,101.86,102.44,98.56,99.42,222544695
2022-05-10T16:00:00Z,99.42,100.70,98.16,98.74,271772800
2022-05-10T20:00:00Z,98.74,99.29,96.47,98.31,283393371
2022-05-11T00:00:00Z,98.31,101.99,97.82,101.24,249487876
2022-05-11T04:00:00Z,101.24,102.40,100.05,101.90,185867787
2022-05-11T08:00:00Z,101.90,103.58,100.35,100.73,213992586
2022-05-11T12:00:00Z,100.73,101.25,96.14,96.66,267875839
2022-05-11T16:00:00Z,96.66,98.05,96.09,96.95,280001491
2022-05-11T20:00:00Z,96.95,100.13,95.95,99.55,248408574
2022-05-12T00:00:00Z,99.55,104.48,98.98,103.74,214906951
2022-05-12T04:00:00Z,103.74,104.23,102.20,103.62,267824555
2022-05-12T08:00:00Z,103.62,105.33,102.74,103.23,295920400
2022-05-12T12:00:00Z,103.23,103.68,100.66,102.17,277773228
2022-05-12T16:00:00Z,102.17,104.90,101.61,104.01,219842499
2022-05-12T20:00:00Z,104.01,105.75,102.71,105.18,210708165
2022-05-13T00:00:00Z,105.18,109.12,104.55,108.34,251081691
2022-05-13T04:00:00Z,108.34,110.41,107.35,109.75,261333104
2022-05-13T08:00:00Z,109.75,112.43,109.25,110.64,242444680
2022-05-13T12:00:00Z,110.64,111.02,107.19,108.11,200972875
2022-05-13T16:00:00Z,108.11,109.71,107.61,108.30,247005607
2022-05-13T20:00:00Z,108.30,111.24,107.11,110.72,291238913
2022-05-14T00:00:00Z,110.72,116.70,110.05,116.06,290878376
2022-05-14T04:00:00Z,116.06,117.77,115.21,117.07,246968587
2022-05-14T08:00:00Z,117.07,118.75,115.45,116.14,216187764
2022-05-14T12:00:00Z,116.14,116.65,112.62,113.91,262594705
2022-05-14T16:00:00Z,113.91,116.73,113.49,115.78,278266170
2022-05-14T20:00:00Z,115.78,117.94,114.70,117.50,248810927
2022-05-15T00:00:00Z,117.50,120.88,116.84,119.77,187540602
2022-05-15T04:00:00Z,119.77,120.48,117.77,119.22,212628885
2022-05-15T08:00:00Z,119.22,121.12,118.40,119.11,269888383
2022-05-15T12:00:00Z,119.11,119.73,115.65,116.61,286490360
2022-05-15T16:00:00Z,116.61,117.99,115.22,115.82,258099493
2022-05-15T20:00:00Z,115.82,116.41,113.58,115.92,216324032
2022-05-16T00:00:00Z,115.92,120.21,115.34,119.57,261185336
2022-05-16T04:00:00Z,119.57,120.88,118.42,120.28,292421692
2022-05-16T08:00:00Z,120.28,121.77,117.98,118.66,278203217
2022-05-16T12:00:00Z,118.66,119.33,113.60,114.29,222679587
2022-05-16T16:00:00Z,114.29,115.68,113.57,114.23,196958877
2022-05-16T20:00:00Z,114.23,116.21,112.83,115.62,241752394
2022-05-17T00:00:00Z,115.62,119.13,115.15,117.79,267935074
2022-05-17T04:00:00Z,117.79,118.38,114.97,115.79,253836876
2022-05-17T08:00:00Z,115.79,116.84,113.39,113.97,209685343
2022-05-17T12:00:00Z,113.97,114.64,110.28,111.32,243228043
2022-05-17T16:00:00Z,111.32,112.95,110.53,111.20,290191054
2022-05-17T20:00:00Z,111.20,111.75,108.95,110.84,293658351
2022-05-18T00:00:00Z,110.84,114.24,110.39,113.29,252343355
2022-05-18T04:00:00Z,113.29,114.55,111.99,114.11,208813181
2022-05-18T08:00:00Z,114.11,116.30,113.34,113.82,252176870
2022-05-18T12:00:00Z,113.82,114.47,109.44,110.01,271937584
2022-05-18T16:00:00Z,110.01,111.02,108.72,109.36,247566151
2022-05-18T20:00:00Z,109.36,111.63,107.96,110.97,200135853
2022-05-19T00:00:00Z,110.97,115.69,110.42,114.84,210674890
2022-05-19T04:00:00Z,114.84,115.27,113.05,114.16,270724378
2022-05-19T08:00:00Z,114.16,115.28,111.80,112.22,291539338
2022-05-19T12:00:00Z,112.22,112.81,108.58,109.65,266452519
2022-05-19T16:00:00Z,109.65,112.11,109.00,111.12,216650808
2022-05-19T20:00:00Z,111.12,113.07,109.93,112.40,253132493
2022-05-20T00:00:00Z,112.40,116.01,111.77,114.96,287337535
2022-05-20T04:00:00Z,114.96,116.06,113.37,115.43,277252608
2022-05-20T08:00:00Z,115.43,117.93,115.00,116.12,224679731
2022-05-20T12:00:00Z,116.12,116.64,112.88,113.79,186971876
2022-05-20T16:00:00Z,113.79,115.19,112.66,113.17,238714443
2022-05-20T20:00:00Z,113.17,114.42,111.23,113.80,273850748
2022-05-21T00:00:00Z,113.80,118.43,113.12,117.71,264204253
2022-05-21T04:00:00Z,117.71,118.65,116.44,117.96,217539734
2022-05-21T08:00:00Z,117.96,119.20,115.19,115.82,238238300
2022-05-21T12:00:00Z,115.82,116.23,110.87,111.65,287527933
2022-05-21T16:00:00Z,111.65,113.32,111.13,112.10,294786115
2022-05-21T20:00:00Z,112.10,114.13,110.84,113.60,256405305
2022-05-22T00:00:00Z,113.60,117.01,112.91,115.73,204771858
2022-05-22T04:00:00Z,115.73,116.41,113.11,114.20,240674965
2022-05-22T08:00:00Z,114.20,115.55,112.36,113.02,264550661
2022-05-22T12:00:00Z,113.02,113.51,109.32,110.24,251060510
2022-05-22T16:00:00Z,110.24,111.53,108.70,109.18,213898760
2022-05-22T20:00:00Z,109.18,109.70,106.40,107.83,208044464
2022-05-23T00:00:00Z,107.83,110.47,107.22,109.44,270292834
2022-05-23T04:00:00Z,109.44,110.09,107.63,108.85,295048943
2022-05-23T08:00:00Z,108.85,110.05,105.88,106.52,273371144
2022-05-23T12:00:00Z,106.52,107.06,100.30,100.89,220118505
2022-05-23T16:00:00Z,100.89,101.38,98.65,99.16,243747468
2022-05-23T20:00:00Z,99.16,100.20,97.31,99.78,280756285
2022-05-24T00:00:00Z,99.78,103.32,99.28,102.23,275004252
2022-05-24T04:00:00Z,102.23,102.80,99.54,100.17,225922880
2022-05-24T08:00:00Z,100.17,100.97,96.86,97.42,179574527
2022-05-24T12:00:00Z,97.42,97.97,93.17,94.02,239063941
2022-05-24T16:00:00Z,94.02,95.57,93.35,93.89,278673390
2022-05-24T20:00:00Z,93.89,94.27,91.67,93.15,273383179
2022-05-25T00:00:00Z,93.15,95.40,92.77,94.09,228651347
2022-05-25T04:00:00Z,94.09,94.57,92.00,93.30,232029795
2022-05-25T08:00:00Z,93.30,94.92,91.97,92.44,283255380
2022-05-25T12:00:00Z,92.44,92.99,87.96,88.47,294270408
2022-05-25T16:00:00Z,88.47,89.18,86.52,87.04,259170936
2022-05-25T20:00:00Z,87.04,88.31,85.21,87.81,199923727
2022-05-26T00:00:00Z,87.81,92.51,87.46,91.97,228262775
2022-05-26T04:00:00Z,91.97,92.61,90.83,92.25,257177398
2022-05-26T08:00:00Z,92.25,93.48,90.17,90.55,259857307
2022-05-26T12:00:00Z,90.55,91.07,86.58,87.45,227040210
2022-05-26T16:00:00Z,87.45,89.69,86.92,88.83,208904281
2022-05-26T20:00:00Z,88.83,91.14,87.91,90.60,268523418
2022-05-27T00:00:00Z,90.60,94.04,90.15,92.97,296945301
2022-05-27T04:00:00Z,92.97,93.32,91.02,92.35,278785572
2022-05-27T08:00:00Z,92.35,94.23,91.94,92.38,222472089
2022-05-27T12:00:00Z,92.38,92.86,89.62,90.52,233137518
2022-05-27T16:00:00Z,90.52,92.12,89.98,90.51,272791306
2022-05-27T20:00:00Z,90.51,91.65,88.81,91.12,271561468
2022-05-28T00:00:00Z,91.12,95.82,90.60,95.25,226501582
2022-05-28T04:00:00Z,95.25,97.38,94.61,96.85,183160156
2022-05-28T08:00:00Z,96.85,98.83,95.81,96.26,238651166
2022-05-28T12:00:00Z,96.26,96.69,91.94,92.60,282272396
2022-05-28T16:00:00Z,92.60,94.12,92.09,93.01,281229315
2022-05-28T20:00:00Z,93.01,95.63,91.99,95.11,238645379
2022-05-29T00:00:00Z,95.11,99.21,94.53,98.18,224620799
2022-05-29T04:00:00Z,98.18,98.71,95.85,96.76,277407770
2022-05-29T08:00:00Z,96.76,97.79,94.60,95.11,292148305
2022-05-29T12:00:00Z,95.11,95.45,91.69,92.72,260680859
2022-05-29T16:00:00Z,92.72,94.58,92.29,93.09,198627008
2022-05-29T20:00:00Z,93.09,93.60,91.12,92.96,215128713
2022-05-30T00:00:00Z,92.96,96.06,92.40,95.18,255158387
2022-05-30T04:00:00Z,95.18,96.26,93.90,95.69,268603850
2022-05-30T08:00:00Z,95.69,97.69,94.81,95.37,239366738
2022-05-30T12:00:00Z,95.37,95.78,90.94,91.42,208925186
2022-05-30T16:00:00Z,91.42,92.19,89.80,90.19,265368773
2022-05-30T20:00:00Z,90.19,91.43,88.45,91.08,297181877
2022-05-31T00:00:00Z,91.08,95.26,90.56,94.56,282653713
2022-05-31T04:00:00Z,94.56,95.12,92.73,93.59,227961854
2022-05-31T08:00:00Z,93.59,94.48,90.50,91.04,221433979
2022-05-31T12:00:00Z,91.04,91.51,86.81,87.70,263578540
2022-05-31T16:00:00Z,87.70,89.73,87.33,88.74,267045153
2022-05-31T20:00:00Z,88.74,90.29,87.52,89.92,230766999
2022-06-01T00:00:00Z,89.92,93.14,89.46,92.20,189170993
2022-06-01T04:00:00Z,92.20,92.73,90.53,92.23,237377769
2022-06-01T08:00:00Z,92.23,94.38,91.67,92.81,284535022
2022-06-01T12:00:00Z,92.81,93.34,89.90,90.84,287620591
2022-06-01T16:00:00Z,90.84,92.31,90.10,90.63,247410658
2022-06-01T20:00:00Z,90.63,91.94,88.88,91.48,220295254
2022-06-02T00:00:00Z,91.48,96.27,91.10,95.87,270047686
2022-06-02T04:00:00Z,95.87,97.58,95.13,97.18,288484139
2022-06-02T08:00:00Z,97.18,98.92,95.79,96.28,260998011
2022-06-02T12:00:00Z,96.28,96.85,92.26,93.18,196743587
2022-06-02T16:00:00Z,93.18,95.54,92.64,94.81,203246472
2022-06-02T20:00:00Z,94.81,98.57,94.17,98.02,257727021
2022-06-03T00:00:00Z,98.02,102.90,97.63,102.14,276313032
2022-06-03T04:00:00Z,102.14,102.78,100.70,102.39,250698901
2022-06-03T08:00:00Z,102.39,104.55,101.85,102.92,212276602
2022-06-03T12:00:00Z,102.92,103.51,100.69,102.23,260806320
2022-06-03T16:00:00Z,102.23,104.73,101.61,103.56,295740610
2022-06-03T20:00:00Z,103.56,105.01,102.02,104.39,284961561
2022-06-04T00:00:00Z,104.39,108.55,103.88,107.89,232350958
2022-06-04T04:00:00Z,107.89,109.90,106.99,109.38,208789978
2022-06-04T08:00:00Z,109.38,111.72,108.90,109.41,253273596
2022-06-04T12:00:00Z,109.41,109.98,105.31,105.91,261946743
2022-06-04T16:00:00Z,105.91,107.25,105.29,105.86,241362153
2022-06-04T20:00:00Z,105.86,108.75,104.69,108.12,198997121
2022-06-05T00:00:00Z,108.12,113.17,107.51,112.40,235158817
2022-06-05T04:00:00Z,112.40,112.92,110.78,111.99,285369329
2022-06-05T08:00:00Z,111.99,113.21,109.82,110.33,292459686
2022-06-05T12:00:00Z,110.33,110.82,106.67,107.76,254861115
2022-06-05T16:00:00Z,107.76,109.88,107.17,108.61,214851257
2022-06-05T20:00:00Z,108.61,109.34,106.85,108.75,261264963
2022-06-06T00:00:00Z,108.75,111.36,108.10,110.02,283367831
2022-06-06T04:00:00Z,110.02,110.61,107.86,109.16,260205392
2022-06-06T08:00:00Z,109.16,110.89,107.76,108.35,198627738
2022-06-06T12:00:00Z,108.35,108.73,103.92,104.45,197934119
2022-06-06T16:00:00Z,104.45,105.24,102.28,102.66,259565798
2022-06-06T20:00:00Z,102.66,103.22,100.36,102.62,282832080
2022-06-07T00:00:00Z,102.62,106.78,102.00,106.04,260874785
2022-06-07T04:00:00Z,106.04,106.66,104.63,105.77,214637042
2022-06-07T08:00:00Z,105.77,106.79,102.65,103.26,254839547
2022-06-07T12:00:00Z,103.26,103.70,98.25,98.93,292632445
2022-06-07T16:00:00Z,98.93,100.42,98.55,99.12,285722959
2022-06-07T20:00:00Z,99.12,100.42,97.67,100.03,235665776
2022-06-08T00:00:00Z,100.03,102.88,99.46,101.54,199617921
2022-06-08T04:00:00Z,101.54,102.14,98.77,99.71,242048441
2022-06-08T08:00:00Z,99.71,100.89,97.95,98.54,261599610
2022-06-08T12:00:00Z,98.54,99.04,95.04,95.92,252617634
2022-06-08T16:00:00Z,95.92,97.32,94.85,95.34,208227465
2022-06-08T20:00:00Z,95.34,95.71,93.14,95.13,231925710
2022-06-09T00:00:00Z,95.13,98.96,94.65,98.40,284706701
2022-06-09T04:00:00Z,98.40,100.06,97.48,99.56,295675986
2022-06-09T08:00:00Z,99.56,101.41,98.30,98.87,260936966
2022-06-09T12:00:00Z,98.87,99.43,94.33,94.96,212592345
2022-06-09T16:00:00Z,94.96,96.26,94.43,94.97,251175145
2022-06-09T20:00:00Z,94.97,97.49,93.89,97.01,276912682
2022-06-10T00:00:00Z,97.01,101.35,96.60,100.44,258403374
2022-06-10T04:00:00Z,100.44,100.95,98.42,99.29,203247297
2022-06-10T08:00:00Z,99.29,100.34,97.16,97.67,196073744
2022-06-10T12:00:00Z,97.67,98.24,94.32,95.46,260410871
2022-06-10T16:00:00Z,95.46,97.58,94.91,96.40,288025435
2022-06-10T20:00:00Z,96.40,97.37,94.72,96.82,269753146
2022-06-11T00:00:00Z,96.82,100.13,96.44,99.20,220187821
2022-06-11T04:00:00Z,99.20,100.19,97.82,99.81,247498697
2022-06-11T08:00:00Z,99.81,102.04,99.28,99.89,287897247
2022-06-11T12:00:00Z,99.89,100.46,95.84,96.35,284978744
2022-06-11T16:00:00Z,96.35,97.19,94.52,95.08,237953999
2022-06-11T20:00:00Z,95.08,96.22,93.21,95.65,189834848
2022-06-12T00:00:00Z,95.65,99.83,95.19,98.99,231116095
2022-06-12T04:00:00Z,98.99,99.36,97.08,97.96,266363970
2022-06-12T08:00:00Z,97.96,98.80,94.55,94.90,262969000
2022-06-12T12:00:00Z,94.90,95.40,90.06,90.62,220943559
2022-06-12T16:00:00Z,90.62,92.07,90.08,90.78,227628753
2022-06-12T20:00:00Z,90.78,91.74,89.28,91.20,282503876
2022-06-13T00:00:00Z,91.20,93.74,90.69,92.39,297226975
2022-06-13T04:00:00Z,92.39,92.82,89.82,90.82,265605290
2022-06-13T08:00:00Z,90.82,92.19,89.35,89.76,209334705
2022-06-13T12:00:00Z,89.76,90.17,85.85,86.38,239917360
2022-06-13T16:00:00Z,86.38,87.16,84.19,84.58,269252687
2022-06-13T20:00:00Z,84.58,85.07,81.95,83.39,255706656
2022-06-14T00:00:00Z,83.39,86.51,82.88,85.64,214438772
2022-06-14T04:00:00Z,85.64,86.10,84.07,85.14,197997379
2022-06-14T08:00:00Z,85.14,86.01,82.06,82.50,260160583
2022-06-14T12:00:00Z,82.50,82.80,76.98,77.32,291777907
2022-06-14T16:00:00Z,77.32,78.21,76.49,76.77,277216098
2022-06-14T20:00:00Z,76.77,78.56,75.55,78.19,224622784
2022-06-15T00:00:00Z,78.19,81.79,77.71,80.82,238840865
2022-06-15T04:00:00Z,80.82,81.29,78.54,79.41,281603077
2022-06-15T08:00:00Z,79.41,80.49,77.70,78.16,282795321
2022-06-15T12:00:00Z,78.16,78.49,75.10,76.10,239282525
2022-06-15T16:00:00Z,76.10,77.90,75.80,76.53,183850771
2022-06-15T20:00:00Z,76.53,76.90,74.67,76.49,225840425
2022-06-16T00:00:00Z,76.49,79.65,76.05,79.00,270914138
2022-06-16T04:00:00Z,79.00,80.31,77.95,79.86,272243147
2022-06-16T08:00:00Z,79.86,81.85,79.35,79.82,232731225
2022-06-16T12:00:00Z,79.82,80.23,75.89,76.45,222239309
2022-06-16T16:00:00Z,76.45,77.65,75.98,76.37,278744436
2022-06-16T20:00:00Z,76.37,79.12,75.39,78.80,297099014
2022-06-17T00:00:00Z,78.80,84.17,78.39,83.83,268860006
2022-06-17T04:00:00Z,83.83,84.85,82.90,84.42,209397526
2022-06-17T08:00:00Z,84.42,85.84,83.09,83.57,227651695
2022-06-17T12:00:00Z,83.57,84.04,80.60,81.83,260539405
2022-06-17T16:00:00Z,81.83,84.68,81.41,83.95,256828604
2022-06-17T20:00:00Z,83.95,86.09,83.05,85.66,227600198
2022-06-18T00:00:00Z,85.66,89.18,85.30,88.29,199349764
2022-06-18T04:00:00Z,88.29,88.96,86.78,88.59,258730291
2022-06-18T08:00:00Z,88.59,90.84,88.07,89.20,293997403
2022-06-18T12:00:00Z,89.20,89.73,86.18,87.03,283171279
2022-06-18T16:00:00Z,87.03,88.36,86.22,86.74,232141149
2022-06-18T20:00:00Z,86.74,88.31,85.11,87.82,228949483
2022-06-19T00:00:00Z,87.82,92.86,87.48,92.41,273844875
2022-06-19T04:00:00Z,92.41,93.92,91.68,93.57,279262684
2022-06-19T08:00:00Z,93.57,95.15,91.91,92.31,239734935
2022-06-19T12:00:00Z,92.31,92.84,88.02,88.74,179573980
2022-06-19T16:00:00Z,88.74,90.51,88.20,89.56,225247571
2022-06-19T20:00:00Z,89.56,91.88,88.60,91.34,274406661
2022-06-20T00:00:00Z,91.34,94.81,90.90,93.64,280282959
2022-06-20T04:00:00Z,93.64,93.98,91.17,92.13,243435274
2022-06-20T08:00:00Z,92.13,93.39,90.69,91.02,219991759
2022-06-20T12:00:00Z,91.02,91.50,87.85,88.68,273439718
2022-06-20T16:00:00Z,88.68,90.19,87.99,88.47,295307498
2022-06-20T20:00:00Z,88.47,88.99,86.46,88.24,270721228
2022-06-21T00:00:00Z,88.24,91.85,87.75,91.17,208609332
2022-06-21T04:00:00Z,91.17,92.69,90.15,92.19,214556105
2022-06-21T08:00:00Z,92.19,94.13,91.21,91.62,251408003
2022-06-21T12:00:00Z,91.62,92.04,87.16,87.63,263865178
2022-06-21T16:00:00Z,87.63,88.72,86.84,87.25,240056014
2022-06-21T20:00:00Z,87.25,89.56,86.10,89.07,204267646
2022-06-22T00:00:00Z,89.07,93.53,88.53,92.71,256055105
2022-06-22T04:00:00Z,92.71,93.20,90.83,91.78,294617204
2022-06-22T08:00:00Z,91.78,92.81,89.63,90.11,287553468
2022-06-22T12:00:00Z,90.11,90.44,86.84,88.00,238456292
2022-06-22T16:00:00Z,88.00,90.42,87.57,89.53,217933202
2022-06-22T20:00:00Z,89.53,91.18,88.30,90.75,264742554
2022-06-23T00:00:00Z,90.75,94.45,90.20,93.71,274491950
2022-06-23T04:00:00Z,93.71,95.51,92.73,94.95,239408605
2022-06-23T08:00:00Z,94.95,97.60,94.44,96.13,186278821
2022-06-23T12:00:00Z,96.13,96.54,93.11,94.03,224041765
2022-06-23T16:00:00Z,94.03,95.53,93.64,94.04,276719423
2022-06-23T20:00:00Z,94.04,96.15,92.68,95.78,286950658
2022-06-24T00:00:00Z,95.78,101.17,95.23,100.68,252922059
2022-06-24T04:00:00Z,100.68,102.16,99.87,101.58,216633207
2022-06-24T08:00:00Z,101.58,103.01,99.74,100.34,266629123
2022-06-24T12:00:00Z,100.34,100.85,96.54,97.61,291896389
2022-06-24T16:00:00Z,97.61,100.28,97.21,99.51,271234068
2022-06-24T20:00:00Z,99.51,102.44,98.68,102.02,211297519
2022-06-25T00:00:00Z,102.02,106.06,101.50,105.18,200822924
2022-06-25T04:00:00Z,105.18,105.78,103.50,105.16,247219385
2022-06-25T08:00:00Z,105.16,107.25,104.52,105.59,271283024
2022-06-25T12:00:00Z,105.59,106.19,102.83,103.96,251616733
2022-06-25T16:00:00Z,103.96,105.65,103.23,103.82,208391094
2022-06-25T20:00:00Z,103.82,104.29,101.66,103.78,252092195
2022-06-26T00:00:00Z,103.78,107.64,103.34,106.90,293597679
2022-06-26T04:00:00Z,106.90,107.85,105.64,107.40,290325598
2022-06-26T08:00:00Z,107.40,108.88,105.20,105.75,243547323
2022-06-26T12:00:00Z,105.75,106.37,100.43,101.02,210164490
2022-06-26T16:00:00Z,101.02,102.00,99.87,100.47,254438569
2022-06-26T20:00:00Z,100.47,102.50,99.10,101.92,268612449
2022-06-27T00:00:00Z,101.92,105.79,101.53,104.64,241753498
2022-06-27T04:00:00Z,104.64,105.09,102.05,102.86,196290204
2022-06-27T08:00:00Z,102.86,103.81,100.28,100.72,222094622
2022-06-27T12:00:00Z,100.72,101.30,96.86,97.71,277747521
2022-06-27T16:00:00Z,97.71,99.14,96.79,97.36,292130758
2022-06-27T20:00:00Z,97.36,97.90,94.96,96.27,261081826
2022-06-28T00:00:00Z,96.27,98.52,95.81,97.23,216416007
2022-06-28T04:00:00Z,97.23,97.58,95.16,96.44,258379790
2022-06-28T08:00:00Z,96.44,97.90,94.70,95.04,286937147
2022-06-28T12:00:00Z,95.04,95.55,89.86,90.27,270466859
2022-06-28T16:00:00Z,90.27,90.85,87.92,88.40,213293994
2022-06-28T20:00:00Z,88.40,89.44,86.56,88.91,187796568
2022-06-29T00:00:00Z,88.91,93.15,88.42,92.39,248130678
2022-06-29T04:00:00Z,92.39,92.81,90.69,91.62,277658596
2022-06-29T08:00:00Z,91.62,92.50,88.75,89.16,262107126
2022-06-29T12:00:00Z,89.16,89.56,84.88,85.66,215858159
2022-06-29T16:00:00Z,85.66,87.47,85.19,86.41,246822631
2022-06-29T20:00:00Z,86.41,87.62,85.05,87.14,290927433
2022-06-30T00:00:00Z,87.14,89.90,86.62,88.70,291479163
2022-06-30T04:00:00Z,88.70,89.17,86.60,87.77,247418339
2022-06-30T08:00:00Z,87.77,89.51,87.00,87.47,201525941
2022-06-30T12:00:00Z,87.47,87.79,84.11,84.88,243095002
2022-06-30T16:00:00Z,84.88,86.10,83.90,84.21,261768466
2022-06-30T20:00:00Z,84.21,85.11,82.32,84.70,250392445
2022-07-01T00:00:00Z,84.70,89.36,84.18,88.86,210080285
2022-07-01T04:00:00Z,88.86,90.63,88.15,90.09,219324891
2022-07-01T08:00:00Z,90.09,91.73,88.50,89.02,277406204
2022-07-01T12:00:00Z,89.02,89.39,84.65,85.36,295732548
2022-07-01T16:00:00Z,85.36,87.00,85.03,86.07,267830509
2022-07-01T20:00:00Z,86.07,88.48,85.12,88.13,215106246
2022-07-02T00:00:00Z,88.13,91.86,87.62,90.90,248785684
2022-07-02T04:00:00Z,90.90,91.43,88.60,89.52,280527049
2022-07-02T08:00:00Z,89.52,90.64,87.80,88.33,268508908
2022-07-02T12:00:00Z,88.33,88.77,85.15,86.14,214683854
2022-07-02T16:00:00Z,86.14,87.87,85.78,86.28,185172160
2022-07-02T20:00:00Z,86.28,86.62,84.27,86.08,248842072
2022-07-03T00:00:00Z,86.08,89.33,85.64,88.63,282847691
2022-07-03T04:00:00Z,88.63,89.79,87.46,89.33,271369748
2022-07-03T08:00:00Z,89.33,91.12,88.14,88.65,222315664
2022-07-03T12:00:00Z,88.65,89.15,83.79,84.29,240252675
2022-07-03T16:00:00Z,84.29,84.96,82.57,83.04,286623852
2022-07-03T20:00:00Z,83.04,84.32,81.38,83.91,291033999
2022-07-04T00:00:00Z,83.91,87.75,83.55,86.82,250097400
2022-07-04T04:00:00Z,86.82,87.27,84.49,85.07,196399484
2022-07-04T08:00:00Z,85.07,85.75,81.66,82.09,230890238
2022-07-04T12:00:00Z,82.09,82.57,77.73,78.47,259041708
2022-07-04T16:00:00Z,78.47,80.02,78.03,78.78,260512324
2022-07-04T20:00:00Z,78.78,79.29,77.06,78.84,223208527
2022-07-05T00:00:00Z,78.84,81.40,78.54,80.29,215666451
2022-07-05T04:00:00Z,80.29,80.63,78.41,79.77,275633372
2022-07-05T08:00:00Z,79.77,81.57,79.14,79.49,297692061
2022-07-05T12:00:00Z,79.49,79.95,75.74,76.22,273110975
2022-07-05T16:00:00Z,76.22,76.97,74.42,74.87,216975310
2022-07-05T20:00:00Z,74.87,75.49,72.89,75.04,237966069
2022-07-06T00:00:00Z,75.04,79.22,74.68,78.67,272786989
2022-07-06T04:00:00Z,78.67,79.15,77.49,78.78,265467783
2022-07-06T08:00:00Z,78.78,79.83,76.52,76.79,217788890
2022-07-06T12:00:00Z,76.79,77.20,72.51,73.13,187251118
2022-07-06T16:00:00Z,73.13,75.05,72.69,74.35,248651224
2022-07-06T20:00:00Z,74.35,77.23,73.59,76.77,286722965
2022-07-07T00:00:00Z,76.77,80.86,76.34,80.07,279268071
2022-07-07T04:00:00Z,80.07,80.46,78.52,80.03,231913187
2022-07-07T08:00:00Z,80.03,82.07,79.74,80.60,232414521
2022-07-07T12:00:00Z,80.60,80.97,78.41,79.68,280733027
2022-07-07T16:00:00Z,79.68,81.77,79.23,80.61,289037438
2022-07-07T20:00:00Z,80.61,81.97,79.14,81.51,251634943
2022-07-08T00:00:00Z,81.51,86.10,81.02,85.59,190671682
2022-07-08T04:00:00Z,85.59,88.04,85.01,87.53,218598067
2022-07-08T08:00:00Z,87.53,89.83,87.14,87.72,261986076
2022-07-08T12:00:00Z,87.72,88.04,83.95,84.73,269685748
2022-07-08T16:00:00Z,84.73,86.50,84.32,85.74,235486844
2022-07-08T20:00:00Z,85.74,89.46,84.98,89.03,215311209
2022-07-09T00:00:00Z,89.03,94.49,88.48,93.96,272391611
2022-07-09T04:00:00Z,93.96,94.86,92.86,94.30,297973466
2022-07-09T08:00:00Z,94.30,95.97,93.36,93.90,276893627
2022-07-09T12:00:00Z,93.90,94.29,91.30,92.69,217807395
2022-07-09T16:00:00Z,92.69,95.42,92.33,94.45,226063405
2022-07-09T20:00:00Z,94.45,95.76,93.08,95.39,263858771
2022-07-10T00:00:00Z,95.39,98.72,94.83,97.90,261466258
2022-07-10T04:00:00Z,97.90,99.06,96.59,98.49,227360592
2022-07-10T08:00:00Z,98.49,100.65,97.92,98.70,193192480
2022-07-10T12:00:00Z,98.70,99.19,94.86,95.51,247462827
2022-07-10T16:00:00Z,95.51,96.59,94.25,94.72,289177061
2022-07-10T20:00:00Z,94.72,96.36,93.12,95.98,285689187
2022-07-11T00:00:00Z,95.98,100.79,95.48,100.32,240313081
2022-07-11T04:00:00Z,100.32,101.00,99.11,100.48,223366436
2022-07-11T08:00:00Z,100.48,101.65,97.96,98.54,273329044
2022-07-11T12:00:00Z,98.54,99.09,94.22,95.12,285562903
2022-07-11T16:00:00Z,95.12,97.04,94.64,96.00,252101713
2022-07-11T20:00:00Z,96.00,97.55,94.69,97.07,188722340
2022-07-12T00:00:00Z,97.07,99.98,96.65,98.72,211600475
2022-07-12T04:00:00Z,98.72,99.23,96.39,97.44,265208301
2022-07-12T08:00:00Z,97.44,99.01,96.31,96.82,277747118
2022-07-12T12:00:00Z,96.82,97.39,93.40,94.24,246742956
2022-07-12T16:00:00Z,94.24,95.47,92.99,93.55,213959824
2022-07-12T20:00:00Z,93.55,94.17,91.45,93.65,267669689
2022-07-13T00:00:00Z,93.65,97.94,93.29,97.40,296569856
2022-07-13T04:00:00Z,97.40,98.98,96.57,98.62,279176423
2022-07-13T08:00:00Z,98.62,100.44,97.29,97.72,221890138
2022-07-13T12:00:00Z,97.72,98.29,93.32,93.98,213240758
2022-07-13T16:00:00Z,93.98,95.52,93.42,94.53,253901976
2022-07-13T20:00:00Z,94.53,97.42,93.59,96.85,260206566
2022-07-14T00:00:00Z,96.85,101.17,96.39,100.23,239713315
2022-07-14T04:00:00Z,100.23,100.58,98.25,99.34,198611196
2022-07-14T08:00:00Z,99.34,100.76,98.13,98.48,245197566
2022-07-14T12:00:00Z,98.48,99.01,95.73,96.96,290125335
2022-07-14T16:00:00Z,96.96,99.30,96.38,98.22,290545997
2022-07-14T20:00:00Z,98.22,99.68,96.81,99.09,247443297
2022-07-15T00:00:00Z,99.09,103.12,98.54,102.45,217432586
2022-07-15T04:00:00Z,102.45,104.69,101.61,104.13,264512681
2022-07-15T08:00:00Z,104.13,106.75,103.75,104.85,280707914
2022-07-15T12:00:00Z,104.85,105.34,101.18,101.90,251586250
2022-07-15T16:00:00Z,101.90,103.25,101.22,101.70,187683966
2022-07-15T20:00:00Z,101.70,104.15,100.45,103.57,209844049
2022-07-16T00:00:00Z,103.57,108.53,102.95,107.81,267428355
2022-07-16T04:00:00Z,107.81,108.38,106.30,107.43,284546750
2022-07-16T08:00:00Z,107.43,108.49,104.85,105.41,256823687
2022-07-16T12:00:00Z,105.41,105.80,101.41,102.46,215815401
2022-07-16T16:00:00Z,102.46,104.62,101.96,103.62,261483497
2022-07-16T20:00:00Z,103.62,105.11,102.24,104.60,293503421
2022-07-17T00:00:00Z,104.60,107.68,103.96,106.51,279984261
2022-07-17T04:00:00Z,106.51,107.12,104.60,105.98,225021220
2022-07-17T08:00:00Z,105.98,107.89,105.10,105.71,199678711
2022-07-17T12:00:00Z,105.71,106.15,101.85,102.54,243114044
2022-07-17T16:00:00Z,102.54,103.41,100.49,100.91,265107330
2022-07-17T20:00:00Z,100.91,101.41,98.36,100.24,251287827
2022-07-18T00:00:00Z,100.24,103.73,99.66,102.91,207613536
2022-07-18T04:00:00Z,102.91,103.53,101.22,102.22,241794846
2022-07-18T08:00:00Z,102.22,103.18,98.60,99.19,289508099
2022-07-18T12:00:00Z,99.19,99.68,93.40,93.94,293778832
2022-07-18T16:00:00Z,93.94,94.97,92.91,93.38,253257890
2022-07-18T20:00:00Z,93.38,94.60,91.87,94.23,210450535
2022-07-19T00:00:00Z,94.23,97.17,93.74,95.92,254409513
2022-07-19T04:00:00Z,95.92,96.47,93.09,93.83,274591615
2022-07-19T08:00:00Z,93.83,94.81,91.59,92.12,250191983
2022-07-19T12:00:00Z,92.12,92.64,88.39,89.19,197275922
2022-07-19T16:00:00Z,89.19,90.43,87.81,88.31,208046490
2022-07-19T20:00:00Z,88.31,88.65,85.77,87.15,268532231
2022-07-20T00:00:00Z,87.15,89.88,86.78,88.94,289954187
2022-07-20T04:00:00Z,88.94,89.40,87.38,88.89,265597832
2022-07-20T08:00:00Z,88.89,90.34,87.04,87.50,216593154
2022-07-20T12:00:00Z,87.50,88.01,82.39,82.88,253876364
2022-07-20T16:00:00Z,82.88,83.64,81.57,82.06,288824991
2022-07-20T20:00:00Z,82.06,84.24,80.80,83.78,279367793
2022-07-21T00:00:00Z,83.78,88.37,83.46,87.67,227257894
2022-07-21T04:00:00Z,87.67,88.05,86.08,87.10,189812207
2022-07-21T08:00:00Z,87.10,88.22,85.22,85.60,236872839
2022-07-21T12:00:00Z,85.60,86.10,82.38,83.46,271152963
2022-07-21T16:00:00Z,83.46,85.80,82.95,84.83,261900079
2022-07-21T20:00:00Z,84.83,86.15,83.50,85.64,215808639
2022-07-22T00:00:00Z,85.64,88.80,85.23,87.85,237215122
2022-07-22T04:00:00Z,87.85,88.56,86.34,88.16,287292362
2022-07-22T08:00:00Z,88.16,90.36,87.75,88.54,295356502
2022-07-22T12:00:00Z,88.54,89.01,85.24,85.86,257737221
2022-07-22T16:00:00Z,85.86,87.04,84.94,85.41,206761564
2022-07-22T20:00:00Z,85.41,87.32,84.02,86.81,243167482
2022-07-23T00:00:00Z,86.81,92.13,86.33,91.58,267351849
2022-07-23T04:00:00Z,91.58,93.02,90.77,92.52,250487037
2022-07-23T08:00:00Z,92.52,93.98,90.76,91.17,211141821
2022-07-23T12:00:00Z,91.17,91.59,87.15,87.99,205637000
2022-07-23T16:00:00Z,87.99,89.99,87.50,89.20,268422362
2022-07-23T20:00:00Z,89.20,91.40,88.22,90.89,293861151
2022-07-24T00:00:00Z,90.89,94.21,90.35,93.04,272958549
2022-07-24T04:00:00Z,93.04,93.52,90.75,91.81,220513244
2022-07-24T08:00:00Z,91.81,93.32,90.64,91.12,244918794
2022-07-24T12:00:00Z,91.12,91.46,87.85,88.72,282612965
2022-07-24T16:00:00Z,88.72,90.11,87.84,88.18,277401671
2022-07-24T20:00:00Z,88.18,88.67,86.01,87.95,228674304
2022-07-25T00:00:00Z,87.95,91.73,87.41,91.11,180271342
2022-07-25T04:00:00Z,91.11,92.50,90.18,91.95,236258304
2022-07-25T08:00:00Z,91.95,93.58,90.24,90.77,276171770
2022-07-25T12:00:00Z,90.77,91.14,85.90,86.35,271380423
2022-07-25T16:00:00Z,86.35,87.37,85.55,85.90,227303449
2022-07-25T20:00:00Z,85.90,87.75,84.63,87.40,231441742
2022-07-26T00:00:00Z,87.40,91.17,86.89,90.23,283472974
2022-07-26T04:00:00Z,90.23,90.76,87.80,88.58,295276701
2022-07-26T08:00:00Z,88.58,89.46,86.13,86.65,260887548
2022-07-26T12:00:00Z,86.65,87.08,83.21,84.22,202216955
2022-07-26T16:00:00Z,84.22,86.18,83.88,84.98,230953999
2022-07-26T20:00:00Z,84.98,85.71,83.34,85.38,259141861
2022-07-27T00:00:00Z,85.38,88.69,84.93,88.00,257013611
2022-07-27T04:00:00Z,88.00,89.52,86.91,89.06,224453919
2022-07-27T08:00:00Z,89.06,91.39,88.52,89.68,206776835
2022-07-27T12:00:00Z,89.68,90.18,86.14,86.86,267020525
2022-07-27T16:00:00Z,86.86,88.12,86.13,86.62,296184020
2022-07-27T20:00:00Z,86.62,88.94,85.37,88.51,278825196
2022-07-28T00:00:00Z,88.51,93.71,88.12,93.31,223309532
2022-07-28T04:00:00Z,93.31,94.30,92.30,93.89,234707553
2022-07-28T08:00:00Z,93.89,95.31,92.25,92.74,274971645
2022-07-28T12:00:00Z,92.74,93.29,89.42,90.64,274182287
2022-07-28T16:00:00Z,90.64,93.72,90.13,93.08,229358747
2022-07-28T20:00:00Z,93.08,96.36,92.46,95.82,180656711
2022-07-29T00:00:00Z,95.82,100.22,95.47,99.47,235990012
2022-07-29T04:00:00Z,99.47,100.86,98.28,100.50,280028331
2022-07-29T08:00:00Z,100.50,103.25,99.95,102.05,279577127
2022-07-29T12:00:00Z,102.05,102.64,99.90,101.15,237713754
2022-07-29T16:00:00Z,101.15,103.08,100.55,101.81,224482302
2022-07-29T20:00:00Z,101.81,103.72,100.32,103.11,278073189
2022-07-30T00:00:00Z,103.11,108.38,102.63,107.79,293565809
2022-07-30T04:00:00Z,107.79,109.97,107.11,109.47,262740042
2022-07-30T08:00:00Z,109.47,111.48,108.46,108.84,201167481
2022-07-30T12:00:00Z,108.84,109.43,104.79,105.58,217952600
2022-07-30T16:00:00Z,105.58,107.65,104.95,106.79,253919877
2022-07-30T20:00:00Z,106.79,110.28,105.89,109.63,265877925
2022-07-31T00:00:00Z,109.63,114.30,109.03,113.36,237014564
2022-07-31T04:00:00Z,113.36,113.87,111.52,112.85,207129968
2022-07-31T08:00:00Z,112.85,114.54,111.81,112.30,264270339
2022-07-31T12:00:00Z,112.30,112.83,109.42,110.60,296865787
2022-07-31T16:00:00Z,110.60,112.65,109.98,111.04,283144583
2022-07-31T20:00:00Z,111.04,111.70,108.96,110.79,229221451
2022-08-01T00:00:00Z,110.79,114.01,110.13,112.97,223364196
2022-08-01T04:00:00Z,112.97,113.91,111.44,113.25,266029033
2022-08-01T08:00:00Z,113.25,115.13,111.77,112.36,269825055
2022-08-01T12:00:00Z,112.36,112.78,107.48,107.97,230778291
2022-08-01T16:00:00Z,107.97,108.84,106.43,106.84,186390639
2022-08-01T20:00:00Z,106.84,108.65,105.21,108.12,234926405
2022-08-02T00:00:00Z,108.12,112.65,107.46,111.80,282603583
2022-08-02T04:00:00Z,111.80,112.44,109.90,110.94,286359516
2022-08-02T08:00:00Z,110.94,111.91,108.08,108.70,246918170
2022-08-02T12:00:00Z,108.70,109.15,104.60,105.63,220609714
2022-08-02T16:00:00Z,105.63,107.61,105.21,106.37,271144600
2022-08-02T20:00:00Z,106.37,107.14,104.65,106.71,290278070
2022-08-03T00:00:00Z,106.71,109.39,106.09,108.16,263349230
2022-08-03T04:00:00Z,108.16,108.80,106.13,107.49,199468961
2022-08-03T08:00:00Z,107.49,109.33,106.58,107.22,204496193
2022-08-03T12:00:00Z,107.22,107.75,103.49,104.25,254902777
2022-08-03T16:00:00Z,104.25,105.41,102.85,103.36,273771773
2022-08-03T20:00:00Z,103.36,104.53,101.46,104.12,248638566
2022-08-04T00:00:00Z,104.12,108.96,103.57,108.51,210857667
2022-08-04T04:00:00Z,108.51,110.09,107.63,109.52,260139303
2022-08-04T08:00:00Z,109.52,111.04,107.63,108.26,295877467
2022-08-04T12:00:00Z,108.26,108.86,103.98,104.93,285891632
2022-08-04T16:00:00Z,104.93,107.07,104.41,106.12,234001797
2022-08-04T20:00:00Z,106.12,108.80,105.20,108.28,211033005
2022-08-05T00:00:00Z,108.28,112.14,107.80,111.03,255934106
2022-08-05T04:00:00Z,111.03,111.61,108.90,110.12,264461333
2022-08-05T08:00:00Z,110.12,111.81,109.13,109.71,238504734
2022-08-05T12:00:00Z,109.71,110.36,106.79,107.99,196375609
2022-08-05T16:00:00Z,107.99,109.87,107.38,108.31,232977399
2022-08-05T20:00:00Z,108.31,109.23,106.34,108.63,283797914
2022-08-06T00:00:00Z,108.63,112.78,108.23,112.09,291620671
2022-08-06T04:00:00Z,112.09,113.85,111.15,113.44,254819850
2022-08-06T08:00:00Z,113.44,115.59,112.46,112.97,215610957
2022-08-06T12:00:00Z,112.97,113.63,108.35,108.94,262766455
2022-08-06T16:00:00Z,108.94,109.98,107.80,108.45,285494163
2022-08-06T20:00:00Z,108.45,110.59,107.06,109.93,262790947
2022-08-07T00:00:00Z,109.93,114.06,109.42,112.94,201471132
2022-08-07T04:00:00Z,112.94,113.34,110.35,111.20,195980835
2022-08-07T08:00:00Z,111.20,112.12,108.25,108.64,256873973
2022-08-07T12:00:00Z,108.64,109.23,104.60,105.44,280537852
2022-08-07T16:00:00Z,105.44,107.14,104.80,105.59,259156850
2022-08-07T20:00:00Z,105.59,106.21,103.62,105.22,213629210
2022-08-08T00:00:00Z,105.22,107.79,104.65,106.53,254620315
2022-08-08T04:00:00Z,106.53,107.00,104.51,106.00,293218892
2022-08-08T08:00:00Z,106.00,107.76,104.73,105.19,287069405
2022-08-08T12:00:00Z,105.19,105.68,100.57,100.95,237667347
2022-08-08T16:00:00Z,100.95,101.61,98.36,98.83,202118719
2022-08-08T20:00:00Z,98.83,99.42,96.49,98.52,244853678
2022-08-09T00:00:00Z,98.52,102.27,97.94,101.31,260914021
2022-08-09T04:00:00Z,101.31,101.84,99.24,100.09,249865703
2022-08-09T08:00:00Z,100.09,100.82,96.37,96.88,205829128
2022-08-09T12:00:00Z,96.88,97.24,91.77,92.40,230067771
2022-08-09T16:00:00Z,92.40,93.90,91.94,92.66,283533874
2022-08-09T20:00:00Z,92.66,94.08,91.28,93.62,295279622
2022-08-10T00:00:00Z,93.62,96.63,93.05,95.43,261347936
2022-08-10T04:00:00Z,95.43,95.98,93.22,94.38,213778638
2022-08-10T08:00:00Z,94.38,96.06,93.48,94.02,253044364
2022-08-10T12:00:00Z,94.02,94.41,90.83,91.74,279319235
2022-08-10T16:00:00Z,91.74,93.12,90.83,91.20,261159816
2022-08-10T20:00:00Z,91.20,91.66,89.06,91.13,203831999
2022-08-11T00:00:00Z,91.13,95.08,90.60,94.56,193272145
2022-08-11T04:00:00Z,94.56,96.10,93.67,95.55,257917521
2022-08-11T08:00:00Z,95.55,97.22,94.03,94.60,286034539
2022-08-11T12:00:00Z,94.60,95.07,90.22,90.92,268419774
2022-08-11T16:00:00Z,90.92,92.61,90.56,91.71,219615824
2022-08-11T20:00:00Z,91.71,95.00,90.87,94.63,247732631
2022-08-12T00:00:00Z,94.63,99.50,94.13,98.89,288918890
2022-08-12T04:00:00Z,98.89,99.46,97.42,98.85,286708523
2022-08-12T08:00:00Z,98.85,100.51,98.05,98.62,240257180
2022-08-12T12:00:00Z,98.62,99.17,96.17,97.57,192532039
2022-08-12T16:00:00Z,97.57,100.20,97.09,99.12,232968887
2022-08-12T20:00:00Z,99.12,100.44,97.61,99.96,263523328
2022-08-13T00:00:00Z,99.96,103.69,99.52,102.94,260390092
2022-08-13T04:00:00Z,102.94,104.60,101.85,104.14,218827255
2022-08-13T08:00:00Z,104.14,106.54,103.52,104.56,226139889
2022-08-13T12:00:00Z,104.56,105.18,100.73,101.49,281758419
2022-08-13T16:00:00Z,101.49,102.76,100.68,101.29,297282987
2022-08-13T20:00:00Z,101.29,103.93,100.05,103.36,266458410
2022-08-14T00:00:00Z,103.36,108.69,102.98,108.13,210918481
2022-08-14T04:00:00Z,108.13,108.79,106.90,108.40,242108436
2022-08-14T08:00:00Z,108.40,109.75,106.38,106.87,271880400
2022-08-14T12:00:00Z,106.87,107.49,103.11,104.18,258566338
2022-08-14T16:00:00Z,104.18,106.53,103.56,105.48,211824076
2022-08-14T20:00:00Z,105.48,107.13,104.17,106.50,195342695
2022-08-15T00:00:00Z,106.50,109.54,106.01,108.27,257926898
2022-08-15T04:00:00Z,108.27,108.65,106.12,107.50,290139198
2022-08-15T08:00:00Z,107.50,109.40,106.84,107.22,276300008
2022-08-15T12:00:00Z,107.22,107.81,103.76,104.46,224500661
2022-08-15T16:00:00Z,104.46,105.62,103.00,103.57,239522223
2022-08-15T20:00:00Z,103.57,104.51,101.59,103.89,283034847
2022-08-16T00:00:00Z,103.89,108.49,103.33,107.86,284865983
2022-08-16T04:00:00Z,107.86,109.36,106.87,108.78,241830796
2022-08-16T08:00:00Z,108.78,110.38,106.94,107.41,186678169
2022-08-16T12:00:00Z,107.41,107.92,102.88,103.61,224489982
2022-08-16T16:00:00Z,103.61,105.32,103.02,104.30,268193745
2022-08-16T20:00:00Z,104.30,106.97,103.25,106.37,269900551
2022-08-17T00:00:00Z,106.37,110.37,105.74,109.25,230948889
2022-08-17T04:00:00Z,109.25,109.81,107.09,108.24,221156057
2022-08-17T08:00:00Z,108.24,109.85,107.12,107.67,278444643
2022-08-17T12:00:00Z,107.67,108.09,104.93,106.23,297606029
2022-08-17T16:00:00Z,106.23,108.49,105.70,107.22,270134339
2022-08-17T20:00:00Z,107.22,108.66,105.59,108.12,211339920
2022-08-18T00:00:00Z,108.12,112.68,107.46,112.04,230110859
2022-08-18T04:00:00Z,112.04,114.90,111.27,114.22,263323795
2022-08-18T08:00:00Z,114.22,116.97,113.63,115.07,256696474
2022-08-18T12:00:00Z,115.07,115.53,111.42,112.39,224824412
2022-08-18T16:00:00Z,112.39,114.16,111.94,113.06,196907142
2022-08-18T20:00:00Z,113.06,116.41,112.00,115.93,256811086
2022-08-19T00:00:00Z,115.93,121.45,115.25,120.83,292751099
2022-08-19T04:00:00Z,120.83,121.79,119.59,121.09,282694952
2022-08-19T08:00:00Z,121.09,122.66,119.53,120.26,232471899
2022-08-19T12:00:00Z,120.26,120.85,117.30,118.80,230061547
2022-08-19T16:00:00Z,118.80,122.05,118.33,121.11,275651634
2022-08-19T20:00:00Z,121.11,123.51,120.05,123.03,281623416
2022-08-20T00:00:00Z,123.03,127.08,122.38,126.28,242465759
2022-08-20T04:00:00Z,126.28,128.12,125.02,127.45,180711731
2022-08-20T08:00:00Z,127.45,130.21,126.68,128.60,222426919
2022-08-20T12:00:00Z,128.60,129.31,125.36,126.44,271873276
2022-08-20T16:00:00Z,126.44,127.98,125.32,126.03,278234162
2022-08-20T20:00:00Z,126.03,127.60,124.11,126.99,242030645
2022-08-21T00:00:00Z,126.99,131.83,126.42,131.10,219340705
2022-08-21T04:00:00Z,131.10,131.92,129.71,131.34,273592946
2022-08-21T08:00:00Z,131.34,132.68,128.54,129.23,296253073
2022-08-21T12:00:00Z,129.23,129.99,124.37,125.30,272385504
2022-08-21T16:00:00Z,125.30,127.20,124.61,125.98,210862675
2022-08-21T20:00:00Z,125.98,128.19,124.66,127.49,217223007
2022-08-22T00:00:00Z,127.49,131.01,127.03,129.61,253811265
2022-08-22T04:00:00Z,129.61,130.20,127.09,128.27,261010358
2022-08-22T08:00:00Z,128.27,129.89,126.77,127.36,237441473
2022-08-22T12:00:00Z,127.36,128.10,123.72,124.68,202097028
2022-08-22T16:00:00Z,124.68,125.92,122.92,123.66,254497476
2022-08-22T20:00:00Z,123.66,124.32,120.96,122.60,293793890
2022-08-23T00:00:00Z,122.60,125.83,122.04,124.72,287528592
2022-08-23T04:00:00Z,124.72,125.17,123.00,124.60,239231794
2022-08-23T08:00:00Z,124.60,126.05,122.22,122.67,219448678
2022-08-23T12:00:00Z,122.67,123.34,117.11,117.66,266879964
2022-08-23T16:00:00Z,117.66,118.57,116.16,116.81,277084815
2022-08-23T20:00:00Z,116.81,118.98,115.41,118.27,242254969
2022-08-24T00:00:00Z,118.27,122.51,117.63,121.40,184213923
2022-08-24T04:00:00Z,121.40,121.92,119.03,120.09,221355985
2022-08-24T08:00:00Z,120.09,121.19,117.79,118.30,274435215
2022-08-24T12:00:00Z,118.30,118.86,114.74,115.85,285245940
2022-08-24T16:00:00Z,115.85,117.93,115.20,116.46,251929608
2022-08-24T20:00:00Z,116.46,117.15,114.54,116.44,216430325
2022-08-25T00:00:00Z,116.44,119.48,115.75,118.31,267231609
2022-08-25T04:00:00Z,118.31,119.19,116.61,118.50,293257320
2022-08-25T08:00:00Z,118.50,120.72,117.80,118.41,273247442
2022-08-25T12:00:00Z,118.41,118.87,114.32,115.07,213806513
2022-08-25T16:00:00Z,115.07,116.28,113.93,114.39,203632118
2022-08-25T20:00:00Z,114.39,116.52,112.81,115.94,246421703
2022-08-26T00:00:00Z,115.94,121.30,115.23,120.61,268536191
2022-08-26T04:00:00Z,120.61,121.84,119.53,121.11,249227599
2022-08-26T08:00:00Z,121.11,122.57,118.93,119.61,206545748
2022-08-26T12:00:00Z,119.61,120.09,115.60,116.76,250934371
2022-08-26T16:00:00Z,116.76,119.21,116.28,118.17,293217557
2022-08-26T20:00:00Z,118.17,120.13,116.94,119.64,290752786
2022-08-27T00:00:00Z,119.64,122.91,118.94,121.69,244748548
2022-08-27T04:00:00Z,121.69,122.41,119.51,120.86,212046189
2022-08-27T08:00:00Z,120.86,122.69,119.85,120.58,256854178
2022-08-27T12:00:00Z,120.58,121.16,117.13,118.12,271373818
2022-08-27T16:00:00Z,118.12,119.56,116.83,117.40,242226066
2022-08-27T20:00:00Z,117.40,117.90,115.13,117.42,193492733
2022-08-28T00:00:00Z,117.42,121.57,116.80,120.94,219609623
2022-08-28T04:00:00Z,120.94,122.28,119.78,121.64,275768548
2022-08-28T08:00:00Z,121.64,123.12,119.29,119.99,290811951
2022-08-28T12:00:00Z,119.99,120.65,114.72,115.41,260525906
2022-08-28T16:00:00Z,115.41,116.65,114.37,115.01,216666275
2022-08-28T20:00:00Z,115.01,116.71,113.47,116.16,259416752
2022-08-29T00:00:00Z,116.16,119.53,115.64,118.17,288680035
2022-08-29T04:00:00Z,118.17,118.79,115.18,115.88,272779921
2022-08-29T08:00:00Z,115.88,116.84,113.02,113.63,215997069
2022-08-29T12:00:00Z,113.63,114.30,109.65,110.63,189537630
2022-08-29T16:00:00Z,110.63,112.16,109.61,110.26,245293180
2022-08-29T20:00:00Z,110.26,110.77,107.86,109.55,275087156
2022-08-30T00:00:00Z,109.55,112.54,109.16,111.46,260002030
2022-08-30T04:00:00Z,111.46,112.11,109.86,111.71,214383373
2022-08-30T08:00:00Z,111.71,113.65,110.48,110.99,246093023
2022-08-30T12:00:00Z,110.99,111.64,106.13,106.71,290999831
2022-08-30T16:00:00Z,106.71,107.53,104.83,105.45,292347931
2022-08-30T20:00:00Z,105.45,107.10,103.73,106.47,249015808
2022-08-31T00:00:00Z,106.47,110.89,105.99,109.99,203727684
2022-08-31T04:00:00Z,109.99,110.38,108.07,109.09,245729529
2022-08-31T08:00:00Z,109.09,110.13,106.50,106.90,264630576
2022-08-31T12:00:00Z,106.90,107.48,103.10,104.12,247666579
2022-08-31T16:00:00Z,104.12,106.57,103.49,105.62,207432156
2022-08-31T20:00:00Z,105.62,107.79,104.53,107.15,217101655
2022-09-01T00:00:00Z,107.15,110.89,106.57,109.93,275781029
2022-09-01T04:00:00Z,109.93,111.20,108.46,110.61,294832019
2022-09-01T08:00:00Z,110.61,113.25,110.19,111.72,267724765
2022-09-01T12:00:00Z,111.72,112.26,109.02,110.06,215803524
2022-09-01T16:00:00Z,110.06,111.80,109.44,110.18,250231675
2022-09-01T20:00:00Z,110.18,112.19,108.65,111.56,282609122
2022-09-02T00:00:00Z,111.56,117.12,110.90,116.42,271064895
2022-09-02T04:00:00Z,116.42,118.64,115.72,117.95,217514671
2022-09-02T08:00:00Z,117.95,119.92,116.65,117.25,183658676
2022-09-02T12:00:00Z,117.25,117.71,113.37,114.51,246127295
2022-09-02T16:00:00Z,114.51,117.18,113.93,116.49,280514748
2022-09-02T20:00:00Z,116.49,120.36,115.69,119.76,269600351
2022-09-03T00:00:00Z,119.76,124.66,119.03,123.78,221247626
2022-09-03T04:00:00Z,123.78,124.76,122.28,124.01,239969188
2022-09-03T08:00:00Z,124.01,126.30,123.38,124.56,287146996
2022-09-03T12:00:00Z,124.56,125.05,122.09,123.65,292323025
2022-09-03T16:00:00Z,123.65,126.00,123.13,124.55,252051909
2022-09-03T20:00:00Z,124.55,125.58,122.62,125.06,198867240
2022-09-04T00:00:00Z,125.06,129.14,124.33,128.42,233679030
2022-09-04T04:00:00Z,128.42,130.43,127.34,129.68,258797409
2022-09-04T08:00:00Z,129.68,131.85,128.53,129.31,257741197
2022-09-04T12:00:00Z,129.31,129.93,124.74,125.53,220774725
2022-09-04T16:00:00Z,125.53,126.99,124.83,125.44,213759540
2022-09-04T20:00:00Z,125.44,128.14,124.17,127.65,274401880
2022-09-05T00:00:00Z,127.65,132.52,126.97,131.72,297231908
2022-09-05T04:00:00Z,131.72,132.49,129.91,131.14,273457999
2022-09-05T08:00:00Z,131.14,132.44,128.80,129.56,218102486
2022-09-05T12:00:00Z,129.56,130.27,125.88,127.19,239785600
2022-09-05T16:00:00Z,127.19,129.48,126.58,128.12,275157154
2022-09-05T20:00:00Z,128.12,128.99,126.22,128.38,268203972
2022-09-06T00:00:00Z,128.38,131.36,127.81,130.09,218814637
2022-09-06T04:00:00Z,130.09,130.79,128.10,129.94,184434149
2022-09-06T08:00:00Z,129.94,132.08,129.09,129.79,246125792
2022-09-06T12:00:00Z,129.79,130.55,125.71,126.56,284685772
2022-09-06T16:00:00Z,126.56,127.72,124.93,125.68,277877794
2022-09-06T20:00:00Z,125.68,127.52,123.81,126.83,231278111
2022-09-07T00:00:00Z,126.83,132.04,126.37,131.38,232584114
2022-09-07T04:00:00Z,131.38,132.59,130.23,132.12,281694077
2022-09-07T08:00:00Z,132.12,133.77,130.13,130.74,290715091
2022-09-07T12:00:00Z,130.74,131.51,126.63,127.78,253898528
2022-09-07T16:00:00Z,127.78,130.37,127.01,129.33,193344890
2022-09-07T20:00:00Z,129.33,132.21,128.29,131.43,220889927
2022-09-08T00:00:00Z,131.43,135.41,130.84,134.17,259133949
2022-09-08T04:00:00Z,134.17,134.65,132.11,133.80,267078262
2022-09-08T08:00:00Z,133.80,136.07,133.16,134.14,233327097
2022-09-08T12:00:00Z,134.14,134.88,131.45,132.80,213767418
2022-09-08T16:00:00Z,132.80,134.92,132.01,133.40,271584021
2022-09-08T20:00:00Z,133.40,135.29,131.74,134.49,297964982
2022-09-09T00:00:00Z,134.49,139.87,133.77,139.06,277684907
2022-09-09T04:00:00Z,139.06,141.97,138.36,141.23,219336809
2022-09-09T08:00:00Z,141.23,143.79,140.69,141.30,228211828
2022-09-09T12:00:00Z,141.30,141.98,137.18,138.17,266458862
2022-09-09T16:00:00Z,138.17,140.15,137.38,139.00,264315501
2022-09-09T20:00:00Z,139.00,142.44,137.81,141.64,225184146
2022-09-10T00:00:00Z,141.64,146.54,140.81,145.40,190512831
2022-09-10T04:00:00Z,145.40,146.14,143.27,144.58,245188714
2022-09-10T08:00:00Z,144.58,146.15,142.67,143.41,287485612
2022-09-10T12:00:00Z,143.41,143.97,140.07,141.52,284712147
2022-09-10T16:00:00Z,141.52,143.97,140.80,142.48,240126551
2022-09-10T20:00:00Z,142.48,143.57,140.51,142.84,223984946
2022-09-11T00:00:00Z,142.84,146.44,141.98,145.28,274704417
2022-09-11T04:00:00Z,145.28,146.76,143.77,145.89,287588012
2022-09-11T08:00:00Z,145.89,148.25,144.84,145.67,254618825
2022-09-11T12:00:00Z,145.67,146.25,140.97,141.72,191535400
2022-09-11T16:00:00Z,141.72,142.73,139.65,140.20,210690724
2022-09-11T20:00:00Z,140.20,141.22,137.94,140.63,262466653
2022-09-12T00:00:00Z,140.63,144.76,139.80,143.67,275367265
2022-09-12T04:00:00Z,143.67,144.52,141.20,142.24,244910264
2022-09-12T08:00:00Z,142.24,143.24,138.17,139.01,212817040
2022-09-12T12:00:00Z,139.01,139.68,133.84,134.77,267305822
2022-09-12T16:00:00Z,134.77,136.54,134.25,134.90,297013248
2022-09-12T20:00:00Z,134.90,135.68,132.97,135.17,280392538
2022-09-13T00:00:00Z,135.17,137.96,134.45,136.33,223784254
2022-09-13T04:00:00Z,136.33,137.12,133.72,134.96,215665346
2022-09-13T08:00:00Z,134.96,136.56,133.31,134.10,256668185
2022-09-13T12:00:00Z,134.10,134.83,129.91,130.74,260566986
2022-09-13T16:00:00Z,130.74,131.74,128.33,129.04,236920061
2022-09-13T20:00:00Z,129.04,129.51,126.26,128.23,196134628
2022-09-14T00:00:00Z,128.23,131.94,127.66,130.97,243230580
2022-09-14T04:00:00Z,130.97,131.68,129.29,130.81,288821139
2022-09-14T08:00:00Z,130.81,132.13,127.83,128.53,290006171
2022-09-14T12:00:00Z,128.53,129.28,123.21,123.94,247709891
2022-09-14T16:00:00Z,123.94,125.41,123.26,124.11,218484833
2022-09-14T20:00:00Z,124.11,126.73,122.88,126.04,266268625
2022-09-15T00:00:00Z,126.04,130.22,125.59,129.03,283030783
2022-09-15T04:00:00Z,129.03,129.62,126.83,128.08,254295117
2022-09-15T08:00:00Z,128.08,129.76,126.78,127.38,189313241
2022-09-15T12:00:00Z,127.38,128.13,124.36,125.66,207009786
2022-09-15T16:00:00Z,125.66,127.70,124.92,126.20,264864464
2022-09-15T20:00:00Z,126.20,127.02,124.14,126.28,282452930
2022-09-16T00:00:00Z,126.28,130.01,125.71,129.04,255363025
2022-09-16T04:00:00Z,129.04,130.60,127.74,130.03,215101665
2022-09-16T08:00:00Z,130.03,132.37,129.37,129.85,261572281
2022-09-16T12:00:00Z,129.85,130.57,125.58,126.27,294387808
2022-09-16T16:00:00Z,126.27,127.62,125.38,126.09,281595368
2022-09-16T20:00:00Z,126.09,129.09,124.79,128.32,227233559
2022-09-17T00:00:00Z,128.32,133.62,127.64,132.82,202319964
2022-09-17T04:00:00Z,132.82,133.39,131.22,132.70,245954914
2022-09-17T08:00:00Z,132.70,134.13,130.66,131.21,262270382
2022-09-17T12:00:00Z,131.21,131.85,127.59,128.82,248646338
2022-09-17T16:00:00Z,128.82,131.20,128.08,130.02,205400823
2022-09-17T20:00:00Z,130.02,131.38,128.41,130.63,240183258
2022-09-18T00:00:00Z,130.63,133.69,129.87,132.29,288623160
2022-09-18T04:00:00Z,132.29,132.97,130.15,131.78,293689469
2022-09-18T08:00:00Z,131.78,133.86,130.78,131.45,253971063
2022-09-18T12:00:00Z,131.45,131.97,127.36,128.17,211910698
2022-09-18T16:00:00Z,128.17,129.28,126.37,126.89,256502932
2022-09-18T20:00:00Z,126.89,127.84,124.64,127.19,277155238
2022-09-19T00:00:00Z,127.19,131.77,126.42,130.97,253026131
2022-09-19T04:00:00Z,130.97,131.92,129.63,131.13,195650599
2022-09-19T08:00:00Z,131.13,132.41,128.21,128.95,205337417
2022-09-19T12:00:00Z,128.95,129.45,123.87,124.72,266209017
2022-09-19T16:00:00Z,124.72,126.39,124.20,124.99,288197786
2022-09-19T20:00:00Z,124.99,126.65,123.48,126.12,264545046
2022-09-20T00:00:00Z,126.12,129.25,125.38,127.86,216325985
2022-09-20T04:00:00Z,127.86,128.61,124.99,126.11,254415622
2022-09-20T08:00:00Z,126.11,127.48,124.26,125.01,290128671
2022-09-20T12:00:00Z,125.01,125.61,121.52,122.63,281334355
2022-09-20T16:00:00Z,122.63,124.36,121.79,122.38,229734162
2022-09-20T20:00:00Z,122.38,122.91,120.15,122.39,192605309
2022-09-21T00:00:00Z,122.39,126.41,121.73,125.78,236516379
2022-09-21T04:00:00Z,125.78,127.88,124.78,127.20,268386583
2022-09-21T08:00:00Z,127.20,129.35,126.17,126.92,259475175
2022-09-21T12:00:00Z,126.92,127.62,122.50,123.37,213914085
2022-09-21T16:00:00Z,123.37,125.01,122.79,123.69,235998481
2022-09-21T20:00:00Z,123.69,126.79,122.58,126.20,286848398
2022-09-22T00:00:00Z,126.20,131.24,125.63,130.38,295719795
2022-09-22T04:00:00Z,130.38,131.09,128.63,130.09,258879474
2022-09-22T08:00:00Z,130.09,131.70,128.60,129.30,208593807
2022-09-22T12:00:00Z,129.30,130.06,126.47,128.08,245547006
2022-09-22T16:00:00Z,128.08,131.33,127.38,130.30,270093314
2022-09-22T20:00:00Z,130.30,132.83,129.10,132.11,251400746
2022-09-23T00:00:00Z,132.11,136.63,131.63,135.81,208328628
2022-09-23T04:00:00Z,135.81,138.28,134.77,137.78,203119603
2022-09-23T08:00:00Z,137.78,140.99,137.01,139.43,266396839
2022-09-23T12:00:00Z,139.43,140.25,136.41,137.59,292485271
2022-09-23T16:00:00Z,137.59,139.38,136.78,137.95,272339476
2022-09-23T20:00:00Z,137.95,140.96,136.61,140.14,220699196
2022-09-24T00:00:00Z,140.14,146.05,139.51,145.28,245895289
2022-09-24T04:00:00Z,145.28,146.86,144.17,146.22,284303943
2022-09-24T08:00:00Z,146.22,148.05,144.54,145.08,279675426
2022-09-24T12:00:00Z,145.08,145.89,141.35,142.61,231353734
2022-09-24T16:00:00Z,142.61,145.63,141.75,144.64,182451727
2022-09-24T20:00:00Z,144.64,147.92,143.54,147.04,233408962
2022-09-25T00:00:00Z,147.04,151.30,146.26,150.07,273571425
2022-09-25T04:00:00Z,150.07,150.85,148.09,150.07,269231615
2022-09-25T08:00:00Z,150.07,152.52,149.48,150.49,225773545
2022-09-25T12:00:00Z,150.49,151.23,147.42,148.62,230649905
2022-09-25T16:00:00Z,148.62,150.42,147.48,148.21,283480879
2022-09-25T20:00:00Z,148.21,149.10,145.87,148.15,296083734
2022-09-26T00:00:00Z,148.15,152.41,147.29,151.39,262430850
2022-09-26T04:00:00Z,151.39,152.78,149.93,151.91,204376318
2022-09-26T08:00:00Z,151.91,153.67,149.49,150.25,233561232
2022-09-26T12:00:00Z,150.25,150.85,144.97,145.79,261993891
2022-09-26T16:00:00Z,145.79,147.36,145.05,145.74,254725688
2022-09-26T20:00:00Z,145.74,148.37,144.35,147.61,221780489
2022-09-27T00:00:00Z,147.61,151.96,146.72,150.66,204512890
2022-09-27T04:00:00Z,150.66,151.52,148.11,149.40,265342400
2022-09-27T08:00:00Z,149.40,150.86,147.18,148.02,295222424
2022-09-27T12:00:00Z,148.02,148.60,144.40,145.78,278655025
2022-09-27T16:00:00Z,145.78,147.92,145.16,146.08,223944044
2022-09-27T20:00:00Z,146.08,146.83,143.69,145.76,236097323
2022-09-28T00:00:00Z,145.76,148.96,144.90,147.80,277008426
2022-09-28T04:00:00Z,147.80,149.05,146.19,148.18,276707435
2022-09-28T08:00:00Z,148.18,150.39,146.94,147.83,232175583
2022-09-28T12:00:00Z,147.83,148.53,143.26,144.13,179634921
2022-09-28T16:00:00Z,144.13,145.50,142.87,143.56,233253636
2022-09-28T20:00:00Z,143.56,145.99,141.98,145.45,277657835
2022-09-29T00:00:00Z,145.45,150.74,144.66,150.07,277757144
2022-09-29T04:00:00Z,150.07,151.11,148.62,150.31,236586045
2022-09-29T08:00:00Z,150.31,151.85,148.07,148.95,224134702
2022-09-29T12:00:00Z,148.95,149.77,145.15,146.63,278532771
2022-09-29T16:00:00Z,146.63,149.53,145.94,148.33,294796778
2022-09-29T20:00:00Z,148.33,150.46,146.91,149.77,264646518
2022-09-30T00:00:00Z,149.77,153.40,149.08,152.09,203600971
2022-09-30T04:00:00Z,152.09,152.91,150.02,152.04,220723562
2022-09-30T08:00:00Z,152.04,154.48,151.13,152.44,254168138
2022-09-30T12:00:00Z,152.44,153.34,149.01,150.26,263088980
2022-09-30T16:00:00Z,150.26,151.96,149.05,149.94,234546505
2022-09-30T20:00:00Z,149.94,151.65,147.85,150.84,205175032
2022-10-01T00:00:00Z,150.84,156.04,150.29,155.26,262980794
2022-10-01T04:00:00Z,155.26,156.95,154.13,156.39,296342074
2022-10-01T08:00:00Z,156.39,158.30,154.31,155.04,283427494
2022-10-01T12:00:00Z,155.04,155.95,150.19,151.18,230288950
2022-10-01T16:00:00Z,151.18,153.05,150.29,151.64,225133136
2022-10-01T20:00:00Z,151.64,154.08,150.20,153.18,268361632
2022-10-02T00:00:00Z,153.18,156.87,152.50,155.26,272539631
2022-10-02T04:00:00Z,155.26,155.84,152.15,153.34,232295725
2022-10-02T08:00:00Z,153.34,154.71,151.13,151.70,183559701
2022-10-02T12:00:00Z,151.70,152.55,147.86,148.90,232370147
2022-10-02T16:00:00Z,148.90,150.50,147.41,148.24,280521106
2022-10-02T20:00:00Z,148.24,149.10,145.58,147.36,284913024
2022-10-03T00:00:00Z,147.36,150.64,146.58,149.39,246220330
2022-10-03T04:00:00Z,149.39,150.23,147.54,149.46,220714879
2022-10-03T08:00:00Z,149.46,151.26,147.33,147.95,272044580
2022-10-03T12:00:00Z,147.95,148.67,142.28,142.84,291902764
2022-10-03T16:00:00Z,142.84,143.71,140.40,141.10,265572095
2022-10-03T20:00:00Z,141.10,142.34,139.01,141.53,202116858
2022-10-04T00:00:00Z,141.53,145.32,140.70,143.88,207225984
2022-10-04T04:00:00Z,143.88,144.60,140.76,141.64,252040586
2022-10-04T08:00:00Z,141.64,142.47,137.79,138.49,271137008
2022-10-04T12:00:00Z,138.49,139.05,133.81,134.86,246436448
2022-10-04T16:00:00Z,134.86,136.76,134.17,135.03,209259717
2022-10-04T20:00:00Z,135.03,135.81,132.91,134.92,259269983
2022-10-05T00:00:00Z,134.92,137.81,134.11,136.42,295804489
2022-10-05T04:00:00Z,136.42,137.20,134.41,136.11,286620679
2022-10-05T08:00:00Z,136.11,138.29,135.14,135.91,235476088
2022-10-05T12:00:00Z,135.91,136.43,131.73,132.57,213137704
2022-10-05T16:00:00Z,132.57,133.67,130.80,131.31,258505280
2022-10-05T20:00:00Z,131.31,132.34,129.08,131.78,267298717
2022-10-06T00:00:00Z,131.78,136.38,131.00,135.62,236767621
2022-10-06T04:00:00Z,135.62,136.57,134.29,135.77,193672330
2022-10-06T08:00:00Z,135.77,137.13,133.08,133.89,230663989
2022-10-06T12:00:00Z,133.89,134.52,129.40,130.52,282054565
2022-10-06T16:00:00Z,130.52,133.03,130.03,131.98,290583167
2022-10-06T20:00:00Z,131.98,134.84,130.89,134.35,254569005
2022-10-07T00:00:00Z,134.35,138.49,133.62,137.49,216166308
2022-10-07T04:00:00Z,137.49,138.29,135.62,137.40,264084745
2022-10-07T08:00:00Z,137.40,139.59,136.57,137.86,287472714
2022-10-07T12:00:00Z,137.86,138.62,135.11,136.53,265275651
2022-10-07T16:00:00Z,136.53,138.66,135.89,136.87,204268454
2022-10-07T20:00:00Z,136.87,137.92,134.75,137.29,195512230
2022-10-08T00:00:00Z,137.29,141.69,136.65,140.93,254112430
2022-10-08T04:00:00Z,140.93,142.88,139.83,142.23,278121924
2022-10-08T08:00:00Z,142.23,144.36,140.80,141.58,257274713
2022-10-08T12:00:00Z,141.58,142.40,136.89,137.83,212427459
2022-10-08T16:00:00Z,137.83,139.50,137.08,138.20,254192555
2022-10-08T20:00:00Z,138.20,141.46,137.09,140.70,293598440
2022-10-09T00:00:00Z,140.70,145.67,140.18,144.59,288226699
2022-10-09T04:00:00Z,144.59,145.27,142.56,143.90,239512246
2022-10-09T08:00:00Z,143.90,145.45,141.98,142.66,204507525
2022-10-09T12:00:00Z,142.66,143.50,139.21,140.56,247600331
2022-10-09T16:00:00Z,140.56,142.79,139.73,141.24,261715663
2022-10-09T20:00:00Z,141.24,141.99,139.10,141.14,247056371
2022-10-10T00:00:00Z,141.14,144.26,140.52,142.91,203319845
2022-10-10T04:00:00Z,142.91,143.51,140.96,142.90,228053982
2022-10-10T08:00:00Z,142.90,145.09,141.87,142.41,282172432
2022-10-10T12:00:00Z,142.41,143.21,137.89,138.57,294676568
2022-10-10T16:00:00Z,138.57,139.65,136.64,137.42,261550241
2022-10-10T20:00:00Z,137.42,139.36,135.60,138.53,214770547
2022-10-11T00:00:00Z,138.53,143.52,137.80,142.65,254748615
2022-10-11T04:00:00Z,142.65,143.29,141.02,142.55,281603087
2022-10-11T08:00:00Z,142.55,143.89,139.99,140.57,263845380
2022-10-11T12:00:00Z,140.57,141.27,136.30,137.40,205900837
2022-10-11T16:00:00Z,137.40,139.67,136.61,138.54,190425679
2022-10-11T20:00:00Z,138.54,140.60,137.18,139.80,255324400
2022-10-12T00:00:00Z,139.80,143.26,138.98,141.84,283896737
2022-10-12T04:00:00Z,141.84,142.56,139.62,141.30,266903804
2022-10-12T08:00:00Z,141.30,143.58,140.73,141.49,218839765
2022-10-12T12:00:00Z,141.49,142.07,138.35,139.61,247756928
2022-10-12T16:00:00Z,139.61,141.54,138.89,139.68,289741650
2022-10-12T20:00:00Z,139.68,141.52,137.81,140.79,288265664
2022-10-13T00:00:00Z,140.79,146.46,139.94,145.61,242427416
2022-10-13T04:00:00Z,145.61,148.57,144.78,147.69,195146333
2022-10-13T08:00:00Z,147.69,150.15,146.71,147.54,235823611
2022-10-13T12:00:00Z,147.54,148.11,143.46,144.72,261123998
2022-10-13T16:00:00Z,144.72,147.29,144.10,146.27,257722967
2022-10-13T20:00:00Z,146.27,150.03,145.19,149.38,216573548
2022-10-14T00:00:00Z,149.38,154.40,148.50,153.40,224475141
2022-10-14T04:00:00Z,153.40,154.31,151.65,153.25,280812297
2022-10-14T08:00:00Z,153.25,155.33,152.35,153.26,297129183
2022-10-14T12:00:00Z,153.26,153.99,150.58,152.45,267108902
2022-10-14T16:00:00Z,152.45,155.51,151.88,154.14,212322604
2022-10-14T20:00:00Z,154.14,155.99,152.48,155.43,244156825
2022-10-15T00:00:00Z,155.43,160.02,154.58,159.31,274413506
2022-10-15T04:00:00Z,159.31,162.21,158.21,161.34,261386861
2022-10-15T08:00:00Z,161.34,164.15,160.37,162.10,210690279
2022-10-15T12:00:00Z,162.10,162.98,157.97,159.10,192611678
2022-10-15T16:00:00Z,159.10,160.82,158.11,158.99,255565832
2022-10-15T20:00:00Z,158.99,161.66,157.40,160.92,288331987
2022-10-16T00:00:00Z,160.92,166.04,160.18,165.01,275187410
2022-10-16T04:00:00Z,165.01,165.91,162.99,164.39,224169337
2022-10-16T08:00:00Z,164.39,165.80,161.42,162.31,239997981
2022-10-16T12:00:00Z,162.31,163.26,158.02,159.43,284280628
2022-10-16T16:00:00Z,159.43,161.94,158.57,160.48,286784756
2022-10-16T20:00:00Z,160.48,162.08,158.63,161.22,244273108
2022-10-17T00:00:00Z,161.22,164.57,160.63,163.03,189453792
2022-10-17T04:00:00Z,163.03,163.80,160.72,162.59,224626075
2022-10-17T08:00:00Z,162.59,164.87,161.53,162.30,265409195
2022-10-17T12:00:00Z,162.30,163.26,158.04,158.96,267441082
2022-10-17T16:00:00Z,158.96,160.15,156.36,157.31,229006066
2022-10-17T20:00:00Z,157.31,158.13,154.58,156.90,219881205
2022-10-18T00:00:00Z,156.90,161.07,156.21,159.87,277937057
2022-10-18T04:00:00Z,159.87,160.48,157.93,159.39,297905247
2022-10-18T08:00:00Z,159.39,160.76,156.08,156.68,271217054
2022-10-18T12:00:00Z,156.68,157.55,151.29,152.06,213121801
2022-10-18T16:00:00Z,152.06,153.69,151.14,152.23,232453116
2022-10-18T20:00:00Z,152.23,154.58,150.76,153.66,266043993
2022-10-19T00:00:00Z,153.66,157.40,152.85,155.90,258050868
2022-10-19T04:00:00Z,155.90,156.54,153.18,154.58,221996891
2022-10-19T08:00:00Z,154.58,156.33,153.10,153.74,194358596
2022-10-19T12:00:00Z,153.74,154.50,150.32,151.51,254740018
2022-10-19T16:00:00Z,151.51,153.39,150.45,151.21,291318826
2022-10-19T20:00:00Z,151.21,152.12,148.77,150.79,282013030
2022-10-20T00:00:00Z,150.79,154.61,149.92,153.49,232593441
2022-10-20T04:00:00Z,153.49,155.10,151.98,154.21,230977089
2022-10-20T08:00:00Z,154.21,156.40,152.64,153.40,277289865
2022-10-20T12:00:00Z,153.40,154.03,148.53,149.41,283856733
2022-10-20T16:00:00Z,149.41,151.00,148.64,149.34,245120213
2022-10-20T20:00:00Z,149.34,152.44,147.96,151.66,183330356
2022-10-21T00:00:00Z,151.66,156.86,150.73,155.82,219567150
2022-10-21T04:00:00Z,155.82,156.70,153.94,155.39,269245320
2022-10-21T08:00:00Z,155.39,157.00,153.25,154.12,276042707
2022-10-21T12:00:00Z,154.12,154.70,150.54,152.07,240446384
2022-10-21T16:00:00Z,152.07,154.63,151.41,153.20,218487031
2022-10-21T20:00:00Z,153.20,154.27,151.22,153.60,273536355
2022-10-22T00:00:00Z,153.60,156.82,152.69,155.50,296997970
2022-10-22T04:00:00Z,155.50,156.42,153.63,155.49,273873870
2022-10-22T08:00:00Z,155.49,157.75,154.36,155.29,212978585
2022-10-22T12:00:00Z,155.29,156.02,150.90,151.81,219801652
2022-10-22T16:00:00Z,151.81,153.04,149.91,150.62,256651798
2022-10-22T20:00:00Z,150.62,151.89,148.42,151.34,259161513
2022-10-23T00:00:00Z,151.34,156.02,150.52,155.21,234744071
2022-10-23T04:00:00Z,155.21,156.12,153.52,154.97,199793497
2022-10-23T08:00:00Z,154.97,156.34,151.55,152.46,252767234
2022-10-23T12:00:00Z,152.46,153.28,147.27,148.27,292771704
2022-10-23T16:00:00Z,148.27,150.08,147.58,148.39,287294081
2022-10-23T20:00:00Z,148.39,149.47,146.44,148.79,239803223
2022-10-24T00:00:00Z,148.79,151.62,148.10,149.71,220781539
2022-10-24T04:00:00Z,149.71,150.52,146.54,147.52,268870442
2022-10-24T08:00:00Z,147.52,148.87,145.16,145.96,279577871
2022-10-24T12:00:00Z,145.96,146.82,141.62,142.56,245056423
2022-10-24T16:00:00Z,142.56,143.68,140.20,141.03,183633183
2022-10-24T20:00:00Z,141.03,141.65,138.14,140.08,218599368
2022-10-25T00:00:00Z,140.08,143.76,139.56,142.67,272028342
2022-10-25T04:00:00Z,142.67,143.34,141.01,142.81,283376278
2022-10-25T08:00:00Z,142.81,144.36,140.19,140.87,250742787
2022-10-25T12:00:00Z,140.87,141.70,135.17,135.93,216018781
2022-10-25T16:00:00Z,135.93,136.97,134.38,135.19,267627401
2022-10-25T20:00:00Z,135.19,137.18,133.53,136.38,294429618
2022-10-26T00:00:00Z,136.38,140.23,135.79,138.82,275104936
2022-10-26T04:00:00Z,138.82,139.35,135.94,136.99,216204526
2022-10-26T08:00:00Z,136.99,138.19,134.64,135.16,206383869
2022-10-26T12:00:00Z,135.16,135.92,131.66,132.86,247111251
2022-10-26T16:00:00Z,132.86,135.00,132.06,133.58,265730813
2022-10-26T20:00:00Z,133.58,134.79,131.74,133.99,246726511
2022-10-27T00:00:00Z,133.99,137.81,133.29,136.83,204543760
2022-10-27T04:00:00Z,136.83,138.81,135.55,138.11,249587413
2022-10-27T08:00:00Z,138.11,140.81,137.55,138.69,292630543
2022-10-27T12:00:00Z,138.69,139.38,134.88,135.75,290971439
2022-10-27T16:00:00Z,135.75,137.29,134.88,135.57,245755837
2022-10-27T20:00:00Z,135.57,138.36,134.12,137.56,213763655
2022-10-28T00:00:00Z,137.56,143.11,136.76,142.26,259148053
2022-10-28T04:00:00Z,142.26,143.40,140.86,142.59,274065432
2022-10-28T08:00:00Z,142.59,144.24,140.61,141.31,244183291
2022-10-28T12:00:00Z,141.31,141.89,137.71,139.18,190649234
2022-10-28T16:00:00Z,139.18,142.25,138.45,141.38,217023807
2022-10-28T20:00:00Z,141.38,144.38,140.28,143.63,273641823
2022-10-29T00:00:00Z,143.63,147.91,142.76,146.79,289309967
2022-10-29T04:00:00Z,146.79,148.31,145.22,147.43,259765648
2022-10-29T08:00:00Z,147.43,150.21,146.70,148.43,216706962
2022-10-29T12:00:00Z,148.43,148.99,145.38,146.70,260255213
2022-10-29T16:00:00Z,146.70,148.56,145.96,146.51,290250964
2022-10-29T20:00:00Z,146.51,147.80,144.35,147.15,274960959
2022-10-30T00:00:00Z,147.15,151.98,146.28,151.17,218618336
2022-10-30T04:00:00Z,151.17,152.90,149.99,152.01,192394959
2022-10-30T08:00:00Z,152.01,153.72,149.62,150.52,242782522
2022-10-30T12:00:00Z,150.52,151.22,145.60,146.63,272426419
2022-10-30T16:00:00Z,146.63,148.62,146.10,147.34,257758637
2022-10-30T20:00:00Z,147.34,150.06,146.05,149.52,212732058
2022-10-31T00:00:00Z,149.52,153.66,148.70,152.51,245162404
2022-10-31T04:00:00Z,152.51,153.41,150.16,151.47,290862397
2022-10-31T08:00:00Z,151.47,153.02,149.70,150.59,293014384
2022-10-31T12:00:00Z,150.59,151.41,147.13,148.50,250434239
2022-10-31T16:00:00Z,148.50,150.54,147.68,148.48,205787613
2022-10-31T20:00:00Z,148.48,149.00,145.95,148.00,248270509
2022-11-01T00:00:00Z,148.00,151.41,147.31,150.28,267454694
2022-11-01T04:00:00Z,150.28,151.45,148.60,150.74,246420812
2022-11-01T08:00:00Z,150.74,152.82,149.14,149.97,204706589
2022-11-01T12:00:00Z,149.97,150.85,145.01,145.88,214750098
2022-11-01T16:00:00Z,145.88,147.18,144.51,145.37,273986645
2022-11-01T20:00:00Z,145.37,148.15,143.86,147.36,293734569
2022-11-02T00:00:00Z,147.36,152.60,146.81,151.63,267409730
2022-11-02T04:00:00Z,151.63,152.35,149.83,151.38,216295441
2022-11-02T08:00:00Z,151.38,152.96,149.29,150.01,251492229
2022-11-02T12:00:00Z,150.01,150.90,146.45,147.93,284540130
2022-11-02T16:00:00Z,147.93,150.82,147.06,149.52,273515952
2022-11-02T20:00:00Z,149.52,151.53,147.97,150.65,220294868
2022-11-03T00:00:00Z,150.65,154.39,150.00,153.10,183655350
2022-11-03T04:00:00Z,153.10,154.26,151.31,153.61,243347233
2022-11-03T08:00:00Z,153.61,156.39,152.85,154.40,278063948
2022-11-03T12:00:00Z,154.40,155.27,151.17,152.30,267669703
2022-11-03T16:00:00Z,152.30,154.08,151.38,152.37,219987509
2022-11-03T20:00:00Z,152.37,155.12,150.80,154.20,239477748
2022-11-04T00:00:00Z,154.20,160.42,153.40,159.49,287462512
2022-11-04T04:00:00Z,159.49,161.92,158.59,161.10,293420922
2022-11-04T08:00:00Z,161.10,163.27,159.72,160.37,253846672
2022-11-04T12:00:00Z,160.37,161.17,156.39,157.66,201219078
2022-11-04T16:00:00Z,157.66,160.41,156.75,159.37,236404760
2022-11-04T20:00:00Z,159.37,162.68,158.13,161.74,260039872
2022-11-05T00:00:00Z,161.74,166.03,160.81,164.59,254917183
2022-11-05T04:00:00Z,164.59,165.40,162.26,163.91,218233976
2022-11-05T08:00:00Z,163.91,166.10,162.92,163.73,211699951
2022-11-05T12:00:00Z,163.73,164.42,160.53,161.97,272983870
2022-11-05T16:00:00Z,161.97,164.13,161.13,162.06,296565926
2022-11-05T20:00:00Z,162.06,163.09,159.73,162.24,273595918
2022-11-06T00:00:00Z,162.24,166.63,161.26,165.60,219033563
2022-11-06T04:00:00Z,165.60,167.62,164.33,166.62,241437313
2022-11-06T08:00:00Z,166.62,168.79,164.65,165.58,277400854
2022-11-06T12:00:00Z,165.58,166.19,160.21,161.05,270864897
2022-11-06T16:00:00Z,161.05,162.35,159.63,160.22,221322012
2022-11-06T20:00:00Z,160.22,162.01,158.29,161.30,181576895
2022-11-07T00:00:00Z,161.30,165.19,160.34,163.73,243504728
2022-11-07T04:00:00Z,163.73,164.70,160.46,161.51,282505052
2022-11-07T08:00:00Z,161.51,162.59,157.79,158.73,276307270
2022-11-07T12:00:00Z,158.73,159.47,154.16,155.37,230440113
2022-11-07T16:00:00Z,155.37,157.29,154.49,155.21,232543912
2022-11-07T20:00:00Z,155.21,155.90,152.64,154.54,282454801
2022-11-08T00:00:00Z,154.54,157.31,153.69,155.79,292217490
2022-11-08T04:00:00Z,155.79,156.71,153.59,155.30,256025580
2022-11-08T08:00:00Z,155.30,157.13,153.48,154.39,195930923
2022-11-08T12:00:00Z,154.39,155.22,149.10,149.99,223733516
2022-11-08T16:00:00Z,149.99,150.76,147.16,147.96,257173430
2022-11-08T20:00:00Z,147.96,148.60,145.40,147.93,264386826
2022-11-09T00:00:00Z,147.93,152.06,147.24,150.93,231033516
2022-11-09T04:00:00Z,150.93,151.76,148.76,149.83,212050337
2022-11-09T08:00:00Z,149.83,151.02,146.11,146.93,270577184
2022-11-09T12:00:00Z,146.93,147.78,141.89,142.97,297746809
2022-11-09T16:00:00Z,142.97,145.02,142.21,143.69,278272393
2022-11-09T20:00:00Z,143.69,145.65,142.12,144.88,220684195
2022-11-10T00:00:00Z,144.88,148.38,144.33,146.94,230214166
2022-11-10T04:00:00Z,146.94,147.64,144.63,146.29,268960193
2022-11-10T08:00:00Z,146.29,148.47,145.46,146.23,267120995
2022-11-10T12:00:00Z,146.23,147.10,142.82,143.97,224491290
2022-11-10T16:00:00Z,143.97,145.47,142.49,143.35,187761229
2022-11-10T20:00:00Z,143.35,144.18,140.95,143.34,242790972
2022-11-11T00:00:00Z,143.34,147.75,142.73,146.82,285628489
2022-11-11T04:00:00Z,146.82,148.21,145.50,147.59,283540292
2022-11-11T08:00:00Z,147.59,149.47,145.68,146.25,239731239
2022-11-11T12:00:00Z,146.25,147.08,141.44,142.26,224396968
2022-11-11T16:00:00Z,142.26,144.02,141.40,142.76,275891681
2022-11-11T20:00:00Z,142.76,145.98,141.52,145.11,289458042
2022-11-12T00:00:00Z,145.11,149.70,144.36,148.50,257025968
2022-11-12T04:00:00Z,148.50,149.10,146.21,147.57,194292164
2022-11-12T08:00:00Z,147.57,149.19,145.93,146.52,211268156
2022-11-12T12:00:00Z,146.52,147.26,143.18,144.43,259665319
2022-11-12T16:00:00Z,144.43,146.54,143.59,144.66,272874455
2022-11-12T20:00:00Z,144.66,145.52,142.34,144.17,242920139
2022-11-13T00:00:00Z,144.17,147.33,143.34,146.00,211484609
2022-11-13T04:00:00Z,146.00,146.84,144.11,146.01,266734868
2022-11-13T08:00:00Z,146.01,148.03,144.32,145.03,297248243
2022-11-13T12:00:00Z,145.03,145.64,139.92,140.54,281415176
2022-11-13T16:00:00Z,140.54,141.53,138.54,139.14,225514885
2022-11-13T20:00:00Z,139.14,140.80,137.17,140.07,217969171
2022-11-14T00:00:00Z,140.07,144.61,139.22,143.50,259365762
2022-11-14T04:00:00Z,143.50,144.30,141.22,142.37,262412535
2022-11-14T08:00:00Z,142.37,143.35,138.86,139.65,234079621
2022-11-14T12:00:00Z,139.65,140.16,134.89,135.96,193556202
2022-11-14T16:00:00Z,135.96,137.84,135.36,136.17,241115000
2022-11-14T20:00:00Z,136.17,136.89,134.05,136.07,287333186
2022-11-15T00:00:00Z,136.07,138.62,135.26,136.96,289261741
2022-11-15T04:00:00Z,136.96,137.77,134.28,135.64,247766964
2022-11-15T08:00:00Z,135.64,137.37,134.04,134.84,219338968
2022-11-15T12:00:00Z,134.84,135.46,130.64,131.49,267853290
2022-11-15T16:00:00Z,131.49,132.62,129.59,130.19,285222553
2022-11-15T20:00:00Z,130.19,130.86,127.85,130.40,256923277
2022-11-16T00:00:00Z,130.40,134.93,129.68,134.31,192173082
2022-11-16T04:00:00Z,134.31,135.76,133.14,135.02,204387880
2022-11-16T08:00:00Z,135.02,136.56,132.70,133.49,262210202
2022-11-16T12:00:00Z,133.49,134.20,128.80,129.79,280219920
2022-11-16T16:00:00Z,129.79,131.86,129.20,130.70,253725193
2022-11-16T20:00:00Z,130.70,133.44,129.58,132.84,214186581
2022-11-17T00:00:00Z,132.84,136.93,132.21,135.76,261451219
2022-11-17T04:00:00Z,135.76,136.51,133.59,135.04,295070200
2022-11-17T08:00:00Z,135.04,136.95,134.16,134.91,283028060
2022-11-17T12:00:00Z,134.91,135.70,132.21,133.75,229304963
2022-11-17T16:00:00Z,133.75,136.23,133.03,134.86,204868739
2022-11-17T20:00:00Z,134.86,136.69,133.12,135.97,248782535
2022-11-18T00:00:00Z,135.97,140.85,135.45,140.21,260912684
2022-11-18T04:00:00Z,140.21,143.07,139.31,142.53,245926306
2022-11-18T08:00:00Z,142.53,145.41,141.72,143.24,203058850
2022-11-18T12:00:00Z,143.24,144.09,139.34,140.41,238401760
2022-11-18T16:00:00Z,140.41,142.33,139.59,141.06,287540894
2022-11-18T20:00:00Z,141.06,144.67,139.94,143.83,293390734
2022-11-19T00:00:00Z,143.83,149.31,143.22,148.37,254479126
2022-11-19T04:00:00Z,148.37,148.95,146.66,148.23,213185984
2022-11-19T08:00:00Z,148.23,149.93,146.59,147.17,258446114
2022-11-19T12:00:00Z,147.17,148.01,143.99,145.50,279614961
2022-11-19T16:00:00Z,145.50,148.54,144.62,147.34,255810810
2022-11-19T20:00:00Z,147.34,149.56,145.98,148.66,195511197
2022-11-20T00:00:00Z,148.66,152.61,147.90,151.45,202561933
2022-11-20T04:00:00Z,151.45,153.01,149.82,152.24,263766964
2022-11-20T08:00:00Z,152.24,154.94,151.61,152.80,286279375
2022-11-20T12:00:00Z,152.80,153.57,149.01,149.90,263299702
2022-11-20T16:00:00Z,149.90,151.24,148.16,148.92,215850704
2022-11-20T20:00:00Z,148.92,150.40,146.84,149.54,254747424
2022-11-21T00:00:00Z,149.54,154.29,148.67,153.26,291241715
2022-11-21T04:00:00Z,153.26,154.02,151.52,153.02,283141944
2022-11-21T08:00:00Z,153.02,154.28,149.87,150.61,232095507
2022-11-21T12:00:00Z,150.61,151.24,145.64,146.68,195336484
2022-11-21T16:00:00Z,146.68,148.75,145.91,147.42,237646871
2022-11-21T20:00:00Z,147.42,149.64,145.99,148.86,265566169
2022-11-22T00:00:00Z,148.86,152.47,147.96,150.99,256942304
2022-11-22T04:00:00Z,150.99,151.83,148.48,149.95,211866038
2022-11-22T08:00:00Z,149.95,151.90,148.62,149.45,234594779
2022-11-22T12:00:00Z,149.45,150.00,145.85,147.07,286198377
2022-11-22T16:00:00Z,147.07,148.72,145.83,146.36,295874082
2022-11-22T20:00:00Z,146.36,147.14,143.74,145.93,259826054
2022-11-23T00:00:00Z,145.93,149.83,145.06,148.88,210258951
2022-11-23T04:00:00Z,148.88,150.41,147.57,149.52,247801016
2022-11-23T08:00:00Z,149.52,151.38,147.42,148.30,272760628
2022-11-23T12:00:00Z,148.30,148.98,143.31,144.22,253796791
2022-11-23T16:00:00Z,144.22,145.92,143.71,144.50,205473980
2022-11-23T20:00:00Z,144.50,147.49,143.21,146.98,200505518
2022-11-24T00:00:00Z,146.98,151.81,146.17,150.92,264226925
2022-11-24T04:00:00Z,150.92,151.81,149.01,150.45,290928538
2022-11-24T08:00:00Z,150.45,152.05,148.77,149.66,271517179
2022-11-24T12:00:00Z,149.66,150.46,146.53,148.11,220675382
2022-11-24T16:00:00Z,148.11,150.79,147.44,149.34,246671814
2022-11-24T20:00:00Z,149.34,150.55,147.41,149.88,285820326
2022-11-25T00:00:00Z,149.88,153.57,149.17,152.47,281813552
2022-11-25T04:00:00Z,152.47,154.08,150.91,153.35,233947071
2022-11-25T08:00:00Z,153.35,155.91,152.43,153.66,185298279
2022-11-25T12:00:00Z,153.66,154.56,149.52,150.56,231336830
2022-11-25T16:00:00Z,150.56,152.07,149.31,150.20,270886040
2022-11-25T20:00:00Z,150.20,152.84,148.54,152.04,266948059
2022-11-26T00:00:00Z,152.04,157.53,151.45,156.68,224069685
2022-11-26T04:00:00Z,156.68,157.47,155.13,156.87,229658451
2022-11-26T08:00:00Z,156.87,158.39,154.31,155.07,283279056
2022-11-26T12:00:00Z,155.07,155.99,150.70,151.96,296687260
2022-11-26T16:00:00Z,151.96,154.30,151.07,152.88,263792718
2022-11-26T20:00:00Z,152.88,154.49,151.13,153.60,206390453
2022-11-27T00:00:00Z,153.60,156.62,152.96,154.94,236070756
2022-11-27T04:00:00Z,154.94,155.55,152.15,153.55,264803337
2022-11-27T08:00:00Z,153.55,155.40,152.03,152.64,253920740
2022-11-27T12:00:00Z,152.64,153.51,148.50,149.32,219033988
2022-11-27T16:00:00Z,149.32,150.52,146.89,147.74,202124356
2022-11-27T20:00:00Z,147.74,148.58,145.04,147.07,263497875
2022-11-28T00:00:00Z,147.07,151.00,146.32,149.91,294065572
2022-11-28T04:00:00Z,149.91,150.51,148.11,149.71,278275957
2022-11-28T08:00:00Z,149.71,151.07,146.51,147.09,224372282
2022-11-28T12:00:00Z,147.09,147.84,141.18,141.77,237299514
2022-11-28T16:00:00Z,141.77,142.84,140.05,140.78,278890932
2022-11-28T20:00:00Z,140.78,142.04,138.89,141.22,279123629
2022-11-29T00:00:00Z,141.22,144.21,140.41,142.48,234937269
2022-11-29T04:00:00Z,142.48,143.17,138.82,139.69,180100220
2022-11-29T08:00:00Z,139.69,140.63,136.54,137.21,230456436
2022-11-29T12:00:00Z,137.21,137.79,132.93,133.92,275173379
2022-11-29T16:00:00Z,133.92,135.47,132.60,133.17,275778947
2022-11-29T20:00:00Z,133.17,133.94,130.52,132.21,235268185
2022-11-30T00:00:00Z,132.21,135.30,131.41,134.11,223579826
2022-11-30T04:00:00Z,134.11,135.11,132.46,134.31,278784098
2022-11-30T08:00:00Z,134.31,136.27,132.60,133.35,295834732
2022-11-30T12:00:00Z,133.35,133.83,128.25,128.86,266390253
2022-11-30T16:00:00Z,128.86,129.79,127.15,127.62,205914671
2022-11-30T20:00:00Z,127.62,129.28,125.77,128.70,223427013
2022-12-01T00:00:00Z,128.70,133.09,127.93,132.09,255901954
2022-12-01T04:00:00Z,132.09,132.87,129.89,131.01,260251690
2022-12-01T08:00:00Z,131.01,132.11,128.07,128.84,231975552
2022-12-01T12:00:00Z,128.84,129.42,124.87,126.14,203070665
2022-12-01T16:00:00Z,126.14,128.68,125.69,127.49,261506922
2022-12-01T20:00:00Z,127.49,129.11,126.04,128.66,295613494
2022-12-02T00:00:00Z,128.66,132.13,127.95,131.14,283500954
2022-12-02T04:00:00Z,131.14,132.28,129.50,131.56,231158729
2022-12-02T08:00:00Z,131.56,133.94,130.77,132.16,226731489
2022-12-02T12:00:00Z,132.16,132.86,128.68,129.70,270564064
2022-12-02T16:00:00Z,129.70,131.15,128.33,129.02,275174596
2022-12-02T20:00:00Z,129.02,130.29,126.96,129.72,235157987
2022-12-03T00:00:00Z,129.72,134.45,129.09,133.76,180826631
2022-12-03T04:00:00Z,133.76,134.84,132.44,134.20,229722444
2022-12-03T08:00:00Z,134.20,135.65,131.64,132.38,278298553
2022-12-03T12:00:00Z,132.38,133.15,127.65,128.67,283288731
2022-12-03T16:00:00Z,128.67,130.77,127.99,129.64,245320811
2022-12-03T20:00:00Z,129.64,132.30,128.50,131.61,220610196
2022-12-04T00:00:00Z,131.61,135.52,131.10,134.22,272742888
2022-12-04T04:00:00Z,134.22,134.87,131.90,133.20,293349673
2022-12-04T08:00:00Z,133.20,134.94,131.87,132.52,267654906
2022-12-04T12:00:00Z,132.52,133.31,129.08,130.20,204673342
2022-12-04T16:00:00Z,130.20,131.71,128.81,129.59,210057021
2022-12-04T20:00:00Z,129.59,130.25,126.99,128.80,250519849
2022-12-05T00:00:00Z,128.80,132.19,128.26,131.08,268422600
2022-12-05T04:00:00Z,131.08,131.77,129.45,131.23,244104132
2022-12-05T08:00:00Z,131.23,132.92,129.15,129.68,207491160
2022-12-05T12:00:00Z,129.68,130.41,124.30,124.93,258202935
2022-12-05T16:00:00Z,124.93,125.91,123.44,124.16,295522060
2022-12-05T20:00:00Z,124.16,126.48,122.73,125.72,287144869
2022-12-06T00:00:00Z,125.72,130.13,125.08,129.03,236766064
2022-12-06T04:00:00Z,129.03,129.54,126.69,127.80,215092996
2022-12-06T08:00:00Z,127.80,128.95,125.39,125.89,260973590
2022-12-06T12:00:00Z,125.89,126.53,122.21,123.30,270087792
2022-12-06T16:00:00Z,123.30,125.40,122.58,123.93,236516050
2022-12-06T20:00:00Z,123.93,124.69,122.04,123.96,190901508
2022-12-07T00:00:00Z,123.96,127.03,123.25,125.79,228230762
2022-12-07T04:00:00Z,125.79,126.67,123.99,125.96,280148452
2022-12-07T08:00:00Z,125.96,128.29,125.46,126.07,289352637
2022-12-07T12:00:00Z,126.07,126.61,122.22,123.08,254109900
2022-12-07T16:00:00Z,123.08,124.49,122.14,122.68,216514388
2022-12-07T20:00:00Z,122.68,125.14,121.19,124.48,265212900
2022-12-08T00:00:00Z,124.48,130.33,123.72,129.57,289293072
2022-12-08T04:00:00Z,129.57,131.45,128.69,130.67,267646425
2022-12-08T08:00:00Z,130.67,132.49,129.01,129.73,207004988
2022-12-08T12:00:00Z,129.73,130.20,126.03,127.39,196530714
2022-12-08T16:00:00Z,127.39,130.35,126.81,129.47,251295704
2022-12-08T20:00:00Z,129.47,132.47,128.44,131.87,275597011
2022-12-09T00:00:00Z,131.87,136.01,131.08,134.93,255238275
2022-12-09T04:00:00Z,134.93,135.87,133.27,135.07,211038113
2022-12-09T08:00:00Z,135.07,137.54,134.33,135.89,253558517
2022-12-09T12:00:00Z,135.89,136.51,133.32,134.77,293769093
2022-12-09T16:00:00Z,134.77,137.02,134.29,135.46,289188752
2022-12-09T20:00:00Z,135.46,137.25,133.73,136.76,241190765
2022-12-10T00:00:00Z,136.76,142.18,136.00,141.52,206771772
2022-12-10T04:00:00Z,141.52,144.38,140.66,143.59,250273946
2022-12-10T08:00:00Z,143.59,145.85,142.48,143.34,264000299
2022-12-10T12:00:00Z,143.34,144.10,138.93,139.98,244204423
2022-12-10T16:00:00Z,139.98,141.94,139.36,140.68,200712821
2022-12-10T20:00:00Z,140.68,143.62,139.48,142.99,225894942
2022-12-11T00:00:00Z,142.99,147.42,142.30,146.24,280629540
2022-12-11T04:00:00Z,146.24,147.05,143.90,145.03,293869999
2022-12-11T08:00:00Z,145.03,146.41,142.86,143.67,261542819
2022-12-11T12:00:00Z,143.67,144.50,140.13,141.52,215562850
2022-12-11T16:00:00Z,141.52,143.70,140.77,142.03,256278930
2022-12-11T20:00:00Z,142.03,142.74,139.81,141.99,283752221
2022-12-12T00:00:00Z,141.99,145.44,141.44,144.25,266445937
2022-12-12T04:00:00Z,144.25,145.25,142.55,144.69,208750264
2022-12-12T08:00:00Z,144.69,146.90,143.42,144.13,188242003
2022-12-12T12:00:00Z,144.13,144.98,139.05,139.85,252645153
2022-12-12T16:00:00Z,139.85,140.80,137.44,138.27,281623282
2022-12-12T20:00:00Z,138.27,139.61,136.11,138.81,265213217
2022-12-13T00:00:00Z,138.81,143.09,138.23,141.88,217863725
2022-12-13T04:00:00Z,141.88,142.45,139.45,140.50,247571459
2022-12-13T08:00:00Z,140.50,141.59,137.03,137.59,290361198
2022-12-13T12:00:00Z,137.59,138.37,132.95,133.92,289641969
2022-12-13T16:00:00Z,133.92,135.90,133.11,134.55,244453284
2022-12-13T20:00:00Z,134.55,136.03,132.92,135.22,197663969
2022-12-14T00:00:00Z,135.22,138.34,134.54,136.94,238636919
2022-12-14T04:00:00Z,136.94,137.47,134.68,136.33,260206982
2022-12-14T08:00:00Z,136.33,138.46,135.64,136.17,254981655
2022-12-14T12:00:00Z,136.17,136.87,132.50,133.34,214194299
2022-12-14T16:00:00Z,133.34,134.59,131.53,132.22,222643272
2022-12-14T20:00:00Z,132.22,133.01,129.94,132.23,279670487
2022-12-15T00:00:00Z,132.23,136.65,131.47,135.78,296766370
2022-12-15T04:00:00Z,135.78,136.99,134.40,136.23,267553345
2022-12-15T08:00:00Z,136.23,137.80,133.86,134.50,213539684
2022-12-15T12:00:00Z,134.50,135.08,129.72,130.64,246051745
2022-12-15T16:00:00Z,130.64,132.60,129.95,131.53,276838674
2022-12-15T20:00:00Z,131.53,134.60,130.39,133.89,264153381
2022-12-16T00:00:00Z,133.89,138.27,133.08,137.08,211043427
2022-12-16T04:00:00Z,137.08,137.84,134.97,136.38,189818703
2022-12-16T08:00:00Z,136.38,138.24,135.17,135.92,253089813
2022-12-16T12:00:00Z,135.92,136.40,132.80,134.16,286365780
2022-12-16T16:00:00Z,134.16,136.23,133.55,134.36,273884163
2022-12-16T20:00:00Z,134.36,135.08,132.02,134.12,223630556
2022-12-17T00:00:00Z,134.12,137.65,133.31,136.64,240265632
2022-12-17T04:00:00Z,136.64,138.03,135.31,137.21,285333865
2022-12-17T08:00:00Z,137.21,139.19,135.51,136.32,288541541
2022-12-17T12:00:00Z,136.32,136.94,131.27,131.98,246596609
2022-12-17T16:00:00Z,131.98,133.12,130.57,131.16,192163034
2022-12-17T20:00:00Z,131.16,133.11,129.52,132.63,226248099
2022-12-18T00:00:00Z,132.63,137.01,131.89,136.05,262575145
2022-12-18T04:00:00Z,136.05,136.86,133.71,134.73,264877682
2022-12-18T08:00:00Z,134.73,135.82,131.38,132.17,226912980
2022-12-18T12:00:00Z,132.17,132.87,127.68,128.72,218421460
2022-12-18T16:00:00Z,128.72,130.50,127.96,128.64,277224353
2022-12-18T20:00:00Z,128.64,129.12,126.26,127.89,297995092
2022-12-19T00:00:00Z,127.89,130.21,127.27,128.40,272102453
2022-12-19T04:00:00Z,128.40,129.11,125.77,126.91,214733791
2022-12-19T08:00:00Z,126.91,128.37,124.81,125.52,234666139
2022-12-19T12:00:00Z,125.52,126.24,120.36,121.09,268685679
2022-12-19T16:00:00Z,121.09,121.76,118.15,118.84,260884540
2022-12-19T20:00:00Z,118.84,119.34,116.23,118.41,219152745
2022-12-20T00:00:00Z,118.41,122.37,117.95,121.40,191717540
2022-12-20T04:00:00Z,121.40,122.00,119.56,120.65,252527992
2022-12-20T08:00:00Z,120.65,121.68,117.07,117.65,289708121
2022-12-20T12:00:00Z,117.65,118.34,112.25,112.90,281129103
2022-12-20T16:00:00Z,112.90,114.18,112.02,112.70,232505141
2022-12-20T20:00:00Z,112.70,113.89,111.00,113.24,231691292
2022-12-21T00:00:00Z,113.24,116.02,112.77,114.47,278750944
2022-12-21T04:00:00Z,114.47,114.93,111.53,112.53,285950886
2022-12-21T08:00:00Z,112.53,113.90,110.92,111.38,247684328
2022-12-21T12:00:00Z,111.38,112.01,107.91,108.80,186164717
2022-12-21T16:00:00Z,108.80,110.21,107.68,108.31,217934577
2022-12-21T20:00:00Z,108.31,108.92,106.18,108.26,266536620
2022-12-22T00:00:00Z,108.26,112.38,107.72,111.72,273720127
2022-12-22T04:00:00Z,111.72,113.56,110.76,113.01,238690826
2022-12-22T08:00:00Z,113.01,115.05,111.97,112.40,217435235
2022-12-22T12:00:00Z,112.40,112.98,108.00,108.63,273270242
2022-12-22T16:00:00Z,108.63,110.10,107.99,108.86,297538269
2022-12-22T20:00:00Z,108.86,111.80,107.73,111.15,275178499
2022-12-23T00:00:00Z,111.15,115.82,110.51,114.88,214945926
2022-12-23T04:00:00Z,114.88,115.43,112.99,114.16,222278470
2022-12-23T08:00:00Z,114.16,115.60,112.57,113.11,259445177
2022-12-23T12:00:00Z,113.11,113.60,110.19,111.55,258797783
2022-12-23T16:00:00Z,111.55,114.11,110.95,113.13,231978003
2022-12-23T20:00:00Z,113.13,114.81,111.71,114.20,197369173
2022-12-24T00:00:00Z,114.20,118.13,113.51,117.27,250873482
2022-12-24T04:00:00Z,117.27,119.26,116.18,118.55,291556028
2022-12-24T08:00:00Z,118.55,121.19,117.99,119.22,286851168
2022-12-24T12:00:00Z,119.22,119.64,115.41,116.24,240167569
2022-12-24T16:00:00Z,116.24,117.51,115.19,115.60,221924768
2022-12-24T20:00:00Z,115.60,117.41,113.90,116.87,270703508
2022-12-25T00:00:00Z,116.87,121.67,116.17,120.94,281957999
2022-12-25T04:00:00Z,120.94,121.66,119.46,120.68,247798226
2022-12-25T08:00:00Z,120.68,121.81,117.80,118.50,184539628
2022-12-25T12:00:00Z,118.50,119.03,114.14,115.20,215786421
2022-12-25T16:00:00Z,115.20,117.43,114.78,116.32,269511467
2022-12-25T20:00:00Z,116.32,118.07,115.02,117.65,281351514
2022-12-26T00:00:00Z,117.65,120.85,116.99,119.71,249367839
2022-12-26T04:00:00Z,119.71,120.42,117.62,119.00,215400744
2022-12-26T08:00:00Z,119.00,120.81,118.03,118.74,267814413
2022-12-26T12:00:00Z,118.74,119.37,115.15,116.06,295407114
2022-12-26T16:00:00Z,116.06,117.29,114.33,114.94,276796776
2022-12-26T20:00:00Z,114.94,115.37,112.46,114.51,218478938
2022-12-27T00:00:00Z,114.51,118.34,113.95,117.57,209063700
2022-12-27T04:00:00Z,117.57,118.43,116.18,117.85,249284407
2022-12-27T08:00:00Z,117.85,119.24,115.38,116.04,262881654
2022-12-27T12:00:00Z,116.04,116.71,111.02,111.74,244126633
2022-12-27T16:00:00Z,111.74,113.26,111.16,112.09,202395662
2022-12-27T20:00:00Z,112.09,114.90,111.06,114.31,248058410
2022-12-28T00:00:00Z,114.31,118.67,113.85,117.63,291839730
2022-12-28T04:00:00Z,117.63,118.21,115.61,116.85,290980407
2022-12-28T08:00:00Z,116.85,118.47,115.61,116.19,246563890
2022-12-28T12:00:00Z,116.19,116.88,113.30,114.61,215307856
2022-12-28T16:00:00Z,114.61,116.81,113.95,115.44,261308123
2022-12-28T20:00:00Z,115.44,116.47,113.57,115.80,276673126
2022-12-29T00:00:00Z,115.80,119.63,115.33,118.78,247035499
2022-12-29T04:00:00Z,118.78,120.59,117.69,120.10,188354086
2022-12-29T08:00:00Z,120.10,122.65,119.49,120.50,214350784
2022-12-29T12:00:00Z,120.50,121.19,116.72,117.55,271378539
2022-12-29T16:00:00Z,117.55,119.10,116.85,117.92,287632706
2022-12-29T20:00:00Z,117.92,121.45,116.81,120.72,258805055
2022-12-30T00:00:00Z,120.72,126.70,120.12,125.98,216537852
2022-12-30T04:00:00Z,125.98,127.29,124.83,126.67,260890761
2022-12-30T08:00:00Z,126.67,128.43,125.37,125.86,291641665
2022-12-30T12:00:00Z,125.86,126.51,122.72,124.09,276998495
2022-12-30T16:00:00Z,124.09,127.04,123.36,126.09,221144004
2022-12-30T20:00:00Z,126.09,128.36,124.90,127.61,195212038
2022-12-31T00:00:00Z,127.61,131.28,126.89,130.09,241753468
2022-12-31T04:00:00Z,130.09,131.03,128.30,130.30,269690388
2022-12-31T08:00:00Z,130.30,132.77,129.81,130.79,255388749
2022-12-31T12:00:00Z,130.79,131.36,127.42,128.44,210912902
2022-12-31T16:00:00Z,128.44,129.98,127.37,127.94,244035674
2022-12-31T20:00:00Z,127.94,129.49,126.01,128.80,290515851
2023-01-01T00:00:00Z,128.80,133.83,128.02,133.05,293475015
2023-01-01T04:00:00Z,133.05,134.50,131.91,133.71,251666168
2023-01-01T08:00:00Z,133.71,135.21,131.12,131.84,207694888
2023-01-01T12:00:00Z,131.84,132.31,126.80,127.64,250704573
2023-01-01T16:00:00Z,127.64,129.28,127.06,127.79,270225959
2023-01-01T20:00:00Z,127.79,129.41,126.21,128.82,246661801
2023-01-02T00:00:00Z,128.82,131.88,128.05,130.37,201917925
2023-01-02T04:00:00Z,130.37,131.14,127.17,128.18,212282595
2023-01-02T08:00:00Z,128.18,129.28,125.69,126.44,272032492
2023-01-02T12:00:00Z,126.44,127.00,122.44,123.42,292445974
2023-01-02T16:00:00Z,123.42,124.81,121.92,122.47,266887061
2023-01-02T20:00:00Z,122.47,123.04,119.77,121.48,216579408
2023-01-03T00:00:00Z,121.48,124.56,120.80,123.62,252560714
2023-01-03T04:00:00Z,123.62,124.41,122.05,123.72,286309912
2023-01-03T08:00:00Z,123.72,125.20,121.39,122.12,275849180
2023-01-03T12:00:00Z,122.12,122.75,116.36,117.05,223009811
2023-01-03T16:00:00Z,117.05,117.78,115.00,115.61,185165532
2023-01-03T20:00:00Z,115.61,116.88,113.74,116.38,240516515
2023-01-04T00:00:00Z,116.38,120.10,115.81,118.94,275508188
2023-01-04T04:00:00Z,118.94,119.61,116.26,117.00,265587964
2023-01-04T08:00:00Z,117.00,117.93,113.77,114.42,218541938
2023-01-04T12:00:00Z,114.42,115.07,110.33,111.42,238780939
2023-01-04T16:00:00Z,111.42,113.39,110.84,112.03,287568738
2023-01-04T20:00:00Z,112.03,112.86,110.17,112.28,294321912
2023-01-05T00:00:00Z,112.28,115.39,111.83,114.28,255472247
2023-01-05T04:00:00Z,114.28,114.97,112.58,114.51,203442623
2023-01-05T08:00:00Z,114.51,116.76,113.85,114.60,239053083
2023-01-05T12:00:00Z,114.60,115.28,110.65,111.35,262762459
2023-01-05T16:00:00Z,111.35,112.32,109.60,110.26,252055145
2023-01-05T20:00:00Z,110.26,111.63,108.32,110.99,215599649
2023-01-06T00:00:00Z,110.99,115.65,110.54,114.90,209498522
2023-01-06T04:00:00Z,114.90,115.37,113.48,114.86,271386806
2023-01-06T08:00:00Z,114.86,116.09,112.32,112.79,295697620
2023-01-06T12:00:00Z,112.79,113.43,108.44,109.34,273524002
2023-01-06T16:00:00Z,109.34,111.53,108.68,110.53,219763637
2023-01-06T20:00:00Z,110.53,112.96,109.46,112.29,242912516
2023-01-07T00:00:00Z,112.29,115.89,111.73,114.69,279506281
2023-01-07T04:00:00Z,114.69,115.13,112.56,113.93,273436560
2023-01-07T08:00:00Z,113.93,115.78,113.18,113.61,224159604
2023-01-07T12:00:00Z,113.61,114.20,110.33,111.17,179832537
2023-01-07T16:00:00Z,111.17,112.49,109.67,110.25,240801826
2023-01-07T20:00:00Z,110.25,110.91,107.84,109.55,280192281
2023-01-08T00:00:00Z,109.55,113.07,108.93,112.13,274564768
2023-01-08T04:00:00Z,112.13,112.78,110.61,112.15,229403602
2023-01-08T08:00:00Z,112.15,113.47,109.57,110.09,232294126
2023-01-08T12:00:00Z,110.09,110.57,104.67,105.08,283011194
2023-01-08T16:00:00Z,105.08,106.06,103.87,104.34,293536727
2023-01-08T20:00:00Z,104.34,106.15,102.89,105.59,258004905
2023-01-09T00:00:00Z,105.59,109.27,104.95,108.05,198416168
2023-01-09T04:00:00Z,108.05,108.64,105.23,106.04,226531110
2023-01-09T08:00:00Z,106.04,106.81,103.13,103.70,256697553
2023-01-09T12:00:00Z,103.70,104.06,99.62,100.50,261625601
2023-01-09T16:00:00Z,100.50,101.95,99.60,99.95,228618173
2023-01-09T20:00:00Z,99.95,100.49,97.42,98.74,210169007
2023-01-10T00:00:00Z,98.74,100.95,98.14,99.73,269376401
2023-01-10T04:00:00Z,99.73,100.31,97.82,99.09,297320101
2023-01-10T08:00:00Z,99.09,100.62,97.32,97.89,278652995
2023-01-10T12:00:00Z,97.89,98.32,92.90,93.40,221842463
2023-01-10T16:00:00Z,93.40,94.05,91.49,91.90,232059883
2023-01-10T20:00:00Z,91.90,93.18,90.13,92.84,271349598
2023-01-11T00:00:00Z,92.84,97.26,92.31,96.67,269867982
2023-01-11T04:00:00Z,96.67,97.25,95.20,96.22,225285665
2023-01-11T08:00:00Z,96.22,97.25,93.54,94.10,184952151
2023-01-11T12:00:00Z,94.10,94.59,90.04,90.99,240282219
2023-01-11T16:00:00Z,90.99,93.12,90.60,92.12,283615464
2023-01-11T20:00:00Z,92.12,93.65,90.87,93.25,282179788
2023-01-12T00:00:00Z,93.25,96.36,92.79,95.32,239129225
2023-01-12T04:00:00Z,95.32,95.86,93.49,95.05,224600333
2023-01-12T08:00:00Z,95.05,97.13,94.48,95.48,276884587
2023-01-12T12:00:00Z,95.48,96.03,92.61,93.63,291163151
2023-01-12T16:00:00Z,93.63,95.26,93.14,93.74,259310471
2023-01-12T20:00:00Z,93.74,95.55,92.19,95.06,196978124
2023-01-13T00:00:00Z,95.06,100.44,94.67,100.02,213329761
2023-01-13T04:00:00Z,100.02,102.36,99.41,101.95,256819043
2023-01-13T08:00:00Z,101.95,104.00,101.02,101.53,270281804
2023-01-13T12:00:00Z,101.53,102.13,97.61,98.55,240783054
2023-01-13T16:00:00Z,98.55,100.81,97.98,99.96,209969546
2023-01-13T20:00:00Z,99.96,103.30,99.20,102.71,265959832
2023-01-14T00:00:00Z,102.71,107.15,102.29,106.19,297273601
2023-01-14T04:00:00Z,106.19,106.63,104.35,105.64,282238954
2023-01-14T08:00:00Z,105.64,107.41,104.93,105.37,227072920
2023-01-14T12:00:00Z,105.37,105.97,102.79,104.09,220140108
2023-01-14T16:00:00Z,104.09,106.33,103.46,105.09,261980509
2023-01-14T20:00:00Z,105.09,106.39,103.46,105.76,265267434
2023-01-15T00:00:00Z,105.76,109.84,105.23,109.15,231673071
2023-01-15T04:00:00Z,109.15,111.14,108.22,110.60,190889488
2023-01-15T08:00:00Z,110.60,112.91,110.12,110.54,238861960
2023-01-15T12:00:00Z,110.54,111.11,106.24,106.75,285669307
2023-01-15T16:00:00Z,106.75,107.83,105.54,106.11,288316623
2023-01-15T20:00:00Z,106.11,108.21,104.74,107.58,247614222
2023-01-16T00:00:00Z,107.58,112.02,106.97,111.06,219990495
2023-01-16T04:00:00Z,111.06,111.59,108.94,109.90,269258341
2023-01-16T08:00:00Z,109.90,110.84,107.09,107.60,287271691
2023-01-16T12:00:00Z,107.60,108.07,103.65,104.68,259456896
2023-01-16T16:00:00Z,104.68,106.76,104.11,105.60,194993841
2023-01-16T20:00:00Z,105.60,106.76,104.03,106.18,203246823
2023-01-17T00:00:00Z,106.18,109.25,105.54,108.10,259479537
2023-01-17T04:00:00Z,108.10,108.69,106.32,107.98,277859470
2023-01-17T08:00:00Z,107.98,110.10,107.38,107.97,251918811
2023-01-17T12:00:00Z,107.97,108.34,104.12,104.84,213074965
2023-01-17T16:00:00Z,104.84,105.84,103.25,103.61,261120951
2023-01-17T20:00:00Z,103.61,104.43,101.50,103.95,295547005
2023-01-18T00:00:00Z,103.95,108.35,103.32,107.71,284274801
2023-01-18T04:00:00Z,107.71,108.56,106.54,107.92,231224530
2023-01-18T08:00:00Z,107.92,109.14,105.41,106.04,207311621
2023-01-18T12:00:00Z,106.04,106.50,101.60,102.53,251558458
2023-01-18T16:00:00Z,102.53,104.75,102.15,103.86,261041505
2023-01-18T20:00:00Z,103.86,106.65,102.92,106.25,243142046
2023-01-19T00:00:00Z,106.25,110.29,105.65,109.40,200599942
2023-01-19T04:00:00Z,109.40,110.05,107.67,109.17,236459725
2023-01-19T08:00:00Z,109.17,111.13,108.52,109.45,286266996
2023-01-19T12:00:00Z,109.45,110.02,106.85,108.10,292884194
2023-01-19T16:00:00Z,108.10,110.12,107.64,108.53,254779400
2023-01-19T20:00:00Z,108.53,109.42,106.61,108.95,214269684
2023-01-20T00:00:00Z,108.95,113.15,108.41,112.59,260228831
2023-01-20T04:00:00Z,112.59,114.62,111.70,114.06,281957842
2023-01-20T08:00:00Z,114.06,116.18,113.10,113.75,258531368
2023-01-20T12:00:00Z,113.75,114.40,109.45,110.29,196858336
2023-01-20T16:00:00Z,110.29,111.92,109.72,110.82,199734636
2023-01-20T20:00:00Z,110.82,114.12,109.89,113.54,261218921
2023-01-21T00:00:00Z,113.54,118.59,113.08,117.77,284209051
2023-01-21T04:00:00Z,117.77,118.36,116.03,117.31,261868350
2023-01-21T08:00:00Z,117.31,118.71,115.49,116.08,215169814
2023-01-21T12:00:00Z,116.08,116.77,112.73,113.96,254870031
2023-01-21T16:00:00Z,113.96,116.08,113.30,114.72,292158266
2023-01-21T20:00:00Z,114.72,115.30,112.74,114.64,284781050
2023-01-22T00:00:00Z,114.64,117.48,114.18,116.22,234329500
2023-01-22T04:00:00Z,116.22,116.71,114.30,115.94,197991361
2023-01-22T08:00:00Z,115.94,117.85,114.76,115.24,240258288
2023-01-22T12:00:00Z,115.24,115.91,110.57,111.15,262706559
2023-01-22T16:00:00Z,111.15,111.96,108.84,109.48,254314791
2023-01-22T20:00:00Z,109.48,110.50,107.42,109.84,209675277
2023-01-23T00:00:00Z,109.84,114.09,109.30,113.19,233011407
2023-01-23T04:00:00Z,113.19,113.61,111.26,112.24,285345719
2023-01-23T08:00:00Z,112.24,113.18,108.74,109.15,295818554
2023-01-23T12:00:00Z,109.15,109.72,104.06,104.60,260571978
2023-01-23T16:00:00Z,104.60,105.94,103.77,104.32,211748230
2023-01-23T20:00:00Z,104.32,104.94,102.50,104.20,249917650
2023-01-24T00:00:00Z,104.20,106.47,103.62,104.74,275339753
2023-01-24T04:00:00Z,104.74,105.23,101.57,102.47,256637524
2023-01-24T08:00:00Z,102.47,103.63,100.45,100.92,203617892
2023-01-24T12:00:00Z,100.92,101.36,96.80,97.39,197808499
2023-01-24T16:00:00Z,97.39,98.26,95.34,95.78,261924035
2023-01-24T20:00:00Z,95.78,96.33,93.25,94.99,289199147
2023-01-25T00:00:00Z,94.99,98.61,94.41,97.83,270495987
2023-01-25T04:00:00Z,97.83,98.63,96.55,98.05,220441931
2023-01-25T08:00:00Z,98.05,99.33,95.58,96.10,247244284
2023-01-25T12:00:00Z,96.10,96.44,90.90,91.35,287154128
2023-01-25T16:00:00Z,91.35,92.43,90.62,90.95,283804800
2023-01-25T20:00:00Z,90.95,92.76,89.64,92.33,236440667
2023-01-26T00:00:00Z,92.33,95.91,91.77,94.83,188099998
2023-01-26T04:00:00Z,94.83,95.38,92.30,93.18,230748821
2023-01-26T08:00:00Z,93.18,94.21,91.17,91.71,268129745
2023-01-26T12:00:00Z,91.71,92.11,88.53,89.63,264541774
2023-01-26T16:00:00Z,89.63,91.61,89.29,90.30,222200833
2023-01-26T20:00:00Z,90.30,90.97,88.54,90.63,228472598
2023-01-27T00:00:00Z,90.63,94.13,90.12,93.50,282868565
2023-01-27T04:00:00Z,93.50,95.19,92.52,94.65,297084103
2023-01-27T08:00:00Z,94.65,96.83,94.09,94.79,264965987
2023-01-27T12:00:00Z,94.79,95.28,90.69,91.26,208248762
2023-01-27T16:00:00Z,91.26,92.30,90.12,90.59,238469363
2023-01-27T20:00:00Z,90.59,92.46,89.16,92.07,267555416
2023-01-28T00:00:00Z,92.07,96.63,91.61,95.98,254603019
2023-01-28T04:00:00Z,95.98,96.53,94.38,95.36,216228870
2023-01-28T08:00:00Z,95.36,96.37,92.72,93.25,199623803
2023-01-28T12:00:00Z,93.25,93.78,89.32,90.33,261496653
2023-01-28T16:00:00Z,90.33,92.50,89.87,91.52,292719555
2023-01-28T20:00:00Z,91.52,92.99,90.21,92.52,277689984
2023-01-29T00:00:00Z,92.52,95.59,92.15,94.49,224591995
2023-01-29T04:00:00Z,94.49,94.96,92.59,94.05,238307800
2023-01-29T08:00:00Z,94.05,95.93,93.35,93.83,280609255
2023-01-29T12:00:00Z,93.83,94.38,90.07,90.68,281418151
2023-01-29T16:00:00Z,90.68,91.49,88.59,89.13,237629272
2023-01-29T20:00:00Z,89.13,89.56,86.75,88.67,182050208
2023-01-30T00:00:00Z,88.67,92.41,88.31,91.64,227613133
2023-01-30T04:00:00Z,91.64,92.02,90.15,91.29,272588041
2023-01-30T08:00:00Z,91.29,92.31,88.33,88.71,273652944
2023-01-30T12:00:00Z,88.71,89.21,83.60,84.04,233767108
2023-01-30T16:00:00Z,84.04,85.23,83.53,84.10,222820593
2023-01-30T20:00:00Z,84.10,86.04,82.98,85.53,278825846
2023-01-31T00:00:00Z,85.53,88.90,85.11,87.76,296674209
2023-01-31T04:00:00Z,87.76,88.09,85.32,86.24,267962074
2023-01-31T08:00:00Z,86.24,87.45,84.78,85.09,208096406
2023-01-31T12:00:00Z,85.09,85.54,81.89,82.68,226048730
2023-01-31T16:00:00Z,82.68,84.11,81.87,82.30,258759447
2023-01-31T20:00:00Z,82.30,82.79,80.18,81.74,257733817
2023-02-01T00:00:00Z,81.74,84.99,81.28,84.24,229315233
2023-02-01T04:00:00Z,84.24,85.42,83.08,84.95,200827943
2023-02-01T08:00:00Z,84.95,86.80,83.96,84.35,259856478
2023-02-01T12:00:00Z,84.35,84.72,80.07,80.58,294683881
2023-02-01T16:00:00Z,80.58,81.84,80.15,80.68,283364581
2023-02-01T20:00:00Z,80.68,83.74,79.74,83.28,231826216
2023-02-02T00:00:00Z,83.28,88.48,82.78,87.96,228150845
2023-02-02T04:00:00Z,87.96,88.63,86.76,88.11,272624739
2023-02-02T08:00:00Z,88.11,89.59,86.86,87.34,277716086
2023-02-02T12:00:00Z,87.34,87.64,84.59,85.88,237982336
2023-02-02T16:00:00Z,85.88,88.68,85.48,87.89,179573606
2023-02-02T20:00:00Z,87.89,89.75,86.81,89.33,226997232
2023-02-03T00:00:00Z,89.33,93.02,88.79,92.27,275947615
2023-02-03T04:00:00Z,92.27,93.94,91.24,93.38,281495180
2023-02-03T08:00:00Z,93.38,95.99,92.87,94.56,244224343
2023-02-03T12:00:00Z,94.56,94.97,91.68,92.65,220296218
2023-02-03T16:00:00Z,92.65,94.31,92.31,92.99,273235853
2023-02-03T20:00:00Z,92.99,95.53,91.84,95.17,294611185
2023-02-04T00:00:00Z,95.17,101.10,94.62,100.61,269586705
2023-02-04T04:00:00Z,100.61,102.65,99.95,102.08,207124964
2023-02-04T08:00:00Z,102.08,103.72,100.58,101.18,212837510
2023-02-04T12:00:00Z,101.18,101.70,97.40,98.45,250501904
2023-02-04T16:00:00Z,98.45,100.93,98.03,100.06,265642832
2023-02-04T20:00:00Z,100.06,102.51,99.13,102.09,241653898
2023-02-05T00:00:00Z,102.09,105.65,101.57,104.58,205561304
2023-02-05T04:00:00Z,104.58,105.17,102.52,103.78,256943772
2023-02-05T08:00:00Z,103.78,105.50,102.94,103.54,295031666
2023-02-05T12:00:00Z,103.54,104.13,100.47,101.52,287461441
2023-02-05T16:00:00Z,101.52,103.13,100.72,101.30,237864945
2023-02-05T20:00:00Z,101.30,101.88,99.19,101.37,216888594
2023-02-06T00:00:00Z,101.37,105.41,100.95,104.75,263326047
2023-02-06T04:00:00Z,104.75,106.08,103.69,105.65,272813877
2023-02-06T08:00:00Z,105.65,107.33,103.85,104.39,237751256
2023-02-06T12:00:00Z,104.39,105.00,99.27,99.85,188077726
2023-02-06T16:00:00Z,99.85,100.82,98.67,99.27,225690520
2023-02-06T20:00:00Z,99.27,101.16,97.85,100.59,278089609
2023-02-07T00:00:00Z,100.59,104.36,100.19,103.19,287935555
2023-02-07T04:00:00Z,103.19,103.62,100.55,101.35,253444952
2023-02-07T08:00:00Z,101.35,102.29,98.86,99.28,216653369
2023-02-07T12:00:00Z,99.28,99.85,95.71,96.69,266144982
2023-02-07T16:00:00Z,96.69,98.49,96.11,97.18,290945658
2023-02-07T20:00:00Z,97.18,97.81,95.34,97.23,269890796
2023-02-08T00:00:00Z,97.23,100.40,96.75,99.46,209666331
2023-02-08T04:00:00Z,99.46,100.50,98.04,100.02,199030873
2023-02-08T08:00:00Z,100.02,102.19,99.58,99.99,248438616
2023-02-08T12:00:00Z,99.99,100.51,95.95,96.42,272976398
2023-02-08T16:00:00Z,96.42,97.34,94.93,95.45,253058253
2023-02-08T20:00:00Z,95.45,97.18,93.91,96.61,209468483
2023-02-09T00:00:00Z,96.61,101.32,96.07,100.65,252721536
2023-02-09T04:00:00Z,100.65,101.12,99.23,100.47,293729952
2023-02-09T08:00:00Z,100.47,101.59,98.15,98.61,289950500
2023-02-09T12:00:00Z,98.61,99.05,94.79,95.84,242694071
2023-02-09T16:00:00Z,95.84,98.26,95.31,97.54,208899543
2023-02-09T20:00:00Z,97.54,99.99,96.58,99.44,252860453
2023-02-10T00:00:00Z,99.44,103.18,98.84,102.18,266844081
2023-02-10T04:00:00Z,102.18,102.88,100.56,102.27,242236664
2023-02-10T08:00:00Z,102.27,104.54,101.81,102.79,198021774
2023-02-10T12:00:00Z,102.79,103.16,99.79,100.76,223602009
2023-02-10T16:00:00Z,100.76,102.21,99.89,100.26,278913317
2023-02-10T20:00:00Z,100.26,100.96,98.19,100.48,292864159
2023-02-11T00:00:00Z,100.48,104.73,99.87,104.12,261325709
2023-02-11T04:00:00Z,104.12,105.39,103.13,104.76,216151375
2023-02-11T08:00:00Z,104.76,106.19,102.52,103.13,257627256
2023-02-11T12:00:00Z,103.13,103.57,98.28,98.94,285755325
2023-02-11T16:00:00Z,98.94,100.42,98.57,99.25,268947801
2023-02-11T20:00:00Z,99.25,101.49,98.15,101.10,211556016
2023-02-12T00:00:00Z,101.10,104.81,100.53,103.77,187541881
2023-02-12T04:00:00Z,103.77,104.39,101.27,102.18,249893878
2023-02-12T08:00:00Z,102.18,103.23,99.94,100.54,279226135
2023-02-12T12:00:00Z,100.54,101.06,96.82,97.70,263356908
2023-02-12T16:00:00Z,97.70,99.09,96.47,96.97,216692842
2023-02-12T20:00:00Z,96.97,97.35,94.34,95.62,247177199
2023-02-13T00:00:00Z,95.62,97.96,95.14,96.83,290774271
2023-02-13T04:00:00Z,96.83,97.38,94.93,96.21,290830202
2023-02-13T08:00:00Z,96.21,97.46,93.90,94.44,246324125
2023-02-13T12:00:00Z,94.44,94.97,88.70,89.24,200071699
2023-02-13T16:00:00Z,89.24,89.70,86.88,87.38,241394004
2023-02-13T20:00:00Z,87.38,88.38,85.49,87.93,260777146
2023-02-14T00:00:00Z,87.93,91.76,87.57,90.81,252180587
2023-02-14T04:00:00Z,90.81,91.27,88.50,89.12,211702028
2023-02-14T08:00:00Z,89.12,89.83,85.64,86.08,220653917
2023-02-14T12:00:00Z,86.08,86.59,81.55,82.24,278339000
2023-02-14T16:00:00Z,82.24,83.64,81.71,82.20,296196457
2023-02-14T20:00:00Z,82.20,82.60,80.26,81.81,267789398
2023-02-15T00:00:00Z,81.81,84.04,81.49,82.66,214563317
2023-02-15T04:00:00Z,82.66,83.01,80.46,81.55,247783226
2023-02-15T08:00:00Z,81.55,83.14,80.55,80.90,279143140
2023-02-15T12:00:00Z,80.90,81.37,77.09,77.58,266851341
2023-02-15T16:00:00Z,77.58,78.38,75.98,76.43,212881736
2023-02-15T20:00:00Z,76.43,77.44,74.61,76.98,186978463
2023-02-16T00:00:00Z,76.98,81.60,76.60,81.15,250511870
2023-02-16T04:00:00Z,81.15,82.26,80.26,81.87,284250925
2023-02-16T08:00:00Z,81.87,83.19,80.03,80.33,272397121
2023-02-16T12:00:00Z,80.33,80.75,76.15,76.79,222887153
2023-02-16T16:00:00Z,76.79,78.61,76.33,77.83,240323769
2023-02-16T20:00:00Z,77.83,80.33,76.96,79.85,286189015
2023-02-17T00:00:00Z,79.85,83.54,79.40,82.57,290127097
2023-02-17T04:00:00Z,82.57,82.94,80.65,81.79,248789072
2023-02-17T08:00:00Z,81.79,83.47,81.26,81.64,194791637
2023-02-17T12:00:00Z,81.64,82.01,79.13,80.20,229108102
2023-02-17T16:00:00Z,80.20,82.13,79.76,80.83,259946031
2023-02-17T20:00:00Z,80.83,81.95,79.23,81.51,262223844
2023-02-18T00:00:00Z,81.51,85.86,81.01,85.35,224680646
2023-02-18T04:00:00Z,85.35,87.56,84.71,87.04,216784504
2023-02-18T08:00:00Z,87.04,89.17,86.38,86.85,276310275
2023-02-18T12:00:00Z,86.85,87.16,82.58,83.14,297875094
2023-02-18T16:00:00Z,83.14,84.36,82.74,83.05,272785879
2023-02-18T20:00:00Z,83.05,85.40,81.99,84.99,216167406
2023-02-19T00:00:00Z,84.99,89.30,84.47,88.49,236738285
2023-02-19T04:00:00Z,88.49,89.01,86.47,87.35,271234956
2023-02-19T08:00:00Z,87.35,88.24,85.02,85.53,263712387
2023-02-19T12:00:00Z,85.53,85.89,82.08,83.12,217787794
2023-02-19T16:00:00Z,83.12,85.14,82.80,84.05,188997869
2023-02-19T20:00:00Z,84.05,84.75,82.44,84.43,250186643
2023-02-20T00:00:00Z,84.43,87.36,83.94,86.50,287927459
2023-02-20T04:00:00Z,86.50,87.20,85.05,86.71,280047821
2023-02-20T08:00:00Z,86.71,88.63,86.05,86.56,232207462
2023-02-20T12:00:00Z,86.56,87.00,82.45,82.93,232200399
2023-02-20T16:00:00Z,82.93,83.63,81.07,81.49,280027185
2023-02-20T20:00:00Z,81.49,82.26,79.56,81.92,287894854
2023-02-21T00:00:00Z,81.92,86.07,81.50,85.48,250144612
2023-02-21T04:00:00Z,85.48,85.97,84.03,85.05,188949684
2023-02-21T08:00:00Z,85.05,86.01,82.23,82.71,217787903
2023-02-21T12:00:00Z,82.71,83.17,78.37,79.18,263761435
2023-02-21T16:00:00Z,79.18,81.18,78.77,80.36,271278645
2023-02-21T20:00:00Z,80.36,82.55,79.45,82.14,236773210
2023-02-22T00:00:00Z,82.14,85.67,81.79,84.73,216190848
2023-02-22T04:00:00Z,84.73,85.16,82.97,84.43,272796011
2023-02-22T08:00:00Z,84.43,86.40,83.93,84.75,297871129
2023-02-22T12:00:00Z,84.75,85.25,82.06,83.04,276292522
2023-02-22T16:00:00Z,83.04,84.58,82.54,83.04,216754345
2023-02-22T20:00:00Z,83.04,84.05,81.24,83.57,224640428
2023-02-23T00:00:00Z,83.57,88.07,83.25,87.65,262176702
2023-02-23T04:00:00Z,87.65,89.61,86.98,89.28,259921016
2023-02-23T08:00:00Z,89.28,91.31,88.57,88.96,229157826
2023-02-23T12:00:00Z,88.96,89.47,85.14,85.94,194836813
2023-02-23T16:00:00Z,85.94,88.11,85.42,87.41,248826187
2023-02-23T20:00:00Z,87.41,91.43,86.76,90.88,290153257
2023-02-24T00:00:00Z,90.88,96.15,90.44,95.57,286202180
2023-02-24T04:00:00Z,95.57,96.33,94.27,95.87,240322919
2023-02-24T08:00:00Z,95.87,97.78,95.44,95.95,222872352
2023-02-24T12:00:00Z,95.95,96.46,93.58,95.11,272369519
2023-02-24T16:00:00Z,95.11,97.76,94.54,96.77,284212675
2023-02-24T20:00:00Z,96.77,98.29,95.45,97.71,250465950
2023-02-25T00:00:00Z,97.71,101.59,97.17,100.87,186928452
2023-02-25T04:00:00Z,100.87,102.81,99.88,102.25,212931945
2023-02-25T08:00:00Z,102.25,104.75,101.89,102.80,266897837
2023-02-25T12:00:00Z,102.80,103.27,99.11,99.84,279182302
2023-02-25T16:00:00Z,99.84,101.22,99.28,99.74,247812003
2023-02-25T20:00:00Z,99.74,102.42,98.55,101.86,214579467
2023-02-26T00:00:00Z,101.86,107.14,101.24,106.50,267791662
2023-02-26T04:00:00Z,106.50,107.15,105.22,106.52,296184662
2023-02-26T08:00:00Z,106.52,107.71,104.12,104.68,278314062
2023-02-26T12:00:00Z,104.68,105.05,100.63,101.63,220617781
2023-02-26T16:00:00Z,101.63,103.64,101.15,102.49,211657507
2023-02-26T20:00:00Z,102.49,103.50,100.91,103.01,252131149
2023-02-27T00:00:00Z,103.01,105.63,102.39,104.31,260802290
2023-02-27T04:00:00Z,104.31,104.92,101.95,103.15,241441643
2023-02-27T08:00:00Z,103.15,104.78,101.85,102.45,200112760
2023-02-27T12:00:00Z,102.45,102.89,98.53,99.21,246355408
2023-02-27T16:00:00Z,99.21,100.12,97.39,97.81,290849273
2023-02-27T20:00:00Z,97.81,98.28,95.47,97.59,290779644
2023-02-28T00:00:00Z,97.59,101.54,97.03,100.92,247168456
2023-02-28T04:00:00Z,100.92,101.63,99.68,101.05,216670662
2023-02-28T08:00:00Z,101.05,102.21,98.20,98.79,263323020
2023-02-28T12:00:00Z,98.79,99.29,93.55,94.10,279183178
2023-02-28T16:00:00Z,94.10,95.32,93.40,93.88,249845199
2023-02-28T20:00:00Z,93.88,95.38,92.50,94.99,187541870
2023-03-01T00:00:00Z,94.99,98.10,94.51,96.91,211604617
2023-03-01T04:00:00Z,96.91,97.46,94.24,95.03,268990604
2023-03-01T08:00:00Z,95.03,96.08,93.12,93.66,285788999
2023-03-01T12:00:00Z,93.66,94.18,90.35,91.37,257649177
2023-03-01T16:00:00Z,91.37,93.07,90.91,91.46,216159837
2023-03-01T20:00:00Z,91.46,91.89,89.45,91.44,261320049
2023-03-02T00:00:00Z,91.44,95.09,91.05,94.42,292844823
2023-03-02T04:00:00Z,94.42,95.96,93.42,95.56,278881807
2023-03-02T08:00:00Z,95.56,97.63,94.77,95.26,223560782
2023-03-02T12:00:00Z,95.26,95.82,90.88,91.42,197974039
2023-03-02T16:00:00Z,91.42,92.45,90.43,90.97,242211498
2023-03-02T20:00:00Z,90.97,93.28,89.73,92.76,266893459
2023-03-03T00:00:00Z,92.76,97.37,92.40,96.58,252904839
2023-03-03T04:00:00Z,96.58,96.99,94.86,95.83,208935480
2023-03-03T08:00:00Z,95.83,96.88,93.69,94.10,242718759
2023-03-03T12:00:00Z,94.10,94.64,90.71,91.80,289962017
2023-03-03T16:00:00Z,91.80,94.22,91.25,93.23,293727400
2023-03-03T20:00:00Z,93.23,94.79,91.96,94.23,252705114
2023-03-04T00:00:00Z,94.23,97.55,93.78,96.57,209439472
2023-03-04T04:00:00Z,96.57,97.28,95.00,96.83,253018909
2023-03-04T08:00:00Z,96.83,99.00,96.39,96.98,272929789
2023-03-04T12:00:00Z,96.98,97.50,93.30,93.80,248388370
2023-03-04T16:00:00Z,93.80,94.66,91.93,92.43,199080841
2023-03-04T20:00:00Z,92.43,93.09,90.41,92.54,209712129
2023-03-05T00:00:00Z,92.54,96.63,92.03,95.87,269928855
2023-03-05T04:00:00Z,95.87,96.31,94.32,95.38,290973017
2023-03-05T08:00:00Z,95.38,96.30,92.22,92.64,266159510
2023-03-05T12:00:00Z,92.64,93.06,87.66,88.21,216653932
2023-03-05T16:00:00Z,88.21,89.64,87.72,88.42,253431509
2023-03-05T20:00:00Z,88.42,89.90,87.12,89.41,287909151
2023-03-06T00:00:00Z,89.41,92.29,88.87,91.00,278052301
2023-03-06T04:00:00Z,91.00,91.48,88.28,89.16,225645215
2023-03-06T08:00:00Z,89.16,90.30,87.29,87.76,188027950
2023-03-06T12:00:00Z,87.76,88.08,83.92,84.56,237776242
2023-03-06T16:00:00Z,84.56,85.46,82.74,83.05,272860913
2023-03-06T20:00:00Z,83.05,83.51,80.35,81.64,263366089
2023-03-07T00:00:00Z,81.64,84.42,81.15,83.54,216918522
2023-03-07T04:00:00Z,83.54,84.03,82.07,83.27,237882428
2023-03-07T08:00:00Z,83.27,84.39,80.78,81.26,287465119
2023-03-07T12:00:00Z,81.26,81.59,75.88,76.28,295021251
2023-03-07T16:00:00Z,76.28,77.06,75.23,75.55,256920076
2023-03-07T20:00:00Z,75.55,77.43,74.34,77.13,205526172
2023-03-08T00:00:00Z,77.13,81.10,76.68,80.32,241610066
2023-03-08T04:00:00Z,80.32,80.79,78.26,79.07,265593715
2023-03-08T08:00:00Z,79.07,79.98,76.93,77.40,250527158
2023-03-08T12:00:00Z,77.40,77.79,74.11,75.08,212885607
2023-03-08T16:00:00Z,75.08,76.99,74.77,75.81,207166836
2023-03-08T20:00:00Z,75.81,76.30,74.14,75.99,269619089
2023-03-09T00:00:00Z,75.99,78.98,75.60,78.22,294631559
2023-03-09T04:00:00Z,78.22,79.29,76.97,78.89,273242631
2023-03-09T08:00:00Z,78.89,81.05,78.41,79.32,220288873
2023-03-09T12:00:00Z,79.32,79.77,75.86,76.55,244203445
2023-03-09T16:00:00Z,76.55,77.83,76.08,76.52,281462357
2023-03-09T20:00:00Z,76.52,79.15,75.48,78.76,275905423
2023-03-10T00:00:00Z,78.76,84.38,78.42,84.05,226948959
2023-03-10T04:00:00Z,84.05,85.47,83.35,85.11,179573696
2023-03-10T08:00:00Z,85.11,86.64,83.74,84.18,238031310
2023-03-10T12:00:00Z,84.18,84.68,80.84,81.95,277759628
2023-03-10T16:00:00Z,81.95,84.68,81.48,83.97,272659457
2023-03-10T20:00:00Z,83.97,86.55,83.25,86.07,228174034
2023-03-11T00:00:00Z,86.07,89.77,85.74,88.84,231836070
2023-03-11T04:00:00Z,88.84,89.22,87.22,88.87,283360330
2023-03-11T08:00:00Z,88.87,91.07,88.39,89.50,294665860
2023-03-11T12:00:00Z,89.50,90.02,86.95,87.95,259826089
2023-03-11T16:00:00Z,87.95,89.55,87.42,88.14,200787552
2023-03-11T20:00:00Z,88.14,89.63,86.55,89.10,229267986
2023-03-12T00:00:00Z,89.10,94.04,88.67,93.52,257708775
2023-03-12T04:00:00Z,93.52,95.45,92.88,95.00,258809117
2023-03-12T08:00:00Z,95.00,96.80,93.73,94.07,226093778
2023-03-12T12:00:00Z,94.07,94.57,89.68,90.22,208133324
2023-03-12T16:00:00Z,90.22,91.66,89.68,90.58,267987987
2023-03-12T20:00:00Z,90.58,93.02,89.54,92.47,296687098
2023-03-13T00:00:00Z,92.47,96.30,91.95,95.23,278824709
2023-03-13T04:00:00Z,95.23,95.66,92.85,93.77,222805518
2023-03-13T08:00:00Z,93.77,94.92,92.02,92.44,233739266
2023-03-13T12:00:00Z,92.44,92.86,89.30,90.33,273614507
2023-03-13T16:00:00Z,90.33,92.22,89.83,90.78,272542002
2023-03-13T20:00:00Z,90.78,91.36,88.94,90.85,227563078
2023-03-14T00:00:00Z,90.85,94.30,90.31,93.51,182100381
2023-03-14T04:00:00Z,93.51,94.97,92.39,94.41,237675656
2023-03-14T08:00:00Z,94.41,96.52,93.70,94.20,281457130
2023-03-14T12:00:00Z,94.20,94.54,89.86,90.37,280637794
2023-03-14T16:00:00Z,90.37,91.33,89.24,89.58,238323677
2023-03-14T20:00:00Z,89.58,91.52,88.16,91.08,224593974
2023-03-15T00:00:00Z,91.08,95.71,90.52,95.04,277677911
2023-03-15T04:00:00Z,95.04,95.59,93.53,94.58,292694369
2023-03-15T08:00:00Z,94.58,95.65,92.36,92.90,261460315
2023-03-15T12:00:00Z,92.90,93.29,89.46,90.64,199579146
2023-03-15T16:00:00Z,90.64,93.37,90.28,92.57,216179370
2023-03-15T20:00:00Z,92.57,94.77,91.62,94.40,254628138
2023-03-16T00:00:00Z,94.40,98.17,93.85,97.42,267602957
2023-03-16T04:00:00Z,97.42,98.83,96.21,98.27,238510255
2023-03-16T08:00:00Z,98.27,100.84,97.70,99.42,208279820
2023-03-16T12:00:00Z,99.42,99.92,96.67,97.68,264984793
2023-03-16T16:00:00Z,97.68,99.30,97.20,97.69,297089193
2023-03-16T20:00:00Z,97.69,99.40,96.13,99.00,282859539
2023-03-17T00:00:00Z,99.00,104.21,98.49,103.78,228450161
2023-03-17T04:00:00Z,103.78,105.73,103.06,105.19,222166734
2023-03-17T08:00:00Z,105.19,106.92,103.77,104.38,264498668
2023-03-17T12:00:00Z,104.38,104.97,100.48,101.55,268080989
2023-03-17T16:00:00Z,101.55,104.14,101.04,103.40,230748792
2023-03-17T20:00:00Z,103.40,106.93,102.69,106.41,188148517
2023-03-18T00:00:00Z,106.41,110.94,105.95,110.04,236483316
2023-03-18T04:00:00Z,110.04,110.61,108.29,109.83,283838259
2023-03-18T08:00:00Z,109.83,111.77,109.18,109.85,287175789
2023-03-18T12:00:00Z,109.85,110.51,107.09,108.31,247252462
2023-03-18T16:00:00Z,108.31,110.16,107.69,108.50,220435987
2023-03-18T20:00:00Z,108.50,109.02,106.34,108.34,270476385
2023-03-19T00:00:00Z,108.34,111.96,107.93,111.08,289167414
2023-03-19T04:00:00Z,111.08,112.14,109.79,111.72,261882642
2023-03-19T08:00:00Z,111.72,113.56,110.20,110.69,197760672
2023-03-19T12:00:00Z,110.69,111.33,105.71,106.28,203592702
2023-03-19T16:00:00Z,106.28,107.18,104.94,105.56,256686837
2023-03-19T20:00:00Z,105.56,107.70,104.17,107.07,275384000
2023-03-20T00:00:00Z,107.07,111.33,106.56,110.29,249953384
2023-03-20T04:00:00Z,110.29,110.69,107.89,108.78,211772666
2023-03-20T08:00:00Z,108.78,109.71,105.87,106.25,260583216
2023-03-20T12:00:00Z,106.25,106.82,102.13,102.90,295815715
2023-03-20T16:00:00Z,102.90,104.47,102.21,102.77,285329027
2023-03-20T20:00:00Z,102.77,103.38,100.59,101.98,232982161
2023-03-21T00:00:00Z,101.98,104.18,101.42,102.74,209635755
2023-03-21T04:00:00Z,102.74,103.20,100.47,101.70,254268071
2023-03-21T08:00:00Z,101.70,103.29,100.22,100.67,262656281
2023-03-21T12:00:00Z,100.67,101.14,96.16,96.55,240308208
2023-03-21T16:00:00Z,96.55,97.27,94.37,94.82,198037036
2023-03-21T20:00:00Z,94.82,95.64,92.77,95.11,234367371
2023-03-22T00:00:00Z,95.11,99.44,94.54,98.73,284808168
2023-03-22T04:00:00Z,98.73,99.25,97.30,98.43,292172518
2023-03-22T08:00:00Z,98.43,99.35,95.48,95.99,254870308
2023-03-22T12:00:00Z,95.99,96.34,91.28,92.01,215156096
2023-03-22T16:00:00Z,92.01,93.67,91.56,92.55,261841702
2023-03-22T20:00:00Z,92.55,94.09,91.25,93.63,284171549
2023-03-23T00:00:00Z,93.63,96.64,93.07,95.44,261173489
2023-03-23T04:00:00Z,95.44,95.99,93.14,94.28,199684809
2023-03-23T08:00:00Z,94.28,95.92,93.36,93.91,196883293
2023-03-23T12:00:00Z,93.91,94.30,90.87,91.86,258578299
2023-03-23T16:00:00Z,91.86,93.45,91.38,91.76,281997708
2023-03-23T20:00:00Z,91.76,92.56,89.86,92.20,260258528
2023-03-24T00:00:00Z,92.20,96.60,91.66,96.12,214286899
2023-03-24T04:00:00Z,96.12,98.12,95.34,97.56,254782792
2023-03-24T08:00:00Z,97.56,99.40,96.28,96.86,292873499
2023-03-24T12:00:00Z,96.86,97.34,92.39,93.02,286243046
2023-03-24T16:00:00Z,93.02,94.43,92.64,93.23,236424385
2023-03-24T20:00:00Z,93.23,95.66,92.19,95.28,200555968
2023-03-25T00:00:00Z,95.28,99.40,94.79,98.51,243092860
2023-03-25T04:00:00Z,98.51,99.08,96.42,97.31,261066739
2023-03-25T08:00:00Z,97.31,98.39,95.34,95.90,251606465
2023-03-25T12:00:00Z,95.90,96.43,92.68,93.82,207353330
2023-03-25T16:00:00Z,93.82,95.87,93.35,94.59,231256694
2023-03-25T20:00:00Z,94.59,95.25,92.79,94.78,284294913
2023-03-26T00:00:00Z,94.78,98.00,94.38,97.10,295553499
2023-03-26T04:00:00Z,97.10,97.99,95.69,97.57,261113322
2023-03-26T08:00:00Z,97.57,99.55,96.66,97.17,213053806
2023-03-26T12:00:00Z,97.17,97.74,92.50,93.05,251885769
2023-03-26T16:00:00Z,93.05,93.72,90.92,91.46,277817121
2023-03-26T20:00:00Z,91.46,92.45,89.51,91.93,259431178
2023-03-27T00:00:00Z,91.93,95.96,91.58,95.08,203246891
2023-03-27T04:00:00Z,95.08,95.49,93.05,93.84,195042743
2023-03-27T08:00:00Z,93.84,94.66,90.53,90.94,259500291
2023-03-27T12:00:00Z,90.94,91.46,86.41,87.14,287306197
2023-03-27T16:00:00Z,87.14,88.81,86.62,87.72,269281275
2023-03-27T20:00:00Z,87.72,88.93,86.31,88.41,220000066
2023-03-28T00:00:00Z,88.41,91.20,87.99,90.00,247609685
2023-03-28T04:00:00Z,90.00,90.32,87.89,89.10,288298333
2023-03-28T08:00:00Z,89.10,90.80,88.36,88.67,285638689
2023-03-28T12:00:00Z,88.67,89.14,85.16,85.71,238821398
2023-03-28T16:00:00Z,85.71,86.62,84.00,84.47,190842140
2023-03-28T20:00:00Z,84.47,84.96,82.33,84.24,231648003
2023-03-29T00:00:00Z,84.24,88.25,83.78,87.66,265317046
2023-03-29T04:00:00Z,87.66,88.69,86.58,88.21,262025426
2023-03-29T08:00:00Z,88.21,89.61,86.33,86.72,220176829
2023-03-29T12:00:00Z,86.72,87.12,82.35,83.03,227098587
2023-03-29T16:00:00Z,83.03,84.81,82.56,84.13,282251567
2023-03-29T20:00:00Z,84.13,87.42,83.35,86.94,297272176
2023-03-30T00:00:00Z,86.94,91.51,86.41,90.74,265944482
2023-03-30T04:00:00Z,90.74,91.22,89.20,90.60,209941465
2023-03-30T08:00:00Z,90.60,92.47,90.20,90.71,240744431
2023-03-30T12:00:00Z,90.71,91.05,88.37,89.76,270235648
2023-03-30T16:00:00Z,89.76,92.09,89.32,91.04,256768945
2023-03-30T20:00:00Z,91.04,92.38,89.53,91.93,213379895
2023-03-31T00:00:00Z,91.93,96.16,91.37,95.62,197024390
2023-03-31T04:00:00Z,95.62,98.16,94.88,97.58,259349267
2023-03-31T08:00:00Z,97.58,100.18,97.07,98.37,291191454
2023-03-31T12:00:00Z,98.37,98.77,94.88,95.78,276900192
2023-03-31T16:00:00Z,95.78,97.58,95.40,96.65,224602026
2023-03-31T20:00:00Z,96.65,100.28,95.76,99.88,239116873
2023-04-01T00:00:00Z,99.88,105.78,99.29,105.25,282154353
2023-04-01T04:00:00Z,105.25,106.53,104.31,105.92,283578928
2023-04-01T08:00:00Z,105.92,107.50,104.57,105.20,240237426
2023-04-01T12:00:00Z,105.20,105.73,102.22,103.56,184902592
2023-04-01T16:00:00Z,103.56,106.42,103.14,105.44,225310758
2023-04-01T20:00:00Z,105.44,107.15,104.23,106.73,269915422
2023-04-02T00:00:00Z,106.73,110.08,106.17,109.13,271390321
2023-04-02T04:00:00Z,109.13,109.99,107.52,109.43,232090715
2023-04-02T08:00:00Z,109.43,111.68,108.77,109.89,221861002
2023-04-02T12:00:00Z,109.89,110.51,106.46,107.36,278657798
2023-04-02T16:00:00Z,107.36,108.70,106.21,106.81,297310793
2023-04-02T20:00:00Z,106.81,108.35,105.01,107.82,269353707
2023-04-03T00:00:00Z,107.82,112.73,107.36,112.18,210134696
2023-04-03T04:00:00Z,112.18,113.27,111.08,112.78,228574916
2023-04-03T08:00:00Z,112.78,114.12,110.36,110.95,261576768
2023-04-03T12:00:00Z,110.95,111.60,106.25,107.06,256697501
2023-04-03T16:00:00Z,107.06,108.77,106.46,107.63,226579546
2023-04-03T20:00:00Z,107.63,109.60,106.35,108.99,198458663
2023-04-04T00:00:00Z,108.99,112.29,108.58,110.96,258038149
2023-04-04T04:00:00Z,110.96,111.45,108.45,109.52,293558130
2023-04-04T08:00:00Z,109.52,111.06,108.26,108.75,283019090
2023-04-04T12:00:00Z,108.75,109.38,105.59,106.61,232287898
2023-04-04T16:00:00Z,106.61,108.19,105.90,106.53,229383736
2023-04-04T20:00:00Z,106.53,107.29,104.50,106.66,274532812
2023-04-05T00:00:00Z,106.66,110.77,106.16,110.10,280150723
2023-04-05T04:00:00Z,110.10,111.93,109.16,111.42,240753905
2023-04-05T08:00:00Z,111.42,113.51,110.50,110.89,179807325
2023-04-05T12:00:00Z,110.89,111.49,106.50,107.06,224208852
2023-04-05T16:00:00Z,107.06,108.40,106.42,107.09,273480666
2023-04-05T20:00:00Z,107.09,109.94,105.94,109.29,279541811
2023-04-06T00:00:00Z,109.29,114.01,108.69,113.11,242936701
2023-04-06T04:00:00Z,113.11,113.62,111.29,112.49,219774596
2023-04-06T08:00:00Z,112.49,113.91,110.94,111.43,273520878
2023-04-06T12:00:00Z,111.43,111.95,108.53,109.92,295680656
2023-04-06T16:00:00Z,109.92,112.64,109.30,111.74,271357326
2023-04-06T20:00:00Z,111.74,113.70,110.50,113.07,209458821
2023-04-07T00:00:00Z,113.07,117.09,112.39,116.24,215552820
2023-04-07T04:00:00Z,116.24,118.29,115.16,117.60,252004835
2023-04-07T08:00:00Z,117.60,120.33,117.09,118.50,262812332
2023-04-07T12:00:00Z,118.50,118.94,114.94,115.83,239098633
2023-04-07T16:00:00Z,115.83,117.22,114.93,115.38,203480303
2023-04-07T20:00:00Z,115.38,117.36,113.75,116.79,255499123
2023-04-08T00:00:00Z,116.79,121.84,116.08,121.15,294335889
2023-04-08T04:00:00Z,121.15,122.03,119.90,121.31,287568730
2023-04-08T08:00:00Z,121.31,122.58,118.76,119.45,238766943
2023-04-08T12:00:00Z,119.45,119.94,115.20,116.30,218515045
2023-04-08T16:00:00Z,116.30,118.65,115.84,117.61,265550270
2023-04-08T20:00:00Z,117.61,119.65,116.41,119.17,275462627
2023-04-09T00:00:00Z,119.17,122.51,118.48,121.32,240466639
2023-04-09T04:00:00Z,121.32,122.04,119.11,120.42,185215842
2023-04-09T08:00:00Z,120.42,122.13,119.16,119.88,223056634
2023-04-09T12:00:00Z,119.88,120.47,116.12,116.96,275888869
2023-04-09T16:00:00Z,116.96,118.06,114.93,115.51,286339375
2023-04-09T20:00:00Z,115.51,115.98,112.77,114.49,252577660
2023-04-10T00:00:00Z,114.49,117.77,113.90,116.86,216582515
2023-04-10T04:00:00Z,116.86,117.53,115.17,116.52,266876087
2023-04-10T08:00:00Z,116.52,117.74,113.38,114.04,292421773
2023-04-10T12:00:00Z,114.04,114.67,108.19,108.84,271996950
2023-04-10T16:00:00Z,108.84,109.82,107.48,108.09,212238479
2023-04-10T20:00:00Z,108.09,109.73,106.52,109.20,201868673
2023-04-11T00:00:00Z,109.20,112.68,108.72,111.41,246687012
2023-04-11T04:00:00Z,111.41,111.99,108.59,109.31,270273875
2023-04-11T08:00:00Z,109.31,110.25,106.54,107.10,250746121
2023-04-11T12:00:00Z,107.10,107.74,103.11,104.02,207726829
2023-04-11T16:00:00Z,104.02,105.43,102.84,103.46,251686018
2023-04-11T20:00:00Z,103.46,103.94,100.94,102.37,293481226
2023-04-12T00:00:00Z,102.37,104.95,102.00,103.79,290507937
2023-04-12T04:00:00Z,103.79,104.25,102.02,103.65,244014254
2023-04-12T08:00:00Z,103.65,105.44,102.33,102.79,210879644
2023-04-12T12:00:00Z,102.79,103.39,98.12,98.65,255346243
2023-04-12T16:00:00Z,98.65,99.50,97.15,97.73,269641946
2023-04-12T20:00:00Z,97.73,99.88,96.30,99.29,241753518
2023-04-13T00:00:00Z,99.29,104.20,98.83,103.53,195260866
2023-04-13T04:00:00Z,103.53,103.89,102.07,103.32,221187251
2023-04-13T08:00:00Z,103.32,104.49,101.22,101.58,277032793
2023-04-13T12:00:00Z,101.58,102.13,97.94,98.93,291664343
2023-04-13T16:00:00Z,98.93,101.27,98.33,100.31,260900050
2023-04-13T20:00:00Z,100.31,102.09,99.16,101.48,216533032
2023-04-14T00:00:00Z,101.48,104.78,100.93,103.68,258786498
2023-04-14T04:00:00Z,103.68,104.22,101.90,103.66,287601861
2023-04-14T08:00:00Z,103.66,105.94,103.28,104.18,271337806
2023-04-14T12:00:00Z,104.18,104.67,101.20,102.13,214303335
2023-04-14T16:00:00Z,102.13,103.69,101.51,102.00,188328989
2023-04-14T20:00:00Z,102.00,103.75,100.40,103.17,247085055
2023-04-15T00:00:00Z,103.17,108.48,102.55,107.84,276717910
2023-04-15T04:00:00Z,107.84,109.78,107.11,109.14,261344646
2023-04-15T08:00:00Z,109.14,110.86,107.40,107.97,215333275
2023-04-15T12:00:00Z,107.97,108.38,103.53,104.37,246576224
2023-04-15T16:00:00Z,104.37,106.17,103.85,105.16,290978697
2023-04-15T20:00:00Z,105.16,107.58,104.09,107.05,291824106
2023-04-16T00:00:00Z,107.05,110.75,106.40,109.57,248030092
2023-04-16T04:00:00Z,109.57,110.20,107.15,108.25,202356855
2023-04-16T08:00:00Z,108.25,109.67,106.71,107.33,244080358
2023-04-16T12:00:00Z,107.33,107.77,104.14,105.27,262831518
2023-04-16T16:00:00Z,105.27,107.06,104.84,105.35,249334501
2023-04-16T20:00:00Z,105.35,105.87,103.21,105.23,209109850
2023-04-17T00:00:00Z,105.23,108.78,104.61,108.04,218517549
2023-04-17T04:00:00Z,108.04,109.47,106.92,108.84,276824841
2023-04-17T08:00:00Z,108.84,110.67,107.36,108.00,295422445
2023-04-17T12:00:00Z,108.00,108.54,102.99,103.59,267815818
2023-04-17T16:00:00Z,103.59,104.49,102.11,102.62,215388114
2023-04-17T20:00:00Z,102.62,104.29,101.07,103.88,249342156
2023-04-18T00:00:00Z,103.88,107.98,103.34,107.09,281314780
2023-04-18T04:00:00Z,107.09,107.71,104.93,105.79,269466542
2023-04-18T08:00:00Z,105.79,106.80,103.10,103.70,215736805
2023-04-18T12:00:00Z,103.70,104.28,100.02,101.18,184564694
2023-04-18T16:00:00Z,101.18,103.49,100.68,102.40,247845568
2023-04-18T20:00:00Z,102.40,103.80,100.94,103.30,281998551
2023-04-19T00:00:00Z,103.30,106.73,102.84,105.80,270734112
2023-04-19T04:00:00Z,105.80,106.92,104.35,106.46,221943040
2023-04-19T08:00:00Z,106.46,108.90,105.82,107.13,240172087
2023-04-19T12:00:00Z,107.13,107.76,103.73,104.60,286841577
2023-04-19T16:00:00Z,104.60,105.91,103.57,104.19,291533077
2023-04-19T20:00:00Z,104.19,106.18,102.59,105.59,250838962
2023-04-20T00:00:00Z,105.59,110.90,105.20,110.39,197325767
2023-04-20T04:00:00Z,110.39,111.88,109.52,111.48,231929096
2023-04-20T08:00:00Z,111.48,113.24,110.09,110.60,258797713
2023-04-20T12:00:00Z,110.60,111.24,107.07,108.29,259493529
2023-04-20T16:00:00Z,108.29,111.43,107.64,110.75,222320808
2023-04-20T20:00:00Z,110.75,114.69,110.07,114.02,214978952
2023-04-21T00:00:00Z,114.02,118.82,113.49,117.97,275199641
2023-04-21T04:00:00Z,117.97,119.19,116.55,118.65,297545882
2023-04-21T08:00:00Z,118.65,121.27,118.10,119.82,273263730
2023-04-21T12:00:00Z,119.82,120.47,117.54,119.08,217415106
2023-04-21T16:00:00Z,119.08,121.32,118.37,119.97,238658649
2023-04-21T20:00:00Z,119.97,121.71,118.39,120.99,273678407
2023-04-22T00:00:00Z,120.99,126.02,120.33,125.29,266488607
2023-04-22T04:00:00Z,125.29,127.88,124.59,127.20,217909342
2023-04-22T08:00:00Z,127.20,129.61,126.59,127.15,186213897
2023-04-22T12:00:00Z,127.15,127.75,123.09,124.02,247728294
2023-04-22T16:00:00Z,124.02,125.97,123.32,124.99,285986211
2023-04-22T20:00:00Z,124.99,128.69,123.95,127.97,278774877
2023-04-23T00:00:00Z,127.97,133.13,127.21,132.19,231701969
2023-04-23T04:00:00Z,132.19,132.88,130.40,131.74,232501730
2023-04-23T08:00:00Z,131.74,133.33,130.01,130.69,281111870
2023-04-23T12:00:00Z,130.69,131.19,127.37,128.71,289678408
2023-04-23T16:00:00Z,128.71,130.97,128.07,129.41,252488114
2023-04-23T20:00:00Z,129.41,130.14,127.31,129.31,191670603
2023-04-24T00:00:00Z,129.31,132.37,128.53,131.15,219127788
2023-04-24T04:00:00Z,131.15,132.03,129.44,131.24,260934364
2023-04-24T08:00:00Z,131.24,133.35,130.04,130.79,268731105
2023-04-24T12:00:00Z,130.79,131.32,126.22,126.94,234703629
2023-04-24T16:00:00Z,126.94,127.94,125.26,125.77,214760423
2023-04-24T20:00:00Z,125.77,127.32,123.86,126.80,272116155
2023-04-25T00:00:00Z,126.80,131.47,126.06,130.69,297994796
2023-04-25T04:00:00Z,130.69,131.47,129.02,130.22,277210082
2023-04-25T08:00:00Z,130.22,131.38,127.04,127.81,218394326
2023-04-25T12:00:00Z,127.81,128.44,123.18,124.18,226875096
2023-04-25T16:00:00Z,124.18,126.15,123.69,124.81,264832000
2023-04-25T20:00:00Z,124.81,125.98,123.15,125.49,262525221
2023-04-26T00:00:00Z,125.49,128.41,124.84,127.01,226298376
2023-04-26T04:00:00Z,127.01,127.75,124.66,126.02,192209746
2023-04-26T08:00:00Z,126.02,127.85,125.02,125.76,246636120
2023-04-26T12:00:00Z,125.76,126.46,122.29,123.35,288570772
2023-04-26T16:00:00Z,123.35,124.89,122.18,122.87,285350540
2023-04-26T20:00:00Z,122.87,124.00,120.77,123.41,240268453
2023-04-27T00:00:00Z,123.41,128.17,122.86,127.57,223619302
2023-04-27T04:00:00Z,127.57,129.42,126.62,128.85,273859709
2023-04-27T08:00:00Z,128.85,130.73,127.14,127.83,286330034
2023-04-27T12:00:00Z,127.83,128.58,123.21,124.13,253045559
2023-04-27T16:00:00Z,124.13,125.97,123.44,124.82,189769385
2023-04-27T20:00:00Z,124.82,127.76,123.77,127.06,211068617
2023-04-28T00:00:00Z,127.06,131.39,126.60,130.21,264201205
2023-04-28T04:00:00Z,130.21,130.79,128.04,129.29,276880056
2023-04-28T08:00:00Z,129.29,130.98,128.02,128.61,246083464
2023-04-28T12:00:00Z,128.61,129.37,125.72,127.09,213559269
2023-04-28T16:00:00Z,127.09,129.41,126.33,128.01,267559268
2023-04-28T20:00:00Z,128.01,129.28,126.16,128.52,296758173
2023-04-29T00:00:00Z,128.52,132.52,127.93,131.61,279648808
2023-04-29T04:00:00Z,131.61,133.39,130.40,132.79,222609798
2023-04-29T08:00:00Z,132.79,135.17,132.13,132.61,214151639
2023-04-29T12:00:00Z,132.61,133.33,128.04,128.65,254933131
2023-04-29T16:00:00Z,128.65,129.68,126.96,127.67,260207012
2023-04-29T20:00:00Z,127.67,129.57,126.02,128.80,238685671
2023-04-30T00:00:00Z,128.80,133.21,128.11,132.10,197707065
2023-04-30T04:00:00Z,132.10,132.68,129.73,130.77,244487370
2023-04-30T08:00:00Z,130.77,131.78,127.55,128.11,289664389
2023-04-30T12:00:00Z,128.11,128.72,123.72,124.72,290370205
2023-04-30T16:00:00Z,124.72,126.69,124.01,125.22,247566352
2023-04-30T20:00:00Z,125.22,126.08,123.38,125.38,217844902
2023-05-01T00:00:00Z,125.38,128.09,124.64,126.62,265182144
2023-05-01T04:00:00Z,126.62,127.28,124.28,125.63,281582378
2023-05-01T08:00:00Z,125.63,127.41,124.09,124.74,252597606
2023-05-01T12:00:00Z,124.74,125.22,120.20,120.78,188216883
2023-05-01T16:00:00Z,120.78,121.61,118.11,118.58,208799759
2023-05-01T20:00:00Z,118.58,119.25,115.83,117.76,266490585
2023-05-02T00:00:00Z,117.76,121.42,117.05,120.42,283788544
2023-05-02T04:00:00Z,120.42,121.11,118.54,119.67,256304100
2023-05-02T08:00:00Z,119.67,120.64,116.12,116.79,215574904
2023-05-02T12:00:00Z,116.79,117.26,111.44,112.13,261540821
2023-05-02T16:00:00Z,112.13,113.62,111.67,112.30,293854104
2023-05-02T20:00:00Z,112.30,114.15,110.94,113.68,280600985
2023-05-03T00:00:00Z,113.68,117.06,113.01,115.85,225855951
2023-05-03T04:00:00Z,115.85,116.54,113.37,114.50,200666431
2023-05-03T08:00:00Z,114.50,115.96,112.99,113.67,244154247
2023-05-03T12:00:00Z,113.67,114.22,110.36,111.43,264050351
2023-05-03T16:00:00Z,111.43,113.09,110.59,111.14,250319976
2023-05-03T20:00:00Z,111.14,111.61,108.86,110.87,206810197
2023-05-04T00:00:00Z,110.87,114.54,110.28,113.86,241218591
2023-05-04T04:00:00Z,113.86,115.56,112.78,114.96,289203811
2023-05-04T08:00:00Z,114.96,116.98,113.90,114.57,293770211
2023-05-04T12:00:00Z,114.57,115.21,110.27,111.10,253545609
2023-05-04T16:00:00Z,111.10,112.75,110.56,111.64,211012185
2023-05-04T20:00:00Z,111.64,115.10,110.68,114.55,255201344
2023-05-05T00:00:00Z,114.55,119.91,114.04,119.24,275551956
2023-05-05T04:00:00Z,119.24,119.88,117.78,119.34,251246031
2023-05-05T08:00:00Z,119.34,120.98,117.99,118.63,196555754
2023-05-05T12:00:00Z,118.63,119.33,115.72,117.17,207052226
2023-05-05T16:00:00Z,117.17,120.01,116.52,118.90,267686805
2023-05-05T20:00:00Z,118.90,120.61,117.43,119.95,289323446
2023-05-06T00:00:00Z,119.95,123.66,119.52,122.65,265230905
2023-05-06T04:00:00Z,122.65,123.99,121.24,123.56,216518619
2023-05-06T08:00:00Z,123.56,126.20,122.88,124.31,254100029
2023-05-06T12:00:00Z,124.31,125.04,120.86,121.80,289329433
2023-05-06T16:00:00Z,121.80,123.19,120.91,121.63,280113721
2023-05-06T20:00:00Z,121.63,124.13,120.16,123.39,228187210
2023-05-07T00:00:00Z,123.39,128.93,122.83,128.24,190852527
2023-05-07T04:00:00Z,128.24,129.46,127.09,128.88,236515960
2023-05-07T08:00:00Z,128.88,130.39,126.79,127.25,270136058
2023-05-07T12:00:00Z,127.25,127.95,123.04,123.99,261015771
2023-05-07T16:00:00Z,123.99,126.15,123.24,125.03,215125805
2023-05-07T20:00:00Z,125.03,127.11,123.77,126.36,236786947
2023-05-08T00:00:00Z,126.36,129.67,125.68,128.28,287152196
2023-05-08T04:00:00Z,128.28,128.83,125.86,127.21,295515263
2023-05-08T08:00:00Z,127.21,129.07,126.26,126.81,258182544
2023-05-08T12:00:00Z,126.81,127.42,123.52,124.54,207458761
2023-05-08T16:00:00Z,124.54,126.15,123.50,124.11,244062251
2023-05-08T20:00:00Z,124.11,124.96,121.96,124.25,268374497
2023-05-09T00:00:00Z,124.25,128.66,123.52,127.89,250494594
2023-05-09T04:00:00Z,127.89,129.71,126.83,128.96,210106133
2023-05-09T08:00:00Z,128.96,130.87,127.19,127.85,204717166
2023-05-09T12:00:00Z,127.85,128.35,122.98,123.75,267690024
2023-05-09T16:00:00Z,123.75,125.29,123.13,123.88,293373353
2023-05-09T20:00:00Z,123.88,126.54,122.65,125.91,272753285
2023-05-10T00:00:00Z,125.91,130.29,125.14,129.18,220606501
2023-05-10T04:00:00Z,129.18,129.92,126.99,128.25,245303308
2023-05-10T08:00:00Z,128.25,129.80,126.65,127.38,283258786
2023-05-10T12:00:00Z,127.38,127.89,124.49,126.00,278258498
2023-05-10T16:00:00Z,126.00,128.74,125.48,127.55,229675401
2023-05-10T20:00:00Z,127.55,129.24,125.99,128.71,180801645
2023-05-11T00:00:00Z,128.71,132.96,127.95,132.27,235207760
2023-05-11T04:00:00Z,132.27,134.93,131.24,134.15,275219895
2023-05-11T08:00:00Z,134.15,137.00,133.38,135.20,270601360
2023-05-11T12:00:00Z,135.20,135.86,131.60,132.65,226757877
2023-05-11T16:00:00Z,132.65,134.41,132.14,132.88,231172156
2023-05-11T20:00:00Z,132.88,135.82,131.57,135.30,283500371
2023-05-12T00:00:00Z,135.30,140.99,134.58,140.39,295598947
2023-05-12T04:00:00Z,140.39,141.83,139.20,141.09,261479546
2023-05-12T08:00:00Z,141.09,142.77,139.40,140.23,203032593
2023-05-12T12:00:00Z,140.23,141.00,136.91,138.51,231929746
2023-05-12T16:00:00Z,138.51,141.97,137.84,141.04,260201719
2023-05-12T20:00:00Z,141.04,144.15,140.06,143.47,255952195
2023-05-13T00:00:00Z,143.47,147.80,142.83,146.74,223473615
2023-05-13T04:00:00Z,146.74,148.08,145.09,147.42,205954000
2023-05-13T08:00:00Z,147.42,150.13,146.54,148.34,266419250
2023-05-13T12:00:00Z,148.34,149.22,145.16,146.42,295851136
2023-05-13T16:00:00Z,146.42,148.09,145.13,146.00,278786631
2023-05-13T20:00:00Z,146.00,147.27,143.76,146.47,223568292
2023-05-14T00:00:00Z,146.47,151.21,145.95,150.33,235243481
2023-05-14T04:00:00Z,150.33,151.48,148.96,150.95,275742999
2023-05-14T08:00:00Z,150.95,152.65,148.56,149.25,275128985
2023-05-14T12:00:00Z,149.25,150.13,144.27,145.18,230407055
2023-05-14T16:00:00Z,145.18,147.00,144.32,145.66,180125386
2023-05-14T20:00:00Z,145.66,148.36,144.38,147.48,234984998
2023-05-15T00:00:00Z,147.48,151.46,146.82,149.99,279164846
2023-05-15T04:00:00Z,149.99,150.53,147.18,148.41,278922427
2023-05-15T08:00:00Z,148.41,149.86,146.41,146.95,237318834
2023-05-15T12:00:00Z,146.95,147.76,143.18,144.18,224377922
2023-05-15T16:00:00Z,144.18,145.73,142.61,143.41,278267478
2023-05-15T20:00:00Z,143.41,144.25,140.58,142.24,294043635
2023-05-16T00:00:00Z,142.24,145.21,141.48,143.90,263464188
2023-05-16T04:00:00Z,143.90,144.52,141.94,143.75,202081542
2023-05-16T08:00:00Z,143.75,145.53,141.74,142.35,218985383
2023-05-16T12:00:00Z,142.35,143.03,137.09,137.63,253920747
2023-05-16T16:00:00Z,137.63,138.63,135.85,136.52,264852011
2023-05-16T20:00:00Z,136.52,138.63,134.85,137.85,236113703
2023-05-17T00:00:00Z,137.85,142.46,137.04,141.33,206424326
2023-05-17T04:00:00Z,141.33,142.05,139.07,140.21,263814881
2023-05-17T08:00:00Z,140.21,141.30,137.27,137.97,296695985
2023-05-17T12:00:00Z,137.97,138.51,133.81,135.02,283273664
2023-05-17T16:00:00Z,135.02,137.19,134.34,135.69,229639363
2023-05-17T20:00:00Z,135.69,136.61,133.75,135.92,224038385
2023-05-18T00:00:00Z,135.92,138.94,135.10,137.59,266906988
2023-05-18T04:00:00Z,137.59,138.37,135.64,137.42,270838395
2023-05-18T08:00:00Z,137.42,139.73,136.72,137.53,231311686
2023-05-18T12:00:00Z,137.53,138.08,133.74,134.75,185347715
2023-05-18T16:00:00Z,134.75,136.20,133.65,134.18,233991584
2023-05-18T20:00:00Z,134.18,135.95,132.29,135.38,281849678
2023-05-19T00:00:00Z,135.38,140.71,134.58,139.99,285845247
2023-05-19T04:00:00Z,139.99,141.64,138.92,140.82,246683592
2023-05-19T08:00:00Z,140.82,142.39,138.47,139.30,220673100
2023-05-19T12:00:00Z,139.30,139.98,134.78,135.87,271501012
2023-05-19T16:00:00Z,135.87,138.12,135.35,136.90,290899747
2023-05-19T20:00:00Z,136.90,139.13,135.64,138.61,264187751
2023-05-20T00:00:00Z,138.61,142.14,137.87,140.88,200459014
2023-05-20T04:00:00Z,140.88,141.70,138.49,139.78,205423769
2023-05-20T08:00:00Z,139.78,141.49,138.46,139.28,253846800
2023-05-20T12:00:00Z,139.28,140.05,135.94,137.20,272806539
2023-05-20T16:00:00Z,137.20,139.04,136.22,136.98,247839253
2023-05-20T20:00:00Z,136.98,137.54,134.61,136.89,210286537
2023-05-21T00:00:00Z,136.89,140.90,136.27,140.00,259840838
2023-05-21T04:00:00Z,140.00,141.34,138.62,140.71,295874915
2023-05-21T08:00:00Z,140.71,142.51,138.57,139.33,286185193
2023-05-21T12:00:00Z,139.33,140.14,133.73,134.53,234568604
2023-05-21T16:00:00Z,134.53,135.51,132.73,133.53,211828912
2023-05-21T20:00:00Z,133.53,135.23,131.70,134.50,256897118
2023-05-22T00:00:00Z,134.50,138.29,134.02,136.88,265516442
2023-05-22T04:00:00Z,136.88,137.50,133.88,134.75,237671885
2023-05-22T08:00:00Z,134.75,135.77,131.59,132.20,195383620
2023-05-22T12:00:00Z,132.20,132.98,128.06,129.14,232135711
2023-05-22T16:00:00Z,129.14,130.88,128.37,129.25,283172088
2023-05-22T20:00:00Z,129.25,129.94,127.03,128.87,291259451
2023-05-23T00:00:00Z,128.87,131.77,128.29,130.45,254751370
2023-05-23T04:00:00Z,130.45,130.92,128.49,130.29,215840552
2023-05-23T08:00:00Z,130.29,132.33,129.18,129.66,263276242
2023-05-23T12:00:00Z,129.66,130.37,124.95,125.55,286244436
2023-05-23T16:00:00Z,125.55,126.45,123.22,123.92,263723267
2023-05-23T20:00:00Z,123.92,125.15,121.88,124.41,202512880
2023-05-24T00:00:00Z,124.41,128.90,123.74,127.99,195511086
2023-05-24T04:00:00Z,127.99,128.54,126.25,127.54,255858990
2023-05-24T08:00:00Z,127.54,128.73,124.87,125.40,279656984
2023-05-24T12:00:00Z,125.40,126.01,121.24,122.33,258478705
2023-05-24T16:00:00Z,122.33,124.80,121.63,123.91,213206605
2023-05-24T20:00:00Z,123.91,126.64,122.80,125.92,254486169
2023-05-25T00:00:00Z,125.92,129.93,125.18,128.79,293383653
2023-05-25T04:00:00Z,128.79,129.72,127.03,128.97,287520240
2023-05-25T08:00:00Z,128.97,131.49,128.43,129.73,238369141
2023-05-25T12:00:00Z,129.73,130.25,126.97,128.24,203016809
2023-05-25T16:00:00Z,128.24,130.20,127.59,128.42,245878114
2023-05-25T20:00:00Z,128.42,130.00,126.55,129.35,260912791
2023-05-26T00:00:00Z,129.35,134.62,128.56,133.84,248831580
2023-05-26T04:00:00Z,133.84,136.48,132.99,135.67,204912418
2023-05-26T08:00:00Z,135.67,137.99,134.64,135.42,229339875
2023-05-26T12:00:00Z,135.42,135.95,131.39,132.60,283051486
2023-05-26T16:00:00Z,132.60,135.20,132.04,134.29,295080317
2023-05-26T20:00:00Z,134.29,138.33,133.36,137.75,261447237
2023-05-27T00:00:00Z,137.75,143.00,136.93,142.16,214168811
2023-05-27T04:00:00Z,142.16,143.07,140.60,142.24,253695018
2023-05-27T08:00:00Z,142.24,144.25,141.33,142.18,280179692
2023-05-27T12:00:00Z,142.18,142.87,139.44,141.04,262163054
2023-05-27T16:00:00Z,141.04,143.64,140.50,142.18,204362864
2023-05-27T20:00:00Z,142.18,143.19,140.22,142.66,192222802
2023-05-28T00:00:00Z,142.66,146.43,141.90,145.55,256968446
2023-05-28T04:00:00Z,145.55,147.44,144.24,146.67,285259653
2023-05-28T08:00:00Z,146.67,149.05,145.78,146.76,267879434
2023-05-28T12:00:00Z,146.76,147.56,142.39,143.34,219352117
2023-05-28T16:00:00Z,143.34,144.83,142.23,143.03,247766094
2023-05-28T20:00:00Z,143.03,145.67,141.51,144.99,289246921
2023-05-29T00:00:00Z,144.99,150.19,144.33,149.31,287305569
2023-05-29T04:00:00Z,149.31,150.11,147.52,148.96,241076739
2023-05-29T08:00:00Z,148.96,150.33,146.19,146.99,193510276
2023-05-29T12:00:00Z,146.99,147.85,142.74,144.03,234029605
2023-05-29T16:00:00Z,144.03,146.32,143.24,144.91,262462744
2023-05-29T20:00:00Z,144.91,146.23,143.05,145.44,259412249
2023-05-30T00:00:00Z,145.44,148.53,144.92,147.02,218008319
2023-05-30T04:00:00Z,147.02,147.70,144.72,146.46,225543646
2023-05-30T08:00:00Z,146.46,148.71,145.65,146.39,281431308
2023-05-30T12:00:00Z,146.39,147.25,142.67,143.70,297250488
2023-05-30T16:00:00Z,143.70,145.03,142.16,143.01,266723055
2023-05-30T20:00:00Z,143.01,144.64,140.94,143.80,211459656
2023-05-31T00:00:00Z,143.80,148.95,143.15,148.16,242883989
2023-05-31T04:00:00Z,148.16,149.81,147.01,149.16,272829924
2023-05-31T08:00:00Z,149.16,151.01,147.27,147.82,259615876
2023-05-31T12:00:00Z,147.82,148.64,143.34,144.31,211293299
2023-05-31T16:00:00Z,144.31,146.54,143.45,145.38,194339795
2023-05-31T20:00:00Z,145.38,148.51,144.16,147.62,257067017
2023-06-01T00:00:00Z,147.62,151.92,146.84,150.63,289489311
2023-06-01T04:00:00Z,150.63,151.27,148.43,150.06,275910734
2023-06-01T08:00:00Z,150.06,152.21,149.47,150.10,224402322
2023-06-01T12:00:00Z,150.10,150.84,147.36,149.03,239722477
2023-06-01T16:00:00Z,149.03,151.59,148.18,150.14,283518096
2023-06-01T20:00:00Z,150.14,152.05,148.42,151.19,285594587
2023-06-02T00:00:00Z,151.19,156.23,150.30,155.30,242748007
2023-06-02T04:00:00Z,155.30,158.26,154.40,157.35,187712545
2023-06-02T08:00:00Z,157.35,160.15,156.70,157.65,224491278
2023-06-02T12:00:00Z,157.65,158.28,153.33,154.39,267169591
2023-06-02T16:00:00Z,154.39,156.20,153.60,154.61,269002986
2023-06-02T20:00:00Z,154.61,157.75,153.23,156.95,230247825
2023-06-03T00:00:00Z,156.95,162.12,156.00,161.03,220706099
2023-06-03T04:00:00Z,161.03,161.94,159.00,160.45,278280835
2023-06-03T08:00:00Z,160.45,161.99,158.10,159.01,297741133
2023-06-03T12:00:00Z,159.01,159.63,155.37,156.95,270557831
2023-06-03T16:00:00Z,156.95,159.68,156.28,158.30,212018814
2023-06-03T20:00:00Z,158.30,159.70,156.44,159.03,230992278
2023-06-04T00:00:00Z,159.03,162.48,158.10,161.20,264339086
2023-06-04T04:00:00Z,161.20,162.24,159.36,161.30,257148260
2023-06-04T08:00:00Z,161.30,163.58,160.09,161.06,223782889
2023-06-04T12:00:00Z,161.06,161.83,156.41,157.30,195975298
2023-06-04T16:00:00Z,157.30,158.29,154.74,155.48,256061502
2023-06-04T20:00:00Z,155.48,156.16,152.84,155.34,292242162
2023-06-05T00:00:00Z,155.34,159.37,154.50,158.32,282466299
2023-06-05T04:00:00Z,158.32,159.24,156.17,157.33,232541340
2023-06-05T08:00:00Z,157.33,158.55,153.33,154.24,230423674
2023-06-05T12:00:00Z,154.24,155.08,148.74,149.69,276278243
2023-06-05T16:00:00Z,149.69,151.44,148.94,149.77,282465698
2023-06-05T20:00:00Z,149.77,151.16,147.92,150.46,243458113
2023-06-06T00:00:00Z,150.46,153.50,149.78,151.79,181526649
2023-06-06T04:00:00Z,151.79,152.60,148.87,149.94,221371977
2023-06-06T08:00:00Z,149.94,151.42,147.80,148.61,270910687
2023-06-06T12:00:00Z,148.61,149.48,144.35,145.33,277438903
2023-06-06T16:00:00Z,145.33,146.46,142.90,143.75,241464658
2023-06-06T20:00:00Z,143.75,144.40,140.75,142.55,219048072
2023-06-07T00:00:00Z,142.55,146.02,142.04,144.85,273596464
2023-06-07T04:00:00Z,144.85,145.52,143.08,144.87,296552465
2023-06-07T08:00:00Z,144.87,146.48,142.39,143.06,272957451
2023-06-07T12:00:00Z,143.06,143.91,137.71,138.48,211662630
2023-06-07T16:00:00Z,138.48,139.75,137.48,138.31,218188661
2023-06-07T20:00:00Z,138.31,141.12,137.00,140.29,254867405
2023-06-08T00:00:00Z,140.29,144.87,139.67,143.66,260064855
2023-06-08T04:00:00Z,143.66,144.19,141.36,142.63,236451789
2023-06-08T08:00:00Z,142.63,144.12,140.78,141.31,201259108
2023-06-08T12:00:00Z,141.31,142.10,137.99,139.25,253876586
2023-06-08T16:00:00Z,139.25,141.46,138.41,139.96,293438389
2023-06-08T20:00:00Z,139.96,140.93,138.00,140.09,287466172
2023-06-09T00:00:00Z,140.09,143.58,139.35,142.42,239467315
2023-06-09T04:00:00Z,142.42,143.90,140.82,143.15,219963795
2023-06-09T08:00:00Z,143.15,145.67,142.59,143.35,267634556
2023-06-09T12:00:00Z,143.35,144.06,139.33,140.19,278020107
2023-06-09T16:00:00Z,140.19,141.67,139.15,139.84,243298112
2023-06-09T20:00:00Z,139.84,142.55,138.34,141.74,183680602
2023-06-10T00:00:00Z,141.74,147.25,140.91,146.37,220342959
2023-06-10T04:00:00Z,146.37,147.35,144.89,146.51,273557813
2023-06-10T08:00:00Z,146.51,147.97,143.97,144.71,284572501
2023-06-10T12:00:00Z,144.71,145.29,140.44,141.66,251512587
2023-06-10T16:00:00Z,141.66,143.97,140.94,142.69,216302200
2023-06-10T20:00:00Z,142.69,144.30,141.06,143.57,267402364
2023-06-11T00:00:00Z,143.57,146.70,142.70,145.20,293713654
2023-06-11T04:00:00Z,145.20,146.02,142.76,144.27,273953809
2023-06-11T08:00:00Z,144.27,146.29,143.07,143.88,214707898
2023-06-11T12:00:00Z,143.88,144.44,140.05,141.10,204658310
2023-06-11T16:00:00Z,141.10,142.48,139.55,140.09,246420900
2023-06-11T20:00:00Z,140.09,140.81,137.62,140.06,267503665
2023-06-12T00:00:00Z,140.06,144.35,139.23,143.51,248314042
2023-06-12T04:00:00Z,143.51,144.70,142.19,143.85,205822316
2023-06-12T08:00:00Z,143.85,145.29,140.93,141.78,250457410
2023-06-12T12:00:00Z,141.78,142.45,136.30,137.06,293024219
2023-06-12T16:00:00Z,137.06,138.48,136.10,136.76,290858128
2023-06-12T20:00:00Z,136.76,138.43,135.12,137.92,245144365
2023-06-13T00:00:00Z,137.92,141.31,137.18,139.97,212701653
2023-06-13T04:00:00Z,139.97,140.79,137.07,138.11,257718234
2023-06-13T08:00:00Z,138.11,139.39,135.85,136.66,272379167
2023-06-13T12:00:00Z,136.66,137.41,133.12,134.42,242757479
2023-06-13T16:00:00Z,134.42,136.46,133.78,134.67,192444624
2023-06-13T20:00:00Z,134.67,135.35,132.46,134.72,218663376
2023-06-14T00:00:00Z,134.72,138.54,134.11,137.64,274997865
2023-06-14T04:00:00Z,137.64,139.44,136.37,138.80,290276861
2023-06-14T08:00:00Z,138.80,141.18,137.96,138.72,260268084
2023-06-14T12:00:00Z,138.72,139.53,134.25,135.12,216705804
2023-06-14T16:00:00Z,135.12,136.50,134.05,134.85,259750554
2023-06-14T20:00:00Z,134.85,137.69,133.46,136.95,289282111
2023-06-15T00:00:00Z,136.95,142.24,136.45,141.38,273603375
2023-06-15T04:00:00Z,141.38,142.04,139.76,141.39,216977761
2023-06-15T08:00:00Z,141.39,143.08,139.73,140.39,190599176
2023-06-15T12:00:00Z,140.39,141.22,137.31,138.91,244233462
2023-06-15T16:00:00Z,138.91,142.40,138.09,141.40,274111807
2023-06-15T20:00:00Z,141.40,144.47,140.36,143.62,259187020
2023-06-16T00:00:00Z,143.62,148.14,142.99,147.13,213792181
2023-06-16T04:00:00Z,147.13,149.18,145.83,148.54,245771696
2023-06-16T08:00:00Z,148.54,151.66,147.81,150.03,290973400
2023-06-16T12:00:00Z,150.03,150.87,147.20,148.38,292618452
2023-06-16T16:00:00Z,148.38,150.25,147.49,148.54,249562210
2023-06-16T20:00:00Z,148.54,151.04,146.95,150.14,204507410
2023-06-17T00:00:00Z,150.14,156.00,149.35,155.10,246681845
2023-06-17T04:00:00Z,155.10,157.25,154.09,156.45,265681309
2023-06-17T08:00:00Z,156.45,158.50,154.90,155.55,247136369
2023-06-17T12:00:00Z,155.55,156.31,151.52,152.79,206431405
2023-06-17T16:00:00Z,152.79,155.59,151.91,154.65,216245407
2023-06-17T20:00:00Z,154.65,158.29,153.51,157.39,275135979
2023-06-18T00:00:00Z,157.39,161.97,156.47,160.65,294448406
2023-06-18T04:00:00Z,160.65,161.46,158.51,160.22,267632471
2023-06-18T08:00:00Z,160.22,162.43,159.28,160.08,216009737
2023-06-18T12:00:00Z,160.08,160.73,156.81,158.19,250720332
2023-06-18T16:00:00Z,158.19,160.19,157.29,157.95,283342165
2023-06-18T20:00:00Z,157.95,158.85,155.38,157.57,271985225
2023-06-19T00:00:00Z,157.57,161.45,156.62,160.32,218550607
2023-06-19T04:00:00Z,160.32,161.87,158.84,160.90,183633151
2023-06-19T08:00:00Z,160.90,162.93,158.83,159.73,245104936
2023-06-19T12:00:00Z,159.73,160.35,154.49,155.36,279620512
2023-06-19T16:00:00Z,155.36,156.80,154.36,154.95,268903886
2023-06-19T20:00:00Z,154.95,157.43,153.37,156.76,220803183
2023-06-20T00:00:00Z,156.76,161.33,155.83,160.14,239811383
2023-06-20T04:00:00Z,160.14,161.09,157.62,158.89,287288119
2023-06-20T08:00:00Z,158.89,160.18,155.97,156.91,292752086
2023-06-20T12:00:00Z,156.91,157.66,152.85,154.20,252735487
2023-06-20T16:00:00Z,154.20,156.41,153.62,154.61,199752093
2023-06-20T20:00:00Z,154.61,155.29,152.30,154.42,234696236
2023-06-21T00:00:00Z,154.42,157.40,153.59,156.09,259136321
2023-06-21T04:00:00Z,156.09,157.00,154.10,156.13,256701107
2023-06-21T08:00:00Z,156.13,158.35,155.13,156.05,219845889
2023-06-21T12:00:00Z,156.05,156.91,151.80,152.82,213014305
2023-06-21T16:00:00Z,152.82,154.27,151.32,152.15,273898290
2023-06-21T20:00:00Z,152.15,154.35,150.30,153.64,297009190
2023-06-22T00:00:00Z,153.64,159.04,152.93,158.28,273533498
2023-06-22T04:00:00Z,158.28,159.51,156.87,158.78,218470322
2023-06-22T08:00:00Z,158.78,160.38,156.34,157.20,240417122
2023-06-22T12:00:00Z,157.20,158.12,152.85,154.21,276003174
2023-06-22T16:00:00Z,154.21,156.87,153.37,155.61,269198592
2023-06-22T20:00:00Z,155.61,158.14,154.24,157.30,219516871
2023-06-23T00:00:00Z,157.30,161.13,156.72,159.68,183380274
2023-06-23T04:00:00Z,159.68,160.43,157.40,159.24,245165881
2023-06-23T08:00:00Z,159.24,161.63,158.35,159.48,283894591
2023-06-23T12:00:00Z,159.48,160.43,156.36,157.73,277316967
2023-06-23T16:00:00Z,157.73,159.59,156.80,157.75,230991323
2023-06-23T20:00:00Z,157.75,159.29,155.59,158.36,232593700
2023-06-24T00:00:00Z,158.36,163.27,157.66,162.37,281999292
2023-06-24T04:00:00Z,162.37,164.28,161.19,163.57,291292162
2023-06-24T08:00:00Z,163.57,165.67,161.76,162.38,254702506
2023-06-24T12:00:00Z,162.38,163.29,157.34,158.11,194313155
2023-06-24T16:00:00Z,158.11,159.61,157.05,157.94,221947062
2023-06-24T20:00:00Z,157.94,160.36,156.40,159.40,258075824
2023-06-25T00:00:00Z,159.40,163.36,158.57,161.82,266090916
2023-06-25T04:00:00Z,161.82,162.49,158.69,159.88,232492971
2023-06-25T08:00:00Z,159.88,161.13,157.22,157.87,213151482
2023-06-25T12:00:00Z,157.87,158.65,153.92,155.09,271234251
2023-06-25T16:00:00Z,155.09,157.03,154.13,154.91,297908620
2023-06-25T20:00:00Z,154.91,155.83,152.39,154.16,277926345
2023-06-26T00:00:00Z,154.16,157.18,153.27,155.72,219857240
2023-06-26T04:00:00Z,155.72,156.50,153.62,155.42,228970715
2023-06-26T08:00:00Z,155.42,157.31,153.27,154.05,267397098
2023-06-26T12:00:00Z,154.05,154.67,148.37,148.96,265360005
2023-06-26T16:00:00Z,148.96,149.81,146.08,146.69,224651307
2023-06-26T20:00:00Z,146.69,147.53,144.17,146.62,189501794
2023-06-27T00:00:00Z,146.62,150.48,145.73,149.13,244314808
2023-06-27T04:00:00Z,149.13,149.97,146.25,147.25,286816905
2023-06-27T08:00:00Z,147.25,148.12,143.17,143.98,284300723
2023-06-27T12:00:00Z,143.98,144.53,138.97,140.03,240004456
2023-06-27T16:00:00Z,140.03,141.94,139.43,140.36,224161690
2023-06-27T20:00:00Z,140.36,141.29,138.40,140.68,275166234
2023-06-28T00:00:00Z,140.68,143.52,139.85,142.07,288298931
2023-06-28T04:00:00Z,142.07,142.91,139.69,141.17,255523475
2023-06-28T08:00:00Z,141.17,143.09,139.85,140.69,192563316
2023-06-28T12:00:00Z,140.69,141.35,136.62,137.52,210690347
2023-06-28T16:00:00Z,137.52,138.69,135.51,136.16,261435759
2023-06-28T20:00:00Z,136.16,136.76,133.66,136.06,274456893
2023-06-29T00:00:00Z,136.06,140.33,135.32,139.62,244191319
2023-06-29T04:00:00Z,139.62,140.88,138.29,140.13,212345521
2023-06-29T08:00:00Z,140.13,141.67,137.73,138.55,267118455
2023-06-29T12:00:00Z,138.55,139.31,133.89,134.96,297124629
2023-06-29T16:00:00Z,134.96,137.24,134.33,136.15,280793990
2023-06-29T20:00:00Z,136.15,139.41,135.11,138.77,224444509
2023-06-30T00:00:00Z,138.77,143.29,138.13,142.20,216532975
2023-06-30T04:00:00Z,142.20,142.97,140.16,141.76,257675612
2023-06-30T08:00:00Z,141.76,143.73,140.82,141.60,261098928
2023-06-30T12:00:00Z,141.60,142.43,138.66,140.13,235873221
2023-06-30T16:00:00Z,140.13,142.33,139.37,140.66,195191241
2023-06-30T20:00:00Z,140.66,141.62,138.48,140.87,242464124
2023-07-01T00:00:00Z,140.87,144.95,140.35,144.00,288291313
2023-07-01T04:00:00Z,144.00,145.78,142.76,145.25,289754244
2023-07-01T08:00:00Z,145.25,147.68,144.38,145.07,247755484
2023-07-01T12:00:00Z,145.07,145.93,140.62,141.52,218824397
2023-07-01T16:00:00Z,141.52,142.97,140.68,141.55,266875709
2023-07-01T20:00:00Z,141.55,144.69,140.28,143.85,283858104
2023-07-02T00:00:00Z,143.85,149.05,143.22,148.02,255278235
2023-07-02T04:00:00Z,148.02,148.59,146.11,147.42,190375580
2023-07-02T08:00:00Z,147.42,148.80,145.07,145.63,205950968
2023-07-02T12:00:00Z,145.63,146.45,141.80,142.98,263891638
2023-07-02T16:00:00Z,142.98,145.15,142.12,143.69,281641872
2023-07-02T20:00:00Z,143.69,144.64,141.76,143.78,254776902
2023-07-03T00:00:00Z,143.78,146.71,143.03,145.26,214786135
2023-07-03T04:00:00Z,145.26,145.86,143.04,144.85,261551915
2023-07-03T08:00:00Z,144.85,147.02,143.95,144.55,294664197
2023-07-03T12:00:00Z,144.55,145.26,140.41,141.19,282146981
2023-07-03T16:00:00Z,141.19,142.37,139.34,140.05,228017433
2023-07-03T20:00:00Z,140.05,141.53,138.00,140.72,203275045
2023-07-04T00:00:00Z,140.72,145.62,139.91,144.74,247006808
2023-07-04T04:00:00Z,144.74,145.72,143.25,144.89,261740754
2023-07-04T08:00:00Z,144.89,146.28,142.08,142.79,247647765
2023-07-04T12:00:00Z,142.79,143.38,137.95,138.97,204548236
2023-07-04T16:00:00Z,138.97,140.99,138.25,139.70,239543063
2023-07-04T20:00:00Z,139.70,141.89,138.31,141.16,288245221
2023-07-05T00:00:00Z,141.16,144.77,140.30,143.36,293603224
2023-07-05T04:00:00Z,143.36,144.16,140.99,142.48,254183229
2023-07-05T08:00:00Z,142.48,144.56,141.62,142.42,212404749
2023-07-05T12:00:00Z,142.42,142.96,139.46,140.89,257240388
2023-07-05T16:00:00Z,140.89,143.06,140.28,141.37,278078658
2023-07-05T20:00:00Z,141.37,142.88,139.42,142.27,254063592
2023-07-06T00:00:00Z,142.27,147.39,141.42,146.61,195512178
2023-07-06T04:00:00Z,146.61,149.53,145.67,148.65,204316885
2023-07-06T08:00:00Z,148.65,151.16,147.81,148.70,265318136
2023-07-06T12:00:00Z,148.70,149.39,144.44,145.56,287505943
2023-07-06T16:00:00Z,145.56,147.67,145.02,146.45,264106131
2023-07-06T20:00:00Z,146.45,149.93,145.27,149.39,216174184
2023-07-07T00:00:00Z,149.39,154.55,148.57,153.74,254562758
2023-07-07T04:00:00Z,153.74,154.64,152.00,153.67,290563285
2023-07-07T08:00:00Z,153.67,155.50,152.42,153.33,282022594
2023-07-07T12:00:00Z,153.33,154.17,150.60,152.43,230622421
2023-07-07T16:00:00Z,152.43,155.79,151.72,154.55,193624401
2023-07-07T20:00:00Z,154.55,156.77,153.07,156.06,236742406
2023-07-08T00:00:00Z,156.06,160.46,155.33,159.52,267347961
2023-07-08T04:00:00Z,159.52,161.84,158.27,161.09,258549378
2023-07-08T08:00:00Z,161.09,163.99,160.13,161.91,213173221
2023-07-08T12:00:00Z,161.91,162.85,157.89,159.00,235500255
2023-07-08T16:00:00Z,159.00,160.50,157.50,158.44,286631618
2023-07-08T20:00:00Z,158.44,160.68,156.53,159.83,295801345
2023-07-09T00:00:00Z,159.83,164.99,159.23,163.97,259253004
2023-07-09T04:00:00Z,163.97,164.75,162.16,163.75,209230222
2023-07-09T08:00:00Z,163.75,165.21,160.88,161.66,246396735
2023-07-09T12:00:00Z,161.66,162.61,157.15,158.43,271090172
2023-07-09T16:00:00Z,158.43,160.92,157.50,159.53,251990272
2023-07-09T20:00:00Z,159.53,161.63,157.95,160.69,207275854
2023-07-10T00:00:00Z,160.69,164.11,159.99,162.49,202162401
2023-07-10T04:00:00Z,162.49,163.12,159.94,161.47,265609763
2023-07-10T08:00:00Z,161.47,163.49,160.17,160.80,291929624
2023-07-10T12:00:00Z,160.80,161.70,156.72,157.59,272058539
2023-07-10T16:00:00Z,157.59,158.83,155.04,155.93,220714851
2023-07-10T20:00:00Z,155.93,156.83,153.09,155.01,246206316
2023-07-11T00:00:00Z,155.01,158.80,154.21,157.62,284886118
2023-07-11T04:00:00Z,157.62,158.27,155.74,157.42,280483402
2023-07-11T08:00:00Z,157.42,158.87,154.47,155.10,232324579
2023-07-11T12:00:00Z,155.10,155.87,149.63,150.33,183509822
2023-07-11T16:00:00Z,150.33,151.83,149.41,150.17,232346031
2023-07-11T20:00:00Z,150.17,152.63,148.68,151.75,272586447
2023-07-12T00:00:00Z,151.75,155.79,150.87,154.31,268401309
2023-07-12T04:00:00Z,154.31,155.08,151.51,152.74,225162584
2023-07-12T08:00:00Z,152.74,154.18,150.50,151.25,230305877
2023-07-12T12:00:00Z,151.25,151.87,147.51,148.78,283430581
2023-07-12T16:00:00Z,148.78,150.77,148.01,148.68,296331081
2023-07-12T20:00:00Z,148.68,149.54,146.18,148.16,262956577
2023-07-13T00:00:00Z,148.16,151.56,147.26,150.36,205139475
2023-07-13T04:00:00Z,150.36,151.84,148.79,150.94,234502382
2023-07-13T08:00:00Z,150.94,153.26,149.72,150.57,263039724
2023-07-13T12:00:00Z,150.57,151.13,145.94,146.86,254193347
2023-07-13T16:00:00Z,146.86,148.32,145.95,146.50,220771472
2023-07-13T20:00:00Z,146.50,149.18,145.00,148.53,203642507
2023-07-14T00:00:00Z,148.53,153.77,147.65,152.91,264678445
2023-07-14T04:00:00Z,152.91,153.82,151.23,152.64,294816609
2023-07-14T08:00:00Z,152.64,154.02,150.00,150.90,278538962
2023-07-14T12:00:00Z,150.90,151.60,146.86,148.23,224126770
2023-07-14T16:00:00Z,148.23,150.71,147.69,149.31,236564608
2023-07-14T20:00:00Z,149.31,150.48,147.49,149.94,277723874
2023-07-15T00:00:00Z,149.94,153.04,149.13,151.66,277615319
2023-07-15T04:00:00Z,151.66,152.55,149.47,151.23,233205188
2023-07-15T08:00:00Z,151.23,153.31,150.21,151.11,179634968
2023-07-15T12:00:00Z,151.11,151.92,147.11,148.13,232224407
2023-07-15T16:00:00Z,148.13,149.48,146.25,147.05,276750672
2023-07-15T20:00:00Z,147.05,148.01,144.68,147.35,277042710
2023-07-16T00:00:00Z,147.35,151.90,146.65,151.00,236119984
2023-07-16T04:00:00Z,151.00,151.83,149.36,150.98,223953315
2023-07-16T08:00:00Z,150.98,152.37,147.62,148.44,278650186
2023-07-16T12:00:00Z,148.44,149.30,142.79,143.65,295203849
2023-07-16T16:00:00Z,143.65,145.06,142.43,143.28,265311540
2023-07-16T20:00:00Z,143.28,144.59,141.35,143.82,204472145
2023-07-17T00:00:00Z,143.82,146.77,143.28,144.98,221733034
2023-07-17T04:00:00Z,144.98,145.67,141.59,142.55,254700590
2023-07-17T08:00:00Z,142.55,143.74,140.00,140.68,262043441
2023-07-17T12:00:00Z,140.68,141.51,136.55,137.54,233606007
2023-07-17T16:00:00Z,137.54,138.80,135.64,136.46,204412828
2023-07-17T20:00:00Z,136.46,137.17,133.67,135.39,262456253
2023-07-18T00:00:00Z,135.39,138.67,134.81,137.47,296096050
2023-07-18T04:00:00Z,137.47,138.06,135.72,137.48,283479150
2023-07-18T08:00:00Z,137.48,139.12,135.20,135.73,230634264
2023-07-18T12:00:00Z,135.73,136.49,129.95,130.60,225745211
2023-07-18T16:00:00Z,130.60,131.48,128.48,129.22,269192794
2023-07-18T20:00:00Z,129.22,130.90,127.44,130.12,273525143
2023-07-19T00:00:00Z,130.12,134.12,129.45,132.88,233358823
2023-07-19T04:00:00Z,132.88,133.42,130.20,131.25,182501819
2023-07-19T08:00:00Z,131.25,132.34,128.59,129.12,231399878
2023-07-19T12:00:00Z,129.12,129.76,125.45,126.63,279714024
2023-07-19T16:00:00Z,126.63,128.94,125.90,127.72,284331993
2023-07-19T20:00:00Z,127.72,129.18,126.13,128.44,245910604
2023-07-20T00:00:00Z,128.44,132.05,127.70,130.94,220700583
2023-07-20T04:00:00Z,130.94,132.43,129.42,131.68,272326828
2023-07-20T08:00:00Z,131.68,134.29,131.16,132.23,292459572
2023-07-20T12:00:00Z,132.23,132.78,128.52,129.45,266360093
2023-07-20T16:00:00Z,129.45,130.88,128.37,128.92,203074669
2023-07-20T20:00:00Z,128.92,131.02,127.21,130.34,208279007
2023-07-21T00:00:00Z,130.34,135.79,129.54,135.00,251425812
2023-07-21T04:00:00Z,135.00,136.57,133.92,135.76,270140648
2023-07-21T08:00:00Z,135.76,137.48,133.82,134.58,245587548
2023-07-21T12:00:00Z,134.58,135.08,130.73,132.10,208624397
2023-07-21T16:00:00Z,132.10,135.13,131.52,134.26,258897729
2023-07-21T20:00:00Z,134.26,137.50,133.24,136.90,295724293
2023-07-22T00:00:00Z,136.90,141.21,136.08,140.15,286838790
2023-07-22T04:00:00Z,140.15,141.09,138.48,140.26,235975514
2023-07-22T08:00:00Z,140.26,142.63,139.48,140.78,213879549
2023-07-22T12:00:00Z,140.78,141.44,137.82,139.14,259431762
2023-07-22T16:00:00Z,139.14,141.05,138.38,139.03,268337671
2023-07-22T20:00:00Z,139.03,139.75,136.77,139.25,236516307
2023-07-23T00:00:00Z,139.25,143.51,138.49,142.84,192653657
2023-07-23T04:00:00Z,142.84,144.67,141.70,143.88,229776491
2023-07-23T08:00:00Z,143.88,145.70,142.00,142.85,281367367
2023-07-23T12:00:00Z,142.85,143.62,138.00,138.92,290149796
2023-07-23T16:00:00Z,138.92,140.65,138.28,139.26,254423214
2023-07-23T20:00:00Z,139.26,142.13,138.04,141.49,216319454
2023-07-24T00:00:00Z,141.49,145.98,140.82,144.83,264524900
2023-07-24T04:00:00Z,144.83,145.62,142.52,143.64,288165593
2023-07-24T08:00:00Z,143.64,144.99,141.33,142.12,266167287
2023-07-24T12:00:00Z,142.12,142.95,138.39,139.69,205289399
2023-07-24T16:00:00Z,139.69,141.69,138.94,139.85,195625363
2023-07-24T20:00:00Z,139.85,140.46,137.44,139.39,253075308
2023-07-25T00:00:00Z,139.39,142.50,138.87,141.23,277199194
2023-07-25T04:00:00Z,141.23,141.99,139.40,141.46,256538243
2023-07-25T08:00:00Z,141.46,143.69,140.40,141.08,211934615
2023-07-25T12:00:00Z,141.08,141.92,136.58,137.37,253981722
2023-07-25T16:00:00Z,137.37,138.50,135.83,136.65,293686041
2023-07-25T20:00:00Z,136.65,139.10,135.02,138.29,288605911
2023-07-26T00:00:00Z,138.29,143.54,137.70,142.68,240153531
2023-07-26T04:00:00Z,142.68,143.25,141.11,142.66,205360934
2023-07-26T08:00:00Z,142.66,144.10,140.37,140.93,248599393
2023-07-26T12:00:00Z,140.93,141.72,136.99,138.19,262245422
2023-07-26T16:00:00Z,138.19,140.80,137.36,139.63,246004733
2023-07-26T20:00:00Z,139.63,141.88,138.33,141.03,202365382
2023-07-27T00:00:00Z,141.03,144.69,140.31,143.42,227271035
2023-07-27T04:00:00Z,143.42,144.25,141.46,143.52,281621984
2023-07-27T08:00:00Z,143.52,146.11,142.93,144.29,294401491
2023-07-27T12:00:00Z,144.29,145.02,141.46,142.68,261571966
2023-07-27T16:00:00Z,142.68,144.69,141.85,142.98,215087377
2023-07-27T20:00:00Z,142.98,145.27,141.35,144.43,255335874
2023-07-28T00:00:00Z,144.43,150.31,143.59,149.41,282415034
2023-07-28T04:00:00Z,149.41,152.05,148.63,151.19,264818773
2023-07-28T08:00:00Z,151.19,153.44,149.79,150.53,206959859
2023-07-28T12:00:00Z,150.53,151.16,146.16,147.30,189363514
2023-07-28T16:00:00Z,147.30,149.54,146.53,148.46,254341822
2023-07-28T20:00:00Z,148.46,151.69,147.26,150.90,283070282
2023-07-29T00:00:00Z,150.90,155.36,149.98,154.06,266297839
2023-07-29T04:00:00Z,154.06,154.92,151.77,153.25,218501491
2023-07-29T08:00:00Z,153.25,155.16,151.88,152.73,247712692
2023-07-29T12:00:00Z,152.73,153.30,149.61,151.14,289994898
2023-07-29T16:00:00Z,151.14,153.48,150.47,151.72,288796669
2023-07-29T20:00:00Z,151.72,152.56,149.49,151.89,243194820
2023-07-30T00:00:00Z,151.89,155.77,150.99,154.74,196090364
2023-07-30T04:00:00Z,154.74,156.44,153.39,155.52,236870739
2023-07-30T08:00:00Z,155.52,157.64,153.75,154.67,260592174
2023-07-30T12:00:00Z,154.67,155.39,149.24,150.07,256716002
2023-07-30T16:00:00Z,150.07,151.04,147.96,148.65,215706718
2023-07-30T20:00:00Z,148.65,149.88,146.53,149.36,223815960
2023-07-31T00:00:00Z,149.36,153.25,148.53,152.06,280412106
2023-07-31T04:00:00Z,152.06,152.96,149.19,150.15,297019155
2023-07-31T08:00:00Z,150.15,151.21,146.28,147.15,267297607
2023-07-31T12:00:00Z,147.15,147.94,142.42,143.54,212795343
2023-07-31T16:00:00Z,143.54,145.48,142.89,143.68,244876777
2023-07-31T20:00:00Z,143.68,144.19,141.42,143.39,275324595
2023-08-01T00:00:00Z,143.39,146.06,142.71,144.40,262418123
2023-08-01T04:00:00Z,144.40,145.20,141.90,143.35,210690752
2023-08-01T08:00:00Z,143.35,145.09,141.51,142.31,191584147
2023-08-01T12:00:00Z,142.31,143.13,137.27,138.10,254661913
2023-08-01T16:00:00Z,138.10,138.90,135.05,135.85,287622084
2023-08-01T20:00:00Z,135.85,136.43,133.06,135.25,274726820
2023-08-02T00:00:00Z,135.25,139.21,134.74,138.13,223993935
2023-08-02T04:00:00Z,138.13,138.79,136.20,137.46,240121426
2023-08-02T08:00:00Z,137.46,138.66,134.11,134.77,284693307
2023-08-02T12:00:00Z,134.77,135.57,129.65,130.52,287454525
2023-08-02T16:00:00Z,130.52,132.36,129.76,131.10,245147800
2023-08-02T20:00:00Z,131.10,133.41,129.78,132.64,190465277
2023-08-03T00:00:00Z,132.64,136.29,132.08,134.90,225159023
2023-08-03T04:00:00Z,134.90,135.43,132.47,133.79,264364992
2023-08-03T08:00:00Z,133.79,135.59,132.66,133.19,266503503
2023-08-03T12:00:00Z,133.19,133.95,129.89,130.94,228248139
2023-08-03T16:00:00Z,130.94,132.53,129.74,130.49,219361963
2023-08-03T20:00:00Z,130.49,131.24,128.15,130.17,277696945
2023-08-04T00:00:00Z,130.17,134.08,129.51,133.19,297962965
2023-08-04T04:00:00Z,133.19,134.76,131.89,134.09,271568108
2023-08-04T08:00:00Z,134.09,136.12,132.72,133.25,213738847
2023-08-04T12:00:00Z,133.25,133.92,128.62,129.33,233288093
2023-08-04T16:00:00Z,129.33,130.87,128.58,129.48,267031866
2023-08-04T20:00:00Z,129.48,132.54,128.22,131.77,259083772
2023-08-05T00:00:00Z,131.77,136.58,131.01,135.50,220939977
2023-08-05T04:00:00Z,135.50,136.16,133.36,134.55,193390913
2023-08-05T08:00:00Z,134.55,135.86,132.24,132.89,253936940
2023-08-05T12:00:00Z,132.89,133.45,129.17,130.38,290742901
2023-08-05T16:00:00Z,130.38,132.47,129.69,130.76,281709118
2023-08-05T20:00:00Z,130.76,131.52,128.56,130.41,232585215
2023-08-06T00:00:00Z,130.41,133.22,129.62,131.88,231265186
2023-08-06T04:00:00Z,131.88,132.61,129.92,131.60,277851847
2023-08-06T08:00:00Z,131.60,133.61,130.22,130.95,284648829
2023-08-06T12:00:00Z,130.95,131.42,126.27,126.93,246080727
2023-08-06T16:00:00Z,126.93,127.86,124.95,125.41,184384475
2023-08-06T20:00:00Z,125.41,126.51,123.26,125.95,218839676
2023-08-07T00:00:00Z,125.95,130.33,125.20,129.42,268251203
2023-08-07T04:00:00Z,129.42,130.19,127.46,128.55,275197522
2023-08-07T08:00:00Z,128.55,129.56,124.84,125.59,239815960
2023-08-07T12:00:00Z,125.59,126.16,120.43,121.25,218120473
2023-08-07T16:00:00Z,121.25,122.85,120.67,121.23,273462213
2023-08-07T20:00:00Z,121.23,121.83,119.32,121.41,297222020
2023-08-08T00:00:00Z,121.41,124.03,120.74,122.37,274378659
2023-08-08T04:00:00Z,122.37,123.09,119.57,120.69,213724797
2023-08-08T08:00:00Z,120.69,122.12,119.07,119.78,220731164
2023-08-08T12:00:00Z,119.78,120.42,116.00,116.90,257692211
2023-08-08T16:00:00Z,116.90,118.19,115.31,115.94,258797317
2023-08-08T20:00:00Z,115.94,116.36,113.60,115.84,233727291
2023-08-09T00:00:00Z,115.84,120.03,115.29,119.36,198909410
2023-08-09T04:00:00Z,119.36,120.76,118.23,120.18,252084704
2023-08-09T08:00:00Z,120.18,121.81,118.14,118.81,292343890
2023-08-09T12:00:00Z,118.81,119.49,113.94,114.70,287154305
2023-08-09T16:00:00Z,114.70,116.23,114.09,115.02,239962372
2023-08-09T20:00:00Z,115.02,117.77,113.92,117.15,221227218
2023-08-10T00:00:00Z,117.15,121.51,116.70,120.45,269567937
2023-08-10T04:00:00Z,120.45,121.03,118.42,119.72,280472856
2023-08-10T08:00:00Z,119.72,121.43,118.66,119.25,246079188
2023-08-10T12:00:00Z,119.25,119.96,116.68,118.16,183633420
2023-08-10T16:00:00Z,118.16,120.95,117.47,119.77,217563781
2023-08-10T20:00:00Z,119.77,121.71,118.31,121.01,271108708
2023-08-11T00:00:00Z,121.01,125.48,120.50,124.78,282644228
2023-08-11T04:00:00Z,124.78,127.29,123.88,126.77,250255339
2023-08-11T08:00:00Z,126.77,129.63,126.12,127.64,215813902
2023-08-11T12:00:00Z,127.64,128.37,123.99,124.85,267721050
2023-08-11T16:00:00Z,124.85,126.38,124.10,124.99,294814499
2023-08-11T20:00:00Z,124.99,128.09,123.73,127.33,275751071
2023-08-12T00:00:00Z,127.33,132.85,126.68,132.10,217061590
2023-08-12T04:00:00Z,132.10,133.02,130.69,132.35,207385105
2023-08-12T08:00:00Z,132.35,133.95,130.67,131.19,247641590
2023-08-12T12:00:00Z,131.19,131.85,127.89,129.23,264680344
2023-08-12T16:00:00Z,129.23,132.22,128.47,131.29,245774817
2023-08-12T20:00:00Z,131.29,133.82,130.12,133.04,203764967
2023-08-13T00:00:00Z,133.04,136.90,132.28,135.71,249042180
2023-08-13T04:00:00Z,135.71,136.69,133.91,135.93,292361339
2023-08-13T08:00:00Z,135.93,138.37,135.40,136.26,290999230
2023-08-13T12:00:00Z,136.26,136.84,132.64,133.58,246078458
2023-08-13T16:00:00Z,133.58,134.90,131.94,132.51,214355983
2023-08-13T20:00:00Z,132.51,133.30,130.18,132.60,259963945
2023-08-14T00:00:00Z,132.60,137.02,131.80,136.13,275041342
2023-08-14T04:00:00Z,136.13,137.12,134.71,136.30,245243207
2023-08-14T08:00:00Z,136.30,137.68,133.48,134.23,189587870
2023-08-14T12:00:00Z,134.23,134.71,129.18,130.08,216043662
2023-08-14T16:00:00Z,130.08,131.88,129.50,130.61,272819240
2023-08-14T20:00:00Z,130.61,132.94,129.33,132.35,288709017
2023-08-15T00:00:00Z,132.35,136.07,131.55,134.76,259433138
2023-08-15T04:00:00Z,134.76,135.56,132.14,133.36,216668790
2023-08-15T08:00:00Z,133.36,134.83,131.50,132.28,260514353
2023-08-15T12:00:00Z,132.28,132.89,128.69,129.84,290787232
2023-08-15T16:00:00Z,129.84,131.52,128.78,129.37,275732587
2023-08-15T20:00:00Z,129.37,129.96,126.82,128.75,219565220
2023-08-16T00:00:00Z,128.75,132.10,128.03,131.24,193443349
2023-08-16T04:00:00Z,131.24,132.65,129.87,131.93,242251231
2023-08-16T08:00:00Z,131.93,133.85,130.45,131.24,271421540
2023-08-16T12:00:00Z,131.24,131.93,126.56,127.36,256895383
2023-08-16T16:00:00Z,127.36,128.83,126.63,127.31,212077669
2023-08-16T20:00:00Z,127.31,130.23,126.09,129.66,244767850
2023-08-17T00:00:00Z,129.66,134.74,129.03,133.92,290758407
2023-08-17T04:00:00Z,133.92,134.66,132.16,133.54,293209059
2023-08-17T08:00:00Z,133.54,134.94,131.48,132.22,250912416
2023-08-17T12:00:00Z,132.22,132.99,128.76,130.18,206512047
2023-08-17T16:00:00Z,130.18,132.77,129.49,131.52,249184775
2023-08-17T20:00:00Z,131.52,132.98,129.83,132.29,268487580
2023-08-18T00:00:00Z,132.29,135.80,131.78,134.63,246421710
2023-08-18T04:00:00Z,134.63,135.71,132.96,135.18,203680786
2023-08-18T08:00:00Z,135.18,137.77,134.41,135.76,213849450
2023-08-18T12:00:00Z,135.76,136.56,132.18,133.19,273281300
2023-08-18T16:00:00Z,133.19,134.61,132.04,132.83,293279466
2023-08-18T20:00:00Z,132.83,135.06,131.12,134.28,267240316
2023-08-19T00:00:00Z,134.28,139.60,133.72,138.87,216424913
2023-08-19T04:00:00Z,138.87,139.92,137.60,139.35,251910502
2023-08-19T08:00:00Z,139.35,140.81,136.88,137.43,285214625
2023-08-19T12:00:00Z,137.43,138.21,132.80,133.71,274394133
2023-08-19T16:00:00Z,133.71,135.61,132.90,134.31,221308334
2023-08-19T20:00:00Z,134.31,136.13,132.84,135.32,184188777
2023-08-20T00:00:00Z,135.32,138.40,134.63,136.85,242304401
2023-08-20T04:00:00Z,136.85,137.39,133.95,135.18,277129319
2023-08-20T08:00:00Z,135.18,136.73,133.57,134.10,266916076
2023-08-20T12:00:00Z,134.10,134.78,130.33,131.20,219473583
2023-08-20T16:00:00Z,131.20,132.49,129.36,130.04,239243554
2023-08-20T20:00:00Z,130.04,130.81,127.43,129.17,287526290
2023-08-21T00:00:00Z,129.17,132.68,128.43,131.58,293777704
2023-08-21T04:00:00Z,131.58,132.22,129.86,131.41,254468671
2023-08-21T08:00:00Z,131.41,132.71,128.40,129.02,202057843
2023-08-21T12:00:00Z,129.02,129.57,122.95,123.41,237394962
2023-08-21T16:00:00Z,123.41,124.19,121.30,121.83,260960145
2023-08-21T20:00:00Z,121.83,122.83,119.83,122.18,253861271
2023-08-22T00:00:00Z,122.18,125.36,121.45,123.86,217268911
2023-08-22T04:00:00Z,123.86,124.54,120.44,121.20,210900901
2023-08-22T08:00:00Z,121.20,121.92,117.76,118.41,272413074
2023-08-22T12:00:00Z,118.41,118.84,114.14,115.12,296267840
2023-08-22T16:00:00Z,115.12,116.76,114.45,114.86,273593760
2023-08-22T20:00:00Z,114.86,115.47,112.47,114.14,219327501
2023-08-23T00:00:00Z,114.14,116.80,113.46,115.63,242004454
2023-08-23T04:00:00Z,115.63,116.32,113.91,115.44,278197024
2023-08-23T08:00:00Z,115.44,117.24,113.92,114.60,271828083
2023-08-23T12:00:00Z,114.60,115.11,109.64,110.24,222377191
2023-08-23T16:00:00Z,110.24,110.97,108.11,108.60,180736742
2023-08-23T20:00:00Z,108.60,109.60,106.58,109.21,242512888
2023-08-24T00:00:00Z,109.21,113.48,108.60,112.77,281663609
2023-08-24T04:00:00Z,112.77,113.44,111.10,112.16,275681765
2023-08-24T08:00:00Z,112.16,113.27,109.35,110.01,230079263
2023-08-24T12:00:00Z,110.01,110.58,105.92,107.02,232475825
2023-08-24T16:00:00Z,107.02,109.49,106.55,108.51,282684781
2023-08-24T20:00:00Z,108.51,110.62,107.40,110.14,292727623
2023-08-25T00:00:00Z,110.14,113.67,109.60,112.62,256776133
2023-08-25T04:00:00Z,112.62,113.25,110.79,112.50,196863435
2023-08-25T08:00:00Z,112.50,114.64,111.82,112.80,224775356
2023-08-25T12:00:00Z,112.80,113.45,109.56,110.55,256696362
2023-08-25T16:00:00Z,110.55,111.93,109.27,109.91,263371971
2023-08-25T20:00:00Z,109.91,110.73,107.76,110.15,230152871
2023-08-26T00:00:00Z,110.15,114.58,109.72,113.93,211372496
2023-08-26T04:00:00Z,113.93,115.21,112.84,114.76,270154942
2023-08-26T08:00:00Z,114.76,116.39,112.82,113.38,297613054
2023-08-26T12:00:00Z,113.38,114.05,108.76,109.55,278437542
2023-08-26T16:00:00Z,109.55,111.33,108.92,110.26,221135387
2023-08-26T20:00:00Z,110.26,113.12,109.29,112.47,230916257
2023-08-27T00:00:00Z,112.47,116.59,112.00,115.43,269858497
2023-08-27T04:00:00Z,115.43,115.90,113.10,114.17,268145546
2023-08-27T08:00:00Z,114.17,115.52,112.45,112.91,224490089
2023-08-27T12:00:00Z,112.91,113.55,109.48,110.44,186727208
2023-08-27T16:00:00Z,110.44,111.99,109.47,110.11,241874464
2023-08-27T20:00:00Z,110.11,110.73,107.73,109.27,284900881
2023-08-28T00:00:00Z,109.27,112.20,108.72,111.14,283058257
2023-08-28T04:00:00Z,111.14,111.80,109.49,111.25,239532322
2023-08-28T08:00:00Z,111.25,113.02,109.79,110.22,224496660
2023-08-28T12:00:00Z,110.22,110.78,105.35,105.80,276282220
2023-08-28T16:00:00Z,105.80,106.66,104.23,104.78,290109009
2023-08-28T20:00:00Z,104.78,106.75,103.31,106.13,257886659
2023-08-29T00:00:00Z,106.13,110.63,105.52,109.72,195295539
2023-08-29T04:00:00Z,109.72,110.25,107.72,108.69,211799058
2023-08-29T08:00:00Z,108.69,109.62,105.83,106.34,258616054
2023-08-29T12:00:00Z,106.34,106.80,102.25,103.22,271925560
2023-08-29T16:00:00Z,103.22,105.18,102.67,103.90,242145525
2023-08-29T20:00:00Z,103.90,104.80,102.22,104.25,210944609
2023-08-30T00:00:00Z,104.25,107.14,103.62,105.95,266471541
2023-08-30T04:00:00Z,105.95,106.54,104.13,105.79,297282100
2023-08-30T08:00:00Z,105.79,108.00,105.29,106.09,281743581
2023-08-30T12:00:00Z,106.09,106.47,102.75,103.67,226112256
2023-08-30T16:00:00Z,103.67,105.12,103.04,103.41,218788982
2023-08-30T20:00:00Z,103.41,105.31,101.83,104.84,260344157
2023-08-31T00:00:00Z,104.84,110.39,104.20,109.79,263473310
2023-08-31T04:00:00Z,109.79,111.84,109.03,111.18,233019091
2023-08-31T08:00:00Z,111.18,112.93,109.60,110.25,192578521
2023-08-31T12:00:00Z,110.25,110.75,106.29,107.37,240296317
2023-08-31T16:00:00Z,107.37,109.91,106.98,109.06,286737268
2023-08-31T20:00:00Z,109.06,112.12,108.17,111.72,288935005
2023-09-01T00:00:00Z,111.72,115.94,111.09,115.09,247734859
2023-09-01T04:00:00Z,115.09,115.77,113.41,115.05,219603993
2023-09-01T08:00:00Z,115.05,117.17,114.36,115.65,268394803
2023-09-01T12:00:00Z,115.65,116.26,113.36,114.89,285998376
2023-09-01T16:00:00Z,114.89,117.36,114.38,116.10,257872982
2023-09-01T20:00:00Z,116.10,117.82,114.53,117.31,193222698
2023-09-02T00:00:00Z,117.31,122.09,116.74,121.63,203857139
2023-09-02T04:00:00Z,121.63,124.24,120.83,123.64,261207441
2023-09-02T08:00:00Z,123.64,126.02,122.90,123.66,279360274
2023-09-02T12:00:00Z,123.66,124.38,119.31,120.15,253075619
2023-09-02T16:00:00Z,120.15,121.67,119.52,120.29,213797676
2023-09-02T20:00:00Z,120.29,123.07,119.10,122.44,261353272
2023-09-03T00:00:00Z,122.44,127.12,121.95,126.11,295270841
2023-09-03T04:00:00Z,126.11,126.73,124.07,125.16,283511661
2023-09-03T08:00:00Z,125.16,126.41,122.95,123.57,230033857
2023-09-03T12:00:00Z,123.57,124.30,120.07,121.34,205786152
2023-09-03T16:00:00Z,121.34,123.64,120.63,122.31,249817013
2023-09-03T20:00:00Z,122.31,123.33,120.48,122.62,260914009
2023-09-04T00:00:00Z,122.62,125.80,122.12,124.57,244902268
2023-09-04T04:00:00Z,124.57,125.07,122.75,124.56,202161502
2023-09-04T08:00:00Z,124.56,126.64,123.55,124.06,237700993
2023-09-04T12:00:00Z,124.06,124.77,119.39,120.00,287091292
2023-09-04T16:00:00Z,120.00,120.84,117.46,118.15,293227316
2023-09-04T20:00:00Z,118.15,118.92,115.90,118.21,254614620
2023-09-05T00:00:00Z,118.21,122.34,117.62,121.38,213609838
2023-09-05T04:00:00Z,121.38,121.85,119.44,120.52,259125312
2023-09-05T08:00:00Z,120.52,121.56,117.31,117.77,280496604
2023-09-05T12:00:00Z,117.77,118.37,113.05,113.83,256826225
2023-09-05T16:00:00Z,113.83,115.66,113.16,114.51,195955666
2023-09-05T20:00:00Z,114.51,116.32,113.23,115.64,201520500
2023-09-06T00:00:00Z,115.64,118.84,114.98,117.49,262835315
2023-09-06T04:00:00Z,117.49,118.05,115.15,116.41,285530073
2023-09-06T08:00:00Z,116.41,118.18,115.32,115.87,262791109
2023-09-06T12:00:00Z,115.87,116.37,112.33,113.22,215622436
2023-09-06T16:00:00Z,113.22,114.52,111.76,112.26,254817261
2023-09-06T20:00:00Z,112.26,112.92,109.88,111.92,291604214
2023-09-07T00:00:00Z,111.92,115.93,111.24,115.16,283768872
2023-09-07T04:00:00Z,115.16,116.63,114.04,115.94,232938033
2023-09-07T08:00:00Z,115.94,117.68,114.12,114.75,196328985
2023-09-07T12:00:00Z,114.75,115.15,110.10,110.89,238454485
2023-09-07T16:00:00Z,110.89,112.58,110.39,111.50,264511293
2023-09-07T20:00:00Z,111.50,114.53,110.45,114.01,255979887
2023-09-08T00:00:00Z,114.01,118.56,113.32,117.61,211071042
2023-09-08T04:00:00Z,117.61,118.31,115.61,116.80,234029126
2023-09-08T08:00:00Z,116.80,118.22,115.08,115.77,285906125
2023-09-08T12:00:00Z,115.77,116.29,112.54,113.78,295877993
2023-09-08T16:00:00Z,113.78,115.85,113.37,114.28,260125825
2023-09-08T20:00:00Z,114.28,114.81,112.17,114.13,210831232
2023-09-09T00:00:00Z,114.13,117.21,113.49,116.30,248601234
2023-09-09T04:00:00Z,116.30,117.41,114.84,116.76,273726451
2023-09-09T08:00:00Z,116.76,118.75,115.69,116.38,254852995
2023-09-09T12:00:00Z,116.38,116.99,111.83,112.49,204521175
2023-09-09T16:00:00Z,112.49,113.50,110.92,111.51,199515985
2023-09-09T20:00:00Z,111.51,113.20,109.81,112.71,263389250
2023-09-10T00:00:00Z,112.71,117.19,112.16,116.35,290307967
2023-09-10T04:00:00Z,116.35,117.00,114.45,115.31,271162049
2023-09-10T08:00:00Z,115.31,116.29,111.80,112.44,220613355
2023-09-10T12:00:00Z,112.44,113.08,107.61,108.43,246907719
2023-09-10T16:00:00Z,108.43,109.97,107.71,108.34,286335787
2023-09-10T20:00:00Z,108.34,108.79,106.25,107.96,282568424
2023-09-11T00:00:00Z,107.96,110.22,107.53,108.49,234882555
2023-09-11T04:00:00Z,108.49,109.02,105.71,106.69,186341512
2023-09-11T08:00:00Z,106.69,108.06,104.87,105.40,230803541
2023-09-11T12:00:00Z,105.40,106.03,100.98,101.56,269873142
2023-09-11T16:00:00Z,101.56,102.32,98.99,99.58,266070883
2023-09-11T20:00:00Z,99.58,100.08,97.00,98.84,223396551
2023-09-12T00:00:00Z,98.84,102.49,98.43,101.61,229241792
2023-09-12T04:00:00Z,101.61,102.03,100.01,101.12,283151324
2023-09-12T08:00:00Z,101.12,102.14,97.85,98.26,296858404
2023-09-12T12:00:00Z,98.26,98.81,92.57,93.05,264249407
2023-09-12T16:00:00Z,93.05,93.95,91.88,92.42,207097116
2023-09-12T20:00:00Z,92.42,93.72,90.91,93.16,236972352
2023-09-13T00:00:00Z,93.16,96.12,92.70,94.81,265829642
2023-09-13T04:00:00Z,94.81,95.17,91.95,92.81,253919964
2023-09-13T08:00:00Z,92.81,93.89,91.07,91.42,218001566
2023-09-13T12:00:00Z,91.42,91.89,88.24,89.13,201211006
2023-09-13T16:00:00Z,89.13,90.79,88.61,89.20,262774731
2023-09-13T20:00:00Z,89.20,89.73,87.31,89.20,293588965
2023-09-14T00:00:00Z,89.20,92.89,88.69,92.22,278083005
2023-09-14T04:00:00Z,92.22,93.90,91.25,93.38,224478016
2023-09-14T08:00:00Z,93.38,95.45,92.62,93.06,237695698
2023-09-14T12:00:00Z,93.06,93.46,88.73,89.26,279546707
2023-09-14T16:00:00Z,89.26,90.42,88.59,88.99,279987918
2023-09-14T20:00:00Z,88.99,91.54,87.87,91.05,235942754
2023-09-15T00:00:00Z,91.05,95.87,90.49,95.19,180631667
2023-09-15T04:00:00Z,95.19,95.71,93.71,94.85,229408408
2023-09-15T08:00:00Z,94.85,96.16,93.15,93.67,274227317
2023-09-15T12:00:00Z,93.67,93.99,90.68,91.97,275008538
2023-09-15T16:00:00Z,91.97,94.77,91.54,93.95,234733435
2023-09-15T20:00:00Z,93.95,95.91,92.88,95.47,223322386
2023-09-16T00:00:00Z,95.47,99.15,94.89,98.34,278824021
2023-09-16T04:00:00Z,98.34,99.73,97.16,99.14,296168908
2023-09-16T08:00:00Z,99.14,101.54,98.60,99.80,266992654
2023-09-16T12:00:00Z,99.80,100.24,96.33,97.10,206738374
2023-09-16T16:00:00Z,97.10,98.26,95.89,96.32,224407865
2023-09-16T20:00:00Z,96.32,97.49,94.49,97.13,256963552
2023-09-17T00:00:00Z,97.13,101.70,96.58,101.22,259192029
2023-09-17T04:00:00Z,101.22,102.07,100.08,101.51,231000366
2023-09-17T08:00:00Z,101.51,102.71,99.03,99.62,202255910
2023-09-17T12:00:00Z,99.62,100.14,95.23,96.10,260916058
2023-09-17T16:00:00Z,96.10,98.15,95.68,97.20,295292543
2023-09-17T20:00:00Z,97.20,99.40,96.20,98.97,283474915
2023-09-18T00:00:00Z,98.97,102.39,98.48,101.28,231429632
2023-09-18T04:00:00Z,101.28,101.85,99.10,100.18,227278230
2023-09-18T08:00:00Z,100.18,101.67,98.92,99.48,271344060
2023-09-18T12:00:00Z,99.48,100.05,96.05,96.93,276127095
2023-09-18T16:00:00Z,96.93,98.19,95.52,96.07,236208798
2023-09-18T20:00:00Z,96.07,96.47,93.64,95.41,180296458
2023-09-19T00:00:00Z,95.41,98.91,95.03,98.14,228721833
2023-09-19T04:00:00Z,98.14,99.08,96.89,98.69,277442540
2023-09-19T08:00:00Z,98.69,100.32,96.98,97.47,282643994
2023-09-19T12:00:00Z,97.47,98.05,92.75,93.31,244937565
2023-09-19T16:00:00Z,93.31,94.54,92.78,93.39,220518294
2023-09-19T20:00:00Z,93.39,96.22,92.44,95.67,272949487
2023-09-20T00:00:00Z,95.67,100.27,95.28,99.41,293838682
2023-09-20T04:00:00Z,99.41,99.82,97.62,98.67,268388235
2023-09-20T08:00:00Z,98.67,99.96,97.07,97.48,205593874
2023-09-20T12:00:00Z,97.48,98.03,94.46,95.60,211093055
2023-09-20T16:00:00Z,95.60,97.84,95.02,96.71,250487006
2023-09-20T20:00:00Z,96.71,97.87,95.16,97.29,267400358
2023-09-21T00:00:00Z,97.29,100.82,96.81,100.00,243210111
2023-09-21T04:00:00Z,100.00,101.66,98.85,101.16,206794995
2023-09-21T08:00:00Z,101.16,103.75,100.73,102.03,257758849
2023-09-21T12:00:00Z,102.03,102.56,98.82,99.62,295364642
2023-09-21T16:00:00Z,99.62,101.20,99.03,99.93,287286381
2023-09-21T20:00:00Z,99.93,103.04,98.82,102.44,237195485
2023-09-22T00:00:00Z,102.44,108.49,101.86,107.84,215776877
2023-09-22T04:00:00Z,107.84,109.48,107.01,108.88,261858666
2023-09-22T08:00:00Z,108.88,110.53,107.37,107.88,271105121
2023-09-22T12:00:00Z,107.88,108.35,104.38,105.57,236847646
2023-09-22T16:00:00Z,105.57,108.21,105.00,107.46,189861512
2023-09-22T20:00:00Z,107.46,109.98,106.47,109.39,227302123
2023-09-23T00:00:00Z,109.39,113.12,108.73,112.03,279403499
2023-09-23T04:00:00Z,112.03,112.64,110.28,111.97,288849395
2023-09-23T08:00:00Z,111.97,114.26,111.45,112.50,253887566
2023-09-23T12:00:00Z,112.50,112.89,109.60,110.72,216590279
2023-09-23T16:00:00Z,110.72,112.42,110.21,110.62,265581105
2023-09-23T20:00:00Z,110.62,111.75,108.68,111.23,289924911
2023-09-24T00:00:00Z,111.23,115.83,110.56,115.20,268492686
2023-09-24T04:00:00Z,115.20,116.77,114.24,116.08,207999755
2023-09-24T08:00:00Z,116.08,117.60,113.77,114.44,197225640
2023-09-24T12:00:00Z,114.44,114.94,109.29,109.90,250241899
2023-09-24T16:00:00Z,109.90,111.15,109.10,109.58,274637275
2023-09-24T20:00:00Z,109.58,111.16,108.09,110.75,254447360
2023-09-25T00:00:00Z,110.75,114.02,110.13,112.79,210477623
2023-09-25T04:00:00Z,112.79,113.46,109.83,110.66,253272108
2023-09-25T08:00:00Z,110.66,111.66,108.04,108.69,293779072
2023-09-25T12:00:00Z,108.69,109.26,104.91,105.88,289494344
2023-09-25T16:00:00Z,105.88,107.47,104.97,105.52,241768167
2023-09-25T20:00:00Z,105.52,105.92,103.11,104.71,207576010
2023-09-26T00:00:00Z,104.71,107.47,104.19,106.45,251242379
2023-09-26T04:00:00Z,106.45,107.05,104.74,106.34,265057496
2023-09-26T08:00:00Z,106.34,107.88,104.41,105.00,243140806
2023-09-26T12:00:00Z,105.00,105.60,99.44,100.04,199725627
2023-09-26T16:00:00Z,100.04,100.58,97.62,98.18,225061064
2023-09-26T20:00:00Z,98.18,99.16,96.19,98.66,280013928
2023-09-27T00:00:00Z,98.66,102.57,98.26,101.59,293520601
2023-09-27T04:00:00Z,101.59,102.10,99.38,100.14,261486852
2023-09-27T08:00:00Z,100.14,100.99,97.03,97.53,215804669
2023-09-27T12:00:00Z,97.53,98.10,93.40,94.36,256799705
2023-09-27T16:00:00Z,94.36,96.39,93.81,95.30,284511385
2023-09-27T20:00:00Z,95.30,96.60,93.85,96.06,267384362
2023-09-28T00:00:00Z,96.06,99.11,95.67,97.98,209794854
2023-09-28T04:00:00Z,97.98,98.39,96.16,97.74,187709196
2023-09-28T08:00:00Z,97.74,99.78,97.23,97.73,251634245
2023-09-28T12:00:00Z,97.73,98.29,94.16,94.80,280749603
2023-09-28T16:00:00Z,94.80,95.75,93.15,93.69,264544817
2023-09-28T20:00:00Z,93.69,94.57,91.70,94.01,217452665
2023-09-29T00:00:00Z,94.01,98.44,93.54,97.86,247449753
2023-09-29T04:00:00Z,97.86,98.85,96.75,98.37,290538330
2023-09-29T08:00:00Z,98.37,99.72,96.34,96.71,290104141
2023-09-29T12:00:00Z,96.71,97.21,92.40,93.12,245164496
2023-09-29T16:00:00Z,93.12,95.04,92.57,94.21,198568827
2023-09-29T20:00:00Z,94.21,96.94,93.27,96.37,239664946
2023-09-30T00:00:00Z,96.37,100.20,95.82,99.12,260206633
2023-09-30T04:00:00Z,99.12,99.58,96.97,98.06,253950869
2023-09-30T08:00:00Z,98.06,99.55,96.81,97.27,213284134
2023-09-30T12:00:00Z,97.27,97.70,94.00,94.90,221924618
2023-09-30T16:00:00Z,94.90,96.34,93.89,94.31,279199322
2023-09-30T20:00:00Z,94.31,94.86,91.93,93.51,296579391
2023-10-01T00:00:00Z,93.51,96.65,92.95,95.75,267665116
2023-10-01T04:00:00Z,95.75,96.53,94.37,95.96,213941501
2023-10-01T08:00:00Z,95.96,97.49,94.02,94.53,246712309
2023-10-01T12:00:00Z,94.53,94.86,89.38,89.79,277706535
2023-10-01T16:00:00Z,89.79,90.58,88.50,88.81,265160941
2023-10-01T20:00:00Z,88.81,90.45,87.34,90.03,211575403
2023-10-02T00:00:00Z,90.03,93.90,89.49,92.91,188771946
2023-10-02T04:00:00Z,92.91,93.45,90.35,91.05,252146612
2023-10-02T08:00:00Z,91.05,91.75,87.73,88.25,285599599
2023-10-02T12:00:00Z,88.25,88.64,83.94,84.68,273354679
2023-10-02T16:00:00Z,84.68,86.10,84.01,84.38,223379013
2023-10-02T20:00:00Z,84.38,84.77,82.14,83.49,240311620
2023-10-03T00:00:00Z,83.49,85.64,83.02,84.32,285673802
2023-10-03T04:00:00Z,84.32,84.82,82.31,83.49,289148951
2023-10-03T08:00:00Z,83.49,84.99,82.19,82.69,247424179
2023-10-03T12:00:00Z,82.69,83.11,78.35,78.81,193146308
2023-10-03T16:00:00Z,78.81,79.46,76.98,77.38,227310489
2023-10-03T20:00:00Z,77.38,78.33,75.55,78.00,261516386
2023-10-04T00:00:00Z,78.00,82.39,77.61,81.90,263905023
2023-10-04T04:00:00Z,81.90,82.36,80.65,81.82,226102177
2023-10-04T08:00:00Z,81.82,82.83,79.19,79.65,217835667
2023-10-04T12:00:00Z,79.65,80.10,75.28,76.02,276909197
2023-10-04T16:00:00Z,76.02,77.84,75.63,76.97,297975122
2023-10-04T20:00:00Z,76.97,78.91,75.96,78.51,272379222
2023-10-05T00:00:00Z,78.51,81.85,78.19,80.87,215285741
2023-10-05T04:00:00Z,80.87,81.27,79.04,80.40,235450282
2023-10-05T08:00:00Z,80.40,82.35,79.94,80.79,269640937
2023-10-05T12:00:00Z,80.79,81.27,78.39,79.48,261936508
2023-10-05T16:00:00Z,79.48,81.29,79.02,80.08,218623156
2023-10-05T20:00:00Z,80.08,81.71,78.63,81.25,190719110
2023-10-06T00:00:00Z,81.25,86.31,80.92,85.88,251675642
2023-10-06T04:00:00Z,85.88,88.30,85.35,87.96,289068240
2023-10-06T08:00:00Z,87.96,90.13,87.47,87.84,280751531
2023-10-06T12:00:00Z,87.84,88.34,83.93,84.64,232419288
2023-10-06T16:00:00Z,84.64,86.41,84.13,85.58,231903842
2023-10-06T20:00:00Z,85.58,88.91,84.78,88.38,279245344
2023-10-07T00:00:00Z,88.38,93.13,87.95,92.39,286688626
2023-10-07T04:00:00Z,92.39,92.74,90.78,92.05,248607948
2023-10-07T08:00:00Z,92.05,93.63,91.23,91.57,187202275
2023-10-07T12:00:00Z,91.57,92.05,89.03,90.41,217788837
2023-10-07T16:00:00Z,90.41,92.96,89.87,92.00,265516209
2023-10-07T20:00:00Z,92.00,93.50,90.71,92.95,272829464
2023-10-08T00:00:00Z,92.95,96.75,92.43,96.01,237999284
2023-10-08T04:00:00Z,96.01,97.70,94.96,97.16,216996678
2023-10-08T08:00:00Z,97.16,99.47,96.81,97.34,273118832
2023-10-08T12:00:00Z,97.34,97.77,93.24,93.77,297685797
2023-10-08T16:00:00Z,93.77,94.70,92.38,92.80,275613472
2023-10-08T20:00:00Z,92.80,94.44,91.20,93.93,215634466
2023-10-09T00:00:00Z,93.93,98.46,93.36,97.73,223166949
2023-10-09T04:00:00Z,97.73,98.26,96.13,97.13,260464389
2023-10-09T08:00:00Z,97.13,98.04,94.41,94.92,259016491
2023-10-09T12:00:00Z,94.92,95.25,90.84,91.81,230939477
2023-10-09T16:00:00Z,91.81,93.91,91.38,92.97,196443572
2023-10-09T20:00:00Z,92.97,94.54,91.72,94.10,250132903
2023-10-10T00:00:00Z,94.10,97.17,93.53,96.06,291058151
2023-10-10T04:00:00Z,96.06,96.63,94.19,95.48,286634773
2023-10-10T08:00:00Z,95.48,97.32,94.73,95.29,240249513
2023-10-10T12:00:00Z,95.29,95.70,91.74,92.47,222298666
2023-10-10T16:00:00Z,92.47,93.52,90.97,91.37,271340238
2023-10-10T20:00:00Z,91.37,91.80,89.17,91.35,282807967
2023-10-11T00:00:00Z,91.35,95.46,90.82,94.98,248795229
2023-10-11T04:00:00Z,94.98,96.24,94.01,95.70,185121847
2023-10-11T08:00:00Z,95.70,97.11,93.78,94.34,214733719
2023-10-11T12:00:00Z,94.34,94.83,90.00,90.79,268554441
2023-10-11T16:00:00Z,90.79,92.79,90.40,91.96,280564704
2023-10-11T20:00:00Z,91.96,95.08,91.15,94.68,248812529
2023-10-12T00:00:00Z,94.68,99.06,94.20,98.25,215120188
2023-10-12T04:00:00Z,98.25,98.81,96.52,97.83,267830461
2023-10-12T08:00:00Z,97.83,99.51,97.06,97.61,295718517
2023-10-12T12:00:00Z,97.61,98.17,95.00,96.25,277379281
2023-10-12T16:00:00Z,96.25,98.36,95.76,97.05,219287171
2023-10-12T20:00:00Z,97.05,98.01,95.27,97.51,210034710
2023-10-13T00:00:00Z,97.51,101.46,97.11,100.84,250342564
2023-10-13T04:00:00Z,100.84,102.82,99.96,102.40,261818771
2023-10-13T08:00:00Z,102.40,104.81,101.81,102.74,243141811
2023-10-13T12:00:00Z,102.74,103.34,98.87,99.66,201565607
2023-10-13T16:00:00Z,99.66,101.12,99.09,100.01,247447774
2023-10-13T20:00:00Z,100.01,103.21,99.06,102.62,291496074
2023-10-14T00:00:00Z,102.62,107.89,102.21,107.22,290930501
2023-10-14T04:00:00Z,107.22,107.67,105.76,107.01,246811619
2023-10-14T08:00:00Z,107.01,108.26,104.96,105.41,215833926
2023-10-14T12:00:00Z,105.41,106.02,101.82,102.87,262071557
2023-10-14T16:00:00Z,102.87,104.99,102.25,103.81,277614462
2023-10-14T20:00:00Z,103.81,104.76,102.17,104.14,248081417
2023-10-15T00:00:00Z,104.14,106.92,103.63,105.68,187821778
2023-10-15T04:00:00Z,105.68,106.07,103.66,105.17,213341900
2023-10-15T08:00:00Z,105.17,107.08,104.40,104.79,270508384
2023-10-15T12:00:00Z,104.79,105.34,100.85,101.35,286969060
2023-10-15T16:00:00Z,101.35,102.21,99.34,99.87,258399603
2023-10-15T20:00:00Z,99.87,100.52,97.78,99.93,216422180
2023-10-16T00:00:00Z,99.93,104.04,99.37,103.24,261073875
2023-10-16T04:00:00Z,103.24,103.72,101.62,102.67,292109304
2023-10-16T08:00:00Z,102.67,103.58,99.19,99.65,277714235
2023-10-16T12:00:00Z,99.65,100.09,94.20,94.63,222052098
2023-10-16T16:00:00Z,94.63,95.73,93.66,94.09,196241751
2023-10-16T20:00:00Z,94.09,94.86,92.38,94.35,241753544
2023-10-17T00:00:00Z,94.35,96.76,93.78,95.28,268661268
2023-10-17T04:00:00Z,95.28,95.79,92.12,92.91,254481796
2023-10-17T08:00:00Z,92.91,93.90,90.76,91.26,210198760
2023-10-17T12:00:00Z,91.26,91.58,87.47,88.20,243569966
2023-10-17T16:00:00Z,88.20,89.33,86.84,87.15,290334850
2023-10-17T20:00:00Z,87.15,87.63,84.71,86.32,293592821
2023-10-18T00:00:00Z,86.32,89.56,85.80,88.80,252073604
2023-10-18T04:00:00Z,88.80,89.61,87.59,89.08,208360218
2023-10-18T08:00:00Z,89.08,90.46,86.96,87.47,251575977
2023-10-18T12:00:00Z,87.47,87.85,82.19,82.62,271235563
2023-10-18T16:00:00Z,82.62,83.40,81.40,81.76,247194288
2023-10-18T20:00:00Z,81.76,83.43,80.39,83.11,200872472
2023-10-19T00:00:00Z,83.11,86.98,82.64,86.14,211342284
2023-10-19T04:00:00Z,86.14,86.65,84.00,84.83,271270566
2023-10-19T08:00:00Z,84.83,85.77,82.70,83.20,291921777
2023-10-19T12:00:00Z,83.20,83.62,80.04,81.15,266641420
2023-10-19T16:00:00Z,81.15,83.40,80.80,82.37,216631459
2023-10-19T20:00:00Z,82.37,83.44,80.94,83.10,252906401
2023-10-20T00:00:00Z,83.10,86.43,82.68,85.70,286922310
2023-10-20T04:00:00Z,85.70,86.93,84.50,86.49,276680590
2023-10-20T08:00:00Z,86.49,88.67,85.97,86.80,223995476
2023-10-20T12:00:00Z,86.80,87.29,82.98,83.56,186228680
2023-10-20T16:00:00Z,83.56,84.50,82.20,82.68,239458695
2023-10-20T20:00:00Z,82.68,84.22,81.06,83.80,274538085
2023-10-21T00:00:00Z,83.80,88.47,83.45,87.93,264781140
2023-10-21T04:00:00Z,87.93,88.38,86.67,87.93,217961236
2023-10-21T08:00:00Z,87.93,88.99,85.58,86.02,238471589
2023-10-21T12:00:00Z,86.02,86.53,82.02,82.92,287554837
2023-10-21T16:00:00Z,82.92,85.12,82.44,84.26,294604538
2023-10-21T20:00:00Z,84.26,86.29,83.27,85.80,256029390
2023-10-22T00:00:00Z,85.80,89.04,85.46,87.93,204230887
2023-10-22T04:00:00Z,87.93,88.30,85.91,87.07,240011072
2023-10-22T08:00:00Z,87.07,88.72,86.20,86.57,263815555
2023-10-22T12:00:00Z,86.57,87.07,83.08,83.70,251433065
2023-10-22T16:00:00Z,83.70,84.60,81.90,82.38,214603432
2023-10-22T20:00:00Z,82.38,82.84,80.00,81.65,208649861
2023-10-23T00:00:00Z,81.65,85.14,81.25,84.42,270751803
2023-10-23T04:00:00Z,84.42,84.94,83.12,84.53,295325735
2023-10-23T08:00:00Z,84.53,85.70,82.25,82.55,273444200
2023-10-23T12:00:00Z,82.55,82.98,77.59,77.93,219982134
2023-10-23T16:00:00Z,77.93,79.02,77.38,77.80,243412292
2023-10-23T20:00:00Z,77.80,79.94,76.75,79.47,280248410
2023-10-24T00:00:00Z,79.47,83.18,79.02,82.16,274363238
2023-10-24T04:00:00Z,82.16,82.54,79.77,80.57,225198653
2023-10-24T08:00:00Z,80.57,81.50,78.55,78.92,179573905
2023-10-24T12:00:00Z,78.92,79.27,75.55,76.39,239783276
2023-10-24T16:00:00Z,76.39,77.99,75.97,76.41,279305003
2023-10-24T20:00:00Z,76.41,76.85,74.40,76.00,273877872
2023-10-25T00:00:00Z,76.00,79.01,75.54,78.22,228970592
2023-10-25T04:00:00Z,78.22,79.42,77.06,78.95,232148725
2023-10-25T08:00:00Z,78.95,81.03,78.53,78.96,283164731
2023-10-25T12:00:00Z,78.96,79.24,75.09,75.68,293977239
2023-10-25T16:00:00Z,75.68,76.91,75.32,75.66,258698085
2023-10-25T20:00:00Z,75.66,78.45,74.68,78.08,199308023
2023-10-26T00:00:00Z,78.08,83.52,77.60,83.06,227552172
2023-10-26T04:00:00Z,83.06,84.03,82.16,83.53,256803366
2023-10-26T08:00:00Z,83.53,84.90,82.01,82.49,260588577
2023-10-26T12:00:00Z,82.49,82.84,79.39,80.57,227695642
2023-10-26T16:00:00Z,80.57,83.39,80.26,82.67,209432824
2023-10-26T20:00:00Z,82.67,84.90,81.81,84.58,268883905
2023-10-27T00:00:00Z,84.58,88.29,84.09,87.60,297109654
2023-10-27T04:00:00Z,87.60,88.98,86.42,88.48,278740988
2023-10-27T08:00:00Z,88.48,91.14,87.95,89.87,222222042
2023-10-27T12:00:00Z,89.87,90.33,87.53,88.63,232701482
2023-10-27T16:00:00Z,88.63,90.51,88.26,89.27,272203246
2023-10-27T20:00:00Z,89.27,91.55,88.06,91.17,270867186
2023-10-28T00:00:00Z,91.17,96.87,90.71,96.48,225815464
2023-10-28T04:00:00Z,96.48,98.78,95.92,98.29,183900589
2023-10-28T08:00:00Z,98.29,100.09,97.01,97.57,239327933
2023-10-28T12:00:00Z,97.57,98.12,93.52,94.44,282832784
2023-10-28T16:00:00Z,94.44,96.56,93.96,95.71,281629677
2023-10-28T20:00:00Z,95.71,98.55,94.89,98.06,238854532
2023-10-29T00:00:00Z,98.06,102.05,97.64,101.03,224622450
2023-10-29T04:00:00Z,101.03,101.55,99.03,100.23,277201793
2023-10-29T08:00:00Z,100.23,101.88,99.32,99.84,291750740
2023-10-29T12:00:00Z,99.84,100.43,97.04,98.21,260122674
2023-10-29T16:00:00Z,98.21,100.07,97.64,98.60,197951680
2023-10-29T20:00:00Z,98.60,99.29,96.64,98.73,214388843
2023-10-30T00:00:00Z,98.73,102.49,98.34,101.73,255756928
2023-10-30T04:00:00Z,101.73,102.97,100.60,102.58,269299385
2023-10-30T08:00:00Z,102.58,104.44,101.23,101.67,239956847
2023-10-30T12:00:00Z,101.67,102.25,96.64,97.16,209363904
2023-10-30T16:00:00Z,97.16,97.95,95.58,96.14,265621931
2023-10-30T20:00:00Z,96.14,97.92,94.64,97.34,297229758
2023-10-31T00:00:00Z,97.34,101.43,96.87,100.45,282492583
2023-10-31T04:00:00Z,100.45,100.82,98.17,99.05,227604267
2023-10-31T08:00:00Z,99.05,99.98,96.54,96.89,220907787
2023-10-31T12:00:00Z,96.89,97.40,93.30,94.25,262924726
2023-10-31T16:00:00Z,94.25,96.29,93.68,95.21,266314645
2023-10-31T20:00:00Z,95.21,96.30,93.74,95.73,231141280
2023-11-01T00:00:00Z,95.73,98.83,95.20,97.79,189882658
2023-11-01T04:00:00Z,97.79,98.48,96.16,97.94,237995360
2023-11-01T08:00:00Z,97.94,100.06,97.53,97.98,285010435
2023-11-01T12:00:00Z,97.98,98.43,94.16,94.76,287916797
2023-11-01T16:00:00Z,94.76,95.72,93.25,93.68,247504584
2023-11-01T20:00:00Z,93.68,94.99,91.88,94.47,220179588
2023-11-02T00:00:00Z,94.47,99.23,93.90,98.64,269731434
2023-11-02T04:00:00Z,98.64,99.67,97.56,99.09,287991935
2023-11-02T08:00:00Z,99.09,100.44,97.03,97.55,260368192
2023-11-02T12:00:00Z,97.55,97.90,93.59,94.61,196025209
2023-11-02T16:00:00Z,94.61,97.09,94.16,96.37,203247323
2023-11-02T20:00:00Z,96.37,99.24,95.52,98.77,258452116
2023-11-03T00:00:00Z,98.77,102.74,98.17,101.78,276955762
2023-11-03T04:00:00Z,101.78,102.37,100.10,101.50,251209204
2023-11-03T08:00:00Z,101.50,103.48,100.96,101.66,212614732
2023-11-03T12:00:00Z,101.66,102.09,98.78,99.85,260945937
2023-11-03T16:00:00Z,99.85,101.48,99.23,99.66,295670842
2023-11-03T20:00:00Z,99.66,100.14,97.55,99.70,284687843
2023-11-04T00:00:00Z,99.70,103.65,99.13,103.10,231894607
2023-11-04T04:00:00Z,103.10,104.70,102.16,104.10,208186540
2023-11-04T08:00:00Z,104.10,105.81,102.51,103.12,252570073
2023-11-04T12:00:00Z,103.12,103.65,98.47,99.09,261574485
2023-11-04T16:00:00Z,99.09,100.47,98.67,99.18,242097930
2023-11-04T20:00:00Z,99.18,101.58,98.08,101.17,199662553
2023-11-05T00:00:00Z,101.17,105.27,100.65,104.30,235702073
2023-11-05T04:00:00Z,104.30,104.89,101.96,102.75,285748098
2023-11-05T08:00:00Z,102.75,103.72,100.05,100.63,292644466
2023-11-05T12:00:00Z,100.63,101.20,96.67,97.57,254837511
2023-11-05T16:00:00Z,97.57,99.08,96.65,97.20,214621110
2023-11-05T20:00:00Z,97.20,97.59,94.76,96.12,260846199
2023-11-06T00:00:00Z,96.12,98.37,95.72,97.11,282793065
2023-11-06T04:00:00Z,97.11,97.60,95.08,96.42,259519393
2023-11-06T08:00:00Z,96.42,97.94,94.70,95.20,197883940
2023-11-06T12:00:00Z,95.20,95.76,90.04,90.57,198677786
2023-11-06T16:00:00Z,90.57,91.14,88.14,88.68,260251407
2023-11-06T20:00:00Z,88.68,89.48,86.64,88.98,283406231
2023-11-07T00:00:00Z,88.98,92.94,88.63,92.07,261292758
2023-11-07T04:00:00Z,92.07,92.46,90.00,90.74,214866282
2023-11-07T08:00:00Z,90.74,91.50,87.16,87.54,254862196
2023-11-07T12:00:00Z,87.54,88.04,82.66,83.21,292446742
2023-11-07T16:00:00Z,83.21,84.49,82.68,83.17,285343368
2023-11-07T20:00:00Z,83.17,83.74,81.48,83.25,235121861
2023-11-08T00:00:00Z,83.25,85.65,82.85,84.29,198952049
2023-11-08T04:00:00Z,84.29,84.60,81.92,82.97,241312475
2023-11-08T08:00:00Z,82.97,84.54,82.14,82.44,261971780
2023-11-08T12:00:00Z,82.44,82.87,79.13,79.75,253320821
2023-11-08T16:00:00Z,79.75,80.86,78.57,79.00,208830334
2023-11-08T20:00:00Z,79.00,79.79,77.16,79.32,232381302
2023-11-09T00:00:00Z,79.32,83.75,78.87,83.26,284979532
2023-11-09T04:00:00Z,83.26,84.71,82.44,84.25,295744805
2023-11-09T08:00:00Z,84.25,85.77,82.58,82.96,260796411
2023-11-09T12:00:00Z,82.96,83.34,78.52,79.11,212253365
2023-11-09T16:00:00Z,79.11,80.64,78.67,79.75,250664143
2023-11-09T20:00:00Z,79.75,82.46,78.86,82.01,276269461
2023-11-10T00:00:00Z,82.01,86.13,81.51,85.26,257678031
2023-11-10T04:00:00Z,85.26,85.71,83.48,84.58,203246378
2023-11-10T08:00:00Z,84.58,86.17,83.80,84.25,196791844
2023-11-10T12:00:00Z,84.25,84.56,81.82,83.09,261040171
2023-11-10T16:00:00Z,83.09,85.36,82.69,84.34,288516920
2023-11-10T20:00:00Z,84.34,85.60,82.87,85.19,270068534
2023-11-11T00:00:00Z,85.19,89.19,84.67,88.66,220302546
2023-11-11T04:00:00Z,88.66,90.73,87.87,90.19,247403824
2023-11-11T08:00:00Z,90.19,92.44,89.71,90.31,287600167
2023-11-11T12:00:00Z,90.31,90.70,86.17,86.73,284502594
2023-11-11T16:00:00Z,86.73,87.80,85.89,86.26,237335867
2023-11-11T20:00:00Z,86.26,88.33,84.99,87.99,189122880
2023-11-12T00:00:00Z,87.99,92.55,87.48,91.94,230747223
2023-11-12T04:00:00Z,91.94,92.49,90.35,91.32,267094257
2023-11-12T08:00:00Z,91.32,92.33,88.95,89.48,263622343
2023-11-12T12:00:00Z,89.48,89.93,85.90,86.96,221469071
2023-11-12T16:00:00Z,86.96,89.26,86.60,88.27,227985501
2023-11-12T20:00:00Z,88.27,89.53,86.95,89.17,282664074
2023-11-13T00:00:00Z,89.17,92.15,88.71,91.16,297178144
2023-11-13T04:00:00Z,91.16,91.68,89.40,90.92,265351235
2023-11-13T08:00:00Z,90.92,92.77,90.21,90.74,208895212
2023-11-13T12:00:00Z,90.74,91.25,86.88,87.46,239326662
2023-11-13T16:00:00Z,87.46,88.25,85.54,86.03,268556792
2023-11-13T20:00:00Z,86.03,86.52,83.88,86.09,255133396
2023-11-14T00:00:00Z,86.09,90.27,85.72,89.67,215178479
2023-11-14T04:00:00Z,89.67,90.23,88.45,89.85,198672291
2023-11-14T08:00:00Z,89.85,90.98,87.48,87.93,260718129
2023-11-14T12:00:00Z,87.93,88.45,83.51,84.28,292174661
2023-11-14T16:00:00Z,84.28,86.24,83.79,85.40,277421161
2023-11-14T20:00:00Z,85.40,88.12,84.62,87.63,224620178
2023-11-15T00:00:00Z,87.63,91.53,87.29,90.56,238630798
2023-11-15T04:00:00Z,90.56,90.94,88.70,89.95,281201909
2023-11-15T08:00:00Z,89.95,91.72,89.45,89.84,282234298
2023-11-15T12:00:00Z,89.84,90.36,87.21,88.26,238605345
2023-11-15T16:00:00Z,88.26,90.00,87.73,88.63,183110179
2023-11-15T20:00:00Z,88.63,89.62,86.87,89.08,226551821
2023-11-16T00:00:00Z,89.08,93.39,88.66,92.88,271608055
2023-11-16T04:00:00Z,92.88,95.21,92.22,94.76,272830612
2023-11-16T08:00:00Z,94.76,97.16,94.33,95.11,233166482
2023-11-16T12:00:00Z,95.11,95.62,91.59,92.36,222488457
2023-11-16T16:00:00Z,92.36,94.35,91.81,93.60,278788068
2023-11-16T20:00:00Z,93.60,97.67,92.84,97.09,296933731
2023-11-17T00:00:00Z,97.09,102.82,96.55,102.21,268498684
2023-11-17T04:00:00Z,102.21,103.21,101.02,102.65,208868306
2023-11-17T08:00:00Z,102.65,104.41,101.81,102.28,226995797
2023-11-17T12:00:00Z,102.28,102.75,99.64,101.12,259807918
2023-11-17T16:00:00Z,101.12,103.92,100.56,103.09,257202560
2023-11-17T20:00:00Z,103.09,104.96,101.89,104.38,228310490
2023-11-18T00:00:00Z,104.38,108.23,103.76,107.39,199964923
2023-11-18T04:00:00Z,107.39,109.27,106.28,108.63,259202401
2023-11-18T08:00:00Z,108.63,111.33,108.14,109.64,294289693
2023-11-18T12:00:00Z,109.64,110.04,106.36,107.29,283260984
2023-11-18T16:00:00Z,107.29,108.84,106.78,107.25,232021280
2023-11-18T20:00:00Z,107.25,109.59,105.87,109.07,228629375
2023-11-19T00:00:00Z,109.07,114.45,108.40,113.81,273349463
2023-11-19T04:00:00Z,113.81,114.90,112.76,114.21,278630557
2023-11-19T08:00:00Z,114.21,115.45,111.64,112.30,239015326
2023-11-19T12:00:00Z,112.30,112.77,107.82,108.76,179574532
2023-11-19T16:00:00Z,108.76,110.65,108.33,109.50,225971545
2023-11-19T20:00:00Z,109.50,110.91,108.06,110.48,275047180
2023-11-20T00:00:00Z,110.48,113.38,109.84,112.07,280790131
2023-11-20T04:00:00Z,112.07,112.73,109.58,110.73,243769597
2023-11-20T08:00:00Z,110.73,112.27,109.39,110.05,220127194
2023-11-20T12:00:00Z,110.05,110.60,106.49,107.37,273365716
2023-11-20T16:00:00Z,107.37,108.66,105.91,106.45,295029819
2023-11-20T20:00:00Z,106.45,106.88,104.08,106.06,270261506
2023-11-21T00:00:00Z,106.06,109.79,105.52,109.08,208003371
2023-11-21T04:00:00Z,109.08,109.94,107.76,109.39,213851103
2023-11-21T08:00:00Z,109.39,110.71,106.81,107.43,251035362
2023-11-21T12:00:00Z,107.43,108.04,101.90,102.51,264600087
2023-11-21T16:00:00Z,102.51,103.51,101.28,101.86,240719461
2023-11-21T20:00:00Z,101.86,103.60,100.38,103.09,204807956
2023-11-22T00:00:00Z,103.09,106.73,102.65,105.57,256430193
2023-11-22T04:00:00Z,105.57,106.11,103.07,103.89,294797856
2023-11-22T08:00:00Z,103.89,104.94,101.79,102.32,287525611
2023-11-22T12:00:00Z,102.32,102.93,99.04,100.19,238222099
2023-11-22T16:00:00Z,100.19,102.17,99.62,100.88,217510910
2023-11-22T20:00:00Z,100.88,101.69,99.04,101.12,264165058
2023-11-23T00:00:00Z,101.12,104.61,100.73,103.74,273804230
2023-11-23T04:00:00Z,103.74,105.00,102.50,104.61,238664226
2023-11-23T08:00:00Z,104.61,106.86,104.05,104.58,187021880
2023-11-23T12:00:00Z,104.58,105.18,100.39,100.94,224725627
2023-11-23T16:00:00Z,100.94,101.87,99.58,100.17,277290820
2023-11-23T20:00:00Z,100.17,102.28,98.72,101.67,287365089
2023-11-24T00:00:00Z,101.67,106.54,101.19,105.85,253147244
2023-11-24T04:00:00Z,105.85,106.23,104.39,105.68,216651604
2023-11-24T08:00:00Z,105.68,106.90,103.65,104.02,266439299
2023-11-24T12:00:00Z,104.02,104.58,100.50,101.55,291513131
2023-11-24T16:00:00Z,101.55,104.13,100.94,103.25,270687227
2023-11-24T20:00:00Z,103.25,105.40,102.19,104.78,210629688
2023-11-25T00:00:00Z,104.78,108.24,104.20,107.12,200086119
2023-11-25T04:00:00Z,107.12,107.61,105.27,106.91,247591159
2023-11-25T08:00:00Z,106.91,108.99,106.44,106.92,271984706
2023-11-25T12:00:00Z,106.92,107.41,103.35,104.07,252217052
2023-11-25T16:00:00Z,104.07,105.12,102.32,102.81,208843296
2023-11-25T20:00:00Z,102.81,103.41,100.52,102.58,252361057
2023-11-26T00:00:00Z,102.58,106.60,101.97,105.83,293662258
2023-11-26T04:00:00Z,105.83,106.50,104.47,105.88,290180865
2023-11-26T08:00:00Z,105.88,107.03,103.10,103.65,243204551
2023-11-26T12:00:00Z,103.65,104.03,98.55,99.15,209650378
2023-11-26T16:00:00Z,99.15,100.53,98.67,99.20,253793160
2023-11-26T20:00:00Z,99.20,101.03,97.91,100.54,267886013
2023-11-27T00:00:00Z,100.54,103.80,99.93,102.52,241752280
2023-11-27T04:00:00Z,102.52,103.11,99.61,100.46,197007045
2023-11-27T08:00:00Z,100.46,101.37,97.99,98.57,222721588
2023-11-27T12:00:00Z,98.57,98.98,94.61,95.39,278235779
2023-11-27T16:00:00Z,95.39,96.53,93.87,94.27,292442278
2023-11-27T20:00:00Z,94.27,94.73,91.57,92.88,261192342
2023-11-28T00:00:00Z,92.88,95.42,92.34,94.48,216316915
2023-11-28T04:00:00Z,94.48,95.04,92.91,94.35,258078805
2023-11-28T08:00:00Z,94.35,95.78,92.42,92.98,286457713
2023-11-28T12:00:00Z,92.98,93.45,87.85,88.36,269846321
2023-11-28T16:00:00Z,88.36,89.16,86.97,87.42,212580682
2023-11-28T20:00:00Z,87.42,89.25,86.03,88.89,187540707
2023-11-29T00:00:00Z,88.89,93.19,88.43,92.45,248859960
2023-11-29T04:00:00Z,92.45,92.98,90.59,91.42,278309831
2023-11-29T08:00:00Z,91.42,92.37,88.82,89.34,262629589
2023-11-29T12:00:00Z,89.34,89.84,85.61,86.62,216211158
2023-11-29T16:00:00Z,86.62,88.64,86.19,87.57,246978668
2023-11-29T20:00:00Z,87.57,88.59,86.04,88.16,290874356
2023-11-30T00:00:00Z,88.16,91.26,87.78,90.33,291221107
2023-11-30T04:00:00Z,90.33,91.18,88.85,90.79,246975403
2023-11-30T08:00:00Z,90.79,93.16,90.26,91.56,200932624
2023-11-30T12:00:00Z,91.56,92.10,88.54,89.43,242397519
2023-11-30T16:00:00Z,89.43,90.91,88.93,89.54,261308084
2023-11-30T20:00:00Z,89.54,91.96,88.28,91.45,251131402
2023-12-01T00:00:00Z,91.45,97.17,91.10,96.71,210753317
2023-12-01T04:00:00Z,96.71,98.49,96.06,98.13,219879575
2023-12-01T08:00:00Z,98.13,99.86,96.80,97.23,277799340
2023-12-01T12:00:00Z,97.23,97.79,93.51,94.51,295933513
2023-12-01T16:00:00Z,94.51,97.07,93.94,96.30,267823648
2023-12-01T20:00:00Z,96.30,99.39,95.51,98.80,214892096
2023-12-02T00:00:00Z,98.80,102.91,98.34,101.96,248380925
2023-12-02T04:00:00Z,101.96,102.33,100.24,101.86,279963205
2023-12-02T08:00:00Z,101.86,104.03,101.39,102.41,267829897
2023-12-02T12:00:00Z,102.41,102.96,100.03,101.33,213942565
2023-12-02T16:00:00Z,101.33,103.39,100.72,102.05,185917989
2023-12-02T20:00:00Z,102.05,103.52,100.50,102.91,249534350
2023-12-03T00:00:00Z,102.91,107.57,102.34,106.94,283432496
2023-12-03T04:00:00Z,106.94,109.07,106.18,108.49,271801531
2023-12-03T08:00:00Z,108.49,110.54,107.39,107.87,222560792
2023-12-03T12:00:00Z,107.87,108.37,103.30,103.89,240292058
2023-12-03T16:00:00Z,103.89,105.20,103.29,103.79,286454421
2023-12-03T20:00:00Z,103.79,106.26,102.60,105.68,290668950
2023-12-04T00:00:00Z,105.68,109.99,105.04,108.98,249565167
2023-12-04T04:00:00Z,108.98,109.55,106.80,107.82,195741523
2023-12-04T08:00:00Z,107.82,108.99,105.75,106.31,230157797
2023-12-04T12:00:00Z,106.31,106.71,103.02,104.23,259415325
2023-12-04T16:00:00Z,104.23,106.45,103.72,105.22,261221222
2023-12-04T20:00:00Z,105.22,106.14,103.50,105.63,223821234
2023-12-05T00:00:00Z,105.63,108.93,104.98,107.96,216135244
2023-12-05T04:00:00Z,107.96,109.15,106.60,108.49,275921737
2023-12-05T08:00:00Z,108.49,110.68,107.82,108.45,297777539
2023-12-05T12:00:00Z,108.45,108.90,104.24,104.88,272986904
2023-12-05T16:00:00Z,104.88,105.85,103.42,103.85,216651357
2023-12-05T20:00:00Z,103.85,105.41,102.11,104.99,237467467
2023-12-06T00:00:00Z,104.99,109.76,104.38,109.20,272152573
2023-12-06T04:00:00Z,109.20,109.98,107.97,109.35,264746965
2023-12-06T08:00:00Z,109.35,110.60,107.18,107.82,217789146
2023-12-06T12:00:00Z,107.82,108.36,104.15,105.35,187973947
2023-12-06T16:00:00Z,105.35,108.24,104.92,107.42,249289509
2023-12-06T20:00:00Z,107.42,110.20,106.53,109.76,287226989
2023-12-07T00:00:00Z,109.76,113.75,109.19,112.88,279598578
2023-12-07T04:00:00Z,112.88,113.84,111.32,113.26,232044433
2023-12-07T08:00:00Z,113.26,115.63,112.57,114.14,232336284
2023-12-07T12:00:00Z,114.14,114.78,111.46,112.67,280451399
2023-12-07T16:00:00Z,112.67,114.52,112.11,112.88,288574358
2023-12-07T20:00:00Z,112.88,114.44,111.09,113.88,251026477
2023-12-08T00:00:00Z,113.88,118.94,113.39,118.48,189965223
2023-12-08T04:00:00Z,118.48,120.88,117.71,120.36,218225055
2023-12-08T08:00:00Z,120.36,122.57,119.47,120.11,262720094
2023-12-08T12:00:00Z,120.11,120.82,116.18,117.27,270347189
2023-12-08T16:00:00Z,117.27,119.78,116.61,118.89,236024189
2023-12-08T20:00:00Z,118.89,122.80,118.16,122.12,215682604
2023-12-09T00:00:00Z,122.12,127.12,121.66,126.16,272568128
2023-12-09T04:00:00Z,126.16,126.72,124.35,125.81,297941358
2023-12-09T08:00:00Z,125.81,127.62,124.75,125.31,276655393
2023-12-09T12:00:00Z,125.31,126.04,122.37,123.65,217381592
2023-12-09T16:00:00Z,123.65,125.71,122.91,124.22,225483198
2023-12-09T20:00:00Z,124.22,124.92,122.16,124.18,263169351
2023-12-10T00:00:00Z,124.18,127.66,123.60,126.62,260721324
2023-12-10T04:00:00Z,126.62,127.87,125.15,127.28,228103018
2023-12-10T08:00:00Z,127.28,129.47,126.40,126.85,193874569
2023-12-10T12:00:00Z,126.85,127.53,122.30,122.86,248031455
2023-12-10T16:00:00Z,122.86,123.89,121.29,121.96,289587937
2023-12-10T20:00:00Z,121.96,123.99,120.41,123.25,285910306
2023-12-11T00:00:00Z,123.25,127.79,122.58,126.76,240327223
2023-12-11T04:00:00Z,126.76,127.32,124.50,125.51,223172500
2023-12-11T08:00:00Z,125.51,126.46,122.10,122.64,272942133
2023-12-11T12:00:00Z,122.64,123.21,117.96,118.81,285013152
2023-12-11T16:00:00Z,118.81,120.49,118.14,118.79,251431945
2023-12-11T20:00:00Z,118.79,119.49,116.72,118.43,187984722
2023-12-12T00:00:00Z,118.43,120.75,117.73,119.22,211971839
2023-12-12T04:00:00Z,119.22,119.84,116.67,117.93,265908455
2023-12-12T08:00:00Z,117.93,119.65,116.50,117.12,278344873
2023-12-12T12:00:00Z,117.12,117.56,112.93,113.62,247191755
2023-12-12T16:00:00Z,113.62,114.57,111.68,112.11,214224709
2023-12-12T20:00:00Z,112.11,112.74,109.77,112.06,267730027
2023-12-13T00:00:00Z,112.06,116.29,111.38,115.52,296420950
2023-12-13T04:00:00Z,115.52,116.22,114.19,115.52,278829869
2023-12-13T08:00:00Z,115.52,116.65,112.53,113.19,221372931
2023-12-13T12:00:00Z,113.19,113.65,108.05,108.76,212593181
2023-12-13T16:00:00Z,108.76,110.26,108.32,108.96,253174469
2023-12-13T20:00:00Z,108.96,110.81,107.64,110.37,260269030
2023-12-14T00:00:00Z,110.37,113.77,109.73,112.61,240428872
2023-12-14T04:00:00Z,112.61,113.28,110.24,111.39,199235810
2023-12-14T08:00:00Z,111.39,112.93,110.18,110.85,245682582
2023-12-14T12:00:00Z,110.85,111.40,107.96,109.17,290432977
2023-12-14T16:00:00Z,109.17,111.18,108.73,109.61,290652303
2023-12-14T20:00:00Z,109.61,110.46,107.71,110.02,247339988
2023-12-15T00:00:00Z,110.02,114.09,109.45,113.50,217127707
2023-12-15T04:00:00Z,113.50,115.47,112.58,114.88,264029979
2023-12-15T08:00:00Z,114.88,116.95,113.82,114.48,280084987
2023-12-15T12:00:00Z,114.48,115.12,109.91,110.59,250871616
2023-12-15T16:00:00Z,110.59,111.87,109.71,110.33,187541122
2023-12-15T20:00:00Z,110.33,112.82,109.06,112.27,210572301
2023-12-16T00:00:00Z,112.27,116.89,111.78,116.00,268077458
2023-12-16T04:00:00Z,116.00,116.60,114.09,115.17,285066147
2023-12-16T08:00:00Z,115.17,116.36,113.00,113.61,257172922
2023-12-16T12:00:00Z,113.61,114.28,110.19,111.45,215967273
2023-12-16T16:00:00Z,111.45,113.87,110.83,112.67,261426175
2023-12-16T20:00:00Z,112.67,113.88,111.02,113.25,293241371
2023-12-17T00:00:00Z,113.25,116.45,112.83,115.29,279537893
2023-12-17T04:00:00Z,115.29,115.80,113.52,115.31,224425304
2023-12-17T08:00:00Z,115.31,117.38,114.44,114.96,198979658
2023-12-17T12:00:00Z,114.96,115.63,110.53,111.13,242742979
2023-12-17T16:00:00Z,111.13,111.95,108.73,109.38,265845513
2023-12-17T20:00:00Z,109.38,110.09,107.14,109.44,251958960
2023-12-18T00:00:00Z,109.44,113.60,108.93,112.71,208165344
2023-12-18T04:00:00Z,112.71,113.11,110.98,112.07,242184349
2023-12-18T08:00:00Z,112.07,113.12,109.03,109.41,289704960
2023-12-18T12:00:00Z,109.41,110.00,104.71,105.39,293767716
2023-12-18T16:00:00Z,105.39,107.09,104.76,105.98,253039665
2023-12-18T20:00:00Z,105.98,107.75,104.75,107.11,210042198
2023-12-19T00:00:00Z,107.11,110.21,106.53,108.88,253842867
2023-12-19T04:00:00Z,108.88,109.36,106.38,107.52,273910797
2023-12-19T08:00:00Z,107.52,109.07,106.23,106.70,249450022
2023-12-19T12:00:00Z,106.70,107.20,103.15,103.94,198021238
2023-12-19T16:00:00Z,103.94,105.17,102.46,102.95,208737106
2023-12-19T20:00:00Z,102.95,103.56,100.60,102.49,269114356
2023-12-20T00:00:00Z,102.49,106.36,101.88,105.63,290382481
2023-12-20T04:00:00Z,105.63,107.16,104.58,106.54,265838934
2023-12-20T08:00:00Z,106.54,108.38,105.09,105.64,216628287
2023-12-20T12:00:00Z,105.64,106.04,101.23,102.02,253702791
2023-12-20T16:00:00Z,102.02,103.74,101.51,102.83,288456230
2023-12-20T20:00:00Z,102.83,106.25,101.92,105.73,278832567
2023-12-21T00:00:00Z,105.73,110.69,105.08,109.92,226597892
2023-12-21T04:00:00Z,109.92,110.56,108.40,109.72,189078835
2023-12-21T08:00:00Z,109.72,111.42,108.65,109.28,237246107
2023-12-21T12:00:00Z,109.28,109.73,106.62,108.10,271860443
2023-12-21T16:00:00Z,108.10,110.80,107.66,109.70,262510315
2023-12-21T20:00:00Z,109.70,111.24,108.24,110.79,216274099
2023-12-22T00:00:00Z,110.79,114.84,110.15,114.21,237499552
2023-12-22T04:00:00Z,114.21,116.74,113.27,116.08,287373610
2023-12-22T08:00:00Z,116.08,118.96,115.40,117.37,295228237
2023-12-22T12:00:00Z,117.37,117.96,114.21,115.28,257409434
2023-12-22T16:00:00Z,115.28,117.18,114.82,116.01,206259787
2023-12-22T20:00:00Z,116.01,119.39,114.93,118.93,242530799
2023-12-23T00:00:00Z,118.93,124.98,118.30,124.46,266629849
2023-12-23T04:00:00Z,124.46,126.07,123.53,125.42,250486996
2023-12-23T08:00:00Z,125.42,127.03,123.71,124.44,211863483
2023-12-23T12:00:00Z,124.44,125.13,120.89,122.25,206273032
2023-12-23T16:00:00Z,122.25,125.12,121.65,124.12,268923224
2023-12-23T20:00:00Z,124.12,126.44,122.97,125.83,294187832
2023-12-24T00:00:00Z,125.83,129.51,125.28,128.35,273085603
2023-12-24T04:00:00Z,128.35,129.03,126.47,128.39,220430775
2023-12-24T08:00:00Z,128.39,130.77,127.63,128.93,244633227
2023-12-24T12:00:00Z,128.93,129.69,125.82,126.97,282146541
2023-12-24T16:00:00Z,126.97,128.60,125.97,126.72,276790719
2023-12-24T20:00:00Z,126.72,128.11,124.70,127.41,227966413
2023-12-25T00:00:00Z,127.41,132.20,126.94,131.48,179897972
2023-12-25T04:00:00Z,131.48,132.77,130.33,132.30,236991411
2023-12-25T08:00:00Z,132.30,133.93,130.03,130.62,276831185
2023-12-25T12:00:00Z,130.62,131.38,125.61,126.34,271914786
2023-12-25T16:00:00Z,126.34,127.79,125.58,126.48,227671139
2023-12-25T20:00:00Z,126.48,128.81,125.16,128.05,231614120
2023-12-26T00:00:00Z,128.05,131.84,127.45,130.50,283436613
2023-12-26T04:00:00Z,130.50,130.95,127.89,129.07,295034434
2023-12-26T08:00:00Z,129.07,130.58,127.61,128.06,260458246
2023-12-26T12:00:00Z,128.06,128.76,125.00,126.16,201634054
2023-12-26T16:00:00Z,126.16,128.21,125.40,126.62,230262901
2023-12-26T20:00:00Z,126.62,127.55,124.68,126.79,258396396
2023-12-27T00:00:00Z,126.79,130.68,126.11,129.77,257755382
2023-12-27T04:00:00Z,129.77,131.58,128.53,130.88,225134217
2023-12-27T08:00:00Z,130.88,133.19,130.04,130.61,207342675
2023-12-27T12:00:00Z,130.61,131.23,126.12,126.82,267427831
2023-12-27T16:00:00Z,126.82,128.12,125.79,126.40,296401069
2023-12-27T20:00:00Z,126.40,129.08,125.01,128.36,278835082
2023-12-28T00:00:00Z,128.36,133.47,127.59,132.60,223111486
2023-12-28T04:00:00Z,132.60,133.29,130.97,132.41,234317000
2023-12-28T08:00:00Z,132.41,133.97,130.57,131.25,274419004
2023-12-28T12:00:00Z,131.25,131.75,128.05,129.56,273510603
2023-12-28T16:00:00Z,129.56,132.64,128.92,131.71,228620338
2023-12-28T20:00:00Z,131.71,134.11,130.54,133.45,181036809
2023-12-29T00:00:00Z,133.45,137.46,132.64,136.42,236688613
2023-12-29T04:00:00Z,136.42,138.07,135.03,137.25,280623500
2023-12-29T08:00:00Z,137.25,139.95,136.54,138.07,280022504
2023-12-29T12:00:00Z,138.07,138.63,134.60,135.69,237974651
2023-12-29T16:00:00Z,135.69,137.20,134.61,135.16,224538399
2023-12-29T20:00:00Z,135.16,136.70,133.18,136.14,277920115
2023-12-30T00:00:00Z,136.14,141.22,135.35,140.50,293215486
2023-12-30T04:00:00Z,140.50,142.03,139.38,141.21,262219758
2023-12-30T08:00:00Z,141.21,142.75,138.84,139.68,200517760
2023-12-30T12:00:00Z,139.68,140.37,135.19,136.31,217224049
2023-12-30T16:00:00Z,136.31,138.67,135.77,137.50,254095363
2023-12-30T20:00:00Z,137.50,139.98,136.30,139.43,266592180
2023-12-31T00:00:00Z,139.43,143.09,138.70,141.80,237636804
2023-12-31T04:00:00Z,141.80,142.63,139.29,140.49,207611729
2023-12-31T08:00:00Z,140.49,141.98,138.64,139.46,264574095
2023-12-31T12:00:00Z,139.46,140.24,135.57,136.63,296967879
2023-12-31T16:00:00Z,136.63,138.00,134.71,135.47,283037060
2023-12-31T20:00:00Z,135.47,135.97,132.57,134.28,228912689
