time,open,high,low,close,volume
2022-01-01T00:00:00Z,123.90,124.33,123.47,123.90,48414709
2022-01-01T01:00:00Z,123.90,126.41,123.21,125.73,52997025
2022-01-01T02:00:00Z,125.73,127.48,124.98,126.73,57414829
2022-01-01T03:00:00Z,126.73,127.48,126.15,126.90,61548533
2022-01-01T04:00:00Z,126.90,127.48,126.05,126.63,65285658
2022-01-01T05:00:00Z,126.63,127.38,125.72,126.47,68524041
2022-01-01T06:00:00Z,126.47,127.45,125.78,126.76,71174746
2022-01-01T07:00:00Z,126.76,127.92,126.31,127.47,73164603
2022-01-01T08:00:00Z,127.47,128.87,126.77,128.17,74438298
2022-01-01T09:00:00Z,128.17,129.10,127.41,128.34,74959953
2022-01-01T10:00:00Z,128.34,128.91,127.09,127.67,74714158
2022-01-01T11:00:00Z,127.67,128.26,125.72,126.31,73706413
2022-01-01T12:00:00Z,126.31,127.05,124.03,124.77,71962976
2022-01-01T13:00:00Z,124.77,125.44,123.03,123.70,69530127
2022-01-01T14:00:00Z,123.70,124.14,123.07,123.51,66472851
2022-01-01T15:00:00Z,123.51,124.85,122.83,124.16,62872993
2022-01-01T16:00:00Z,124.16,125.96,123.42,125.22,58826936
2022-01-01T17:00:00Z,125.22,126.66,124.65,126.09,54442860
2022-01-01T18:00:00Z,126.09,126.98,125.50,126.39,49837674
2022-01-01T19:00:00Z,126.39,127.14,125.39,126.15,49373991
2022-01-01T20:00:00Z,126.15,126.82,125.09,125.77,53054083
2022-01-01T21:00:00Z,125.77,126.26,125.32,125.81,56519866
2022-01-01T22:00:00Z,125.81,127.28,125.11,126.58,59658931
2022-01-01T23:00:00Z,126.58,128.76,125.83,128.01,62367540
2022-01-02T00:00:00Z,128.01,130.18,127.43,129.60,64553674
2022-01-02T01:00:00Z,129.60,131.39,128.99,130.78,66139756
2022-01-02T02:00:00Z,130.78,131.94,129.99,131.16,67064948
2022-01-02T03:00:00Z,131.16,131.86,130.11,130.81,67286978
2022-01-02T04:00:00Z,130.81,131.29,129.71,130.19,66783436
2022-01-02T05:00:00Z,130.19,130.91,129.15,129.87,65552492
2022-01-02T06:00:00Z,129.87,131.00,129.11,130.23,63613032
2022-01-02T07:00:00Z,130.23,131.78,129.65,131.20,61572263
2022-01-02T08:00:00Z,131.20,132.94,130.57,132.31,59749293
2022-01-02T09:00:00Z,132.31,133.78,131.52,132.98,57381624
2022-01-02T10:00:00Z,132.98,133.69,132.13,132.84,54553926
2022-01-02T11:00:00Z,132.84,133.33,131.45,131.93,51363909
2022-01-02T12:00:00Z,131.93,132.66,129.99,130.72,47919430
2022-01-02T13:00:00Z,130.72,131.49,129.03,129.79,44335308
2022-01-02T14:00:00Z,129.79,130.36,128.95,129.52,49179994
2022-01-02T15:00:00Z,129.52,130.50,128.90,129.88,53878864
2022-01-02T16:00:00Z,129.88,131.24,129.10,130.46,58310952
2022-01-02T17:00:00Z,130.46,131.40,129.76,130.71,62362319
2022-01-02T18:00:00Z,130.71,131.20,129.83,130.31,65929263
2022-01-02T19:00:00Z,130.31,131.04,128.66,129.38,68921238
2022-01-02T20:00:00Z,129.38,130.14,127.65,128.40,71263403
2022-01-02T21:00:00Z,128.40,128.96,127.42,127.98,72898717
2022-01-02T22:00:00Z,127.98,129.09,127.36,128.47,73789534
2022-01-02T23:00:00Z,128.47,130.57,127.69,129.80,73918632
2022-01-03T00:00:00Z,129.80,132.17,129.10,131.47,73289676
2022-01-03T01:00:00Z,131.47,133.38,130.97,132.87,71927071
2022-01-03T02:00:00Z,132.87,134.31,132.12,133.55,69875229
2022-01-03T03:00:00Z,133.55,134.34,132.73,133.51,67197269
2022-01-03T04:00:00Z,133.51,134.08,132.55,133.13,63973180
2022-01-03T05:00:00Z,133.13,133.77,132.27,132.91,60297502
2022-01-03T06:00:00Z,132.91,133.98,132.11,133.19,56276603
2022-01-03T07:00:00Z,133.19,134.56,132.49,133.86,52025613
2022-01-03T08:00:00Z,133.86,134.99,133.35,134.48,51905409
2022-01-03T09:00:00Z,134.48,135.24,133.72,134.48,55916580
2022-01-03T10:00:00Z,134.48,135.26,132.76,133.54,59699423
2022-01-03T11:00:00Z,133.54,134.10,131.24,131.80,63139974
2022-01-03T12:00:00Z,131.80,132.44,129.15,129.79,66133018
2022-01-03T13:00:00Z,129.79,130.55,127.39,128.16,68585145
2022-01-03T14:00:00Z,128.16,128.82,126.70,127.36,70417473
2022-01-03T15:00:00Z,127.36,127.90,126.87,127.41,71567958
2022-01-03T16:00:00Z,127.41,128.62,126.68,127.89,71993227
2022-01-03T17:00:00Z,127.89,129.01,127.14,128.26,71669872
2022-01-03T18:00:00Z,128.26,128.80,127.62,128.16,70595182
2022-01-03T19:00:00Z,128.16,128.79,127.01,127.64,68787275
2022-01-03T20:00:00Z,127.64,128.40,126.33,127.09,66284647
2022-01-03T21:00:00Z,127.09,127.75,126.41,127.06,63145122
2022-01-03T22:00:00Z,127.06,128.35,126.56,127.85,59444266
2022-01-03T23:00:00Z,127.85,130.05,127.11,129.31,55273279
2022-01-04T00:00:00Z,129.31,131.70,128.55,130.94,50736449
2022-01-04T01:00:00Z,130.94,132.66,130.39,132.10,45948229
2022-01-04T02:00:00Z,132.10,133.06,131.45,132.40,41030022
2022-01-04T03:00:00Z,132.40,133.19,131.08,131.87,44556812
2022-01-04T04:00:00Z,131.87,132.54,130.28,130.95,48696558
2022-01-04T05:00:00Z,130.95,131.47,129.74,130.26,53258490
2022-01-04T06:00:00Z,130.26,131.00,129.41,130.16,57464448
2022-01-04T07:00:00Z,130.16,131.38,129.40,130.63,61209971
2022-01-04T08:00:00Z,130.63,131.79,130.08,131.24,64403642
2022-01-04T09:00:00Z,131.24,132.12,130.59,131.46,66969629
2022-01-04T10:00:00Z,131.46,132.25,130.16,130.94,68849797
2022-01-04T11:00:00Z,130.94,131.60,129.10,129.77,70005298
2022-01-04T12:00:00Z,129.77,130.28,127.89,128.40,70417617
2022-01-04T13:00:00Z,128.40,129.13,126.71,127.44,70089029
2022-01-04T14:00:00Z,127.44,128.18,126.51,127.25,69042468
2022-01-04T15:00:00Z,127.25,128.28,126.72,127.76,67320800
2022-01-04T16:00:00Z,127.76,129.16,127.11,128.52,64985526
2022-01-04T17:00:00Z,128.52,129.72,127.74,128.95,62114955
2022-01-04T18:00:00Z,128.95,129.60,128.05,128.70,58801897
2022-01-04T19:00:00Z,128.70,129.22,127.32,127.84,55150944
2022-01-04T20:00:00Z,127.84,128.57,126.10,126.83,51275412
2022-01-04T21:00:00Z,126.83,127.55,125.54,126.27,51534341
2022-01-04T22:00:00Z,126.27,127.05,125.75,126.53,55926463
2022-01-04T23:00:00Z,126.53,128.21,125.89,127.57,60090209
2022-01-05T00:00:00Z,127.57,129.69,126.79,128.92,63909748
2022-01-05T01:00:00Z,128.92,130.64,128.26,129.98,67278010
2022-01-05T02:00:00Z,129.98,130.91,129.45,130.38,70099747
2022-01-05T03:00:00Z,130.38,131.13,129.38,130.13,72294266
2022-01-05T04:00:00Z,130.13,130.88,128.91,129.65,73797750
2022-01-05T05:00:00Z,129.65,130.17,128.94,129.46,74565097
2022-01-05T06:00:00Z,129.46,130.54,128.80,129.88,74571222
2022-01-05T07:00:00Z,129.88,131.58,129.09,130.80,73811801
2022-01-05T08:00:00Z,130.80,132.39,130.14,131.73,72303409
2022-01-05T09:00:00Z,131.73,132.63,131.19,132.09,70083073
2022-01-05T10:00:00Z,132.09,132.85,130.75,131.51,67207236
2022-01-05T11:00:00Z,131.51,132.25,129.33,130.07,63750172
2022-01-05T12:00:00Z,130.07,130.58,127.78,128.29,59801885
2022-01-05T13:00:00Z,128.29,128.94,126.14,126.79,55465575
2022-01-05T14:00:00Z,126.79,127.55,125.27,126.02,50854712
2022-01-05T15:00:00Z,126.02,126.65,125.38,126.00,46089831
2022-01-05T16:00:00Z,126.00,126.88,125.48,126.35,49745163
2022-01-05T17:00:00Z,126.35,127.28,125.62,126.55,53251910
2022-01-05T18:00:00Z,126.55,127.26,125.55,126.27,56494948
2022-01-05T19:00:00Z,126.27,126.76,125.11,125.61,59366159
2022-01-05T20:00:00Z,125.61,126.25,124.37,125.01,61767621
2022-01-05T21:00:00Z,125.01,125.78,124.26,125.03,63614498
2022-01-05T22:00:00Z,125.03,126.60,124.41,125.97,64837558
2022-01-05T23:00:00Z,125.97,128.25,125.44,127.72,65385242
2022-01-06T00:00:00Z,127.72,130.48,126.96,129.73,65225228
2022-01-06T01:00:00Z,129.73,132.08,128.98,131.34,65249577
2022-01-06T02:00:00Z,131.34,132.62,130.82,132.11,65053840
2022-01-06T03:00:00Z,132.11,132.80,131.36,132.05,64164794
2022-01-06T04:00:00Z,132.05,132.83,130.76,131.55,62624530
2022-01-06T05:00:00Z,131.55,132.20,130.55,131.19,60493663
2022-01-06T06:00:00Z,131.19,131.88,130.63,131.32,57849500
2022-01-06T07:00:00Z,131.32,132.69,130.55,131.92,54783743
2022-01-06T08:00:00Z,131.92,133.31,131.17,132.56,51399771
2022-01-06T09:00:00Z,132.56,133.23,132.05,132.72,47809595
2022-01-06T10:00:00Z,132.72,133.41,131.42,132.11,48370854
2022-01-06T11:00:00Z,132.11,132.89,130.05,130.83,53080801
2022-01-06T12:00:00Z,130.83,131.46,128.77,129.40,57576309
2022-01-06T13:00:00Z,129.40,129.95,127.90,128.45,61739925
2022-01-06T14:00:00Z,128.45,129.20,127.61,128.36,65462891
2022-01-06T15:00:00Z,128.36,129.81,127.63,129.08,68648222
2022-01-06T16:00:00Z,129.08,130.66,128.59,130.17,71213445
2022-01-06T17:00:00Z,130.17,131.71,129.48,131.02,73092928
2022-01-06T18:00:00Z,131.02,132.03,130.23,131.25,74239724
2022-01-06T19:00:00Z,131.25,131.88,130.25,130.89,74626893
2022-01-06T20:00:00Z,130.89,131.45,129.80,130.36,74248243
2022-01-06T21:00:00Z,130.36,131.13,129.47,130.23,73118484
2022-01-06T22:00:00Z,130.23,131.57,129.50,130.83,71272789
2022-01-06T23:00:00Z,130.83,132.60,130.34,132.10,68765767
2022-01-07T00:00:00Z,132.10,134.27,131.39,133.56,65669882
2022-01-07T01:00:00Z,133.56,135.44,132.76,134.64,62073373
2022-01-07T02:00:00Z,134.64,135.61,133.99,134.96,58077715
2022-01-07T03:00:00Z,134.96,135.55,134.00,134.58,53794710
2022-01-07T04:00:00Z,134.58,135.37,133.18,133.97,49343285
2022-01-07T05:00:00Z,133.97,134.71,132.92,133.67,53296139
2022-01-07T06:00:00Z,133.67,134.55,133.17,134.05,57083016
2022-01-07T07:00:00Z,134.05,135.74,133.33,135.02,60587418
2022-01-07T08:00:00Z,135.02,136.93,134.21,136.12,63699948
2022-01-07T09:00:00Z,136.12,137.39,135.47,136.74,66321503
2022-01-07T10:00:00Z,136.74,137.34,135.90,136.50,68366169
2022-01-07T11:00:00Z,136.50,137.30,134.67,135.47,69763743
2022-01-07T12:00:00Z,135.47,136.22,133.36,134.10,70461812
2022-01-07T13:00:00Z,134.10,134.59,132.52,133.00,70427319
2022-01-07T14:00:00Z,133.00,133.71,131.86,132.57,69647576
2022-01-07T15:00:00Z,132.57,133.58,131.78,132.79,68130698
2022-01-07T16:00:00Z,132.79,133.89,132.16,133.26,65905439
2022-01-07T17:00:00Z,133.26,134.05,132.66,133.46,63020438
2022-01-07T18:00:00Z,133.46,134.24,132.29,133.07,59542893
2022-01-07T19:00:00Z,133.07,133.80,131.48,132.21,55556711
2022-01-07T20:00:00Z,132.21,132.69,130.89,131.37,51160163
2022-01-07T21:00:00Z,131.37,132.07,130.41,131.12,46463150
2022-01-07T22:00:00Z,131.12,132.61,130.33,131.83,42656184
2022-01-07T23:00:00Z,131.83,134.02,131.20,133.40,43353295
2022-01-08T00:00:00Z,133.40,135.93,132.79,135.32,48223668
2022-01-08T01:00:00Z,135.32,137.76,134.51,136.95,52903393
2022-01-08T02:00:00Z,136.95,138.60,136.19,137.84,57274114
2022-01-08T03:00:00Z,137.84,138.47,137.34,137.97,61226058
2022-01-08T04:00:00Z,137.97,138.71,136.98,137.73,64661119
2022-01-08T05:00:00Z,137.73,138.55,136.81,137.63,67495601
2022-01-08T06:00:00Z,137.63,138.64,136.98,138.00,69662553
2022-01-08T07:00:00Z,138.00,139.39,137.37,138.76,71113620
2022-01-08T08:00:00Z,138.76,140.30,137.93,139.47,71820372
2022-01-08T09:00:00Z,139.47,140.36,138.71,139.59,71775051
2022-01-08T10:00:00Z,139.59,140.08,138.31,138.80,70990735
2022-01-08T11:00:00Z,138.80,139.55,136.50,137.25,69500905
2022-01-08T12:00:00Z,137.25,138.05,134.65,135.45,67358425
2022-01-08T13:00:00Z,135.45,136.07,133.46,134.07,64633977
2022-01-08T14:00:00Z,134.07,134.68,132.94,133.55,61413979
2022-01-08T15:00:00Z,133.55,134.66,132.75,133.87,57798060
2022-01-08T16:00:00Z,133.87,135.34,133.13,134.61,53896164
2022-01-08T17:00:00Z,134.61,135.68,134.13,135.20,49825353
2022-01-08T18:00:00Z,135.20,136.01,134.46,135.27,54156458
2022-01-08T19:00:00Z,135.27,136.08,134.06,134.86,58317373
2022-01-08T20:00:00Z,134.86,135.47,133.75,134.36,62189766
2022-01-08T21:00:00Z,134.36,134.98,133.69,134.31,65662440
2022-01-08T22:00:00Z,134.31,135.81,133.51,135.01,68634527
2022-01-08T23:00:00Z,135.01,137.08,134.27,136.34,71018394
2022-01-09T00:00:00Z,136.34,138.29,135.86,137.81,72742179
2022-01-09T01:00:00Z,137.81,139.55,137.05,138.79,73751872
2022-01-09T02:00:00Z,138.79,139.73,137.97,138.90,74012887
2022-01-09T03:00:00Z,138.90,139.53,137.58,138.20,73511090
2022-01-09T04:00:00Z,138.20,138.84,136.51,137.15,72253235
2022-01-09T05:00:00Z,137.15,137.96,135.52,136.33,70266807
2022-01-09T06:00:00Z,136.33,137.07,135.40,136.14,67599274
2022-01-09T07:00:00Z,136.14,137.02,135.65,136.53,64316771
2022-01-09T08:00:00Z,136.53,137.83,135.78,137.08,60502248
2022-01-09T09:00:00Z,137.08,138.03,136.27,137.22,56253136
2022-01-09T10:00:00Z,137.22,137.83,135.98,136.60,51678613
2022-01-09T11:00:00Z,136.60,137.23,134.65,135.29,46896519
2022-01-09T12:00:00Z,135.29,136.08,132.95,133.74,46270334
2022-01-09T13:00:00Z,133.74,134.46,131.84,132.56,49803124
2022-01-09T14:00:00Z,132.56,133.03,131.61,132.09,53137530
2022-01-09T15:00:00Z,132.09,133.03,131.36,132.29,56161784
2022-01-09T16:00:00Z,132.29,133.51,131.51,132.73,58772711
2022-01-09T17:00:00Z,132.73,133.42,132.13,132.83,60878771
2022-01-09T18:00:00Z,132.83,133.45,131.64,132.26,62402778
2022-01-09T19:00:00Z,132.26,133.04,130.32,131.10,64524137
2022-01-09T20:00:00Z,131.10,131.80,129.15,129.85,66114045
2022-01-09T21:00:00Z,129.85,130.32,128.62,129.09,66984124
2022-01-09T22:00:00Z,129.09,129.92,128.37,129.21,67125819
2022-01-09T23:00:00Z,129.21,130.91,128.44,130.14,66551291
2022-01-10T00:00:00Z,130.14,132.01,129.56,131.43,65292992
2022-01-10T01:00:00Z,131.43,133.09,130.80,132.46,63402655
2022-01-10T02:00:00Z,132.46,133.63,131.67,132.83,60949725
2022-01-10T03:00:00Z,132.83,133.54,131.84,132.54,58019289
2022-01-10T04:00:00Z,132.54,133.03,131.50,131.99,54709561
2022-01-10T05:00:00Z,131.99,132.73,130.96,131.70,51128983
2022-01-10T06:00:00Z,131.70,132.74,130.92,131.96,47393043
2022-01-10T07:00:00Z,131.96,133.27,131.38,132.68,52070933
2022-01-10T08:00:00Z,132.68,134.02,132.05,133.38,56588848
2022-01-10T09:00:00Z,133.38,134.27,132.58,133.47,60826708
2022-01-10T10:00:00Z,133.47,134.17,131.90,132.60,64671524
2022-01-10T11:00:00Z,132.60,133.09,130.38,130.87,68020606
2022-01-10T12:00:00Z,130.87,131.59,128.08,128.80,70784477
2022-01-10T13:00:00Z,128.80,129.55,126.30,127.05,72889411
2022-01-10T14:00:00Z,127.05,127.59,125.50,126.05,74279531
2022-01-10T15:00:00Z,126.05,126.65,125.21,125.82,74918389
2022-01-10T16:00:00Z,125.82,126.73,125.06,125.98,74790000
2022-01-10T17:00:00Z,125.98,126.66,125.31,126.00,73899288
2022-01-10T18:00:00Z,126.00,126.47,125.07,125.54,72271942
2022-01-10T19:00:00Z,125.54,126.24,123.98,124.68,69953669
2022-01-10T20:00:00Z,124.68,125.41,123.12,123.85,67008895
2022-01-10T21:00:00Z,123.85,124.38,123.04,123.58,63518914
2022-01-10T22:00:00Z,123.58,124.77,122.97,124.17,59579569
2022-01-10T23:00:00Z,124.17,126.25,123.42,125.50,55298520
2022-01-11T00:00:00Z,125.50,127.70,124.84,127.03,50792169
2022-01-11T01:00:00Z,127.03,128.60,126.54,128.11,50422647
2022-01-11T02:00:00Z,128.11,129.03,127.39,128.31,54191762
2022-01-11T03:00:00Z,128.31,129.05,126.90,127.64,57740997
2022-01-11T04:00:00Z,127.64,128.18,126.01,126.55,60957533
2022-01-11T05:00:00Z,126.55,127.16,124.97,125.59,63737251
2022-01-11T06:00:00Z,125.59,126.34,124.41,125.16,65987786
2022-01-11T07:00:00Z,125.16,125.87,124.50,125.22,67631245
2022-01-11T08:00:00Z,125.22,125.85,124.73,125.37,68606508
2022-01-11T09:00:00Z,125.37,126.08,124.37,125.08,68871060
2022-01-11T10:00:00Z,125.08,125.80,123.32,124.05,68402280
2022-01-11T11:00:00Z,124.05,124.56,121.85,122.37,67198169
2022-01-11T12:00:00Z,122.37,122.96,119.96,120.55,65277481
2022-01-11T13:00:00Z,120.55,121.27,118.49,119.20,62679262
2022-01-11T14:00:00Z,119.20,119.82,118.08,118.70,59461806
2022-01-11T15:00:00Z,118.70,119.44,118.23,118.98,55709940
2022-01-11T16:00:00Z,118.98,120.27,118.30,119.59,52896231
2022-01-11T17:00:00Z,119.59,120.64,118.90,119.95,49728323
2022-01-11T18:00:00Z,119.95,120.45,119.16,119.66,46313962
2022-01-11T19:00:00Z,119.66,120.25,118.19,118.78,42767824
2022-01-11T20:00:00Z,118.78,119.49,117.05,117.75,47658169
2022-01-11T21:00:00Z,117.75,118.36,116.54,117.15,52410153
2022-01-11T22:00:00Z,117.15,117.79,116.68,117.32,56902550
2022-01-11T23:00:00Z,117.32,118.89,116.65,118.22,61021123
2022-01-12T00:00:00Z,118.22,120.06,117.52,119.37,64661842
2022-01-12T01:00:00Z,119.37,120.71,118.87,120.21,67733801
2022-01-12T02:00:00Z,120.21,120.95,119.61,120.35,70161765
2022-01-12T03:00:00Z,120.35,121.07,119.13,119.85,71888275
2022-01-12T04:00:00Z,119.85,120.46,118.53,119.14,72875236
2022-01-12T05:00:00Z,119.14,119.62,118.30,118.78,73104957
2022-01-12T06:00:00Z,118.78,119.77,118.09,119.08,72580609
2022-01-12T07:00:00Z,119.08,120.66,118.39,119.97,71326084
2022-01-12T08:00:00Z,119.97,121.45,119.47,120.95,69385267
2022-01-12T09:00:00Z,120.95,122.03,120.34,121.42,66820732
2022-01-12T10:00:00Z,121.42,122.15,120.28,121.00,63711911
2022-01-12T11:00:00Z,121.00,121.61,119.15,119.76,60152782
2022-01-12T12:00:00Z,119.76,120.24,117.69,118.16,56249140
2022-01-12T13:00:00Z,118.16,118.84,116.16,116.83,52115542
2022-01-12T14:00:00Z,116.83,117.50,115.50,116.17,52112289
2022-01-12T15:00:00Z,116.17,116.66,115.70,116.19,56239398
2022-01-12T16:00:00Z,116.19,117.08,115.60,116.49,60136598
2022-01-12T17:00:00Z,116.49,117.26,115.79,116.56,63689364
2022-01-12T18:00:00Z,116.56,117.14,115.50,116.09,66791933
2022-01-12T19:00:00Z,116.09,116.56,114.71,115.18,69350357
2022-01-12T20:00:00Z,115.18,115.84,113.65,114.31,71285234
2022-01-12T21:00:00Z,114.31,114.96,113.40,114.05,72534019
2022-01-12T22:00:00Z,114.05,115.21,113.59,114.74,73052855
2022-01-12T23:00:00Z,114.74,116.87,114.15,116.28,72817877
2022-01-13T00:00:00Z,116.28,118.84,115.57,118.13,71825941
2022-01-13T01:00:00Z,118.13,120.25,117.53,119.65,70094760
2022-01-13T02:00:00Z,119.65,120.88,119.15,120.38,67662454
2022-01-13T03:00:00Z,120.38,121.08,119.62,120.31,64586503
2022-01-13T04:00:00Z,120.31,121.00,119.15,119.84,60942160
2022-01-13T05:00:00Z,119.84,120.31,119.01,119.48,56820350
2022-01-13T06:00:00Z,119.48,120.21,118.87,119.60,52325119
2022-01-13T07:00:00Z,119.60,120.84,118.88,120.12,47570717
2022-01-13T08:00:00Z,120.12,121.23,119.52,120.63,42678382
2022-01-13T09:00:00Z,120.63,121.13,120.09,120.59,46222969
2022-01-13T10:00:00Z,120.59,121.28,119.01,119.71,49636224
2022-01-13T11:00:00Z,119.71,120.38,117.44,118.11,52803478
2022-01-13T12:00:00Z,118.11,118.57,115.88,116.34,55794013
2022-01-13T13:00:00Z,116.34,116.93,114.44,115.04,59554505
2022-01-13T14:00:00Z,115.04,115.72,113.93,114.62,62771252
2022-01-13T15:00:00Z,114.62,115.65,114.05,115.08,65368311
2022-01-13T16:00:00Z,115.08,116.45,114.59,115.96,67287395
2022-01-13T17:00:00Z,115.96,117.38,115.28,116.70,68489464
2022-01-13T18:00:00Z,116.70,117.57,116.04,116.91,68955776
2022-01-13T19:00:00Z,116.91,117.36,116.15,116.61,68688340
2022-01-13T20:00:00Z,116.61,117.21,115.61,116.21,67709793
2022-01-13T21:00:00Z,116.21,116.95,115.52,116.26,66062666
2022-01-13T22:00:00Z,116.26,117.63,115.68,117.06,63808094
2022-01-13T23:00:00Z,117.06,119.02,116.56,118.51,61023993
2022-01-14T00:00:00Z,118.51,120.84,117.81,120.14,57802749
2022-01-14T01:00:00Z,120.14,122.02,119.45,121.33,54248504
2022-01-14T02:00:00Z,121.33,122.19,120.86,121.72,50474100
2022-01-14T03:00:00Z,121.72,122.35,120.73,121.36,50838082
2022-01-14T04:00:00Z,121.36,122.08,119.99,120.71,55338666
2022-01-14T05:00:00Z,120.71,121.30,119.77,120.36,59613753
2022-01-14T06:00:00Z,120.36,121.20,119.84,120.68,63546968
2022-01-14T07:00:00Z,120.68,122.34,119.97,121.62,67030683
2022-01-14T08:00:00Z,121.62,123.42,120.93,122.73,69969083
2022-01-14T09:00:00Z,122.73,123.89,122.26,123.42,72280906
2022-01-14T10:00:00Z,123.42,124.07,122.68,123.33,73901760
2022-01-14T11:00:00Z,123.33,124.06,121.78,122.51,74785966
2022-01-14T12:00:00Z,122.51,123.10,120.84,121.43,74907870
2022-01-14T13:00:00Z,121.43,121.95,120.13,120.65,74262577
2022-01-14T14:00:00Z,120.65,121.35,119.85,120.55,72866107
2022-01-14T15:00:00Z,120.55,121.78,119.87,121.10,70754936
2022-01-14T16:00:00Z,121.10,122.33,120.64,121.87,67984973
2022-01-14T17:00:00Z,121.87,122.95,121.22,122.30,64629974
2022-01-14T18:00:00Z,122.30,123.03,121.35,122.08,60779443
2022-01-14T19:00:00Z,122.08,122.66,120.72,121.30,56536101
2022-01-14T20:00:00Z,121.30,121.82,119.92,120.45,52012962
2022-01-14T21:00:00Z,120.45,121.15,119.42,120.13,47330132
2022-01-14T22:00:00Z,120.13,121.38,119.45,120.71,51061439
2022-01-14T23:00:00Z,120.71,122.58,120.25,122.13,54637716
2022-01-15T00:00:00Z,122.13,124.56,121.47,123.90,57943495
2022-01-15T01:00:00Z,123.90,126.15,123.15,125.40,60870352
2022-01-15T02:00:00Z,125.40,126.81,124.80,126.21,63320093
2022-01-15T03:00:00Z,126.21,126.88,125.66,126.32,65207645
2022-01-15T04:00:00Z,126.32,127.07,125.38,126.12,66463576
2022-01-15T05:00:00Z,126.12,126.83,125.42,126.12,67036167
2022-01-15T06:00:00Z,126.12,127.10,125.66,126.64,66892974
2022-01-15T07:00:00Z,126.64,128.25,125.96,127.57,66021843
2022-01-15T08:00:00Z,127.57,129.21,126.80,128.44,64431336
2022-01-15T09:00:00Z,128.44,129.31,127.83,128.70,62495725
2022-01-15T10:00:00Z,128.70,129.27,127.45,128.01,60971409
2022-01-15T11:00:00Z,128.01,128.76,125.75,126.49,58864585
2022-01-15T12:00:00Z,126.49,127.19,123.98,124.67,56252445
2022-01-15T13:00:00Z,124.67,125.12,122.76,123.21,53226534
2022-01-15T14:00:00Z,123.21,123.87,121.90,122.56,49890035
2022-01-15T15:00:00Z,122.56,123.46,121.83,122.73,46354725
2022-01-15T16:00:00Z,122.73,123.90,122.15,123.32,46977978
2022-01-15T17:00:00Z,123.32,124.36,122.77,123.81,51756740
2022-01-15T18:00:00Z,123.81,124.55,123.07,123.82,56327550
2022-01-15T19:00:00Z,123.82,124.50,122.75,123.43,60572582
2022-01-15T20:00:00Z,123.43,123.87,122.60,123.04,64382683
2022-01-15T21:00:00Z,123.04,123.85,122.38,123.19,67660440
2022-01-15T22:00:00Z,123.19,124.91,122.45,124.17,70322927
2022-01-15T23:00:00Z,124.17,126.44,123.58,125.85,72304035
2022-01-16T00:00:00Z,125.85,128.29,125.28,127.71,73556321
2022-01-16T01:00:00Z,127.71,129.87,126.95,129.10,74052327
2022-01-16T02:00:00Z,129.10,130.33,128.39,129.62,73785328
2022-01-16T03:00:00Z,129.62,130.08,128.82,129.28,72769488
2022-01-16T04:00:00Z,129.28,129.98,127.84,128.54,71039421
2022-01-16T05:00:00Z,128.54,129.30,127.22,127.98,68649170
2022-01-16T06:00:00Z,127.98,128.58,127.39,127.99,65670627
2022-01-16T07:00:00Z,127.99,129.12,127.40,128.53,62191457
2022-01-16T08:00:00Z,128.53,129.97,127.77,129.20,58312559
2022-01-16T09:00:00Z,129.20,130.16,128.49,129.45,54145163
2022-01-16T10:00:00Z,129.45,129.91,128.50,128.96,49807632
2022-01-16T11:00:00Z,128.96,129.65,127.12,127.81,53872104
2022-01-16T12:00:00Z,127.81,128.56,125.74,126.49,57767779
2022-01-16T13:00:00Z,126.49,127.07,125.01,125.59,61377625
2022-01-16T14:00:00Z,125.59,126.16,124.90,125.47,64591729
2022-01-16T15:00:00Z,125.47,126.83,124.72,126.08,67310489
2022-01-16T16:00:00Z,126.08,127.64,125.39,126.95,69447516
2022-01-16T17:00:00Z,126.95,127.95,126.50,127.50,70932155
2022-01-16T18:00:00Z,127.50,128.20,126.67,127.37,71711566
2022-01-16T19:00:00Z,127.37,128.12,125.86,126.61,71752294
2022-01-16T20:00:00Z,126.61,127.18,125.11,125.68,71041282
2022-01-16T21:00:00Z,125.68,126.26,124.59,125.17,69586309
2022-01-16T22:00:00Z,125.17,126.20,124.43,125.46,67415825
2022-01-16T23:00:00Z,125.46,127.16,124.77,126.48,64578201
2022-01-17T00:00:00Z,126.48,128.23,126.02,127.77,61140404
2022-01-17T01:00:00Z,127.77,129.48,127.07,128.77,57186144
2022-01-17T02:00:00Z,128.77,129.84,128.00,129.07,52813538
2022-01-17T03:00:00Z,129.07,129.66,128.15,128.73,48132368
2022-01-17T04:00:00Z,128.73,129.33,127.55,128.15,43260997
2022-01-17T05:00:00Z,128.15,128.91,127.11,127.88,42563341
2022-01-17T06:00:00Z,127.88,128.92,127.18,128.23,46556084
2022-01-17T07:00:00Z,128.23,129.57,127.76,129.10,51252733
2022-01-17T08:00:00Z,129.10,130.73,128.39,130.02,55648463
2022-01-17T09:00:00Z,130.02,131.13,129.24,130.36,59633379
2022-01-17T10:00:00Z,130.36,130.94,129.20,129.78,63109213
2022-01-17T11:00:00Z,129.78,130.38,127.74,128.34,65992069
2022-01-17T12:00:00Z,128.34,129.10,125.79,126.54,68214758
2022-01-17T13:00:00Z,126.54,127.22,124.35,125.02,69728655
2022-01-17T14:00:00Z,125.02,125.47,123.74,124.19,70505020
2022-01-17T15:00:00Z,124.19,124.88,123.39,124.08,70535754
2022-01-17T16:00:00Z,124.08,125.03,123.34,124.30,69833564
2022-01-17T17:00:00Z,124.30,124.89,123.75,124.34,68431527
2022-01-17T18:00:00Z,124.34,124.93,123.30,123.89,66382079
2022-01-17T19:00:00Z,123.89,124.62,122.30,123.04,63755444
2022-01-17T20:00:00Z,123.04,123.69,121.59,122.25,60637562
2022-01-17T21:00:00Z,122.25,122.70,121.63,122.08,57127563
2022-01-17T22:00:00Z,122.08,123.54,121.39,122.85,53334870
2022-01-17T23:00:00Z,122.85,125.18,122.12,124.45,49376012
2022-01-18T00:00:00Z,124.45,126.88,123.89,126.33,53821270
2022-01-18T01:00:00Z,126.33,128.45,125.72,127.84,58097980
2022-01-18T02:00:00Z,127.84,129.30,127.07,128.53,62087244
2022-01-18T03:00:00Z,128.53,129.21,127.71,128.39,65677290
2022-01-18T04:00:00Z,128.39,128.87,127.36,127.83,68766676
2022-01-18T05:00:00Z,127.83,128.55,126.69,127.40,71267195
2022-01-18T06:00:00Z,127.40,128.19,126.65,127.44,73106414
2022-01-18T07:00:00Z,127.44,128.48,126.89,127.92,74229755
2022-01-18T08:00:00Z,127.92,129.05,127.31,128.43,74602079
2022-01-18T09:00:00Z,128.43,129.20,127.66,128.43,74208705
2022-01-18T10:00:00Z,128.43,129.10,126.95,127.62,73055856
2022-01-18T11:00:00Z,127.62,128.09,125.66,126.14,71170502
2022-01-18T12:00:00Z,126.14,126.84,123.80,124.49,68599618
2022-01-18T13:00:00Z,124.49,125.22,122.60,123.33,65408864
2022-01-18T14:00:00Z,123.33,123.86,122.51,123.04,61680740
2022-01-18T15:00:00Z,123.04,124.18,122.44,123.58,57512256
2022-01-18T16:00:00Z,123.58,125.26,122.84,124.52,53012193
2022-01-18T17:00:00Z,124.52,125.90,123.86,125.25,48298027
2022-01-18T18:00:00Z,125.25,125.86,124.77,125.38,47732906
2022-01-18T19:00:00Z,125.38,126.09,124.26,124.96,51319596
2022-01-18T20:00:00Z,124.96,125.69,123.66,124.39,54700475
2022-01-18T21:00:00Z,124.39,124.92,123.69,124.22,57763546
2022-01-18T22:00:00Z,124.22,125.40,123.61,124.79,60405444
2022-01-18T23:00:00Z,124.79,126.76,124.03,126.01,62534479
2022-01-19T00:00:00Z,126.01,128.07,125.34,127.40,64073350
2022-01-19T01:00:00Z,127.40,128.89,126.91,128.40,64961453
2022-01-19T02:00:00Z,128.40,129.34,127.67,128.62,65156698
2022-01-19T03:00:00Z,128.62,129.36,127.38,128.12,65318142
2022-01-19T04:00:00Z,128.12,128.66,126.83,127.37,65477737
2022-01-19T05:00:00Z,127.37,128.00,126.32,126.94,64929182
2022-01-19T06:00:00Z,126.94,127.96,126.18,127.20,63704801
2022-01-19T07:00:00Z,127.20,128.73,126.54,128.07,61856161
2022-01-19T08:00:00Z,128.07,129.59,127.57,129.09,59452502
2022-01-19T09:00:00Z,129.09,130.40,128.35,129.67,56578672
2022-01-19T10:00:00Z,129.67,130.42,128.67,129.42,53332605
2022-01-19T11:00:00Z,129.42,129.96,127.88,128.42,49822432
2022-01-19T12:00:00Z,128.42,129.05,126.49,127.12,46163297
2022-01-19T13:00:00Z,127.12,127.88,125.35,126.11,50924015
2022-01-19T14:00:00Z,126.11,126.75,125.12,125.77,55530376
2022-01-19T15:00:00Z,125.77,126.59,125.28,126.10,59861866
2022-01-19T16:00:00Z,126.10,127.39,125.37,126.67,63805038
2022-01-19T17:00:00Z,126.67,127.69,125.93,126.95,67256720
2022-01-19T18:00:00Z,126.95,127.48,126.12,126.64,70126932
2022-01-19T19:00:00Z,126.64,127.27,125.21,125.84,72341428
2022-01-19T20:00:00Z,125.84,126.59,124.29,125.04,73843794
2022-01-19T21:00:00Z,125.04,125.68,124.19,124.83,74597033
2022-01-19T22:00:00Z,124.83,126.08,124.33,125.58,74584599
2022-01-19T23:00:00Z,125.58,127.93,124.85,127.20,73810848
2022-01-20T00:00:00Z,127.20,129.95,126.46,129.20,72300895
2022-01-20T01:00:00Z,129.20,131.48,128.66,130.94,70099874
2022-01-20T02:00:00Z,130.94,132.63,130.28,131.97,67271636
2022-01-20T03:00:00Z,131.97,133.08,131.18,132.28,63896903
2022-01-20T04:00:00Z,132.28,132.96,131.59,132.26,60070956
2022-01-20T05:00:00Z,132.26,132.95,131.73,132.41,55900897
2022-01-20T06:00:00Z,132.41,133.83,131.65,133.06,51502587
2022-01-20T07:00:00Z,133.06,134.89,132.29,134.12,51237625
2022-01-20T08:00:00Z,134.12,135.68,133.57,135.13,55107309
2022-01-20T09:00:00Z,135.13,136.23,134.45,135.55,58752629
2022-01-20T10:00:00Z,135.55,136.36,134.24,135.05,62060294
2022-01-20T11:00:00Z,135.05,135.73,133.09,133.76,64925740
2022-01-20T12:00:00Z,133.76,134.30,131.69,132.22,67256183
2022-01-20T13:00:00Z,132.22,132.98,130.33,131.09,68973335
2022-01-20T14:00:00Z,131.09,131.84,130.05,130.80,70015719
2022-01-20T15:00:00Z,130.80,131.89,130.27,131.36,70340489
2022-01-20T16:00:00Z,131.36,133.02,130.68,132.35,69924731
2022-01-20T17:00:00Z,132.35,134.01,131.55,133.21,68766184
2022-01-20T18:00:00Z,133.21,134.26,132.54,133.59,66883380
2022-01-20T19:00:00Z,133.59,134.14,132.97,133.51,64315179
2022-01-20T20:00:00Z,133.51,134.28,132.62,133.39,61119729
2022-01-20T21:00:00Z,133.39,134.52,132.63,133.76,57372867
2022-01-20T22:00:00Z,133.76,135.44,133.22,134.90,53166020
2022-01-20T23:00:00Z,134.90,137.40,134.20,136.70,48603652
2022-01-21T00:00:00Z,136.70,139.48,135.87,138.64,44649700
2022-01-21T01:00:00Z,138.64,140.81,137.94,140.11,41122437
2022-01-21T02:00:00Z,140.11,141.29,139.53,140.70,46039718
2022-01-21T03:00:00Z,140.70,141.52,139.65,140.47,50826563
2022-01-21T04:00:00Z,140.47,141.26,139.06,139.86,55361578
2022-01-21T05:00:00Z,139.86,140.41,138.92,139.47,59530317
2022-01-21T06:00:00Z,139.47,140.41,138.75,139.69,63228504
2022-01-21T07:00:00Z,139.69,141.32,138.84,140.48,66364950
2022-01-21T08:00:00Z,140.48,142.13,139.78,141.43,68864108
2022-01-21T09:00:00Z,141.43,142.57,140.84,141.98,70668166
2022-01-21T10:00:00Z,141.98,142.80,140.96,141.78,71738652
2022-01-21T11:00:00Z,141.78,142.58,140.12,140.92,72057465
2022-01-21T12:00:00Z,140.92,141.47,139.31,139.86,71627339
2022-01-21T13:00:00Z,139.86,140.58,138.47,139.19,70471706
2022-01-21T14:00:00Z,139.19,140.10,138.35,139.27,68633965
2022-01-21T15:00:00Z,139.27,140.73,138.58,140.04,66176186
2022-01-21T16:00:00Z,140.04,141.66,139.45,141.07,63177279
2022-01-21T17:00:00Z,141.07,142.59,140.24,141.76,59730682
2022-01-21T18:00:00Z,141.76,142.59,140.96,141.79,55941639
2022-01-21T19:00:00Z,141.79,142.33,140.67,141.21,51924146
2022-01-21T20:00:00Z,141.21,141.94,139.78,140.51,52037936
2022-01-21T21:00:00Z,140.51,141.35,139.45,140.29,56282452
2022-01-21T22:00:00Z,140.29,141.61,139.60,140.92,60296848
2022-01-21T23:00:00Z,140.92,142.95,140.31,142.34,63966026
2022-01-22T00:00:00Z,142.34,144.94,141.50,144.10,67183651
2022-01-22T01:00:00Z,144.10,146.41,143.28,145.59,69855212
2022-01-22T02:00:00Z,145.59,146.98,145.03,146.42,71900754
2022-01-22T03:00:00Z,146.42,147.37,145.65,146.60,73257189
2022-01-22T04:00:00Z,146.60,147.48,145.66,146.54,73880133
2022-01-22T05:00:00Z,146.54,147.47,145.83,146.75,73745211
2022-01-22T06:00:00Z,146.75,148.19,146.12,147.56,72848788
2022-01-22T07:00:00Z,147.56,149.71,146.69,148.84,71208112
2022-01-22T08:00:00Z,148.84,150.96,147.99,150.11,68860856
2022-01-22T09:00:00Z,150.11,151.36,149.54,150.79,65864086
2022-01-22T10:00:00Z,150.79,151.58,149.71,150.50,62292666
2022-01-22T11:00:00Z,150.50,151.39,148.46,149.35,58237164
2022-01-22T12:00:00Z,149.35,150.06,147.12,147.83,53801302
2022-01-22T13:00:00Z,147.83,148.47,145.96,146.60,49099039
2022-01-22T14:00:00Z,146.60,147.46,145.23,146.09,44251357
2022-01-22T15:00:00Z,146.09,147.14,145.27,146.32,47832892
2022-01-22T16:00:00Z,146.32,147.46,145.77,146.91,51275210
2022-01-22T17:00:00Z,146.91,148.11,146.13,147.33,54463500
2022-01-22T18:00:00Z,147.33,148.21,146.39,147.27,57289913
2022-01-22T19:00:00Z,147.27,147.97,146.08,146.79,59656747
2022-01-22T20:00:00Z,146.79,147.43,145.69,146.34,61479335
2022-01-22T21:00:00Z,146.34,147.32,145.47,146.46,63705887
2022-01-22T22:00:00Z,146.46,148.29,145.64,147.47,65644820
2022-01-22T23:00:00Z,147.47,149.78,146.92,149.23,66874784
2022-01-23T00:00:00Z,149.23,152.01,148.42,151.20,67376898
2022-01-23T01:00:00Z,151.20,153.65,150.29,152.74,67152999
2022-01-23T02:00:00Z,152.74,154.13,152.01,153.40,66225508
2022-01-23T03:00:00Z,153.40,154.07,152.51,153.19,64636707
2022-01-23T04:00:00Z,153.19,154.08,151.62,152.52,62447447
2022-01-23T05:00:00Z,152.52,153.37,151.13,151.97,59735321
2022-01-23T06:00:00Z,151.97,152.53,151.36,151.92,56592365
2022-01-23T07:00:00Z,151.92,153.13,151.10,152.32,53122334
2022-01-23T08:00:00Z,152.32,153.68,151.40,152.76,49437662
2022-01-23T09:00:00Z,152.76,153.48,152.02,152.74,49896452
2022-01-23T10:00:00Z,152.74,153.42,151.26,151.94,54496457
2022-01-23T11:00:00Z,151.94,152.82,149.59,150.47,58875090
2022-01-23T12:00:00Z,150.47,151.30,148.04,148.86,62915468
2022-01-23T13:00:00Z,148.86,149.39,147.17,147.71,66509439
2022-01-23T14:00:00Z,147.71,148.50,146.62,147.41,69560649
2022-01-23T15:00:00Z,147.41,148.79,146.53,147.91,71987282
2022-01-23T16:00:00Z,147.91,149.46,147.22,148.76,73724384
2022-01-23T17:00:00Z,148.76,150.04,148.09,149.36,74725707
2022-01-23T18:00:00Z,149.36,150.25,148.45,149.33,74965022
2022-01-23T19:00:00Z,149.33,150.15,147.89,148.71,74436862
2022-01-23T20:00:00Z,148.71,149.24,147.40,147.92,73156670
2022-01-23T21:00:00Z,147.92,148.72,146.74,147.54,71160354
2022-01-23T22:00:00Z,147.54,148.79,146.66,147.91,68503262
2022-01-23T23:00:00Z,147.91,149.65,147.22,148.96,65258593
2022-01-24T00:00:00Z,148.96,150.91,148.28,150.23,61515314
2022-01-24T01:00:00Z,150.23,152.04,149.34,151.15,57375620
2022-01-24T02:00:00Z,151.15,152.16,150.32,151.33,52952017
2022-01-24T03:00:00Z,151.33,151.86,150.30,150.84,48364123
2022-01-24T04:00:00Z,150.84,151.65,149.30,150.11,52185302
2022-01-24T05:00:00Z,150.11,151.00,148.83,149.72,55845946
2022-01-24T06:00:00Z,149.72,150.69,149.03,150.00,59230174
2022-01-24T07:00:00Z,150.00,151.56,149.31,150.87,62229178
2022-01-24T08:00:00Z,150.87,152.74,149.97,151.84,64744411
2022-01-24T09:00:00Z,151.84,153.15,151.01,152.32,66690478
2022-01-24T10:00:00Z,152.32,152.85,151.39,151.92,67997662
2022-01-24T11:00:00Z,151.92,152.74,149.88,150.70,68613991
2022-01-24T12:00:00Z,150.70,151.59,148.25,149.13,68506808
2022-01-24T13:00:00Z,149.13,149.81,147.14,147.82,67663783
2022-01-24T14:00:00Z,147.82,148.50,146.48,147.16,66093339
2022-01-24T15:00:00Z,147.16,148.03,146.27,147.14,63824493
2022-01-24T16:00:00Z,147.14,148.18,146.34,147.38,60906097
2022-01-24T17:00:00Z,147.38,147.90,146.82,147.35,57405514
2022-01-24T18:00:00Z,147.35,148.15,145.93,146.74,54591977
2022-01-24T19:00:00Z,146.74,147.60,144.79,145.66,51586886
2022-01-24T20:00:00Z,145.66,146.31,143.93,144.58,48279239
2022-01-24T21:00:00Z,144.58,145.25,143.43,144.10,44780672
2022-01-24T22:00:00Z,144.10,145.43,143.24,144.57,45448376
2022-01-24T23:00:00Z,144.57,146.67,143.78,145.88,50279082
2022-01-25T00:00:00Z,145.88,148.05,145.35,147.52,54909072
2022-01-25T01:00:00Z,147.52,149.66,146.70,148.84,59220234
2022-01-25T02:00:00Z,148.84,150.28,147.96,149.40,63103088
2022-01-25T03:00:00Z,149.40,150.06,148.50,149.17,66459865
2022-01-25T04:00:00Z,149.17,149.87,147.85,148.54,69207252
2022-01-25T05:00:00Z,148.54,149.43,147.17,148.05,71278725
2022-01-25T06:00:00Z,148.05,148.84,147.22,148.02,72626398
2022-01-25T07:00:00Z,148.02,148.92,147.48,148.38,73222346
2022-01-25T08:00:00Z,148.38,149.54,147.56,148.71,73059354
2022-01-25T09:00:00Z,148.71,149.59,147.59,148.46,72151077
2022-01-25T10:00:00Z,148.46,149.12,146.68,147.34,70531602
2022-01-25T11:00:00Z,147.34,148.02,144.78,145.47,68254430
2022-01-25T12:00:00Z,145.47,146.33,142.54,143.39,65390900
2022-01-25T13:00:00Z,143.39,144.15,141.01,141.77,62028112
2022-01-25T14:00:00Z,141.77,142.29,140.50,141.02,58266397
2022-01-25T15:00:00Z,141.02,141.92,140.23,141.14,54216410
2022-01-25T16:00:00Z,141.14,142.53,140.30,141.70,49995939
2022-01-25T17:00:00Z,141.70,142.76,141.07,142.13,54176549
2022-01-25T18:00:00Z,142.13,142.81,141.38,142.05,58186870
2022-01-25T19:00:00Z,142.05,142.90,140.65,141.49,61909309
2022-01-25T20:00:00Z,141.49,142.24,140.12,140.87,65233403
2022-01-25T21:00:00Z,140.87,141.39,140.17,140.69,68059010
2022-01-25T22:00:00Z,140.69,142.08,139.91,141.29,70299217
2022-01-25T23:00:00Z,141.29,143.38,140.45,142.55,71882864
2022-01-26T00:00:00Z,142.55,144.59,141.92,143.96,72756628
2022-01-26T01:00:00Z,143.96,145.63,143.27,144.93,72886589
2022-01-26T02:00:00Z,144.93,145.94,144.07,145.07,72259255
2022-01-26T03:00:00Z,145.07,145.84,143.67,144.44,70881993
2022-01-26T04:00:00Z,144.44,144.98,142.95,143.49,68782875
2022-01-26T05:00:00Z,143.49,144.29,142.02,142.82,66009921
2022-01-26T06:00:00Z,142.82,143.66,141.97,142.81,62629782
2022-01-26T07:00:00Z,142.81,144.03,142.19,143.41,58725884
2022-01-26T08:00:00Z,143.41,144.88,142.71,144.18,54396099
2022-01-26T09:00:00Z,144.18,145.42,143.32,144.56,49749999
2022-01-26T10:00:00Z,144.56,145.31,143.41,144.17,44905774
2022-01-26T11:00:00Z,144.17,144.71,142.54,143.09,44227208
2022-01-26T12:00:00Z,143.09,143.89,140.97,141.76,47717625
2022-01-26T13:00:00Z,141.76,142.59,139.96,140.78,51019873
2022-01-26T14:00:00Z,140.78,141.38,139.91,140.51,54022341
2022-01-26T15:00:00Z,140.51,141.58,139.82,140.90,57974983
2022-01-26T16:00:00Z,140.90,142.36,140.05,141.51,61472608
2022-01-26T17:00:00Z,141.51,142.53,140.77,141.79,64385273
2022-01-26T18:00:00Z,141.79,142.33,140.85,141.40,66645640
2022-01-26T19:00:00Z,141.40,142.19,139.64,140.43,68204901
2022-01-26T20:00:00Z,140.43,141.24,138.56,139.37,69034092
2022-01-26T21:00:00Z,139.37,139.96,138.23,138.82,69124858
2022-01-26T22:00:00Z,138.82,139.85,138.14,139.16,68489610
2022-01-26T23:00:00Z,139.16,141.17,138.32,140.33,67161098
2022-01-27T00:00:00Z,140.33,142.59,139.59,141.85,65191397
2022-01-27T01:00:00Z,141.85,143.67,141.29,143.11,62650342
2022-01-27T02:00:00Z,143.11,144.51,142.29,143.70,59623452
2022-01-27T03:00:00Z,143.70,144.53,142.78,143.61,56209412
2022-01-27T04:00:00Z,143.61,144.22,142.65,143.25,52517176
2022-01-27T05:00:00Z,143.25,143.96,142.42,143.13,48662779
2022-01-27T06:00:00Z,143.13,144.41,142.27,143.55,53215992
2022-01-27T07:00:00Z,143.55,145.16,142.80,144.41,57603622
2022-01-27T08:00:00Z,144.41,145.82,143.84,145.25,61706226
2022-01-27T09:00:00Z,145.25,146.30,144.42,145.47,65411479
2022-01-27T10:00:00Z,145.47,146.31,143.91,144.75,68617374
2022-01-27T11:00:00Z,144.75,145.34,142.59,143.18,71235134
2022-01-27T12:00:00Z,143.18,143.89,140.60,141.31,73191750
2022-01-27T13:00:00Z,141.31,142.14,138.93,139.77,74432071
2022-01-27T14:00:00Z,139.77,140.48,138.31,139.02,74920383
2022-01-27T15:00:00Z,139.02,139.63,138.47,139.08,74641438
2022-01-27T16:00:00Z,139.08,140.35,138.28,139.55,73600899
2022-01-27T17:00:00Z,139.55,140.72,138.74,139.91,71825186
2022-01-27T18:00:00Z,139.91,140.49,139.24,139.82,69360735
2022-01-27T19:00:00Z,139.82,140.52,138.64,139.34,66272687
2022-01-27T20:00:00Z,139.34,140.17,138.05,138.89,62643037
2022-01-27T21:00:00Z,138.89,139.71,138.18,139.00,58568314
2022-01-27T22:00:00Z,139.00,140.55,138.44,139.99,54156840
2022-01-27T23:00:00Z,139.99,142.52,139.18,141.71,49525657
2022-01-28T00:00:00Z,141.71,144.46,140.88,143.63,49037505
2022-01-28T01:00:00Z,143.63,145.70,143.04,145.11,52694775
2022-01-28T02:00:00Z,145.11,146.44,144.37,145.71,56139497
2022-01-28T03:00:00Z,145.71,146.58,144.59,145.46,59259363
2022-01-28T04:00:00Z,145.46,146.20,144.06,144.80,61950730
2022-01-28T05:00:00Z,144.80,145.38,143.71,144.30,64121665
2022-01-28T06:00:00Z,144.30,145.17,143.47,144.34,65694663
2022-01-28T07:00:00Z,144.34,145.73,143.50,144.90,66608951
2022-01-28T08:00:00Z,144.90,146.15,144.31,145.56,66822311
2022-01-28T09:00:00Z,145.56,146.53,144.82,145.79,66312375
2022-01-28T10:00:00Z,145.79,146.66,144.40,145.28,65077344
2022-01-28T11:00:00Z,145.28,146.00,143.39,144.12,63258327
2022-01-28T12:00:00Z,144.12,144.70,142.21,142.80,62048595
2022-01-28T13:00:00Z,142.80,143.62,141.10,141.92,60222716
2022-01-28T14:00:00Z,141.92,142.73,141.04,141.85,57849819
2022-01-28T15:00:00Z,141.85,143.11,141.28,142.54,55014600
2022-01-28T16:00:00Z,142.54,144.26,141.81,143.53,51814806
2022-01-28T17:00:00Z,143.53,145.08,142.66,144.21,48358340
2022-01-28T18:00:00Z,144.21,144.94,143.49,144.22,44760082
2022-01-28T19:00:00Z,144.22,144.81,143.02,143.61,49588551
2022-01-28T20:00:00Z,143.61,144.44,142.00,142.82,54269204
2022-01-28T21:00:00Z,142.82,143.64,141.62,142.44,58681163
2022-01-28T22:00:00Z,142.44,143.39,141.87,142.82,62710587
2022-01-28T23:00:00Z,142.82,144.65,142.08,143.91,66253882
2022-01-29T00:00:00Z,143.91,146.13,143.04,145.25,69220619
2022-01-29T01:00:00Z,145.25,147.00,144.53,146.27,71536079
2022-01-29T02:00:00Z,146.27,147.19,145.66,146.58,73143353
2022-01-29T03:00:00Z,146.58,147.43,145.38,146.23,74004931
2022-01-29T04:00:00Z,146.23,147.06,144.82,145.65,74103736
2022-01-29T05:00:00Z,145.65,146.22,144.81,145.38,73443579
2022-01-29T06:00:00Z,145.38,146.51,144.63,145.76,72049020
2022-01-29T07:00:00Z,145.76,147.56,144.88,146.68,69964626
2022-01-29T08:00:00Z,146.68,148.39,145.95,147.66,67253677
2022-01-29T09:00:00Z,147.66,148.73,147.04,148.10,63996322
2022-01-29T10:00:00Z,148.10,148.96,146.77,147.63,60287266
2022-01-29T11:00:00Z,147.63,148.46,145.48,146.31,56233038
2022-01-29T12:00:00Z,146.31,146.87,144.06,144.62,51948932
2022-01-29T13:00:00Z,144.62,145.37,142.45,143.19,51795988
2022-01-29T14:00:00Z,143.19,144.05,141.59,142.44,55774956
2022-01-29T15:00:00Z,142.44,143.14,141.68,142.38,59526288
2022-01-29T16:00:00Z,142.38,143.22,141.77,142.61,62936177
2022-01-29T17:00:00Z,142.61,143.47,141.78,142.63,65899557
2022-01-29T18:00:00Z,142.63,143.44,141.33,142.13,68323163
2022-01-29T19:00:00Z,142.13,142.67,140.67,141.21,70128254
2022-01-29T20:00:00Z,141.21,141.94,139.60,140.33,71252919
2022-01-29T21:00:00Z,140.33,141.17,139.23,140.07,71653910
2022-01-29T22:00:00Z,140.07,141.44,139.38,140.76,71307939
2022-01-29T23:00:00Z,140.76,142.89,140.15,142.28,70212406
2022-01-30T00:00:00Z,142.28,144.95,141.43,144.10,68385531
2022-01-30T01:00:00Z,144.10,146.39,143.28,145.57,65865902
2022-01-30T02:00:00Z,145.57,146.80,145.02,146.24,62711429
2022-01-30T03:00:00Z,146.24,147.01,145.33,146.10,58997747
2022-01-30T04:00:00Z,146.10,146.97,144.65,145.53,54816122
2022-01-30T05:00:00Z,145.53,146.23,144.37,145.07,50270893
2022-01-30T06:00:00Z,145.07,145.71,144.44,145.08,45476554
2022-01-30T07:00:00Z,145.08,146.35,144.22,145.49,40554539
2022-01-30T08:00:00Z,145.49,146.71,144.68,145.90,44370190
2022-01-30T09:00:00Z,145.90,146.44,145.21,145.76,49172664
2022-01-30T10:00:00Z,145.76,146.52,144.01,144.78,53731407
2022-01-30T11:00:00Z,144.78,145.63,142.23,143.08,57931860
2022-01-30T12:00:00Z,143.08,143.76,140.53,141.21,61669589
2022-01-30T13:00:00Z,141.21,141.82,139.17,139.79,64853214
2022-01-30T14:00:00Z,139.79,140.60,138.42,139.24,67406953
2022-01-30T15:00:00Z,139.24,140.30,138.46,139.53,69272732
2022-01-30T16:00:00Z,139.53,140.73,139.00,140.21,70411772
2022-01-30T17:00:00Z,140.21,141.46,139.46,140.71,70805639
2022-01-30T18:00:00Z,140.71,141.55,139.79,140.63,70456698
2022-01-30T19:00:00Z,140.63,141.30,139.34,140.00,69387984
2022-01-30T20:00:00Z,140.00,140.62,138.62,139.24,67642470
2022-01-30T21:00:00Z,139.24,140.06,138.06,138.88,65281774
2022-01-30T22:00:00Z,138.88,140.02,138.10,139.24,62384331
2022-01-30T23:00:00Z,139.24,140.75,138.73,140.24,59043081
2022-01-31T00:00:00Z,140.24,142.14,139.48,141.39,55362755
2022-01-31T01:00:00Z,141.39,142.94,140.54,142.09,51456813
2022-01-31T02:00:00Z,142.09,142.76,141.32,141.99,51684443
2022-01-31T03:00:00Z,141.99,142.62,140.51,141.14,56044531
2022-01-31T04:00:00Z,141.14,141.96,139.17,140.00,60175664
2022-01-31T05:00:00Z,140.00,140.77,138.38,139.15,63962172
2022-01-31T06:00:00Z,139.15,139.65,138.47,138.97,67297146
2022-01-31T07:00:00Z,138.97,140.16,138.22,139.41,70085501
2022-01-31T08:00:00Z,139.41,140.83,138.57,139.99,72246709
2022-01-31T09:00:00Z,139.99,140.80,139.33,140.15,73717114
2022-01-31T10:00:00Z,140.15,140.77,138.87,139.50,74451777
2022-01-31T11:00:00Z,139.50,140.32,137.30,138.11,74425773
2022-01-31T12:00:00Z,138.11,138.87,135.69,136.44,73634936
2022-01-31T13:00:00Z,136.44,136.93,134.59,135.07,72095993
2022-01-31T14:00:00Z,135.07,135.80,133.66,134.38,69846123
2022-01-31T15:00:00Z,134.38,135.18,133.55,134.35,66941913
2022-01-31T16:00:00Z,134.35,135.16,133.72,134.54,63457774
2022-01-31T17:00:00Z,134.54,135.15,133.82,134.43,59483846
2022-01-31T18:00:00Z,134.43,135.22,132.89,133.68,55123452
2022-01-31T19:00:00Z,133.68,134.41,131.69,132.42,50490180
2022-01-31T20:00:00Z,132.42,132.88,130.65,131.12,45704676
2022-01-31T21:00:00Z,131.12,131.83,129.68,130.38,49341271
2022-01-31T22:00:00Z,130.38,131.36,129.61,130.59,52831261
2022-01-31T23:00:00Z,130.59,132.26,129.98,131.66,56059600
2022-02-01T00:00:00Z,131.66,133.70,131.05,133.10,58918245
2022-02-01T01:00:00Z,133.10,135.08,132.30,134.28,61309336
2022-02-01T02:00:00Z,134.28,135.52,133.55,134.78,63148086
2022-02-01T03:00:00Z,134.78,135.26,134.12,134.59,64365304
2022-02-01T04:00:00Z,134.59,135.32,133.35,134.08,64909458
2022-02-01T05:00:00Z,134.08,134.88,132.98,133.78,65206702
2022-02-01T06:00:00Z,133.78,134.59,133.16,133.98,65725422
2022-02-01T07:00:00Z,133.98,135.22,133.36,134.60,65526218
2022-02-01T08:00:00Z,134.60,135.98,133.80,135.18,64631390
2022-02-01T09:00:00Z,135.18,135.92,134.42,135.15,63083060
2022-02-01T10:00:00Z,135.15,135.63,133.71,134.19,60941880
2022-02-01T11:00:00Z,134.19,134.91,131.69,132.41,58285209
2022-02-01T12:00:00Z,132.41,133.19,129.59,130.36,55204809
2022-02-01T13:00:00Z,130.36,130.94,128.10,128.68,51804133
2022-02-01T14:00:00Z,128.68,129.28,127.24,127.83,48195270
2022-02-01T15:00:00Z,127.83,128.59,127.05,127.81,48735956
2022-02-01T16:00:00Z,127.81,128.92,127.12,128.22,53423540
2022-02-01T17:00:00Z,128.22,128.98,127.76,128.52,57895007
2022-02-01T18:00:00Z,128.52,129.23,127.64,128.34,62033020
2022-02-01T19:00:00Z,128.34,129.10,126.98,127.74,65728948
2022-02-01T20:00:00Z,127.74,128.31,126.55,127.12,68885938
2022-02-01T21:00:00Z,127.12,127.71,126.42,127.01,71421656
2022-02-01T22:00:00Z,127.01,128.48,126.25,127.72,73270613
2022-02-01T23:00:00Z,127.72,129.80,127.02,129.10,74386014
2022-02-02T00:00:00Z,129.10,131.13,128.63,130.65,74741071
2022-02-02T01:00:00Z,130.65,132.46,129.92,131.73,74329750
2022-02-02T02:00:00Z,131.73,132.71,130.95,131.93,73166921
2022-02-02T03:00:00Z,131.93,132.52,130.71,131.29,71287918
2022-02-02T04:00:00Z,131.29,131.91,129.65,130.27,68747514
2022-02-02T05:00:00Z,130.27,131.04,128.67,129.44,65618337
2022-02-02T06:00:00Z,129.44,130.13,128.51,129.20,61988788
2022-02-02T07:00:00Z,129.20,130.00,128.73,129.53,57960504
2022-02-02T08:00:00Z,129.53,130.73,128.81,130.00,53645447
2022-02-02T09:00:00Z,130.00,130.85,129.24,130.08,49162702
2022-02-02T10:00:00Z,130.08,130.65,128.86,129.43,53085120
2022-02-02T11:00:00Z,129.43,130.04,127.53,128.14,56842595
2022-02-02T12:00:00Z,128.14,128.89,125.92,126.68,60318772
2022-02-02T13:00:00Z,126.68,127.35,124.97,125.64,63404393
2022-02-02T14:00:00Z,125.64,126.11,124.93,125.40,66000487
2022-02-02T15:00:00Z,125.40,126.59,124.70,125.89,68021263
2022-02-02T16:00:00Z,125.89,127.40,125.14,126.65,69396637
2022-02-02T17:00:00Z,126.65,127.67,126.10,127.12,70074305
2022-02-02T18:00:00Z,127.12,127.72,126.31,126.92,70021308
2022-02-02T19:00:00Z,126.92,127.67,125.37,126.13,69225050
2022-02-02T20:00:00Z,126.13,126.79,124.54,125.20,67693727
2022-02-02T21:00:00Z,125.20,125.67,124.28,124.75,65456163
2022-02-02T22:00:00Z,124.75,125.83,124.04,125.12,62561057
2022-02-02T23:00:00Z,125.12,127.02,124.38,126.28,59075658
2022-02-03T00:00:00Z,126.28,128.32,125.73,127.77,55083909
2022-02-03T01:00:00Z,127.77,129.61,127.15,128.99,50684112
2022-02-03T02:00:00Z,128.99,130.33,128.21,129.55,46612722
2022-02-03T03:00:00Z,129.55,130.23,128.81,129.49,43131737
2022-02-03T04:00:00Z,129.49,129.98,128.72,129.21,43825100
2022-02-03T05:00:00Z,129.21,129.96,128.48,129.24,48689416
2022-02-03T06:00:00Z,129.24,130.66,128.48,129.90,53360802
2022-02-03T07:00:00Z,129.90,131.64,129.33,131.07,57720943
2022-02-03T08:00:00Z,131.07,132.93,130.43,132.29,61660119
2022-02-03T09:00:00Z,132.29,133.72,131.49,132.93,65080286
2022-02-03T10:00:00Z,132.93,133.62,131.94,132.63,67897821
2022-02-03T11:00:00Z,132.63,133.14,130.99,131.49,70045856
2022-02-03T12:00:00Z,131.49,132.22,129.25,129.99,71476128
2022-02-03T13:00:00Z,129.99,130.74,128.01,128.76,72160310
2022-02-03T14:00:00Z,128.76,129.31,127.70,128.25,72090754
2022-02-03T15:00:00Z,128.25,129.09,127.62,128.46,71280656
2022-02-03T16:00:00Z,128.46,129.79,127.69,129.02,69763625
2022-02-03T17:00:00Z,129.02,130.08,128.35,129.40,67592657
2022-02-03T18:00:00Z,129.40,129.90,128.80,129.30,64838573
2022-02-03T19:00:00Z,129.30,130.03,128.06,128.79,61587936
2022-02-03T20:00:00Z,128.79,129.53,127.58,128.32,57940528
2022-02-03T21:00:00Z,128.32,129.00,127.78,128.46,54006445
2022-02-03T22:00:00Z,128.46,130.16,127.82,129.52,49902906
2022-02-03T23:00:00Z,129.52,132.15,128.73,131.37,54200903
2022-02-04T00:00:00Z,131.37,134.16,130.68,133.47,58328493
2022-02-04T01:00:00Z,133.47,135.70,132.94,135.17,62167507
2022-02-04T02:00:00Z,135.17,136.80,134.40,136.03,65606910
2022-02-04T03:00:00Z,136.03,136.83,135.24,136.04,68545998
2022-02-04T04:00:00Z,136.04,136.60,135.04,135.60,70897300
2022-02-04T05:00:00Z,135.60,136.28,134.62,135.29,72589113
2022-02-04T06:00:00Z,135.29,136.27,134.48,135.46,73567583
2022-02-04T07:00:00Z,135.46,136.77,134.76,136.07,73798279
2022-02-04T08:00:00Z,136.07,137.25,135.53,136.71,73267214
2022-02-04T09:00:00Z,136.71,137.65,135.93,136.87,71981285
2022-02-04T10:00:00Z,136.87,137.66,135.44,136.23,69968114
2022-02-04T11:00:00Z,136.23,136.79,134.38,134.94,67275303
2022-02-04T12:00:00Z,134.94,135.60,132.82,133.49,63969108
2022-02-04T13:00:00Z,133.49,134.28,131.72,132.52,60132595
2022-02-04T14:00:00Z,132.52,133.19,131.75,132.43,55863305
2022-02-04T15:00:00Z,132.43,133.70,131.89,133.17,51270512
2022-02-04T16:00:00Z,133.17,135.05,132.40,134.28,46472148
2022-02-04T17:00:00Z,134.28,135.97,133.50,135.19,45831771
2022-02-04T18:00:00Z,135.19,136.05,134.64,135.50,49352517
2022-02-04T19:00:00Z,135.50,136.18,134.55,135.24,52677086
2022-02-04T20:00:00Z,135.24,136.04,134.02,134.83,55693759
2022-02-04T21:00:00Z,134.83,135.51,134.14,134.83,58299397
2022-02-04T22:00:00Z,134.83,136.13,134.28,135.58,60402486
2022-02-04T23:00:00Z,135.58,137.78,134.79,136.99,62720437
2022-02-05T00:00:00Z,136.99,139.41,136.20,138.61,64999362
2022-02-05T01:00:00Z,138.61,140.42,138.05,139.85,66585244
2022-02-05T02:00:00Z,139.85,141.04,139.14,140.33,67448990
2022-02-05T03:00:00Z,140.33,141.17,139.28,140.12,67582074
2022-02-05T04:00:00Z,140.12,140.83,138.96,139.67,66996701
2022-02-05T05:00:00Z,139.67,140.24,138.97,139.54,65725375
2022-02-05T06:00:00Z,139.54,140.91,138.73,140.10,63819893
2022-02-05T07:00:00Z,140.10,142.06,139.29,141.25,61349775
2022-02-05T08:00:00Z,141.25,143.11,140.68,142.54,58400192
2022-02-05T09:00:00Z,142.54,144.09,141.81,143.36,55069450
2022-02-05T10:00:00Z,143.36,144.22,142.47,143.33,51466096
2022-02-05T11:00:00Z,143.33,144.04,141.79,142.50,47705729
2022-02-05T12:00:00Z,142.50,143.08,140.76,141.34,52357660
2022-02-05T13:00:00Z,141.34,142.16,139.63,140.44,56848211
2022-02-05T14:00:00Z,140.44,141.25,139.40,140.20,61057438
2022-02-05T15:00:00Z,140.20,141.15,139.64,140.59,64872490
2022-02-05T16:00:00Z,140.59,141.94,139.87,141.21,68190824
2022-02-05T17:00:00Z,141.21,142.39,140.37,141.54,70923113
2022-02-05T18:00:00Z,141.54,142.24,140.55,141.26,72995786
2022-02-05T19:00:00Z,141.26,141.84,139.89,140.47,74353124
2022-02-05T20:00:00Z,140.47,141.28,138.86,139.67,74958840
2022-02-05T21:00:00Z,139.67,140.47,138.66,139.45,74797110
2022-02-05T22:00:00Z,139.45,140.72,138.90,140.17,73873024
2022-02-05T23:00:00Z,140.17,142.45,139.43,141.72,72212430
2022-02-06T00:00:00Z,141.72,144.48,140.86,143.62,69861203
2022-02-06T01:00:00Z,143.62,145.93,142.90,145.22,66883926
2022-02-06T02:00:00Z,145.22,146.68,144.60,146.07,63362055
2022-02-06T03:00:00Z,146.07,147.01,145.22,146.16,59391588
2022-02-06T04:00:00Z,146.16,146.98,145.04,145.87,55080338
2022-02-06T05:00:00Z,145.87,146.44,145.16,145.72,50544855
2022-02-06T06:00:00Z,145.72,146.80,144.97,146.05,50147412
2022-02-06T07:00:00Z,146.05,147.64,145.17,146.76,53889954
2022-02-06T08:00:00Z,146.76,148.14,146.03,147.41,57414094
2022-02-06T09:00:00Z,147.41,148.09,146.79,147.47,60607136
2022-02-06T10:00:00Z,147.47,148.32,145.76,146.61,63365077
2022-02-06T11:00:00Z,146.61,147.43,144.16,144.98,65595658
2022-02-06T12:00:00Z,144.98,145.53,142.56,143.11,67221083
2022-02-06T13:00:00Z,143.11,143.85,140.92,141.66,68180321
2022-02-06T14:00:00Z,141.66,142.50,140.22,141.07,68430935
2022-02-06T15:00:00Z,141.07,142.01,140.38,141.33,67950374
2022-02-06T16:00:00Z,141.33,142.63,140.72,142.02,66736695
2022-02-06T17:00:00Z,142.02,143.43,141.19,142.60,64808699
2022-02-06T18:00:00Z,142.60,143.48,141.80,142.68,62205468
2022-02-06T19:00:00Z,142.68,143.22,141.76,142.30,58985320
2022-02-06T20:00:00Z,142.30,143.04,141.12,141.87,56186783
2022-02-06T21:00:00Z,141.87,142.76,141.02,141.91,53371096
2022-02-06T22:00:00Z,141.91,143.42,141.22,142.73,50198883
2022-02-06T23:00:00Z,142.73,144.83,142.10,144.20,46777913
2022-02-07T00:00:00Z,144.20,146.69,143.35,145.83,43222893
2022-02-07T01:00:00Z,145.83,147.82,145.01,147.00,48102129
2022-02-07T02:00:00Z,147.00,147.86,146.44,147.30,52840828
2022-02-07T03:00:00Z,147.30,148.08,146.03,146.80,57317830
2022-02-07T04:00:00Z,146.80,147.67,145.08,145.95,61418976
2022-02-07T05:00:00Z,145.95,146.65,144.65,145.35,65040318
2022-02-07T06:00:00Z,145.35,146.00,144.71,145.37,68091045
2022-02-07T07:00:00Z,145.37,146.84,144.51,145.98,70496029
2022-02-07T08:00:00Z,145.98,147.57,145.16,146.75,72197921
2022-02-07T09:00:00Z,146.75,147.66,146.20,147.12,73158748
2022-02-07T10:00:00Z,147.12,147.90,145.95,146.73,73360946
2022-02-07T11:00:00Z,146.73,147.60,144.80,145.67,72807821
2022-02-07T12:00:00Z,145.67,146.36,143.69,144.38,71523406
2022-02-07T13:00:00Z,144.38,145.01,142.82,143.46,69551733
2022-02-07T14:00:00Z,143.46,144.30,142.41,143.26,66955526
2022-02-07T15:00:00Z,143.26,144.53,142.46,143.73,63814373
2022-02-07T16:00:00Z,143.73,144.96,143.20,144.43,60222411
2022-02-07T17:00:00Z,144.43,145.56,143.65,144.78,56285594
2022-02-07T18:00:00Z,144.78,145.65,143.60,144.46,52118642
2022-02-07T19:00:00Z,144.46,145.14,142.85,143.53,52082021
2022-02-07T20:00:00Z,143.53,144.16,141.85,142.48,56175910
2022-02-07T21:00:00Z,142.48,143.32,141.07,141.91,60040201
2022-02-07T22:00:00Z,141.91,142.98,141.12,142.19,63560530
2022-02-07T23:00:00Z,142.19,143.80,141.67,143.28,66631293
2022-02-08T00:00:00Z,143.28,145.47,142.50,144.70,69158697
2022-02-08T01:00:00Z,144.70,146.72,143.83,145.85,71063494
2022-02-08T02:00:00Z,145.85,147.02,145.16,146.33,72283284
2022-02-08T03:00:00Z,146.33,146.98,145.50,146.15,72774354
2022-02-08T04:00:00Z,146.15,147.01,144.85,145.72,72512974
2022-02-08T05:00:00Z,145.72,146.52,144.74,145.54,71496129
2022-02-08T06:00:00Z,145.54,146.46,145.02,145.94,69741655
2022-02-08T07:00:00Z,145.94,147.59,145.14,146.80,67287785
2022-02-08T08:00:00Z,146.80,148.52,145.92,147.64,64192105
2022-02-08T09:00:00Z,147.64,148.58,146.96,147.89,60529965
2022-02-08T10:00:00Z,147.89,148.55,146.52,147.19,56392377
2022-02-08T11:00:00Z,147.19,148.05,144.77,145.63,51883464
2022-02-08T12:00:00Z,145.63,146.42,142.95,143.74,47117544
2022-02-08T13:00:00Z,143.74,144.25,141.66,142.17,42215909
2022-02-08T14:00:00Z,142.17,142.94,140.59,141.36,45753463
2022-02-08T15:00:00Z,141.36,142.20,140.49,141.33,49161984
2022-02-08T16:00:00Z,141.33,142.35,140.67,141.69,52326826
2022-02-08T17:00:00Z,141.69,142.58,141.05,141.94,56270741
2022-02-08T18:00:00Z,141.94,142.78,140.88,141.72,60028974
2022-02-08T19:00:00Z,141.72,142.49,140.35,141.12,63241139
2022-02-08T20:00:00Z,141.12,141.62,140.09,140.58,65831315
2022-02-08T21:00:00Z,140.58,141.39,139.81,140.63,67741247
2022-02-08T22:00:00Z,140.63,142.41,139.79,141.57,68931942
2022-02-08T23:00:00Z,141.57,143.94,140.92,143.28,69384711
2022-02-09T00:00:00Z,143.28,145.89,142.62,145.22,69101634
2022-02-09T01:00:00Z,145.22,147.61,144.35,146.74,68105419
2022-02-09T02:00:00Z,146.74,148.20,145.94,147.40,66438687
2022-02-09T03:00:00Z,147.40,147.92,146.69,147.21,64162669
2022-02-09T04:00:00Z,147.21,148.01,145.79,146.59,61355385
2022-02-09T05:00:00Z,146.59,147.46,145.26,146.13,58109334
2022-02-09T06:00:00Z,146.13,146.85,145.46,146.19,54528781
2022-02-09T07:00:00Z,146.19,147.42,145.51,146.74,50726696
2022-02-09T08:00:00Z,146.74,148.26,145.87,147.38,51061760
2022-02-09T09:00:00Z,147.38,148.38,146.58,147.58,55532331
2022-02-09T10:00:00Z,147.58,148.10,146.49,147.02,59776455
2022-02-09T11:00:00Z,147.02,147.82,145.01,145.82,63677911
2022-02-09T12:00:00Z,145.82,146.67,143.61,144.47,67129225
2022-02-09T13:00:00Z,144.47,145.12,142.94,143.59,70034742
2022-02-09T14:00:00Z,143.59,144.26,142.88,143.55,72313361
2022-02-09T15:00:00Z,143.55,145.16,142.69,144.30,73900851
2022-02-09T16:00:00Z,144.30,146.16,143.52,145.38,74751697
2022-02-09T17:00:00Z,145.38,146.72,144.85,146.19,74840409
2022-02-09T18:00:00Z,146.19,147.16,145.38,146.35,74162256
2022-02-09T19:00:00Z,146.35,147.22,145.05,145.91,72733416
2022-02-09T20:00:00Z,145.91,146.56,144.66,145.30,70590525
2022-02-09T21:00:00Z,145.30,145.99,144.41,145.10,67789649
2022-02-09T22:00:00Z,145.10,146.52,144.23,145.65,64404691
2022-02-09T23:00:00Z,145.65,147.68,144.86,146.89,60525306
2022-02-10T00:00:00Z,146.89,148.91,146.35,148.37,56254354
2022-02-10T01:00:00Z,148.37,150.33,147.54,149.50,51704986
2022-02-10T02:00:00Z,149.50,150.80,148.62,149.92,46997434
2022-02-10T03:00:00Z,149.92,150.58,149.01,149.67,50705651
2022-02-10T04:00:00Z,149.67,150.38,148.49,149.20,54260578
2022-02-10T05:00:00Z,149.20,150.09,148.16,149.05,57546855
2022-02-10T06:00:00Z,149.05,150.38,148.26,149.58,60456154
2022-02-10T07:00:00Z,149.58,151.25,149.03,150.69,62890365
2022-02-10T08:00:00Z,150.69,152.74,149.84,151.89,64764491
2022-02-10T09:00:00Z,151.89,153.49,151.00,152.59,66009168
2022-02-10T10:00:00Z,152.59,153.26,151.74,152.41,66572730
2022-02-10T11:00:00Z,152.41,153.13,150.69,151.41,66422778
2022-02-10T12:00:00Z,151.41,152.31,149.16,150.06,65547190
2022-02-10T13:00:00Z,150.06,150.85,148.19,148.98,63954551
2022-02-10T14:00:00Z,148.98,149.53,148.01,148.57,62972305
2022-02-10T15:00:00Z,148.57,149.67,147.74,148.84,61445451
2022-02-10T16:00:00Z,148.84,150.27,147.96,149.39,59333767
2022-02-10T17:00:00Z,149.39,150.36,148.74,149.71,56714469
2022-02-10T18:00:00Z,149.71,150.43,148.77,149.49,53679136
2022-02-10T19:00:00Z,149.49,150.38,147.94,148.83,50330999
2022-02-10T20:00:00Z,148.83,149.62,147.44,148.22,46781892
2022-02-10T21:00:00Z,148.22,148.79,147.66,148.23,47389254
2022-02-10T22:00:00Z,148.23,150.04,147.39,149.20,52150113
2022-02-10T23:00:00Z,149.20,151.91,148.32,151.03,56701090
2022-02-11T00:00:00Z,151.03,153.85,150.37,153.19,60924462
2022-02-11T01:00:00Z,153.19,155.79,152.44,155.03,64711179
2022-02-11T02:00:00Z,155.03,157.04,154.10,156.11,67963942
2022-02-11T03:00:00Z,156.11,157.21,155.29,156.39,70599949
2022-02-11T04:00:00Z,156.39,156.99,155.68,156.28,72553221
2022-02-11T05:00:00Z,156.28,157.18,155.40,156.30,73776449
2022-02-11T06:00:00Z,156.30,157.70,155.38,156.78,74242320
2022-02-11T07:00:00Z,156.78,158.34,156.11,157.67,73944255
2022-02-11T08:00:00Z,157.67,159.30,156.89,158.53,72896570
2022-02-11T09:00:00Z,158.53,159.77,157.57,158.82,71134037
2022-02-11T10:00:00Z,158.82,159.64,157.42,158.25,68710854
2022-02-11T11:00:00Z,158.25,158.85,156.34,156.94,65699079
2022-02-11T12:00:00Z,156.94,157.82,154.56,155.44,62186537
2022-02-11T13:00:00Z,155.44,156.34,153.48,154.38,58274291
2022-02-11T14:00:00Z,154.38,155.03,153.53,154.19,54073735
2022-02-11T15:00:00Z,154.19,155.61,153.42,154.84,49703394
2022-02-11T16:00:00Z,154.84,156.85,153.91,155.92,53735567
2022-02-11T17:00:00Z,155.92,157.64,155.10,156.82,57599610
2022-02-11T18:00:00Z,156.82,157.80,156.21,157.18,61178648
2022-02-11T19:00:00Z,157.18,158.08,156.13,157.02,64362919
2022-02-11T20:00:00Z,157.02,157.93,155.84,156.75,67052968
2022-02-11T21:00:00Z,156.75,157.55,156.09,156.89,69162544
2022-02-11T22:00:00Z,156.89,158.55,156.11,157.77,70621128
2022-02-11T23:00:00Z,157.77,160.23,156.81,159.28,71376007
2022-02-12T00:00:00Z,159.28,161.75,158.45,160.92,71393847
2022-02-12T01:00:00Z,160.92,162.75,160.28,162.11,70661702
2022-02-12T02:00:00Z,162.11,163.38,161.18,162.45,69187456
2022-02-12T03:00:00Z,162.45,163.39,161.08,162.02,66999653
2022-02-12T04:00:00Z,162.02,162.69,160.60,161.27,64146748
2022-02-12T05:00:00Z,161.27,162.07,159.99,160.79,60695783
2022-02-12T06:00:00Z,160.79,161.93,159.82,160.96,56730532
2022-02-12T07:00:00Z,160.96,162.56,160.13,161.73,52349168
2022-02-12T08:00:00Z,161.73,163.31,161.09,162.66,47661514
2022-02-12T09:00:00Z,162.66,164.11,161.73,163.17,42785965
2022-02-12T10:00:00Z,163.17,164.11,161.96,162.90,42153837
2022-02-12T11:00:00Z,162.90,163.56,161.24,161.91,47032483
2022-02-12T12:00:00Z,161.91,162.71,159.84,160.65,51726314
2022-02-12T13:00:00Z,160.65,161.61,158.75,159.71,56116906
2022-02-12T14:00:00Z,159.71,160.52,158.65,159.46,60094390
2022-02-12T15:00:00Z,159.46,160.51,158.82,159.86,63560533
2022-02-12T16:00:00Z,159.86,161.41,158.94,160.49,66431489
2022-02-12T17:00:00Z,160.49,161.71,159.56,160.78,68640125
2022-02-12T18:00:00Z,160.78,161.44,159.77,160.42,70137886
2022-02-12T19:00:00Z,160.42,161.23,158.70,159.50,70896110
2022-02-12T20:00:00Z,159.50,160.45,157.56,158.51,70906788
2022-02-12T21:00:00Z,158.51,159.31,157.25,158.05,70182724
2022-02-12T22:00:00Z,158.05,159.14,157.41,158.50,68757103
2022-02-12T23:00:00Z,158.50,160.70,157.58,159.78,66682477
2022-02-13T00:00:00Z,159.78,162.36,158.86,161.43,64029192
2022-02-13T01:00:00Z,161.43,163.47,160.77,162.82,60883319
2022-02-13T02:00:00Z,162.82,164.36,161.99,163.52,57344126
2022-02-13T03:00:00Z,163.52,164.53,162.54,163.55,53521178
2022-02-13T04:00:00Z,163.55,164.37,162.45,163.27,49531152
2022-02-13T05:00:00Z,163.27,163.94,162.54,163.21,53944483
2022-02-13T06:00:00Z,163.21,164.61,162.26,163.67,58188662
2022-02-13T07:00:00Z,163.67,165.49,162.73,164.55,62144950
2022-02-13T08:00:00Z,164.55,166.04,163.89,165.38,65701738
2022-02-13T09:00:00Z,165.38,166.44,164.53,165.59,68757746
2022-02-13T10:00:00Z,165.59,166.58,163.85,164.84,71224932
2022-02-13T11:00:00Z,164.84,165.65,162.43,163.25,73031024
2022-02-13T12:00:00Z,163.25,163.91,160.66,161.33,74121608
2022-02-13T13:00:00Z,161.33,162.26,158.83,159.75,74461704
2022-02-13T14:00:00Z,159.75,160.66,158.05,158.96,74036790
2022-02-13T15:00:00Z,158.96,159.59,158.33,158.96,72853242
2022-02-13T16:00:00Z,158.96,160.19,158.14,159.37,70938183
2022-02-13T17:00:00Z,159.37,160.60,158.41,159.65,68338730
2022-02-13T18:00:00Z,159.65,160.43,158.65,159.44,65120686
2022-02-13T19:00:00Z,159.44,160.10,158.14,158.81,61366683
2022-02-13T20:00:00Z,158.81,159.73,157.25,158.17,57173859
2022-02-13T21:00:00Z,158.17,159.07,157.16,158.06,52651113
2022-02-13T22:00:00Z,158.06,159.39,157.44,158.77,47916033
2022-02-13T23:00:00Z,158.77,161.01,157.94,160.18,47331868
2022-02-14T00:00:00Z,160.18,162.72,159.21,161.75,50901480
2022-02-14T01:00:00Z,161.75,163.64,160.95,162.84,54267327
2022-02-14T02:00:00Z,162.84,163.72,162.15,163.03,57317489
2022-02-14T03:00:00Z,163.03,163.98,161.42,162.37,59948662
2022-02-14T04:00:00Z,162.37,163.28,160.36,161.27,62069209
2022-02-14T05:00:00Z,161.27,161.89,159.73,160.34,63601872
2022-02-14T06:00:00Z,160.34,161.18,159.13,159.97,64486076
2022-02-14T07:00:00Z,159.97,161.07,159.01,160.11,64915271
2022-02-14T08:00:00Z,160.11,161.15,159.33,160.37,65794326
2022-02-14T09:00:00Z,160.37,161.05,159.52,160.20,65950823
2022-02-14T10:00:00Z,160.20,161.13,158.36,159.29,65396853
2022-02-14T11:00:00Z,159.29,160.18,156.85,157.74,64164767
2022-02-14T12:00:00Z,157.74,158.33,155.42,156.02,62306168
2022-02-14T13:00:00Z,156.02,156.83,153.92,154.74,59890347
2022-02-14T14:00:00Z,154.74,155.66,153.34,154.26,57002210
2022-02-14T15:00:00Z,154.26,155.28,153.51,154.53,53739761
2022-02-14T16:00:00Z,154.53,155.76,153.86,155.09,50211213
2022-02-14T17:00:00Z,155.09,156.27,154.18,155.36,46531798
2022-02-14T18:00:00Z,155.36,156.23,154.08,154.95,51270431
2022-02-14T19:00:00Z,154.95,155.53,153.36,153.94,55853010
2022-02-14T20:00:00Z,153.94,154.75,151.98,152.78,60159138
2022-02-14T21:00:00Z,152.78,153.69,151.14,152.05,64075492
2022-02-14T22:00:00Z,152.05,152.86,151.32,152.13,67499032
2022-02-14T23:00:00Z,152.13,153.61,151.46,152.94,70339914
2022-02-15T00:00:00Z,152.94,154.96,152.04,154.05,72524038
2022-02-15T01:00:00Z,154.05,155.73,153.18,154.86,73995137
2022-02-15T02:00:00Z,154.86,155.58,154.28,155.00,74716367
2022-02-15T03:00:00Z,155.00,155.82,153.68,154.50,74671340
2022-02-15T04:00:00Z,154.50,155.42,152.86,153.78,73864571
2022-02-15T05:00:00Z,153.78,154.51,152.65,153.38,72321337
2022-02-15T06:00:00Z,153.38,154.30,152.71,153.63,70086936
2022-02-15T07:00:00Z,153.63,155.32,152.72,154.41,67225380
2022-02-15T08:00:00Z,154.41,156.12,153.55,155.25,63817556
2022-02-15T09:00:00Z,155.25,156.12,154.68,155.54,59958906
2022-02-15T10:00:00Z,155.54,156.37,154.08,154.91,55756694
2022-02-15T11:00:00Z,154.91,155.82,152.50,153.42,51326937
2022-02-15T12:00:00Z,153.42,154.14,150.85,151.57,51031388
2022-02-15T13:00:00Z,151.57,152.23,149.31,149.98,54871495
2022-02-15T14:00:00Z,149.98,150.86,148.20,149.08,58488393
2022-02-15T15:00:00Z,149.08,149.90,148.05,148.87,61768931
2022-02-15T16:00:00Z,148.87,149.53,148.33,148.98,64608676
2022-02-15T17:00:00Z,148.98,149.78,148.10,148.89,66914971
2022-02-15T18:00:00Z,148.89,149.78,147.41,148.29,68609648
2022-02-15T19:00:00Z,148.29,148.98,146.58,147.27,69631337
2022-02-15T20:00:00Z,147.27,147.92,145.64,146.29,69937295
2022-02-15T21:00:00Z,146.29,147.15,145.06,145.92,69504699
2022-02-15T22:00:00Z,145.92,147.30,145.12,146.49,68331372
2022-02-15T23:00:00Z,146.49,148.41,145.96,147.88,66435918
2022-02-16T00:00:00Z,147.88,150.35,147.07,149.54,63857259
2022-02-16T01:00:00Z,149.54,151.73,148.64,150.84,60653592
2022-02-16T02:00:00Z,150.84,152.01,150.13,151.31,56900798
2022-02-16T03:00:00Z,151.31,151.99,150.27,150.95,52690330
2022-02-16T04:00:00Z,150.95,151.84,149.27,150.16,48530317
2022-02-16T05:00:00Z,150.16,150.98,148.67,149.49,45125635
2022-02-16T06:00:00Z,149.49,150.02,148.76,149.29,41594995
2022-02-16T07:00:00Z,149.29,150.33,148.48,149.52,46506583
2022-02-16T08:00:00Z,149.52,150.66,148.63,149.77,51285451
2022-02-16T09:00:00Z,149.77,150.46,148.80,149.50,55810240
2022-02-16T10:00:00Z,149.50,150.17,147.74,148.41,59966556
2022-02-16T11:00:00Z,148.41,149.28,145.79,146.66,63650182
2022-02-16T12:00:00Z,146.66,147.45,143.95,144.74,66770003
2022-02-16T13:00:00Z,144.74,145.25,142.80,143.31,69250551
2022-02-16T14:00:00Z,143.31,144.09,141.99,142.77,71034108
2022-02-16T15:00:00Z,142.77,143.93,141.92,143.08,72082299
2022-02-16T16:00:00Z,143.08,144.46,142.42,143.80,72377134
2022-02-16T17:00:00Z,143.80,145.01,143.14,144.35,71921465
2022-02-16T18:00:00Z,144.35,145.21,143.47,144.33,70738848
2022-02-16T19:00:00Z,144.33,145.11,142.99,143.77,68872814
2022-02-16T20:00:00Z,143.77,144.27,142.59,143.09,66385573
2022-02-16T21:00:00Z,143.09,143.87,142.05,142.83,63356177
2022-02-16T22:00:00Z,142.83,144.18,141.98,143.33,59878216
2022-02-16T23:00:00Z,143.33,145.14,142.67,144.48,56057087
2022-02-17T00:00:00Z,144.48,146.51,143.81,145.83,52006941
2022-02-17T01:00:00Z,145.83,147.65,144.96,146.78,52087673
2022-02-17T02:00:00Z,146.78,147.75,145.98,146.96,56298888
2022-02-17T03:00:00Z,146.96,147.48,145.90,146.42,60279902
2022-02-17T04:00:00Z,146.42,147.22,144.83,145.63,63915780
2022-02-17T05:00:00Z,145.63,146.49,144.31,145.17,67100352
2022-02-17T06:00:00Z,145.17,146.05,144.51,145.39,69739269
2022-02-17T07:00:00Z,145.39,146.92,144.71,146.24,71752734
2022-02-17T08:00:00Z,146.24,148.11,145.36,147.24,73077817
2022-02-17T09:00:00Z,147.24,148.60,146.44,147.80,73670287
2022-02-17T10:00:00Z,147.80,148.33,147.02,147.55,73505920
2022-02-17T11:00:00Z,147.55,148.36,145.74,146.55,72581223
2022-02-17T12:00:00Z,146.55,147.40,144.38,145.24,70913584
2022-02-17T13:00:00Z,145.24,145.88,143.57,144.21,68540807
2022-02-17T14:00:00Z,144.21,144.89,143.19,143.86,65520085
2022-02-17T15:00:00Z,143.86,145.01,143.00,144.15,61926397
2022-02-17T16:00:00Z,144.15,145.44,143.37,144.66,57850421
2022-02-17T17:00:00Z,144.66,145.40,144.14,144.87,53395980
2022-02-17T18:00:00Z,144.87,145.67,143.65,144.45,48677122
2022-02-17T19:00:00Z,144.45,145.30,142.67,143.52,43814912
2022-02-17T20:00:00Z,143.52,144.15,141.91,142.55,47384057
2022-02-17T21:00:00Z,142.55,143.22,141.47,142.14,50816183
2022-02-17T22:00:00Z,142.14,143.52,141.29,142.67,53996529
2022-02-17T23:00:00Z,142.67,144.82,141.90,144.05,56817286
2022-02-18T00:00:00Z,144.05,146.33,143.51,145.79,59180779
2022-02-18T01:00:00Z,145.79,148.07,144.97,147.25,61574099
2022-02-18T02:00:00Z,147.25,148.87,146.38,148.00,64181539
2022-02-18T03:00:00Z,148.00,148.67,147.35,148.02,66116815
2022-02-18T04:00:00Z,148.02,148.73,147.00,147.70,67340811
2022-02-18T05:00:00Z,147.70,148.58,146.67,147.55,67834675
2022-02-18T06:00:00Z,147.55,148.68,146.77,147.90,67600284
2022-02-18T07:00:00Z,147.90,149.20,147.34,148.64,66660110
2022-02-18T08:00:00Z,148.64,150.17,147.81,149.33,65056497
2022-02-18T09:00:00Z,149.33,150.30,148.46,149.42,62850368
2022-02-18T10:00:00Z,149.42,150.07,147.93,148.58,60119401
2022-02-18T11:00:00Z,148.58,149.29,146.24,146.95,56955721
2022-02-18T12:00:00Z,146.95,147.82,144.18,145.05,53463188
2022-02-18T13:00:00Z,145.05,145.81,142.80,143.55,49754344
2022-02-18T14:00:00Z,143.55,144.09,142.36,142.90,50187411
2022-02-18T15:00:00Z,142.90,143.90,142.10,143.09,54760267
2022-02-18T16:00:00Z,143.09,144.57,142.25,143.73,59110459
2022-02-18T17:00:00Z,143.73,144.88,143.11,144.25,63121244
2022-02-18T18:00:00Z,144.25,145.00,143.55,144.30,66684614
2022-02-18T19:00:00Z,144.30,145.16,143.06,143.92,69704364
2022-02-18T20:00:00Z,143.92,144.67,142.76,143.51,72098834
2022-02-18T21:00:00Z,143.51,144.16,142.97,143.61,73803226
2022-02-18T22:00:00Z,143.61,145.33,142.80,144.51,74771454
2022-02-18T23:00:00Z,144.51,146.94,143.66,146.09,74977449
2022-02-19T00:00:00Z,146.09,148.46,145.46,147.82,74415909
2022-02-19T01:00:00Z,147.82,149.82,147.10,149.09,73102438
2022-02-19T02:00:00Z,149.09,150.38,148.20,149.49,71073111
2022-02-19T03:00:00Z,149.49,150.27,148.28,149.06,68383433
2022-02-19T04:00:00Z,149.06,149.63,147.68,148.25,65106766
2022-02-19T05:00:00Z,148.25,149.09,146.83,147.66,61332233
2022-02-19T06:00:00Z,147.66,148.53,146.80,147.67,57162180
2022-02-19T07:00:00Z,147.67,148.88,147.04,148.25,52709265
2022-02-19T08:00:00Z,148.25,149.71,147.52,148.98,48093247
2022-02-19T09:00:00Z,148.98,150.20,148.08,149.30,51887630
2022-02-19T10:00:00Z,149.30,150.07,148.10,148.88,55522936
2022-02-19T11:00:00Z,148.88,149.45,147.21,147.79,58883407
2022-02-19T12:00:00Z,147.79,148.62,145.66,146.50,61860353
2022-02-19T13:00:00Z,146.50,147.34,144.74,145.59,64355334
2022-02-19T14:00:00Z,145.59,146.20,144.82,145.43,66283056
2022-02-19T15:00:00Z,145.43,146.69,144.71,145.96,67573889
2022-02-19T16:00:00Z,145.96,147.61,145.08,146.73,68175944
2022-02-19T17:00:00Z,146.73,147.92,145.97,147.16,68056632
2022-02-19T18:00:00Z,147.16,147.74,146.32,146.90,67203682
2022-02-19T19:00:00Z,146.90,147.73,145.19,146.02,65625567
2022-02-19T20:00:00Z,146.02,146.86,144.15,144.99,63351342
2022-02-19T21:00:00Z,144.99,145.59,143.80,144.40,60429884
2022-02-19T22:00:00Z,144.40,145.36,143.68,144.64,57668370
2022-02-19T23:00:00Z,144.64,146.52,143.77,145.65,55067312
2022-02-20T00:00:00Z,145.65,147.72,144.90,146.97,52058287
2022-02-20T01:00:00Z,146.97,148.59,146.38,148.00,48744396
2022-02-20T02:00:00Z,148.00,149.20,147.15,148.36,45237306
2022-02-20T03:00:00Z,148.36,149.21,147.20,148.05,45894252
2022-02-20T04:00:00Z,148.05,148.66,146.90,147.50,50712016
2022-02-20T05:00:00Z,147.50,148.24,146.49,147.23,55326943
2022-02-20T06:00:00Z,147.23,148.43,146.34,147.55,59620995
2022-02-20T07:00:00Z,147.55,149.10,146.79,148.35,63484776
2022-02-20T08:00:00Z,148.35,149.75,147.75,149.15,66820610
2022-02-20T09:00:00Z,149.15,150.22,148.29,149.36,69545289
2022-02-20T10:00:00Z,149.36,150.22,147.76,148.62,71592397
2022-02-20T11:00:00Z,148.62,149.22,146.41,147.01,72914169
2022-02-20T12:00:00Z,147.01,147.74,144.32,145.05,73482806
2022-02-20T13:00:00Z,145.05,145.91,142.51,143.37,73291228
2022-02-20T14:00:00Z,143.37,144.09,141.70,142.43,72353228
2022-02-20T15:00:00Z,142.43,143.00,141.64,142.22,70703041
2022-02-20T16:00:00Z,142.22,143.20,141.40,142.38,68394316
2022-02-20T17:00:00Z,142.38,143.21,141.56,142.39,65498549
2022-02-20T18:00:00Z,142.39,142.96,141.35,141.92,62102997
2022-02-20T19:00:00Z,141.92,142.64,140.34,141.06,58308150
2022-02-20T20:00:00Z,141.06,141.90,139.41,140.25,54224828
2022-02-20T21:00:00Z,140.25,140.96,139.34,140.05,49970980
2022-02-20T22:00:00Z,140.05,141.33,139.47,140.75,54118335
2022-02-20T23:00:00Z,140.75,143.07,139.93,142.24,58095687
2022-02-21T00:00:00Z,142.24,144.81,141.42,143.98,61785603
2022-02-21T01:00:00Z,143.98,145.89,143.40,145.31,65077779
2022-02-21T02:00:00Z,145.31,146.53,144.56,145.78,67872232
2022-02-21T03:00:00Z,145.78,146.66,144.54,145.41,70082199
2022-02-21T04:00:00Z,145.41,146.13,143.88,144.60,71636669
2022-02-21T05:00:00Z,144.60,145.20,143.32,143.92,72482461
2022-02-21T06:00:00Z,143.92,144.75,142.90,143.73,72585794
2022-02-21T07:00:00Z,143.73,144.82,142.91,144.00,71933305
2022-02-21T08:00:00Z,144.00,144.89,143.43,144.32,70532485
2022-02-21T09:00:00Z,144.32,145.06,143.43,144.17,68411520
2022-02-21T10:00:00Z,144.17,145.03,142.37,143.23,65618539
2022-02-21T11:00:00Z,143.23,143.94,140.94,141.64,62220289
2022-02-21T12:00:00Z,141.64,142.22,139.31,139.89,58300286
2022-02-21T13:00:00Z,139.89,140.70,137.80,138.61,53956481
2022-02-21T14:00:00Z,138.61,139.39,137.40,138.18,49298513
2022-02-21T15:00:00Z,138.18,139.11,137.64,138.57,44444632
2022-02-21T16:00:00Z,138.57,140.02,137.85,139.30,43758669
2022-02-21T17:00:00Z,139.30,140.62,138.46,139.79,47243984
2022-02-21T18:00:00Z,139.79,140.47,138.95,139.64,50543449
2022-02-21T19:00:00Z,139.64,140.23,138.32,138.90,54453270
2022-02-21T20:00:00Z,138.90,139.71,137.20,138.00,58449968
2022-02-21T21:00:00Z,138.00,138.78,136.71,137.49,61943381
2022-02-21T22:00:00Z,137.49,138.25,136.96,137.72,64849526
2022-02-21T23:00:00Z,137.72,139.34,137.00,138.61,67101100
2022-02-22T00:00:00Z,138.61,140.55,137.78,139.72,68649337
2022-02-22T01:00:00Z,139.72,141.13,139.03,140.44,69465328
2022-02-22T02:00:00Z,140.44,141.04,139.83,140.43,69540781
2022-02-22T03:00:00Z,140.43,141.25,138.91,139.73,68888182
2022-02-22T04:00:00Z,139.73,140.51,138.01,138.79,67540368
2022-02-22T05:00:00Z,138.79,139.32,137.66,138.19,65549507
2022-02-22T06:00:00Z,138.19,138.99,137.46,138.26,62985537
2022-02-22T07:00:00Z,138.26,139.76,137.43,138.93,59934092
2022-02-22T08:00:00Z,138.93,140.40,138.25,139.72,56493974
2022-02-22T09:00:00Z,139.72,140.64,139.12,140.04,52774267
2022-02-22T10:00:00Z,140.04,140.86,138.69,139.50,48891140
2022-02-22T11:00:00Z,139.50,140.28,137.39,138.17,53414504
2022-02-22T12:00:00Z,138.17,138.69,135.99,136.51,57771312
2022-02-22T13:00:00Z,136.51,137.22,134.40,135.11,61842274
2022-02-22T14:00:00Z,135.11,135.92,133.60,134.40,65515218
2022-02-22T15:00:00Z,134.40,135.05,133.70,134.35,68688296
2022-02-22T16:00:00Z,134.35,135.15,133.76,134.57,71272891
2022-02-22T17:00:00Z,134.57,135.35,133.74,134.53,73196158
2022-02-22T18:00:00Z,134.53,135.28,133.18,133.93,74403108
2022-02-22T19:00:00Z,133.93,134.42,132.37,132.87,74858191
2022-02-22T20:00:00Z,132.87,133.57,131.15,131.84,74546322
2022-02-22T21:00:00Z,131.84,132.63,130.65,131.43,73473324
2022-02-22T22:00:00Z,131.43,132.63,130.80,131.99,71665777
2022-02-22T23:00:00Z,131.99,134.01,131.41,133.42,69170274
2022-02-23T00:00:00Z,133.42,136.01,132.63,135.22,66052105
2022-02-23T01:00:00Z,135.22,137.48,134.45,136.72,62393416
2022-02-23T02:00:00Z,136.72,138.00,136.21,137.49,58290876
2022-02-23T03:00:00Z,137.49,138.24,136.76,137.51,53852944
2022-02-23T04:00:00Z,137.51,138.33,136.34,137.16,49196791
2022-02-23T05:00:00Z,137.16,137.81,136.31,136.96,48685280
2022-02-23T06:00:00Z,136.96,137.85,136.35,137.24,52320916
2022-02-23T07:00:00Z,137.24,138.74,136.43,137.93,55745836
2022-02-23T08:00:00Z,137.93,139.35,137.16,138.58,58847828
2022-02-23T09:00:00Z,138.58,139.17,138.08,138.67,61523336
2022-02-23T10:00:00Z,138.67,139.40,137.13,137.86,63680506
2022-02-23T11:00:00Z,137.86,138.68,135.50,136.31,65241899
2022-02-23T12:00:00Z,136.31,136.95,133.91,134.55,66146800
2022-02-23T13:00:00Z,134.55,135.14,132.63,133.22,66353038
2022-02-23T14:00:00Z,133.22,134.01,131.98,132.77,65838277
2022-02-23T15:00:00Z,132.77,133.91,132.03,133.17,64600743
2022-02-23T16:00:00Z,133.17,134.50,132.68,134.01,63735096
2022-02-23T17:00:00Z,134.01,135.44,133.29,134.72,62523197
2022-02-23T18:00:00Z,134.72,135.72,133.91,134.91,60692827
2022-02-23T19:00:00Z,134.91,135.54,134.00,134.63,58313135
2022-02-23T20:00:00Z,134.63,135.23,133.67,134.27,55468853
2022-02-23T21:00:00Z,134.27,135.16,133.48,134.37,52257770
2022-02-23T22:00:00Z,134.37,135.97,133.62,135.22,48787846
2022-02-23T23:00:00Z,135.22,137.22,134.73,136.73,45174027
2022-02-24T00:00:00Z,136.73,139.13,135.98,138.38,49984906
2022-02-24T01:00:00Z,138.38,140.40,137.55,139.57,54646028
2022-02-24T02:00:00Z,139.57,140.57,138.92,139.92,59036611
2022-02-24T03:00:00Z,139.92,140.55,138.84,139.47,63042918
2022-02-24T04:00:00Z,139.47,140.29,137.87,138.69,66561468
2022-02-24T05:00:00Z,138.69,139.45,137.42,138.18,69501953
2022-02-24T06:00:00Z,138.18,138.80,137.69,138.31,71789783
2022-02-24T07:00:00Z,138.31,139.80,137.55,139.05,73368185
2022-02-24T08:00:00Z,139.05,140.79,138.22,139.95,74199789
2022-02-24T09:00:00Z,139.95,141.11,139.31,140.47,74267666
2022-02-24T10:00:00Z,140.47,141.11,139.59,140.23,73575779
2022-02-24T11:00:00Z,140.23,141.06,138.49,139.31,72148841
2022-02-24T12:00:00Z,139.31,140.07,137.42,138.17,70031580
2022-02-24T13:00:00Z,138.17,138.65,136.91,137.39,67287436
2022-02-24T14:00:00Z,137.39,138.14,136.59,137.34,63996720
2022-02-24T15:00:00Z,137.34,138.78,136.52,137.96,60254301
2022-02-24T16:00:00Z,137.96,139.46,137.33,138.83,56166873
2022-02-24T17:00:00Z,138.83,140.01,138.18,139.37,51849890
2022-02-24T18:00:00Z,139.37,140.20,138.43,139.26,51664554
2022-02-24T19:00:00Z,139.26,140.01,137.83,138.58,55611773
2022-02-24T20:00:00Z,138.58,139.07,137.33,137.82,59332157
2022-02-24T21:00:00Z,137.82,138.57,136.81,137.57,62712048
2022-02-24T22:00:00Z,137.57,139.03,136.75,138.22,65646527
2022-02-24T23:00:00Z,138.22,140.33,137.58,139.70,68042473
2022-02-25T00:00:00Z,139.70,142.20,139.04,141.54,69821277
2022-02-25T01:00:00Z,141.54,143.99,140.69,143.14,70921160
2022-02-25T02:00:00Z,143.14,144.85,142.36,144.08,71298993
2022-02-25T03:00:00Z,144.08,144.88,143.56,144.36,70931604
2022-02-25T04:00:00Z,144.36,145.18,143.56,144.38,69816494
2022-02-25T05:00:00Z,144.38,145.51,143.53,144.65,67971983
2022-02-25T06:00:00Z,144.65,146.14,144.00,145.49,65436743
2022-02-25T07:00:00Z,145.49,147.46,144.80,146.77,62268760
2022-02-25T08:00:00Z,146.77,148.92,145.89,148.03,58543738
2022-02-25T09:00:00Z,148.03,149.48,147.23,148.68,54352995
2022-02-25T10:00:00Z,148.68,149.22,147.84,148.38,49800917
2022-02-25T11:00:00Z,148.38,149.19,146.41,147.22,45002032
2022-02-25T12:00:00Z,147.22,148.08,144.87,145.73,40077795
2022-02-25T13:00:00Z,145.73,146.38,143.92,144.56,44846823
2022-02-25T14:00:00Z,144.56,145.24,143.48,144.16,49646849
2022-02-25T15:00:00Z,144.16,145.39,143.29,144.53,54200823
2022-02-25T16:00:00Z,144.53,146.08,143.75,145.30,58394207
2022-02-25T17:00:00Z,145.30,146.47,144.76,145.93,62122603
2022-02-25T18:00:00Z,145.93,146.90,145.12,146.09,65294675
2022-02-25T19:00:00Z,146.09,146.95,144.97,145.83,67834700
2022-02-25T20:00:00Z,145.83,146.48,144.96,145.60,69684669
2022-02-25T21:00:00Z,145.60,146.62,144.91,145.92,70805882
2022-02-25T22:00:00Z,145.92,147.98,145.04,147.10,71179991
2022-02-25T23:00:00Z,147.10,149.79,146.31,149.00,70809460
2022-02-26T00:00:00Z,149.00,151.65,148.44,151.09,69717426
2022-02-26T01:00:00Z,151.09,153.57,150.24,152.72,67946980
2022-02-26T02:00:00Z,152.72,154.36,151.82,153.46,65559860
2022-02-26T03:00:00Z,153.46,154.13,152.66,153.33,62634630
2022-02-26T04:00:00Z,153.33,154.06,152.04,152.77,59264369
2022-02-26T05:00:00Z,152.77,153.68,151.44,152.35,55553946
2022-02-26T06:00:00Z,152.35,153.26,151.54,152.45,51616972
2022-02-26T07:00:00Z,152.45,153.63,151.88,153.05,51812785
2022-02-26T08:00:00Z,153.05,154.60,152.19,153.74,56140427
2022-02-26T09:00:00Z,153.74,154.89,152.84,153.99,60238645
2022-02-26T10:00:00Z,153.99,154.65,152.82,153.48,63991930
2022-02-26T11:00:00Z,153.48,154.22,151.60,152.33,67293534
2022-02-26T12:00:00Z,152.33,153.24,150.12,151.03,70048538
2022-02-26T13:00:00Z,151.03,151.82,149.38,150.17,72176574
2022-02-26T14:00:00Z,150.17,150.74,149.58,150.15,73614153
2022-02-26T15:00:00Z,150.15,151.75,149.30,150.90,74316492
2022-02-26T16:00:00Z,150.90,152.85,150.01,151.96,74258828
2022-02-26T17:00:00Z,151.96,153.40,151.30,152.74,73437148
2022-02-26T18:00:00Z,152.74,153.61,152.00,152.87,71868332
2022-02-26T19:00:00Z,152.87,153.78,151.47,152.38,69589703
2022-02-26T20:00:00Z,152.38,153.18,150.95,151.74,66657990
2022-02-26T21:00:00Z,151.74,152.32,150.92,151.51,63147739
2022-02-26T22:00:00Z,151.51,152.91,150.65,152.05,59149218
2022-02-26T23:00:00Z,152.05,154.20,151.15,153.30,54765869
2022-02-27T00:00:00Z,153.30,155.47,152.64,154.81,50111394
2022-02-27T01:00:00Z,154.81,156.76,154.05,155.99,45306542
2022-02-27T02:00:00Z,155.99,157.41,155.06,156.48,48925739
2022-02-27T03:00:00Z,156.48,157.29,155.49,156.30,52400366
2022-02-27T04:00:00Z,156.30,156.91,155.30,155.91,55615454
2022-02-27T05:00:00Z,155.91,156.79,154.95,155.84,58463022
2022-02-27T06:00:00Z,155.84,157.33,154.93,156.42,60845266
2022-02-27T07:00:00Z,156.42,158.22,155.76,157.56,62677443
2022-02-27T08:00:00Z,157.56,159.55,156.77,158.77,63890392
2022-02-27T09:00:00Z,158.77,160.40,157.81,159.44,64445158
2022-02-27T10:00:00Z,159.44,160.27,158.39,159.21,65683164
2022-02-27T11:00:00Z,159.21,159.83,157.51,158.13,66199157
2022-02-27T12:00:00Z,158.13,159.02,155.78,156.68,65994906
2022-02-27T13:00:00Z,156.68,157.58,154.57,155.47,65092735
2022-02-27T14:00:00Z,155.47,156.11,154.28,154.93,63534802
2022-02-27T15:00:00Z,154.93,155.82,154.15,155.05,61381807
2022-02-27T16:00:00Z,155.05,156.38,154.11,155.45,58711166
2022-02-27T17:00:00Z,155.45,156.40,154.65,155.61,55614710
2022-02-27T18:00:00Z,155.61,156.22,154.60,155.22,52195970
2022-02-27T19:00:00Z,155.22,156.10,153.50,154.39,48567124
2022-02-27T20:00:00Z,154.39,155.27,152.69,153.58,49086005
2022-02-27T21:00:00Z,153.58,154.21,152.74,153.37,53750071
2022-02-27T22:00:00Z,153.37,154.87,152.60,154.10,58196419
2022-02-27T23:00:00Z,154.10,156.58,153.17,155.65,62307838
2022-02-28T00:00:00Z,155.65,158.30,154.85,157.50,65975825
2022-02-28T01:00:00Z,157.50,159.63,156.86,158.99,69103665
2022-02-28T02:00:00Z,158.99,160.60,158.08,159.68,71609167
2022-02-28T03:00:00Z,159.68,160.60,158.63,159.55,73426989
2022-02-28T04:00:00Z,159.55,160.20,158.34,158.99,74510489
2022-02-28T05:00:00Z,158.99,159.79,157.75,158.55,74833036
2022-02-28T06:00:00Z,158.55,159.51,157.60,158.56,74388754
2022-02-28T07:00:00Z,158.56,159.78,157.75,158.97,73192675
2022-02-28T08:00:00Z,158.97,160.01,158.33,159.36,71280296
2022-02-28T09:00:00Z,159.36,160.28,158.29,159.21,68706553
2022-02-28T10:00:00Z,159.21,160.12,157.29,158.20,65544238
2022-02-28T11:00:00Z,158.20,158.84,155.86,156.49,61881914
2022-02-28T12:00:00Z,156.49,157.27,153.81,154.59,57821379
2022-02-28T13:00:00Z,154.59,155.51,152.24,153.16,53474751
2022-02-28T14:00:00Z,153.16,153.92,151.84,152.61,48961273
2022-02-28T15:00:00Z,152.61,153.54,151.98,152.91,52853943
2022-02-28T16:00:00Z,152.91,154.53,152.03,153.64,56582802
2022-02-28T17:00:00Z,153.64,155.09,152.76,154.21,60031637
2022-02-28T18:00:00Z,154.21,154.84,153.59,154.23,63091322
2022-02-28T19:00:00Z,154.23,155.01,152.94,153.73,65663012
2022-02-28T20:00:00Z,153.73,154.65,152.20,153.12,67661039
2022-02-28T21:00:00Z,153.12,153.88,152.17,152.94,69015427
2022-02-28T22:00:00Z,152.94,154.14,152.30,153.51,69673976
2022-02-28T23:00:00Z,153.51,155.62,152.61,154.73,69603822
2022-03-01T00:00:00Z,154.73,157.00,153.83,156.11,68792451
2022-03-01T01:00:00Z,156.11,157.69,155.49,157.07,67248134
2022-03-01T02:00:00Z,157.07,158.03,156.26,157.22,64999759
2022-03-01T03:00:00Z,157.22,158.16,155.69,156.63,62096077
2022-03-01T04:00:00Z,156.63,157.41,154.98,155.76,58604380
2022-03-01T05:00:00Z,155.76,156.40,154.54,155.19,54608641
2022-03-01T06:00:00Z,155.19,156.19,154.28,155.29,50387880
2022-03-01T07:00:00Z,155.29,156.89,154.40,156.01,47088979
2022-03-01T08:00:00Z,156.01,157.50,155.39,156.89,43604987
2022-03-01T09:00:00Z,156.89,158.16,156.07,157.35,44293026
2022-03-01T10:00:00Z,157.35,158.29,156.08,157.02,49149726
2022-03-01T11:00:00Z,157.02,157.79,155.19,155.95,53811241
2022-03-01T12:00:00Z,155.95,156.61,153.96,154.61,58159304
2022-03-01T13:00:00Z,154.61,155.51,152.68,153.57,62084256
2022-03-01T14:00:00Z,153.57,154.44,152.35,153.22,65488122
2022-03-01T15:00:00Z,153.22,154.10,152.62,153.51,68287358
2022-03-01T16:00:00Z,153.51,154.81,152.70,154.01,70415185
2022-03-01T17:00:00Z,154.01,155.11,153.09,154.19,71823442
2022-03-01T18:00:00Z,154.19,154.94,152.97,153.72,72483906
2022-03-01T19:00:00Z,153.72,154.37,152.06,152.71,72389047
2022-03-01T20:00:00Z,152.71,153.59,150.75,151.64,71552187
2022-03-01T21:00:00Z,151.64,152.49,150.25,151.11,70007062
2022-03-01T22:00:00Z,151.11,152.07,150.52,151.49,67806808
2022-03-01T23:00:00Z,151.49,153.52,150.69,152.72,65022390
2022-03-02T00:00:00Z,152.72,155.24,151.80,154.32,61740518
2022-03-02T01:00:00Z,154.32,156.40,153.56,155.64,58061128
2022-03-02T02:00:00Z,155.64,156.95,154.97,156.28,54094472
2022-03-02T03:00:00Z,156.28,157.20,155.31,156.22,49957928
2022-03-02T04:00:00Z,156.22,157.10,154.97,155.85,54222652
2022-03-02T05:00:00Z,155.85,156.44,155.09,155.68,58316862
2022-03-02T06:00:00Z,155.68,156.85,154.86,156.03,62122552
2022-03-02T07:00:00Z,156.03,157.73,155.09,156.79,65528853
2022-03-02T08:00:00Z,156.79,158.28,156.03,157.52,68435220
2022-03-02T09:00:00Z,157.52,158.31,156.83,157.63,70754344
2022-03-02T10:00:00Z,157.63,158.55,155.89,156.81,72414679
2022-03-02T11:00:00Z,156.81,157.68,154.30,155.17,73362526
2022-03-02T12:00:00Z,155.17,155.75,152.68,153.25,73563602
2022-03-02T13:00:00Z,153.25,154.05,150.91,151.71,73004067
2022-03-02T14:00:00Z,151.71,152.61,150.09,150.99,71690958
2022-03-02T15:00:00Z,150.99,151.84,150.27,151.11,69652029
2022-03-02T16:00:00Z,151.11,152.34,150.45,151.68,66935006
2022-03-02T17:00:00Z,151.68,153.03,150.78,152.14,63606268
2022-03-02T18:00:00Z,152.14,152.99,151.29,152.14,59748988
2022-03-02T19:00:00Z,152.14,152.70,151.17,151.73,55460810
2022-03-02T20:00:00Z,151.73,152.54,150.54,151.34,50851102
2022-03-02T21:00:00Z,151.34,152.39,150.44,151.48,46037875
2022-03-02T22:00:00Z,151.48,153.19,150.76,152.46,45384763
2022-03-02T23:00:00Z,152.46,154.83,151.78,154.15,48894964
2022-03-03T00:00:00Z,154.15,156.93,153.23,156.01,52211229
2022-03-03T01:00:00Z,156.01,158.29,155.14,157.42,55221879
2022-03-03T02:00:00Z,157.42,158.53,156.84,157.95,57823805
2022-03-03T03:00:00Z,157.95,158.80,156.81,157.66,60274343
2022-03-03T04:00:00Z,157.66,158.59,156.03,156.97,63196456
2022-03-03T05:00:00Z,156.97,157.71,155.73,156.47,65472096
2022-03-03T06:00:00Z,156.47,157.26,155.78,156.56,67052376
2022-03-03T07:00:00Z,156.56,158.13,155.63,157.20,67908233
2022-03-03T08:00:00Z,157.20,158.86,156.33,157.98,68031178
2022-03-03T09:00:00Z,157.98,158.93,157.41,158.36,67433466
2022-03-03T10:00:00Z,158.36,159.21,157.14,157.99,66147663
2022-03-03T11:00:00Z,157.99,158.93,156.05,156.98,64225635
2022-03-03T12:00:00Z,156.98,157.71,155.07,155.80,61736983
2022-03-03T13:00:00Z,155.80,156.50,154.34,155.04,58766970
2022-03-03T14:00:00Z,155.04,155.97,154.12,155.06,55414003
2022-03-03T15:00:00Z,155.06,156.66,154.20,155.80,51786734
2022-03-03T16:00:00Z,155.80,157.37,155.24,156.81,48000883
2022-03-03T17:00:00Z,156.81,158.34,155.95,157.49,52625884
2022-03-03T18:00:00Z,157.49,158.44,156.56,157.50,57088191
2022-03-03T19:00:00Z,157.50,158.23,156.16,156.88,61267998
2022-03-03T20:00:00Z,156.88,157.59,155.40,156.11,65052600
2022-03-03T21:00:00Z,156.11,157.03,154.85,155.77,68339601
2022-03-03T22:00:00Z,155.77,157.09,154.91,156.23,71039828
2022-03-03T23:00:00Z,156.23,158.00,155.67,157.44,73079868
2022-03-04T00:00:00Z,157.44,159.80,156.57,158.94,74404161
2022-03-04T01:00:00Z,158.94,161.09,157.99,160.14,74976582
2022-03-04T02:00:00Z,160.14,161.41,159.40,160.67,74781471
2022-03-04T03:00:00Z,160.67,161.40,159.81,160.54,73824079
2022-03-04T04:00:00Z,160.54,161.49,159.23,160.18,72130420
2022-03-04T05:00:00Z,160.18,161.06,159.25,160.13,69746528
2022-03-04T06:00:00Z,160.13,161.26,159.57,160.70,66737150
2022-03-04T07:00:00Z,160.70,162.66,159.81,161.78,63183895
2022-03-04T08:00:00Z,161.78,163.86,160.81,162.89,59182918
2022-03-04T09:00:00Z,162.89,164.18,162.14,163.44,54842179
2022-03-04T10:00:00Z,163.44,164.19,162.29,163.04,50278374
2022-03-04T11:00:00Z,163.04,164.00,160.83,161.80,49853913
2022-03-04T12:00:00Z,161.80,162.67,159.31,160.18,53570876
2022-03-04T13:00:00Z,160.18,160.75,158.28,158.85,57071000
2022-03-04T14:00:00Z,158.85,159.71,157.35,158.21,60241706
2022-03-04T15:00:00Z,158.21,159.24,157.28,158.30,62979100
2022-03-04T16:00:00Z,158.30,159.45,157.58,158.73,65191026
2022-03-04T17:00:00Z,158.73,159.71,157.99,158.98,66799777
2022-03-04T18:00:00Z,158.98,159.92,157.79,158.73,67744405
2022-03-04T19:00:00Z,158.73,159.59,157.23,158.09,67982544
2022-03-04T20:00:00Z,158.09,158.65,156.94,157.50,67491704
2022-03-04T21:00:00Z,157.50,158.39,156.63,157.53,66269992
2022-03-04T22:00:00Z,157.53,159.42,156.59,158.48,64336250
2022-03-04T23:00:00Z,158.48,160.97,157.76,160.25,61729587
2022-03-05T00:00:00Z,160.25,163.04,159.49,162.28,59025276
2022-03-05T01:00:00Z,162.28,164.90,161.30,163.93,56662530
2022-03-05T02:00:00Z,163.93,165.63,163.04,164.74,53843278
2022-03-05T03:00:00Z,164.74,165.34,164.12,164.71,50665188
2022-03-05T04:00:00Z,164.71,165.62,163.34,164.25,47236056
2022-03-05T05:00:00Z,164.25,165.22,162.93,163.90,43670631
2022-03-05T06:00:00Z,163.90,164.75,163.17,164.02,48537267
2022-03-05T07:00:00Z,164.02,165.35,163.25,164.58,53261237
2022-03-05T08:00:00Z,164.58,166.13,163.59,165.15,57721450
2022-03-05T09:00:00Z,165.15,166.09,164.26,165.21,61803829
2022-03-05T10:00:00Z,165.21,165.81,163.86,164.46,65404520
2022-03-05T11:00:00Z,164.46,165.37,162.13,163.03,68432812
2022-03-05T12:00:00Z,163.03,163.98,160.48,161.43,70813687
2022-03-05T13:00:00Z,161.43,162.14,159.59,160.29,72489914
2022-03-05T14:00:00Z,160.29,161.05,159.26,160.02,73423646
2022-03-05T15:00:00Z,160.02,161.52,159.06,160.56,73597451
2022-03-05T16:00:00Z,160.56,162.33,159.70,161.47,73014776
2022-03-05T17:00:00Z,161.47,162.75,160.87,162.15,71699797
2022-03-05T18:00:00Z,162.15,163.12,161.25,162.22,69696695
2022-03-05T19:00:00Z,162.22,163.17,160.75,161.70,67068349
2022-03-05T20:00:00Z,161.70,162.41,160.32,161.02,63894505
2022-03-05T21:00:00Z,161.02,161.79,159.96,160.73,60269459
2022-03-05T22:00:00Z,160.73,162.12,159.76,161.16,56299329
2022-03-05T23:00:00Z,161.16,163.08,160.30,162.22,52098995
2022-03-06T00:00:00Z,162.22,164.08,161.61,163.46,52029089
2022-03-06T01:00:00Z,163.46,165.21,162.54,164.29,56089952
2022-03-06T02:00:00Z,164.29,165.30,163.33,164.33,59921638
2022-03-06T03:00:00Z,164.33,165.04,162.95,163.66,63409943
2022-03-06T04:00:00Z,163.66,164.45,161.94,162.72,66449419
2022-03-06T05:00:00Z,162.72,163.69,161.12,162.09,68946428
2022-03-06T06:00:00Z,162.09,162.99,161.24,162.14,70821869
2022-03-06T07:00:00Z,162.14,163.39,161.52,162.77,72013486
2022-03-06T08:00:00Z,162.77,164.46,161.85,163.54,72477705
2022-03-06T09:00:00Z,163.54,164.81,162.58,163.85,72190927
2022-03-06T10:00:00Z,163.85,164.55,162.61,163.31,71150261
2022-03-06T11:00:00Z,163.31,164.10,161.21,162.00,69373661
2022-03-06T12:00:00Z,162.00,162.96,159.40,160.36,66899466
2022-03-06T13:00:00Z,160.36,161.19,158.15,158.99,63785364
2022-03-06T14:00:00Z,158.99,159.59,157.68,158.28,60106794
2022-03-06T15:00:00Z,158.28,159.18,157.33,158.22,55954848
2022-03-06T16:00:00Z,158.22,159.32,157.30,158.40,51433721
2022-03-06T17:00:00Z,158.40,159.07,157.61,158.28,46657789
2022-03-06T18:00:00Z,158.28,159.05,156.79,157.56,41748396
2022-03-06T19:00:00Z,157.56,158.50,155.41,156.35,45280479
2022-03-06T20:00:00Z,156.35,157.15,154.31,155.12,48685847
2022-03-06T21:00:00Z,155.12,155.72,153.89,154.49,52534877
2022-03-06T22:00:00Z,154.49,155.67,153.61,154.80,56746183
2022-03-06T23:00:00Z,154.80,156.88,153.89,155.97,60500573
2022-03-07T00:00:00Z,155.97,158.17,155.30,157.50,63706584
2022-03-07T01:00:00Z,157.50,159.53,156.72,158.75,66288326
2022-03-07T02:00:00Z,158.75,160.24,157.80,159.28,68187586
2022-03-07T03:00:00Z,159.28,160.10,158.25,159.07,69365423
2022-03-07T04:00:00Z,159.07,159.69,157.89,158.51,69803211
2022-03-07T05:00:00Z,158.51,159.41,157.20,158.10,69503102
2022-03-07T06:00:00Z,158.10,159.09,157.18,158.17,68487890
2022-03-07T07:00:00Z,158.17,159.30,157.51,158.64,66800287
2022-03-07T08:00:00Z,158.64,159.84,157.85,159.05,64501627
2022-03-07T09:00:00Z,159.05,160.01,157.91,158.86,61670040
2022-03-07T10:00:00Z,158.86,159.68,156.95,157.76,58398146
2022-03-07T11:00:00Z,157.76,158.37,155.25,155.86,54790335
2022-03-07T12:00:00Z,155.86,156.74,152.83,153.71,50959711
2022-03-07T13:00:00Z,153.71,154.59,151.09,151.97,51265094
2022-03-07T14:00:00Z,151.97,152.59,150.44,151.06,55704989
2022-03-07T15:00:00Z,151.06,151.82,150.25,151.00,59917592
2022-03-07T16:00:00Z,151.00,152.28,150.09,151.37,63786834
2022-03-07T17:00:00Z,151.37,152.38,150.60,151.61,67205401
2022-03-07T18:00:00Z,151.61,152.21,150.74,151.35,70077799
2022-03-07T19:00:00Z,151.35,152.21,149.75,150.62,72323086
2022-03-07T20:00:00Z,150.62,151.48,148.97,149.84,73877198
2022-03-07T21:00:00Z,149.84,150.45,148.91,149.52,74694782
2022-03-07T22:00:00Z,149.52,150.74,148.77,149.98,74750510
2022-03-07T23:00:00Z,149.98,152.00,149.08,151.10,74039813
2022-03-08T00:00:00Z,151.10,153.12,150.32,152.35,72579029
2022-03-08T01:00:00Z,152.35,153.75,151.73,153.13,70404951
2022-03-08T02:00:00Z,153.13,154.01,152.15,153.03,67573796
2022-03-08T03:00:00Z,153.03,153.91,151.24,152.12,64159617
2022-03-08T04:00:00Z,152.12,152.73,150.23,150.84,60252211
2022-03-08T05:00:00Z,150.84,151.60,149.03,149.79,55954575
2022-03-08T06:00:00Z,149.79,150.69,148.47,149.36,51379992
2022-03-08T07:00:00Z,149.36,150.27,148.61,149.52,46648817
2022-03-08T08:00:00Z,149.52,150.44,148.91,149.83,50335118
2022-03-08T09:00:00Z,149.83,150.70,148.89,149.75,53869945
2022-03-08T10:00:00Z,149.75,150.61,148.08,148.93,57138034
2022-03-08T11:00:00Z,148.93,149.52,146.85,147.45,60031147
2022-03-08T12:00:00Z,147.45,148.19,145.02,145.76,62451255
2022-03-08T13:00:00Z,145.76,146.63,143.60,144.46,64313429
2022-03-08T14:00:00Z,144.46,145.18,143.20,143.92,65548362
2022-03-08T15:00:00Z,143.92,144.66,143.32,144.07,66104437
2022-03-08T16:00:00Z,144.07,145.30,143.23,144.47,65949293
2022-03-08T17:00:00Z,144.47,145.38,143.64,144.55,65070832
2022-03-08T18:00:00Z,144.55,145.12,143.40,143.97,64330683
2022-03-08T19:00:00Z,143.97,144.70,142.07,142.80,63447409
2022-03-08T20:00:00Z,142.80,143.65,140.68,141.53,61916431
2022-03-08T21:00:00Z,141.53,142.23,140.04,140.74,59798318
2022-03-08T22:00:00Z,140.74,141.42,140.16,140.83,57170316
2022-03-08T23:00:00Z,140.83,142.55,140.01,141.73,54124045
2022-03-09T00:00:00Z,141.73,143.79,140.92,142.98,50762791
2022-03-09T01:00:00Z,142.98,144.55,142.41,143.98,47198452
2022-03-09T02:00:00Z,143.98,145.07,143.23,144.33,47788543
2022-03-09T03:00:00Z,144.33,145.19,143.17,144.04,52530174
2022-03-09T04:00:00Z,144.04,144.75,142.80,143.51,57060062
2022-03-09T05:00:00Z,143.51,144.11,142.66,143.26,61260587
2022-03-09T06:00:00Z,143.26,144.44,142.43,143.61,65022809
2022-03-09T07:00:00Z,143.61,145.26,142.79,144.44,68249553
2022-03-09T08:00:00Z,144.44,145.83,143.87,145.27,70858141
2022-03-09T09:00:00Z,145.27,146.26,144.51,145.50,72782728
2022-03-09T10:00:00Z,145.50,146.37,143.93,144.79,73976149
2022-03-09T11:00:00Z,144.79,145.50,142.53,143.23,74411234
2022-03-09T12:00:00Z,143.23,143.83,140.73,141.33,74081556
2022-03-09T13:00:00Z,141.33,142.14,138.91,139.72,73001585
2022-03-09T14:00:00Z,139.72,140.51,138.08,138.86,71206251
2022-03-09T15:00:00Z,138.86,139.40,138.23,138.77,68749915
2022-03-09T16:00:00Z,138.77,139.78,138.04,139.05,65704795
2022-03-09T17:00:00Z,139.05,140.02,138.22,139.19,62158880
2022-03-09T18:00:00Z,139.19,139.87,138.18,138.86,58213396
2022-03-09T19:00:00Z,138.86,139.45,137.53,138.13,53979901
2022-03-09T20:00:00Z,138.13,138.93,136.64,137.44,49577080
2022-03-09T21:00:00Z,137.44,138.21,136.56,137.34,53577391
2022-03-09T22:00:00Z,137.34,138.66,136.81,138.13,57410348
2022-03-09T23:00:00Z,138.13,140.41,137.40,139.68,60959227
2022-03-10T00:00:00Z,139.68,142.31,138.83,141.46,64114413
2022-03-10T01:00:00Z,141.46,143.50,140.77,142.80,66776594
2022-03-10T02:00:00Z,142.80,143.91,142.19,143.29,68859656
2022-03-10T03:00:00Z,143.29,144.12,142.07,142.91,70293210
2022-03-10T04:00:00Z,142.91,143.71,141.31,142.10,71024665
2022-03-10T05:00:00Z,142.10,142.64,140.90,141.43,71020802
2022-03-10T06:00:00Z,141.43,142.18,140.53,141.27,70268781
2022-03-10T07:00:00Z,141.27,142.44,140.43,141.59,68776583
2022-03-10T08:00:00Z,141.59,142.67,140.91,141.99,66572841
2022-03-10T09:00:00Z,141.99,142.61,141.31,141.93,63706087
2022-03-10T10:00:00Z,141.93,142.76,140.29,141.12,60243432
2022-03-10T11:00:00Z,141.12,141.90,138.89,139.67,56268707
2022-03-10T12:00:00Z,139.67,140.18,137.56,138.08,51880131
2022-03-10T13:00:00Z,138.08,138.80,136.24,136.96,47187561
2022-03-10T14:00:00Z,136.96,137.78,135.89,136.71,42309418
2022-03-10T15:00:00Z,136.71,137.92,136.06,137.27,42630644
2022-03-10T16:00:00Z,137.27,138.79,136.66,138.18,47507214
2022-03-10T17:00:00Z,138.18,139.66,137.36,138.85,52196644
2022-03-10T18:00:00Z,138.85,139.66,138.07,138.89,56580531
2022-03-10T19:00:00Z,138.89,139.40,137.83,138.34,60549039
2022-03-10T20:00:00Z,138.34,139.08,136.91,137.65,64003981
2022-03-10T21:00:00Z,137.65,138.47,136.55,137.37,66861562
2022-03-10T22:00:00Z,137.37,138.51,136.72,137.86,69054718
2022-03-10T23:00:00Z,137.86,139.66,137.24,139.04,70534967
2022-03-11T00:00:00Z,139.04,141.30,138.21,140.47,71273734
2022-03-11T01:00:00Z,140.47,142.34,139.69,141.55,71263107
2022-03-11T02:00:00Z,141.55,142.44,141.04,141.92,70515991
2022-03-11T03:00:00Z,141.92,142.68,140.87,141.63,69065687
2022-03-11T04:00:00Z,141.63,142.47,140.28,141.12,66964865
2022-03-11T05:00:00Z,141.12,141.78,140.29,140.95,64284002
2022-03-11T06:00:00Z,140.95,142.09,140.31,141.45,61109303
2022-03-11T07:00:00Z,141.45,143.39,140.61,142.54,57540177
2022-03-11T08:00:00Z,142.54,144.53,141.75,143.74,53686336
2022-03-11T09:00:00Z,143.74,144.96,143.22,144.44,49664607
2022-03-11T10:00:00Z,144.44,145.22,143.48,144.26,54045582
2022-03-11T11:00:00Z,144.26,145.11,142.40,143.26,58256910
2022-03-11T12:00:00Z,143.26,143.92,141.24,141.91,62180013
2022-03-11T13:00:00Z,141.91,142.54,140.17,140.81,65703444
2022-03-11T14:00:00Z,140.81,141.64,139.54,140.37,68726086
2022-03-11T15:00:00Z,140.37,141.36,139.60,140.59,71160061
2022-03-11T16:00:00Z,140.59,141.56,140.08,141.06,72933261
2022-03-11T17:00:00Z,141.06,142.04,140.30,141.28,73991431
2022-03-11T18:00:00Z,141.28,142.12,140.09,140.93,74299751
2022-03-11T19:00:00Z,140.93,141.57,139.46,140.11,73843853
2022-03-11T20:00:00Z,140.11,140.74,138.67,139.31,72630268
2022-03-11T21:00:00Z,139.31,140.13,138.28,139.11,70686262
2022-03-11T22:00:00Z,139.11,140.62,138.34,139.85,68059098
2022-03-11T23:00:00Z,139.85,141.93,139.35,141.43,64814712
2022-03-12T00:00:00Z,141.43,144.12,140.65,143.34,61035865
2022-03-12T01:00:00Z,143.34,145.78,142.48,144.92,56819817
2022-03-12T02:00:00Z,144.92,146.39,144.25,145.73,52275582
2022-03-12T03:00:00Z,145.73,146.41,145.06,145.74,47520852
2022-03-12T04:00:00Z,145.74,146.60,144.49,145.35,46918973
2022-03-12T05:00:00Z,145.35,146.14,144.29,145.08,50472893
2022-03-12T06:00:00Z,145.08,145.79,144.57,145.27,53825147
2022-03-12T07:00:00Z,145.27,146.66,144.47,145.86,56863882
2022-03-12T08:00:00Z,145.86,147.27,144.99,146.41,59485850
2022-03-12T09:00:00Z,146.41,147.07,145.72,146.38,61599459
2022-03-12T10:00:00Z,146.38,147.06,144.81,145.48,63127484
2022-03-12T11:00:00Z,145.48,146.34,142.99,143.84,64009374
2022-03-12T12:00:00Z,143.84,144.61,141.23,142.00,65391951
2022-03-12T13:00:00Z,142.00,142.50,140.10,140.61,66268650
2022-03-12T14:00:00Z,140.61,141.38,139.32,140.09,66420469
2022-03-12T15:00:00Z,140.09,141.26,139.26,140.43,65859520
2022-03-12T16:00:00Z,140.43,141.84,139.79,141.20,64618188
2022-03-12T17:00:00Z,141.20,142.49,140.54,141.83,62748123
2022-03-12T18:00:00Z,141.83,142.78,140.99,141.94,60318671
2022-03-12T19:00:00Z,141.94,142.70,140.79,141.55,57414804
2022-03-12T20:00:00Z,141.55,142.06,140.57,141.08,54134606
2022-03-12T21:00:00Z,141.08,141.86,140.26,141.04,50586374
2022-03-12T22:00:00Z,141.04,142.61,140.21,141.77,46885438
2022-03-12T23:00:00Z,141.77,143.78,141.13,143.14,51600818
2022-03-13T00:00:00Z,143.14,145.34,142.46,144.66,56158525
2022-03-13T01:00:00Z,144.66,146.60,143.79,145.73,60438285
2022-03-13T02:00:00Z,145.73,146.75,144.95,145.97,64326904
2022-03-13T03:00:00Z,145.97,146.50,144.90,145.43,67721477
2022-03-13T04:00:00Z,145.43,146.23,143.77,144.57,70532303
2022-03-13T05:00:00Z,144.57,145.42,143.14,143.99,72685428
2022-03-13T06:00:00Z,143.99,144.70,143.35,144.06,74124738
2022-03-13T07:00:00Z,144.06,145.42,143.38,144.74,74813544
2022-03-13T08:00:00Z,144.74,146.44,143.87,145.57,74735617
2022-03-13T09:00:00Z,145.57,146.77,144.79,145.99,73895634
2022-03-13T10:00:00Z,145.99,146.53,145.10,145.64,72319033
2022-03-13T11:00:00Z,145.64,146.45,143.77,144.57,70051276
2022-03-13T12:00:00Z,144.57,145.42,142.40,143.25,67156539
2022-03-13T13:00:00Z,143.25,143.87,141.62,142.24,63715871
2022-03-13T14:00:00Z,142.24,142.92,141.25,141.93,59824876
2022-03-13T15:00:00Z,141.93,143.11,141.08,142.26,55590975
2022-03-13T16:00:00Z,142.26,143.57,141.51,142.81,51130340
2022-03-13T17:00:00Z,142.81,143.55,142.27,143.01,50804877
2022-03-13T18:00:00Z,143.01,143.81,141.74,142.54,54616179
2022-03-13T19:00:00Z,142.54,143.37,140.66,141.49,58205522
2022-03-13T20:00:00Z,141.49,142.10,139.74,140.35,61459890
2022-03-13T21:00:00Z,140.35,141.02,139.04,139.72,64274981
2022-03-13T22:00:00Z,139.72,140.81,138.88,139.97,66558255
2022-03-13T23:00:00Z,139.97,141.79,139.23,141.04,68231658
2022-03-14T00:00:00Z,141.04,143.01,140.51,142.47,69233925
2022-03-14T01:00:00Z,142.47,144.43,141.66,143.63,69522407
2022-03-14T02:00:00Z,143.63,144.94,142.78,144.10,69074367
2022-03-14T03:00:00Z,144.10,144.72,143.27,143.89,67887704
2022-03-14T04:00:00Z,143.89,144.59,142.70,143.39,65981087
2022-03-14T05:00:00Z,143.39,144.25,142.26,143.11,63393493
2022-03-14T06:00:00Z,143.11,144.12,142.36,143.37,60183163
2022-03-14T07:00:00Z,143.37,144.60,142.82,144.05,56426009
2022-03-14T08:00:00Z,144.05,145.52,143.24,144.70,52213508
2022-03-14T09:00:00Z,144.70,145.58,143.86,144.73,49006838
2022-03-14T10:00:00Z,144.73,145.35,143.20,143.81,45599520
2022-03-14T11:00:00Z,143.81,144.51,141.37,142.06,42063923
2022-03-14T12:00:00Z,142.06,142.90,139.15,139.99,46968259
2022-03-14T13:00:00Z,139.99,140.71,137.54,138.26,51737611
2022-03-14T14:00:00Z,138.26,138.79,136.80,137.33,56250670
2022-03-14T15:00:00Z,137.33,138.11,136.44,137.21,60393100
2022-03-14T16:00:00Z,137.21,138.31,136.41,137.51,64060751
2022-03-14T17:00:00Z,137.51,138.28,136.93,137.70,67162585
2022-03-14T18:00:00Z,137.70,138.38,136.76,137.43,69623223
2022-03-14T19:00:00Z,137.43,138.25,135.95,136.77,71385044
2022-03-14T20:00:00Z,136.77,137.48,135.43,136.14,72409781
2022-03-14T21:00:00Z,136.14,136.67,135.53,136.06,72679559
2022-03-14T22:00:00Z,136.06,137.63,135.28,136.85,72197350
2022-03-14T23:00:00Z,136.85,139.16,136.05,138.36,70986843
2022-03-15T00:00:00Z,138.36,140.66,137.77,140.07,69091704
2022-03-15T01:00:00Z,140.07,142.03,139.37,141.33,66574285
2022-03-15T02:00:00Z,141.33,142.56,140.48,141.71,63513788
2022-03-15T03:00:00Z,141.71,142.44,140.53,141.25,60003953
2022-03-15T04:00:00Z,141.25,141.81,139.83,140.38,56150334
2022-03-15T05:00:00Z,140.38,141.18,138.89,139.68,52067242
2022-03-15T06:00:00Z,139.68,140.49,138.73,139.54,52114733
2022-03-15T07:00:00Z,139.54,140.50,138.96,139.92,56292573
2022-03-15T08:00:00Z,139.92,141.12,139.22,140.42,60240244
2022-03-15T09:00:00Z,140.42,141.34,139.57,140.49,63842974
2022-03-15T10:00:00Z,140.49,141.21,139.12,139.83,66994753
2022-03-15T11:00:00Z,139.83,140.38,137.98,138.53,69601395
2022-03-15T12:00:00Z,138.53,139.31,136.28,137.07,71583260
2022-03-15T13:00:00Z,137.07,137.86,135.26,136.05,72877573
2022-03-15T14:00:00Z,136.05,136.61,135.29,135.85,73440255
2022-03-15T15:00:00Z,135.85,137.08,135.16,136.40,73247225
2022-03-15T16:00:00Z,136.40,138.06,135.57,137.24,72295133
2022-03-15T17:00:00Z,137.24,138.49,136.54,137.78,70601500
2022-03-15T18:00:00Z,137.78,138.34,137.11,137.66,68204258
2022-03-15T19:00:00Z,137.66,138.45,136.14,136.92,65160719
2022-03-15T20:00:00Z,136.92,137.71,135.24,136.02,61545975
2022-03-15T21:00:00Z,136.02,136.57,134.98,135.54,57450805
2022-03-15T22:00:00Z,135.54,136.52,134.85,135.84,52979128
2022-03-15T23:00:00Z,135.84,137.68,135.02,136.86,48245076
2022-03-16T00:00:00Z,136.86,138.86,136.16,138.16,43369787
2022-03-16T01:00:00Z,138.16,139.72,137.60,139.15,46928035
2022-03-16T02:00:00Z,139.15,140.26,138.35,139.45,50351497
2022-03-16T03:00:00Z,139.45,140.25,138.31,139.11,53525454
2022-03-16T04:00:00Z,139.11,139.67,137.99,138.55,56342130
2022-03-16T05:00:00Z,138.55,139.25,137.61,138.31,58829745
2022-03-16T06:00:00Z,138.31,139.56,137.48,138.73,62050427
2022-03-16T07:00:00Z,138.73,140.40,138.03,139.70,64654951
2022-03-16T08:00:00Z,139.70,141.31,139.12,140.73,66584994
2022-03-16T09:00:00Z,140.73,142.05,139.91,141.23,67801462
2022-03-16T10:00:00Z,141.23,142.04,140.02,140.82,68285543
2022-03-16T11:00:00Z,140.82,141.38,139.02,139.58,68039160
2022-03-16T12:00:00Z,139.58,140.29,137.28,137.98,67084844
2022-03-16T13:00:00Z,137.98,138.80,135.84,136.66,65465009
2022-03-16T14:00:00Z,136.66,137.34,135.36,136.04,63240658
2022-03-16T15:00:00Z,136.04,136.68,135.47,136.12,60489556
2022-03-16T16:00:00Z,136.12,137.31,135.33,136.52,57303929
2022-03-16T17:00:00Z,136.52,137.52,135.74,136.74,53787744
2022-03-16T18:00:00Z,136.74,137.28,135.91,136.45,50053657
2022-03-16T19:00:00Z,136.45,137.15,135.06,135.76,50460015
2022-03-16T20:00:00Z,135.76,136.57,134.32,135.13,55004828
2022-03-16T21:00:00Z,135.13,135.81,134.46,135.14,59325778
2022-03-16T22:00:00Z,135.14,136.67,134.57,136.10,63306267
2022-03-16T23:00:00Z,136.10,138.70,135.30,137.90,66838434
2022-03-17T00:00:00Z,137.90,140.81,137.11,140.02,69826228
2022-03-17T01:00:00Z,140.02,142.34,139.46,141.78,72188145
2022-03-17T02:00:00Z,141.78,143.49,141.04,142.75,73859548
2022-03-17T03:00:00Z,142.75,143.77,141.90,142.91,74794509
2022-03-17T04:00:00Z,142.91,143.61,141.96,142.66,74967125
2022-03-17T05:00:00Z,142.66,143.26,141.93,142.53,74372256
2022-03-17T06:00:00Z,142.53,143.71,141.70,142.88,73025671
2022-03-17T07:00:00Z,142.88,144.46,142.06,143.65,70963605
2022-03-17T08:00:00Z,143.65,144.99,143.09,144.43,68241725
2022-03-17T09:00:00Z,144.43,145.44,143.67,144.68,64933549
2022-03-17T10:00:00Z,144.68,145.55,143.25,144.11,61128357
2022-03-17T11:00:00Z,144.11,144.81,142.15,142.85,56928643
2022-03-17T12:00:00Z,142.85,143.46,140.82,141.42,52447210
2022-03-17T13:00:00Z,141.42,142.24,139.64,140.46,47803959
2022-03-17T14:00:00Z,140.46,141.25,139.58,140.38,51572525
2022-03-17T15:00:00Z,140.38,141.68,139.84,141.14,55183557
2022-03-17T16:00:00Z,141.14,143.05,140.39,142.30,58521417
2022-03-17T17:00:00Z,142.30,144.14,141.44,143.28,61477525
2022-03-17T18:00:00Z,143.28,144.38,142.58,143.68,63953543
2022-03-17T19:00:00Z,143.68,144.30,142.92,143.54,65864269
2022-03-17T20:00:00Z,143.54,144.37,142.42,143.26,67140159
2022-03-17T21:00:00Z,143.26,144.19,142.45,143.38,67729394
2022-03-17T22:00:00Z,143.38,144.78,142.84,144.24,67599450
2022-03-17T23:00:00Z,144.24,146.51,143.47,145.74,66738107
2022-03-18T00:00:00Z,145.74,148.28,144.85,147.40,65153880
2022-03-18T01:00:00Z,147.40,149.35,146.68,148.63,62875852
2022-03-18T02:00:00Z,148.63,149.72,147.99,149.07,60246934
2022-03-18T03:00:00Z,149.07,149.94,147.90,148.77,58144471
2022-03-18T04:00:00Z,148.77,149.60,147.37,148.20,55540218
2022-03-18T05:00:00Z,148.20,148.75,147.38,147.93,52525682
2022-03-18T06:00:00Z,147.93,149.12,147.14,148.33,49203991
2022-03-18T07:00:00Z,148.33,150.24,147.44,149.35,45686849
2022-03-18T08:00:00Z,149.35,151.24,148.63,150.52,46331542
2022-03-18T09:00:00Z,150.52,151.92,149.86,151.26,51134910
2022-03-18T10:00:00Z,151.26,152.15,150.30,151.19,55733371
2022-03-18T11:00:00Z,151.19,152.03,149.54,150.38,60008966
2022-03-18T12:00:00Z,150.38,150.93,148.72,149.27,63852389
2022-03-18T13:00:00Z,149.27,150.06,147.67,148.46,67166066
2022-03-18T14:00:00Z,148.46,149.34,147.44,148.33,69866894
2022-03-18T15:00:00Z,148.33,149.55,147.62,148.84,71888577
2022-03-18T16:00:00Z,148.84,150.25,148.18,149.59,73183473
2022-03-18T17:00:00Z,149.59,150.91,148.70,150.03,73723915
2022-03-18T18:00:00Z,150.03,150.86,149.01,149.85,73502960
2022-03-18T19:00:00Z,149.85,150.39,148.60,149.14,72534548
2022-03-18T20:00:00Z,149.14,149.94,147.62,148.41,70853060
2022-03-18T21:00:00Z,148.41,149.29,147.36,148.25,68512299
2022-03-18T22:00:00Z,148.25,149.72,147.54,149.02,65583918
2022-03-18T23:00:00Z,149.02,151.32,148.34,150.65,62155334
2022-03-19T00:00:00Z,150.65,153.55,149.75,152.65,58327199
2022-03-19T01:00:00Z,152.65,155.23,151.79,154.38,54210495
2022-03-19T02:00:00Z,154.38,155.97,153.82,155.41,49923336
2022-03-19T03:00:00Z,155.41,156.58,154.57,155.74,54037613
2022-03-19T04:00:00Z,155.74,156.66,154.80,155.73,57982282
2022-03-19T05:00:00Z,155.73,156.63,155.00,155.90,61640071
2022-03-19T06:00:00Z,155.90,157.28,155.20,156.57,64900833
2022-03-19T07:00:00Z,156.57,158.58,155.64,157.65,67664737
2022-03-19T08:00:00Z,157.65,159.53,156.77,158.66,69845173
2022-03-19T09:00:00Z,158.66,159.63,158.09,159.06,71371273
2022-03-19T10:00:00Z,159.06,159.92,157.66,158.52,72189995
2022-03-19T11:00:00Z,158.52,159.45,156.22,157.16,72267689
2022-03-19T12:00:00Z,157.16,157.88,154.79,155.51,71591120
2022-03-19T13:00:00Z,155.51,156.21,153.54,154.24,70167897
2022-03-19T14:00:00Z,154.24,155.15,152.88,153.79,68026314
2022-03-19T15:00:00Z,153.79,155.00,152.94,154.16,65214601
2022-03-19T16:00:00Z,154.16,155.49,153.61,154.95,61799597
2022-03-19T17:00:00Z,154.95,156.45,154.10,155.60,57864902
2022-03-19T18:00:00Z,155.60,156.69,154.68,155.77,53508537
2022-03-19T19:00:00Z,155.77,156.48,154.77,155.49,48840203
2022-03-19T20:00:00Z,155.49,156.20,154.46,155.17,43978201
2022-03-19T21:00:00Z,155.17,156.26,154.25,155.34,43286402
2022-03-19T22:00:00Z,155.34,157.15,154.49,156.30,46768194
2022-03-19T23:00:00Z,156.30,158.48,155.75,157.92,50528596
2022-03-20T00:00:00Z,157.92,160.56,157.05,159.69,54929110
2022-03-20T01:00:00Z,159.69,161.92,158.73,160.96,58922334
2022-03-20T02:00:00Z,160.96,162.08,160.23,161.35,62409959
2022-03-20T03:00:00Z,161.35,162.09,160.14,160.89,65308031
2022-03-20T04:00:00Z,160.89,161.84,159.07,160.02,67549287
2022-03-20T05:00:00Z,160.02,160.89,158.49,159.35,69085009
2022-03-20T06:00:00Z,159.35,159.92,158.70,159.27,69886352
2022-03-20T07:00:00Z,159.27,160.61,158.39,159.74,69945095
2022-03-20T08:00:00Z,159.74,161.29,158.79,160.34,69273807
2022-03-20T09:00:00Z,160.34,161.26,159.61,160.53,67905413
2022-03-20T10:00:00Z,160.53,161.28,159.23,159.98,65892185
2022-03-20T11:00:00Z,159.98,160.92,157.82,158.77,63304170
2022-03-20T12:00:00Z,158.77,159.62,156.52,157.37,60227118
2022-03-20T13:00:00Z,157.37,157.93,155.80,156.37,56759959
2022-03-20T14:00:00Z,156.37,157.23,155.28,156.14,53011908
2022-03-20T15:00:00Z,156.14,157.54,155.21,156.61,49099272
2022-03-20T16:00:00Z,156.61,158.05,155.91,157.35,53592109
2022-03-20T17:00:00Z,157.35,158.50,156.61,157.76,57917519
2022-03-20T18:00:00Z,157.76,158.70,156.55,157.49,61956367
2022-03-20T19:00:00Z,157.49,158.33,155.77,156.61,65596639
2022-03-20T20:00:00Z,156.61,157.18,155.03,155.60,68736645
2022-03-20T21:00:00Z,155.60,156.46,154.17,155.03,71287932
2022-03-20T22:00:00Z,155.03,156.22,154.12,155.30,73177817
2022-03-20T23:00:00Z,155.30,157.04,154.61,156.34,74351475
2022-03-21T00:00:00Z,156.34,158.45,155.60,157.70,74773520
2022-03-21T01:00:00Z,157.70,159.73,156.75,158.78,74429026
2022-03-21T02:00:00Z,158.78,160.04,157.93,159.19,73323978
2022-03-21T03:00:00Z,159.19,159.78,158.38,158.96,71485113
2022-03-21T04:00:00Z,158.96,159.84,157.61,158.49,68959176
2022-03-21T05:00:00Z,158.49,159.43,157.39,158.32,65811608
2022-03-21T06:00:00Z,158.32,159.45,157.62,158.75,62124697
2022-03-21T07:00:00Z,158.75,160.45,157.99,159.68,57995252
2022-03-21T08:00:00Z,159.68,161.59,158.72,160.63,53531862
2022-03-21T09:00:00Z,160.63,161.84,159.77,160.98,48851825
2022-03-21T10:00:00Z,160.98,161.58,159.79,160.38,48318118
2022-03-21T11:00:00Z,160.38,161.27,158.03,158.92,51933358
2022-03-21T12:00:00Z,158.92,159.84,156.17,157.09,55339779
2022-03-21T13:00:00Z,157.09,157.77,154.86,155.53,58425262
2022-03-21T14:00:00Z,155.53,156.28,153.94,154.68,61086330
2022-03-21T15:00:00Z,154.68,155.61,153.63,154.56,63231200
2022-03-21T16:00:00Z,154.56,155.59,153.74,154.77,64782495
2022-03-21T17:00:00Z,154.77,155.40,154.19,154.82,65679548
2022-03-21T18:00:00Z,154.82,155.68,153.49,154.36,65880225
2022-03-21T19:00:00Z,154.36,155.26,152.60,153.50,65362220
2022-03-21T20:00:00Z,153.50,154.16,152.01,152.67,64753987
2022-03-21T21:00:00Z,152.67,153.41,151.70,152.44,64210641
2022-03-21T22:00:00Z,152.44,154.03,151.52,153.11,62994990
2022-03-21T23:00:00Z,153.11,155.38,152.30,154.57,61158555
2022-03-22T00:00:00Z,154.57,156.86,153.97,156.26,58770519
2022-03-22T01:00:00Z,156.26,158.43,155.38,157.54,55915651
2022-03-22T02:00:00Z,157.54,158.89,156.62,157.97,52691795
2022-03-22T03:00:00Z,157.97,158.64,156.87,157.54,49206971
2022-03-22T04:00:00Z,157.54,158.31,155.91,156.67,45576200
2022-03-22T05:00:00Z,156.67,157.61,154.98,155.92,50368157
2022-03-22T06:00:00Z,155.92,156.73,154.84,155.65,55008479
2022-03-22T07:00:00Z,155.65,156.43,155.05,155.83,59376487
2022-03-22T08:00:00Z,155.83,156.94,154.95,156.06,63358555
2022-03-22T09:00:00Z,156.06,156.96,154.89,155.80,66851319
2022-03-22T10:00:00Z,155.80,156.45,154.10,154.76,69764599
2022-03-22T11:00:00Z,154.76,155.51,152.31,153.06,72023938
2022-03-22T12:00:00Z,153.06,153.97,150.31,151.22,73572702
2022-03-22T13:00:00Z,151.22,151.99,149.07,149.85,74373666
2022-03-22T14:00:00Z,149.85,150.43,148.78,149.36,74410051
2022-03-22T15:00:00Z,149.36,150.56,148.51,149.71,73685974
2022-03-22T16:00:00Z,149.71,151.30,148.83,150.42,72226307
2022-03-22T17:00:00Z,150.42,151.56,149.79,150.92,70075938
2022-03-22T18:00:00Z,150.92,151.67,150.07,150.82,67298469
2022-03-22T19:00:00Z,150.82,151.72,149.25,150.15,63974373
2022-03-22T20:00:00Z,150.15,150.92,148.56,149.33,60198684
2022-03-22T21:00:00Z,149.33,149.91,148.34,148.92,56078258
2022-03-22T22:00:00Z,148.92,150.12,148.07,149.27,51728711
2022-03-22T23:00:00Z,149.27,151.17,148.40,150.30,51511405
2022-03-23T00:00:00Z,150.30,152.17,149.67,151.54,55427404
2022-03-23T01:00:00Z,151.54,153.18,150.78,152.42,59117471
2022-03-23T02:00:00Z,152.42,153.47,151.50,152.55,62468096
2022-03-23T03:00:00Z,152.55,153.33,151.23,152.01,65374505
2022-03-23T04:00:00Z,152.01,152.61,150.63,151.23,67743712
2022-03-23T05:00:00Z,151.23,152.09,149.93,150.79,69497242
2022-03-23T06:00:00Z,150.79,151.91,149.92,151.04,70573436
2022-03-23T07:00:00Z,151.04,152.52,150.41,151.89,70929285
2022-03-23T08:00:00Z,151.89,153.64,151.13,152.88,70541722
2022-03-23T09:00:00Z,152.88,154.31,151.96,153.39,69408348
2022-03-23T10:00:00Z,153.39,154.17,152.28,153.06,67547572
2022-03-23T11:00:00Z,153.06,153.67,151.33,151.94,64998145
2022-03-23T12:00:00Z,151.94,152.80,149.62,150.48,61818124
2022-03-23T13:00:00Z,150.48,151.34,148.43,149.29,58083271
2022-03-23T14:00:00Z,149.29,149.90,148.16,148.77,53884953
2022-03-23T15:00:00Z,148.77,149.64,148.01,148.89,49327592
2022-03-23T16:00:00Z,148.89,150.15,147.99,149.25,44525742
2022-03-23T17:00:00Z,149.25,150.09,148.49,149.34,40399126
2022-03-23T18:00:00Z,149.34,149.94,148.23,148.83,45322040
2022-03-23T19:00:00Z,148.83,149.68,146.99,147.84,50118035
2022-03-23T20:00:00Z,147.84,148.69,146.01,146.86,54665669
2022-03-23T21:00:00Z,146.86,147.45,145.87,146.46,58850436
2022-03-23T22:00:00Z,146.46,147.77,145.72,147.02,62567981
2022-03-23T23:00:00Z,147.02,149.32,146.13,148.43,65727021
2022-03-24T00:00:00Z,148.43,150.94,147.67,150.19,68251896
2022-03-24T01:00:00Z,150.19,152.27,149.56,151.64,70084672
2022-03-24T02:00:00Z,151.64,153.24,150.77,152.36,71186732
2022-03-24T03:00:00Z,152.36,153.24,151.45,152.33,71539823
2022-03-24T04:00:00Z,152.33,152.93,151.31,151.91,71146510
2022-03-24T05:00:00Z,151.91,152.69,150.87,151.65,70030046
2022-03-24T06:00:00Z,151.65,152.77,150.74,151.86,68233636
2022-03-24T07:00:00Z,151.86,153.23,151.10,152.47,65819150
2022-03-24T08:00:00Z,152.47,153.67,151.83,153.03,62865283
2022-03-24T09:00:00Z,153.03,153.92,152.13,153.02,59465255
2022-03-24T10:00:00Z,153.02,153.89,151.24,152.11,55724082
2022-03-24T11:00:00Z,152.11,152.70,149.84,150.44,51755524
2022-03-24T12:00:00Z,150.44,151.20,147.78,148.55,51919075
2022-03-24T13:00:00Z,148.55,149.43,146.21,147.09,56213934
2022-03-24T14:00:00Z,147.09,147.82,145.78,146.50,60279009
2022-03-24T15:00:00Z,146.50,147.40,145.89,146.78,63998953
2022-03-24T16:00:00Z,146.78,148.37,145.93,147.51,67267182
2022-03-24T17:00:00Z,147.51,148.96,146.67,148.12,69988939
2022-03-24T18:00:00Z,148.12,148.81,147.54,148.23,72084022
2022-03-24T19:00:00Z,148.23,149.00,147.12,147.89,73489100
2022-03-24T20:00:00Z,147.89,148.77,146.60,147.49,74159551
2022-03-24T21:00:00Z,147.49,148.29,146.76,147.56,74070767
2022-03-24T22:00:00Z,147.56,149.04,146.93,148.41,73218889
2022-03-24T23:00:00Z,148.41,150.79,147.54,149.92,71620943
2022-03-25T00:00:00Z,149.92,152.45,149.06,151.59,69314396
2022-03-25T01:00:00Z,151.59,153.39,151.00,152.80,66356114
2022-03-25T02:00:00Z,152.80,153.95,152.00,153.16,62820772
2022-03-25T03:00:00Z,153.16,154.07,151.80,152.72,58798761
2022-03-25T04:00:00Z,152.72,153.46,151.20,151.94,54393640
2022-03-25T05:00:00Z,151.94,152.59,150.77,151.42,49719216
2022-03-25T06:00:00Z,151.42,152.42,150.54,151.53,44896335
2022-03-25T07:00:00Z,151.53,153.10,150.67,152.24,48499513
2022-03-25T08:00:00Z,152.24,153.70,151.66,153.11,51960208
2022-03-25T09:00:00Z,153.11,154.39,152.31,153.58,55163520
2022-03-25T10:00:00Z,153.58,154.50,152.38,153.30,58001526
2022-03-25T11:00:00Z,153.30,154.04,151.58,152.32,60376468
2022-03-25T12:00:00Z,152.32,152.97,150.47,151.12,62203639
2022-03-25T13:00:00Z,151.12,152.00,149.38,150.26,63413902
2022-03-25T14:00:00Z,150.26,151.11,149.28,150.13,64921998
2022-03-25T15:00:00Z,150.13,151.23,149.56,150.66,66158020
2022-03-25T16:00:00Z,150.66,152.20,149.86,151.40,66669703
2022-03-25T17:00:00Z,151.40,152.72,150.50,151.81,66458837
2022-03-25T18:00:00Z,151.81,152.54,150.80,151.53,65547778
2022-03-25T19:00:00Z,151.53,152.18,150.00,150.65,63978729
2022-03-25T20:00:00Z,150.65,151.53,148.77,149.65,61812444
2022-03-25T21:00:00Z,149.65,150.49,148.30,149.13,59126403
2022-03-25T22:00:00Z,149.13,150.03,148.57,149.47,56012514
2022-03-25T23:00:00Z,149.47,151.42,148.68,150.62,52574392
2022-03-26T00:00:00Z,150.62,153.01,149.71,152.10,48924311
2022-03-26T01:00:00Z,152.10,154.04,151.36,153.31,49420207
2022-03-26T02:00:00Z,153.31,154.51,152.63,153.84,54059650
2022-03-26T03:00:00Z,153.84,154.74,152.80,153.70,58479861
2022-03-26T04:00:00Z,153.70,154.55,152.43,153.29,62563753
2022-03-26T05:00:00Z,153.29,153.86,152.56,153.13,66202960
2022-03-26T06:00:00Z,153.13,154.34,152.31,153.52,69300908
2022-03-26T07:00:00Z,153.52,155.29,152.60,154.36,71775551
2022-03-26T08:00:00Z,154.36,155.92,153.63,155.18,73561699
2022-03-26T09:00:00Z,155.18,156.07,154.49,155.38,74612866
2022-03-26T10:00:00Z,155.38,156.30,153.72,154.63,74902578
2022-03-26T11:00:00Z,154.63,155.48,152.17,153.02,74425120
2022-03-26T12:00:00Z,153.02,153.57,150.52,151.07,73195688
2022-03-26T13:00:00Z,151.07,151.87,148.63,149.43,71249941
2022-03-26T14:00:00Z,149.43,150.32,147.67,148.56,68642978
2022-03-26T15:00:00Z,148.56,149.26,147.76,148.46,65447755
2022-03-26T16:00:00Z,148.46,149.41,147.79,148.75,61752996
2022-03-26T17:00:00Z,148.75,149.79,147.87,148.91,57660656
2022-03-26T18:00:00Z,148.91,149.74,147.79,148.61,53283012
2022-03-26T19:00:00Z,148.61,149.15,147.38,147.91,48739455
2022-03-26T20:00:00Z,147.91,148.71,146.46,147.25,52603134
2022-03-26T21:00:00Z,147.25,148.13,146.29,147.17,56304230
2022-03-26T22:00:00Z,147.17,148.65,146.47,147.96,59726666
2022-03-26T23:00:00Z,147.96,150.16,147.29,149.49,62761447
2022-03-27T00:00:00Z,149.49,152.13,148.60,151.24,65309848
2022-03-27T01:00:00Z,151.24,153.38,150.40,152.54,67286315
2022-03-27T02:00:00Z,152.54,153.51,151.99,152.96,68620980
2022-03-27T03:00:00Z,152.96,153.79,151.70,152.53,69261738
2022-03-27T04:00:00Z,152.53,153.43,150.76,151.66,69175811
2022-03-27T05:00:00Z,151.66,152.36,150.23,150.93,68350763
2022-03-27T06:00:00Z,150.93,151.61,150.03,150.72,66794933
2022-03-27T07:00:00Z,150.72,151.89,149.82,150.99,64537265
2022-03-27T08:00:00Z,150.99,152.18,150.16,151.35,61626555
2022-03-27T09:00:00Z,151.35,151.88,150.71,151.25,58130130
2022-03-27T10:00:00Z,151.25,152.07,149.57,150.39,54131986
2022-03-27T11:00:00Z,150.39,151.27,147.99,148.88,50864606
2022-03-27T12:00:00Z,148.88,149.55,146.52,147.20,47563440
2022-03-27T13:00:00Z,147.20,147.87,145.30,145.97,44074860
2022-03-27T14:00:00Z,145.97,146.84,144.71,145.57,44756009
2022-03-27T15:00:00Z,145.57,146.73,144.77,145.93,49603551
2022-03-27T16:00:00Z,145.93,147.12,145.42,146.61,54253686
2022-03-27T17:00:00Z,146.61,147.80,145.80,147.00,58588202
2022-03-27T18:00:00Z,147.00,147.87,145.85,146.72,62497506
2022-03-27T19:00:00Z,146.72,147.38,145.15,145.82,65883699
2022-03-27T20:00:00Z,145.82,146.49,144.08,144.74,68663325
2022-03-27T21:00:00Z,144.74,145.60,143.20,144.06,70769701
2022-03-27T22:00:00Z,144.06,144.91,143.28,144.13,72154770
2022-03-27T23:00:00Z,144.13,145.40,143.61,144.88,72790424
2022-03-28T00:00:00Z,144.88,146.67,144.08,145.87,72669253
2022-03-28T01:00:00Z,145.87,147.38,145.01,146.52,71804708
2022-03-28T02:00:00Z,146.52,147.18,145.78,146.44,70230662
2022-03-28T03:00:00Z,146.44,147.12,145.02,145.70,68000392
2022-03-28T04:00:00Z,145.70,146.56,143.86,144.72,65185009
2022-03-28T05:00:00Z,144.72,145.50,143.29,144.07,61871377
2022-03-28T06:00:00Z,144.07,144.60,143.55,144.08,58159585
2022-03-28T07:00:00Z,144.08,145.45,143.28,144.65,54160044
2022-03-28T08:00:00Z,144.65,146.17,143.79,145.31,49990295
2022-03-28T09:00:00Z,145.31,146.10,144.66,145.45,54221655
2022-03-28T10:00:00Z,145.45,146.12,144.01,144.69,58282506
2022-03-28T11:00:00Z,144.69,145.54,142.25,143.10,62055006
2022-03-28T12:00:00Z,143.10,143.86,140.40,141.16,65428446
2022-03-28T13:00:00Z,141.16,141.67,138.98,139.48,68302445
2022-03-28T14:00:00Z,139.48,140.25,137.71,138.48,70589851
2022-03-28T15:00:00Z,138.48,139.30,137.34,138.15,72219275
2022-03-28T16:00:00Z,138.15,138.77,137.50,138.11,73137166
2022-03-28T17:00:00Z,138.11,138.76,137.20,137.85,73309391
2022-03-28T18:00:00Z,137.85,138.67,136.23,137.05,72722250
2022-03-28T19:00:00Z,137.05,137.78,135.09,135.82,71382915
2022-03-28T20:00:00Z,135.82,136.32,134.14,134.64,69319269
2022-03-28T21:00:00Z,134.64,135.38,133.33,134.07,66579160
2022-03-28T22:00:00Z,134.07,135.27,133.28,134.47,63229077
2022-03-28T23:00:00Z,134.47,136.32,133.88,135.72,59352300
2022-03-29T00:00:00Z,135.72,137.96,135.07,137.31,55046569
2022-03-29T01:00:00Z,137.31,139.39,136.48,138.56,50421335
2022-03-29T02:00:00Z,138.56,139.78,137.82,139.04,45594689
2022-03-29T03:00:00Z,139.04,139.56,138.21,138.73,44930328
2022-03-29T04:00:00Z,138.73,139.50,137.24,138.01,48431506
2022-03-29T05:00:00Z,138.01,138.82,136.62,137.43,51741017
2022-03-29T06:00:00Z,137.43,138.03,136.71,137.31,54747217
2022-03-29T07:00:00Z,137.31,138.26,136.65,137.60,57347018
2022-03-29T08:00:00Z,137.60,138.70,136.78,137.88,60750920
2022-03-29T09:00:00Z,137.88,138.60,136.87,137.60,63670489
2022-03-29T10:00:00Z,137.60,138.11,135.96,136.47,65941262
2022-03-29T11:00:00Z,136.47,137.22,133.86,134.62,67514378
2022-03-29T12:00:00Z,134.62,135.40,131.80,132.58,68360808
2022-03-29T13:00:00Z,132.58,133.15,130.43,131.00,68472109
2022-03-29T14:00:00Z,131.00,131.63,129.67,130.30,67860594
2022-03-29T15:00:00Z,130.30,131.23,129.52,130.45,66558896
2022-03-29T16:00:00Z,130.45,131.71,129.76,131.02,64618958
2022-03-29T17:00:00Z,131.02,131.93,130.52,131.44,62110470
2022-03-29T18:00:00Z,131.44,132.17,130.56,131.30,59118791
2022-03-29T19:00:00Z,131.30,132.07,129.88,130.65,55742435
2022-03-29T20:00:00Z,130.65,131.21,129.33,129.89,52090169
2022-03-29T21:00:00Z,129.89,130.52,128.92,129.55,48277834
2022-03-29T22:00:00Z,129.55,130.74,128.77,129.96,52874994
2022-03-29T23:00:00Z,129.96,131.69,129.27,131.01,57308242
2022-03-30T00:00:00Z,131.01,132.72,130.50,132.21,61457910
2022-03-30T01:00:00Z,132.21,133.72,131.46,132.97,65211444
2022-03-30T02:00:00Z,132.97,133.75,132.14,132.91,68466599
2022-03-30T03:00:00Z,132.91,133.47,131.54,132.10,71134358
2022-03-30T04:00:00Z,132.10,132.74,130.35,130.99,73141466
2022-03-30T05:00:00Z,130.99,131.77,129.40,130.18,74432526
2022-03-30T06:00:00Z,130.18,130.85,129.36,130.03,74971575
2022-03-30T07:00:00Z,130.03,131.01,129.53,130.51,74743116
2022-03-30T08:00:00Z,130.51,131.90,129.76,131.15,73752565
2022-03-30T09:00:00Z,131.15,132.16,130.39,131.39,72026096
2022-03-30T10:00:00Z,131.39,131.95,130.31,130.86,69609907
2022-03-30T11:00:00Z,130.86,131.50,128.98,129.62,66568899
2022-03-30T12:00:00Z,129.62,130.39,127.35,128.12,62984839
2022-03-30T13:00:00Z,128.12,128.78,126.29,126.95,58954031
2022-03-30T14:00:00Z,126.95,127.44,125.99,126.48,54584583
2022-03-30T15:00:00Z,126.48,127.40,125.76,126.68,49993331
2022-03-30T16:00:00Z,126.68,127.86,125.95,127.12,49542819
2022-03-30T17:00:00Z,127.12,127.78,126.59,127.25,53235255
2022-03-30T18:00:00Z,127.25,127.88,126.11,126.74,56712495
2022-03-30T19:00:00Z,126.74,127.50,124.95,125.71,59862073
2022-03-30T20:00:00Z,125.71,126.35,123.98,124.62,62580200
2022-03-30T21:00:00Z,124.62,125.11,123.60,124.09,64774811
2022-03-30T22:00:00Z,124.09,125.20,123.38,124.49,66368286
2022-03-30T23:00:00Z,124.49,126.48,123.76,125.75,67299752
2022-03-31T00:00:00Z,125.75,127.92,125.23,127.39,67526907
2022-03-31T01:00:00Z,127.39,129.43,126.75,128.79,67027314
2022-03-31T02:00:00Z,128.79,130.29,128.01,129.52,65799124
2022-03-31T03:00:00Z,129.52,130.23,128.86,129.57,63861210
2022-03-31T04:00:00Z,129.57,130.09,128.82,129.33,61323754
2022-03-31T05:00:00Z,129.33,130.07,128.58,129.32,59501670
2022-03-31T06:00:00Z,129.32,130.58,128.57,129.84,57136100
2022-03-31T07:00:00Z,129.84,131.32,129.30,130.78,54311705
2022-03-31T08:00:00Z,130.78,132.36,130.12,131.69,51126176
2022-03-31T09:00:00Z,131.69,132.79,130.90,132.00,47687349
2022-03-31T10:00:00Z,132.00,132.66,130.69,131.36,44110017
2022-03-31T11:00:00Z,131.36,131.88,129.37,129.89,48962595
2022-03-31T12:00:00Z,129.89,130.63,127.39,128.13,53670423
2022-03-31T13:00:00Z,128.13,128.86,125.99,126.72,58112490
2022-03-31T14:00:00Z,126.72,127.23,125.62,126.13,62174808
2022-03-31T15:00:00Z,126.13,126.99,125.49,126.35,65753620
2022-03-31T16:00:00Z,126.35,127.75,125.58,126.99,68758325
2022-03-31T17:00:00Z,126.99,128.15,126.34,127.51,71114017
2022-03-31T18:00:00Z,127.51,128.09,126.99,127.56,72763591
2022-03-31T19:00:00Z,127.56,128.30,126.47,127.20,73669328
2022-03-31T20:00:00Z,127.20,127.93,126.11,126.84,73813936
2022-03-31T21:00:00Z,126.84,127.52,126.33,127.01,73201003
2022-03-31T22:00:00Z,127.01,128.66,126.35,128.00,71854854
2022-03-31T23:00:00Z,128.00,130.47,127.23,129.70,69819822
2022-04-01T00:00:00Z,129.70,132.22,129.04,131.56,67158945
2022-04-01T01:00:00Z,131.56,133.50,131.01,132.95,63952125
2022-04-01T02:00:00Z,132.95,134.23,132.18,133.46,60293820
2022-04-01T03:00:00Z,133.46,134.22,132.36,133.12,56290312
2022-04-01T04:00:00Z,133.12,133.64,131.84,132.37,52056645
2022-04-01T05:00:00Z,132.37,133.04,131.12,131.80,51953613
2022-04-01T06:00:00Z,131.80,132.59,131.00,131.79,55981719
2022-04-01T07:00:00Z,131.79,132.98,131.13,132.32,59781178
2022-04-01T08:00:00Z,132.32,133.54,131.77,132.98,63237945
2022-04-01T09:00:00Z,132.98,134.01,132.21,133.23,66246726
2022-04-01T10:00:00Z,133.23,133.99,131.99,132.75,68714032
2022-04-01T11:00:00Z,132.75,133.27,131.11,131.63,70560908
2022-04-01T12:00:00Z,131.63,132.30,129.67,130.34,71725239
2022-04-01T13:00:00Z,130.34,131.12,128.71,129.49,72163583
2022-04-01T14:00:00Z,129.49,130.13,128.80,129.44,71852468
2022-04-01T15:00:00Z,129.44,130.68,128.89,130.13,70789124
2022-04-01T16:00:00Z,130.13,131.88,129.37,131.11,68991614
2022-04-01T17:00:00Z,131.11,132.54,130.37,131.79,66498381
2022-04-01T18:00:00Z,131.79,132.32,131.28,131.81,63367205
2022-04-01T19:00:00Z,131.81,132.49,130.53,131.22,59673610
2022-04-01T20:00:00Z,131.22,132.00,129.70,130.48,55508760
2022-04-01T21:00:00Z,130.48,131.12,129.54,130.18,50976914
2022-04-01T22:00:00Z,130.18,131.24,129.62,130.68,46192500
2022-04-01T23:00:00Z,130.68,132.71,129.91,131.94,41276904
2022-04-02T00:00:00Z,131.94,134.25,131.19,133.49,44805094
2022-04-02T01:00:00Z,133.49,135.28,132.98,134.76,48448091
2022-04-02T02:00:00Z,134.76,136.05,134.05,135.35,53011056
2022-04-02T03:00:00Z,135.35,136.16,134.48,135.29,57219258
2022-04-02T04:00:00Z,135.29,135.95,134.36,135.02,60968226
2022-04-02T05:00:00Z,135.02,135.64,134.44,135.06,64166526
2022-04-02T06:00:00Z,135.06,136.52,134.26,135.73,66738304
2022-04-02T07:00:00Z,135.73,137.70,134.96,136.93,68625396
2022-04-02T08:00:00Z,136.93,138.69,136.40,138.16,69788920
2022-04-02T09:00:00Z,138.16,139.57,137.43,138.84,70210322
2022-04-02T10:00:00Z,138.84,139.66,137.74,138.57,69891832
2022-04-02T11:00:00Z,138.57,139.24,136.78,137.45,68856335
2022-04-02T12:00:00Z,137.45,138.04,135.36,135.95,67146642
2022-04-02T13:00:00Z,135.95,136.74,133.92,134.71,64824196
2022-04-02T14:00:00Z,134.71,135.46,133.40,134.16,61967244
2022-04-02T15:00:00Z,134.16,134.80,133.65,134.30,58668529
2022-04-02T16:00:00Z,134.30,135.46,133.58,134.75,55032571
2022-04-02T17:00:00Z,134.75,135.81,133.94,135.00,51172615
2022-04-02T18:00:00Z,135.00,135.65,134.09,134.74,51447623
2022-04-02T19:00:00Z,134.74,135.33,133.47,134.05,55856248
2022-04-02T20:00:00Z,134.05,134.84,132.62,133.40,60036841
2022-04-02T21:00:00Z,133.40,134.15,132.61,133.35,63873489
2022-04-02T22:00:00Z,133.35,134.72,132.85,134.22,67259038
2022-04-02T23:00:00Z,134.22,136.61,133.50,135.89,70098154
2022-04-03T00:00:00Z,135.89,138.65,135.07,137.83,72310060
2022-04-03T01:00:00Z,137.83,140.03,137.16,139.37,73830854
2022-04-03T02:00:00Z,139.37,140.69,138.75,140.07,74615348
2022-04-03T03:00:00Z,140.07,140.90,139.11,139.93,74638375
2022-04-03T04:00:00Z,139.93,140.71,138.58,139.35,73895527
2022-04-03T05:00:00Z,139.35,139.86,138.36,138.88,72403297
2022-04-03T06:00:00Z,138.88,139.62,138.12,138.87,70198635
2022-04-03T07:00:00Z,138.87,140.11,138.03,139.28,67337905
2022-04-03T08:00:00Z,139.28,140.36,138.62,139.70,63895308
2022-04-03T09:00:00Z,139.70,140.32,138.98,139.60,59960778
2022-04-03T10:00:00Z,139.60,140.42,137.88,138.70,55637446
2022-04-03T11:00:00Z,138.70,139.46,136.35,137.11,51038720
2022-04-03T12:00:00Z,137.11,137.60,134.86,135.35,46285073
2022-04-03T13:00:00Z,135.35,136.07,133.35,134.07,49950683
2022-04-03T14:00:00Z,134.07,134.87,132.88,133.67,53466703
2022-04-03T15:00:00Z,133.67,134.74,133.05,134.11,56717961
2022-04-03T16:00:00Z,134.11,135.55,133.51,134.95,59596299
2022-04-03T17:00:00Z,134.95,136.38,134.14,135.58,62003762
2022-04-03T18:00:00Z,135.58,136.38,134.83,135.63,63855484
2022-04-03T19:00:00Z,135.63,136.12,134.64,135.13,65082207
2022-04-03T20:00:00Z,135.13,135.85,133.76,134.48,65632356
2022-04-03T21:00:00Z,134.48,135.28,133.45,134.25,65473597
2022-04-03T22:00:00Z,134.25,135.39,133.62,134.76,65001170
2022-04-03T23:00:00Z,134.76,136.54,134.14,135.92,64806612
2022-04-04T00:00:00Z,135.92,138.09,135.11,137.27,63919954
2022-04-04T01:00:00Z,137.27,138.98,136.51,138.22,62383279
2022-04-04T02:00:00Z,138.22,138.88,137.73,138.39,60257182
2022-04-04T03:00:00Z,138.39,139.14,137.10,137.85,57618948
2022-04-04T04:00:00Z,137.85,138.67,136.24,137.05,54560248
2022-04-04T05:00:00Z,137.05,137.68,135.94,136.57,51184429
2022-04-04T06:00:00Z,136.57,137.40,135.95,136.78,47603459
2022-04-04T07:00:00Z,136.78,138.40,135.96,137.59,48174935
2022-04-04T08:00:00Z,137.59,139.29,136.83,138.54,52896059
2022-04-04T09:00:00Z,138.54,139.53,138.05,139.04,57403648
2022-04-04T10:00:00Z,139.04,139.79,137.96,138.71,61580191
2022-04-04T11:00:00Z,138.71,139.53,136.80,137.61,65316866
2022-04-04T12:00:00Z,137.61,138.24,135.57,136.20,68516622
2022-04-04T13:00:00Z,136.20,136.82,134.43,135.06,71096914
2022-04-04T14:00:00Z,135.06,135.86,133.78,134.58,72992036
2022-04-04T15:00:00Z,134.58,135.46,133.84,134.73,74154966
2022-04-04T16:00:00Z,134.73,135.59,134.25,135.11,74558685
2022-04-04T17:00:00Z,135.11,135.92,134.37,135.18,74196918
2022-04-04T18:00:00Z,135.18,135.98,133.84,134.63,73084294
2022-04-04T19:00:00Z,134.63,135.24,132.96,133.57,71255901
2022-04-04T20:00:00Z,133.57,134.18,131.86,132.48,68766263
2022-04-04T21:00:00Z,132.48,133.26,131.17,131.96,65687761
2022-04-04T22:00:00Z,131.96,133.08,131.24,132.37,62108547
2022-04-04T23:00:00Z,132.37,134.11,131.89,133.63,58130012
2022-04-05T00:00:00Z,133.63,136.00,132.89,135.25,53863872
2022-04-05T01:00:00Z,135.25,137.40,134.44,136.59,49428976
2022-04-05T02:00:00Z,136.59,137.82,135.97,137.21,53397937
2022-04-05T03:00:00Z,137.21,137.85,136.45,137.09,57200424
2022-04-05T04:00:00Z,137.09,137.91,135.82,136.63,60719860
2022-04-05T05:00:00Z,136.63,137.36,135.60,136.33,63846776
2022-04-05T06:00:00Z,136.33,137.02,135.84,136.53,66481997
2022-04-05T07:00:00Z,136.53,137.88,135.77,137.12,68539543
2022-04-05T08:00:00Z,137.12,138.48,136.31,137.67,69949148
2022-04-05T09:00:00Z,137.67,138.28,137.00,137.62,70658340
2022-04-05T10:00:00Z,137.62,138.26,136.01,136.65,70634007
2022-04-05T11:00:00Z,136.65,137.45,134.09,134.90,69863412
2022-04-05T12:00:00Z,134.90,135.61,132.19,132.90,68354625
2022-04-05T13:00:00Z,132.90,133.38,130.83,131.31,66136360
2022-04-05T14:00:00Z,131.31,132.03,129.85,130.57,63257222
2022-04-05T15:00:00Z,130.57,131.47,129.80,130.70,59784381
2022-04-05T16:00:00Z,130.70,131.85,130.12,131.27,55801719
2022-04-05T17:00:00Z,131.27,132.37,130.65,131.74,51407492
2022-04-05T18:00:00Z,131.74,132.53,130.95,131.74,46711588
2022-04-05T19:00:00Z,131.74,132.44,130.60,131.30,42407855
2022-04-05T20:00:00Z,131.30,131.78,130.36,130.84,43106289
2022-04-05T21:00:00Z,130.84,131.62,130.11,130.89,47979197
2022-04-05T22:00:00Z,130.89,132.51,130.11,131.73,52662653
2022-04-05T23:00:00Z,131.73,133.84,131.15,133.26,57038284
2022-04-06T00:00:00Z,133.26,135.60,132.62,134.95,60996294
2022-04-06T01:00:00Z,134.95,137.00,134.14,136.19,64438546
2022-04-06T02:00:00Z,136.19,137.28,135.46,136.56,67281310
2022-04-06T03:00:00Z,136.56,137.07,135.61,136.12,69457592
2022-04-06T04:00:00Z,136.12,136.88,134.57,135.32,70918994
2022-04-06T05:00:00Z,135.32,136.12,133.97,134.76,71637034
2022-04-06T06:00:00Z,134.76,135.40,134.17,134.81,71603899
2022-04-06T07:00:00Z,134.81,136.11,134.16,135.45,70832608
2022-04-06T08:00:00Z,135.45,137.07,134.64,136.25,69356576
2022-04-06T09:00:00Z,136.25,137.38,135.53,136.66,67228602
2022-04-06T10:00:00Z,136.66,137.17,135.81,136.32,64519296
2022-04-06T11:00:00Z,136.32,137.08,134.57,135.33,61315000
2022-04-06T12:00:00Z,135.33,136.12,133.36,134.14,57715270
2022-04-06T13:00:00Z,134.14,134.71,132.76,133.34,53829968
2022-04-06T14:00:00Z,133.34,133.99,132.64,133.29,49776074
2022-04-06T15:00:00Z,133.29,134.74,132.49,133.93,54124339
2022-04-06T16:00:00Z,133.93,135.53,133.23,134.82,58302570
2022-04-06T17:00:00Z,134.82,135.90,134.30,135.38,62192353
2022-04-06T18:00:00Z,135.38,136.15,134.49,135.26,65682403
2022-04-06T19:00:00Z,135.26,136.04,133.75,134.53,68671768
2022-04-06T20:00:00Z,134.53,135.10,133.10,133.67,71072731
2022-04-06T21:00:00Z,133.67,134.32,132.63,133.28,72813347
2022-04-06T22:00:00Z,133.28,134.53,132.48,133.73,73839521
2022-04-06T23:00:00Z,133.73,135.67,133.03,134.97,74116588
2022-04-07T00:00:00Z,134.97,137.06,134.44,136.53,73630335
2022-04-07T01:00:00Z,136.53,138.61,135.75,137.83,72387440
2022-04-07T02:00:00Z,137.83,139.27,137.02,138.46,70415315
2022-04-07T03:00:00Z,138.46,139.04,137.86,138.44,67761358
2022-04-07T04:00:00Z,138.44,139.13,137.51,138.19,64491637
2022-04-07T05:00:00Z,138.19,139.04,137.36,138.21,60689038
2022-04-07T06:00:00Z,138.21,139.55,137.49,138.83,56450937
2022-04-07T07:00:00Z,138.83,140.49,138.29,139.94,51886455
2022-04-07T08:00:00Z,139.94,141.86,139.14,141.06,47113384
2022-04-07T09:00:00Z,141.06,142.41,140.24,141.58,46495160
2022-04-07T10:00:00Z,141.58,142.17,140.58,141.17,50034811
2022-04-07T11:00:00Z,141.17,141.86,139.20,139.90,53374942
2022-04-07T12:00:00Z,139.90,140.73,137.46,138.28,56403758
2022-04-07T13:00:00Z,138.28,138.99,136.27,136.97,59018062
2022-04-07T14:00:00Z,136.97,137.51,135.87,136.41,61126297
2022-04-07T15:00:00Z,136.41,137.38,135.63,136.60,62651267
2022-04-07T16:00:00Z,136.60,137.97,135.80,137.17,64275902
2022-04-07T17:00:00Z,137.17,138.18,136.60,137.61,65867280
2022-04-07T18:00:00Z,137.61,138.29,136.89,137.58,66740038
2022-04-07T19:00:00Z,137.58,138.40,136.34,137.16,66885606
2022-04-07T20:00:00Z,137.16,137.86,136.10,136.80,66316129
2022-04-07T21:00:00Z,136.80,137.60,136.26,137.05,65064033
2022-04-07T22:00:00Z,137.05,139.00,136.26,138.21,63181020
2022-04-07T23:00:00Z,138.21,140.95,137.40,140.14,60736499
2022-04-08T00:00:00Z,140.14,142.91,139.56,142.32,57815518
2022-04-08T01:00:00Z,142.32,144.81,141.60,144.09,54516242
2022-04-08T02:00:00Z,144.09,145.87,143.22,145.00,50947062
2022-04-08T03:00:00Z,145.00,145.80,144.27,145.07,47223413
2022-04-08T04:00:00Z,145.07,145.65,144.11,144.69,51914423
2022-04-08T05:00:00Z,144.69,145.52,143.62,144.45,56446225
2022-04-08T06:00:00Z,144.45,145.55,143.62,144.72,60698671
2022-04-08T07:00:00Z,144.72,146.03,144.13,145.44,64558701
2022-04-08T08:00:00Z,145.44,146.97,144.70,146.23,67923548
2022-04-08T09:00:00Z,146.23,147.43,145.35,146.55,70703660
2022-04-08T10:00:00Z,146.55,147.28,145.35,146.09,72825231
2022-04-08T11:00:00Z,146.09,146.68,144.38,144.97,74232302
2022-04-08T12:00:00Z,144.97,145.80,142.87,143.70,74888342
2022-04-08T13:00:00Z,143.70,144.52,142.06,142.88,74777283
2022-04-08T14:00:00Z,142.88,143.50,142.31,142.92,73903964
2022-04-08T15:00:00Z,142.92,144.49,142.19,143.76,72293986
2022-04-08T16:00:00Z,143.76,145.80,142.89,144.93,69992975
2022-04-08T17:00:00Z,144.93,146.57,144.20,145.84,67065269
2022-04-08T18:00:00Z,145.84,146.71,145.24,146.11,63592081
2022-04-08T19:00:00Z,146.11,146.96,144.94,145.78,59669170
2022-04-08T20:00:00Z,145.78,146.61,144.44,145.27,55404116
2022-04-08T21:00:00Z,145.27,145.85,144.57,145.15,50913244
2022-04-08T22:00:00Z,145.15,146.51,144.40,145.77,50558606
2022-04-08T23:00:00Z,145.77,147.93,144.88,147.05,54341941
2022-04-09T00:00:00Z,147.05,149.28,146.31,148.54,57904659
2022-04-09T01:00:00Z,148.54,150.27,147.91,149.65,61133877
2022-04-09T02:00:00Z,149.65,150.89,148.78,150.02,63925413
2022-04-09T03:00:00Z,150.02,150.87,148.85,149.70,66186845
2022-04-09T04:00:00Z,149.70,150.29,148.55,149.14,67840225
2022-04-09T05:00:00Z,149.14,149.91,148.13,148.90,68824386
2022-04-09T06:00:00Z,148.90,150.23,148.01,149.33,69096769
2022-04-09T07:00:00Z,149.33,151.08,148.59,150.34,68634714
2022-04-09T08:00:00Z,150.34,152.09,149.71,151.46,67436190
2022-04-09T09:00:00Z,151.46,152.96,150.57,152.08,65519923
2022-04-09T10:00:00Z,152.08,152.94,150.96,151.82,62924937
2022-04-09T11:00:00Z,151.82,152.41,150.17,150.76,59709512
2022-04-09T12:00:00Z,150.76,151.53,148.57,149.34,55949582
2022-04-09T13:00:00Z,149.34,150.23,147.30,148.19,52648109
2022-04-09T14:00:00Z,148.19,148.91,146.97,147.69,49481816
2022-04-09T15:00:00Z,147.69,148.48,147.07,147.85,46070278
2022-04-09T16:00:00Z,147.85,149.14,146.99,148.27,42528156
2022-04-09T17:00:00Z,148.27,149.27,147.43,148.43,47423692
2022-04-09T18:00:00Z,148.43,149.00,147.45,148.02,52182015
2022-04-09T19:00:00Z,148.02,148.78,146.37,147.14,56681868
2022-04-09T20:00:00Z,147.14,148.02,145.41,146.28,60808979
2022-04-09T21:00:00Z,146.28,147.00,145.32,146.03,64459274
2022-04-09T22:00:00Z,146.03,147.36,145.41,146.74,67541801
2022-04-09T23:00:00Z,146.74,149.16,145.87,148.29,69981274
2022-04-10T00:00:00Z,148.29,151.03,147.44,150.18,71720177
2022-04-10T01:00:00Z,150.18,152.34,149.61,151.77,72720355
2022-04-10T02:00:00Z,151.77,153.39,150.97,152.59,72964051
2022-04-10T03:00:00Z,152.59,153.55,151.68,152.63,72454368
2022-04-10T04:00:00Z,152.63,153.37,151.55,152.29,71215126
2022-04-10T05:00:00Z,152.29,152.94,151.41,152.07,69290136
2022-04-10T06:00:00Z,152.07,153.20,151.17,152.31,66741894
2022-04-10T07:00:00Z,152.31,153.80,151.45,152.94,63649752
2022-04-10T08:00:00Z,152.94,154.10,152.36,153.52,60107606
2022-04-10T09:00:00Z,153.52,154.33,152.71,153.52,56221169
2022-04-10T10:00:00Z,153.52,154.43,151.71,152.62,52104912
2022-04-10T11:00:00Z,152.62,153.35,150.24,150.97,52119053
2022-04-10T12:00:00Z,150.97,151.62,148.43,149.08,56263523
2022-04-10T13:00:00Z,149.08,149.95,146.76,147.63,60177965
2022-04-10T14:00:00Z,147.63,148.45,146.21,147.03,63747772
2022-04-10T15:00:00Z,147.03,147.82,146.48,147.27,66867094
2022-04-10T16:00:00Z,147.27,148.72,146.49,147.94,69441904
2022-04-10T17:00:00Z,147.94,149.33,147.05,148.44,71392718
2022-04-10T18:00:00Z,148.44,149.15,147.71,148.42,72656914
2022-04-10T19:00:00Z,148.42,149.07,147.23,147.88,73190559
2022-04-10T20:00:00Z,147.88,148.75,146.39,147.25,72969715
2022-04-10T21:00:00Z,147.25,148.07,146.23,147.05,71991170
2022-04-10T22:00:00Z,147.05,148.14,146.51,147.60,70272571
2022-04-10T23:00:00Z,147.60,149.56,146.80,148.77,67851975
2022-04-11T00:00:00Z,148.77,150.97,147.87,150.08,64786806
2022-04-11T01:00:00Z,150.08,151.63,149.36,150.91,61152264
2022-04-11T02:00:00Z,150.91,151.58,150.22,150.89,57039226
2022-04-11T03:00:00Z,150.89,151.78,149.19,150.08,52551695
2022-04-11T04:00:00Z,150.08,150.90,148.10,148.92,47803883
2022-04-11T05:00:00Z,148.92,149.46,147.49,148.03,42916996
2022-04-11T06:00:00Z,148.03,148.82,146.98,147.77,46465863
2022-04-11T07:00:00Z,147.77,149.00,146.89,148.12,49882207
2022-04-11T08:00:00Z,148.12,149.32,147.42,148.62,53051346
2022-04-11T09:00:00Z,148.62,149.38,147.95,148.71,55865526
2022-04-11T10:00:00Z,148.71,149.59,147.17,148.04,59306512
2022-04-11T11:00:00Z,148.04,148.85,145.86,146.67,62525020
2022-04-11T12:00:00Z,146.67,147.20,144.54,145.07,65125047
2022-04-11T13:00:00Z,145.07,145.84,143.02,143.80,67048289
2022-04-11T14:00:00Z,143.80,144.65,142.39,143.25,68255688
2022-04-11T15:00:00Z,143.25,144.02,142.58,143.36,68728475
2022-04-11T16:00:00Z,143.36,144.35,142.71,143.70,68468628
2022-04-11T17:00:00Z,143.70,144.56,142.85,143.71,67498745
2022-04-11T18:00:00Z,143.71,144.50,142.28,143.07,65861315
2022-04-11T19:00:00Z,143.07,143.57,141.35,141.85,63617428
2022-04-11T20:00:00Z,141.85,142.61,139.79,140.55,60844946
2022-04-11T21:00:00Z,140.55,141.38,138.94,139.77,57636197
2022-04-11T22:00:00Z,139.77,140.54,139.13,139.89,54095262
2022-04-11T23:00:00Z,139.89,141.48,139.25,140.84,50334920
2022-04-12T00:00:00Z,140.84,143.00,140.00,142.15,50713645
2022-04-12T01:00:00Z,142.15,144.00,141.37,143.21,55229582
2022-04-12T02:00:00Z,143.21,144.11,142.71,143.61,59520556
2022-04-12T03:00:00Z,143.61,144.39,142.56,143.34,63470115
2022-04-12T04:00:00Z,143.34,144.19,141.96,142.80,66970549
2022-04-12T05:00:00Z,142.80,143.46,141.85,142.51,69925964
2022-04-12T06:00:00Z,142.51,143.42,141.85,142.76,72255013
2022-04-12T07:00:00Z,142.76,144.31,141.91,143.46,73893219
2022-04-12T08:00:00Z,143.46,144.91,142.67,144.12,74794819
2022-04-12T09:00:00Z,144.12,144.69,143.62,144.18,74934074
2022-04-12T10:00:00Z,144.18,144.96,142.49,143.28,74306004
2022-04-12T11:00:00Z,143.28,144.12,140.69,141.53,72926543
2022-04-12T12:00:00Z,141.53,142.16,138.82,139.45,70832086
2022-04-12T13:00:00Z,139.45,140.09,137.07,137.71,68078460
2022-04-12T14:00:00Z,137.71,138.52,135.92,136.74,64739338
2022-04-12T15:00:00Z,136.74,137.48,135.82,136.56,60904150
2022-04-12T16:00:00Z,136.56,137.27,136.07,136.78,56675539
2022-04-12T17:00:00Z,136.78,137.63,136.03,136.87,52166449
2022-04-12T18:00:00Z,136.87,137.68,135.69,136.50,47496916
2022-04-12T19:00:00Z,136.50,137.11,135.10,135.71,51240703
2022-04-12T20:00:00Z,135.71,136.34,134.32,134.95,54828582
2022-04-12T21:00:00Z,134.95,135.75,133.94,134.74,58145027
2022-04-12T22:00:00Z,134.74,136.12,134.01,135.39,61081565
2022-04-12T23:00:00Z,135.39,137.25,134.90,136.76,63539951
2022-04-13T00:00:00Z,136.76,139.09,136.00,138.32,65435072
2022-04-13T01:00:00Z,138.32,140.25,137.50,139.43,66697458
2022-04-13T02:00:00Z,139.43,140.27,138.80,139.65,67275358
2022-04-13T03:00:00Z,139.65,140.30,138.36,139.02,67136303
2022-04-13T04:00:00Z,139.02,139.84,137.14,137.96,66268117
2022-04-13T05:00:00Z,137.96,138.69,136.32,137.06,64679349
2022-04-13T06:00:00Z,137.06,137.56,136.20,136.70,62399105
2022-04-13T07:00:00Z,136.70,137.62,135.94,136.86,60723563
2022-04-13T08:00:00Z,136.86,137.94,136.05,137.13,58618647
2022-04-13T09:00:00Z,137.13,137.74,136.37,136.97,56009618
2022-04-13T10:00:00Z,136.97,137.62,135.43,136.08,52988007
2022-04-13T11:00:00Z,136.08,136.88,133.75,134.55,49656977
2022-04-13T12:00:00Z,134.55,135.26,132.17,132.88,46128277
2022-04-13T13:00:00Z,132.88,133.37,131.18,131.67,46759250
2022-04-13T14:00:00Z,131.67,132.40,130.56,131.29,51546803
2022-04-13T15:00:00Z,131.29,132.46,130.52,131.69,56127432
2022-04-13T16:00:00Z,131.69,132.99,131.11,132.41,60383264
2022-04-13T17:00:00Z,132.41,133.48,131.77,132.85,64205091
2022-04-13T18:00:00Z,132.85,133.64,131.85,132.64,67495444
2022-04-13T19:00:00Z,132.64,133.34,131.14,131.84,70171336
2022-04-13T20:00:00Z,131.84,132.33,130.40,130.89,72166591
2022-04-13T21:00:00Z,130.89,131.62,129.64,130.37,73433698
2022-04-13T22:00:00Z,130.37,131.41,129.60,130.64,73945125
2022-04-13T23:00:00Z,130.64,132.21,130.07,131.64,73694072
2022-04-14T00:00:00Z,131.64,133.56,131.00,132.92,72694624
2022-04-14T01:00:00Z,132.92,134.69,132.12,133.89,70981317
2022-04-14T02:00:00Z,133.89,134.88,133.18,134.18,68608110
2022-04-14T03:00:00Z,134.18,134.68,133.32,133.83,65646812
2022-04-14T04:00:00Z,133.83,134.57,132.51,133.26,62185004
2022-04-14T05:00:00Z,133.26,134.04,132.25,133.03,58323500
2022-04-14T06:00:00Z,133.03,134.04,132.45,133.46,54173444
2022-04-14T07:00:00Z,133.46,135.10,132.81,134.45,49853114
2022-04-14T08:00:00Z,134.45,136.33,133.64,135.52,53934566
2022-04-14T09:00:00Z,135.52,136.77,134.80,136.05,57846913
2022-04-14T10:00:00Z,136.05,136.57,135.16,135.68,61473044
2022-04-14T11:00:00Z,135.68,136.44,133.71,134.47,64702966
2022-04-14T12:00:00Z,134.47,135.24,132.12,132.89,67436999
2022-04-14T13:00:00Z,132.89,133.45,131.01,131.57,69588679
2022-04-14T14:00:00Z,131.57,132.21,130.29,130.93,71087280
2022-04-14T15:00:00Z,130.93,131.76,130.15,130.97,71879893
2022-04-14T16:00:00Z,130.97,131.99,130.29,131.30,71932999
2022-04-14T17:00:00Z,131.30,131.93,130.80,131.42,71233479
2022-04-14T18:00:00Z,131.42,132.16,130.26,131.00,69789057
2022-04-14T19:00:00Z,131.00,131.76,129.39,130.15,67628132
2022-04-14T20:00:00Z,130.15,130.70,128.79,129.34,64799026
2022-04-14T21:00:00Z,129.34,129.97,128.50,129.14,61368666
2022-04-14T22:00:00Z,129.14,130.65,128.36,129.88,57420724
2022-04-14T23:00:00Z,129.88,132.12,129.19,131.44,53053288
2022-04-15T00:00:00Z,131.44,133.83,130.92,133.31,48376114
2022-04-15T01:00:00Z,133.31,135.58,132.54,134.82,43507544
2022-04-15T02:00:00Z,134.82,136.31,134.03,135.52,42811482
2022-04-15T03:00:00Z,135.52,136.09,134.84,135.40,46307565
2022-04-15T04:00:00Z,135.40,136.07,134.20,134.86,51005053
2022-04-15T05:00:00Z,134.86,135.67,133.63,134.44,55402834
2022-04-15T06:00:00Z,134.44,135.17,133.75,134.48,59391005
2022-04-15T07:00:00Z,134.48,135.46,133.95,134.93,62871281
2022-04-15T08:00:00Z,134.93,136.15,134.16,135.37,65759745
2022-04-15T09:00:00Z,135.37,136.16,134.50,135.28,67989180
2022-04-15T10:00:00Z,135.28,135.84,133.79,134.35,69510927
2022-04-15T11:00:00Z,134.35,135.01,132.06,132.72,70296209
2022-04-15T12:00:00Z,132.72,133.50,130.13,130.91,70336882
2022-04-15T13:00:00Z,130.91,131.58,128.92,129.58,69645606
2022-04-15T14:00:00Z,129.58,130.10,128.62,129.13,68255403
2022-04-15T15:00:00Z,129.13,130.28,128.39,129.54,66218652
2022-04-15T16:00:00Z,129.54,131.12,128.79,130.37,63605514
2022-04-15T17:00:00Z,130.37,131.56,129.83,131.02,60501864
2022-04-15T18:00:00Z,131.02,131.78,130.37,131.13,57006761
2022-04-15T19:00:00Z,131.13,131.91,129.92,130.70,53229557
2022-04-15T20:00:00Z,130.70,131.36,129.50,130.16,49286702
2022-04-15T21:00:00Z,130.16,130.68,129.52,130.04,53748402
2022-04-15T22:00:00Z,130.04,131.41,129.29,130.66,58041910
2022-04-15T23:00:00Z,130.66,132.70,129.90,131.94,62048246
2022-04-16T00:00:00Z,131.94,133.92,131.39,133.38,65655556
2022-04-16T01:00:00Z,133.38,135.07,132.70,134.39,68762312
2022-04-16T02:00:00Z,134.39,135.41,133.58,134.60,71280223
2022-04-16T03:00:00Z,134.60,135.28,133.40,134.08,73136770
2022-04-16T04:00:00Z,134.08,134.62,132.73,133.27,74277290
2022-04-16T05:00:00Z,133.27,134.03,131.99,132.76,74666561
2022-04-16T06:00:00Z,132.76,133.69,132.00,132.92,74289817
2022-04-16T07:00:00Z,132.92,134.23,132.38,133.69,73153201
2022-04-16T08:00:00Z,133.69,135.30,133.01,134.62,71283604
2022-04-16T09:00:00Z,134.62,135.92,133.81,135.11,68727922
2022-04-16T10:00:00Z,135.11,135.79,134.12,134.80,65551742
2022-04-16T11:00:00Z,134.80,135.35,133.19,133.74,61837492
2022-04-16T12:00:00Z,133.74,134.50,131.61,132.38,57682115
2022-04-16T13:00:00Z,132.38,133.13,130.56,131.31,53194326
2022-04-16T14:00:00Z,131.31,131.83,130.39,130.91,48491543
2022-04-16T15:00:00Z,130.91,131.81,130.24,131.14,47936856
2022-04-16T16:00:00Z,131.14,132.37,130.35,131.58,51532982
2022-04-16T17:00:00Z,131.58,132.35,130.92,131.69,54922251
2022-04-16T18:00:00Z,131.69,132.24,130.61,131.15,57992626
2022-04-16T19:00:00Z,131.15,131.91,129.31,130.07,60640706
2022-04-16T20:00:00Z,130.07,130.80,128.18,128.92,62774771
2022-04-16T21:00:00Z,128.92,129.42,127.80,128.31,64317495
2022-04-16T22:00:00Z,128.31,129.27,127.64,128.61,65208256
2022-04-16T23:00:00Z,128.61,130.53,127.83,129.75,65404949
2022-04-17T00:00:00Z,129.75,131.89,129.10,131.24,65069660
2022-04-17T01:00:00Z,131.24,133.01,130.69,132.46,65230240
2022-04-17T02:00:00Z,132.46,133.74,131.69,132.97,64683881
2022-04-17T03:00:00Z,132.97,133.72,132.01,132.77,63462899
2022-04-17T04:00:00Z,132.77,133.28,131.72,132.23,61618842
2022-04-17T05:00:00Z,132.23,132.92,131.20,131.88,59220929
2022-04-17T06:00:00Z,131.88,132.82,131.09,132.03,56353979
2022-04-17T07:00:00Z,132.03,133.24,131.38,132.59,53115892
2022-04-17T08:00:00Z,132.59,133.65,132.03,133.09,49614761
2022-04-17T09:00:00Z,133.09,133.86,132.20,132.97,45965686
2022-04-17T10:00:00Z,132.97,133.72,131.16,131.91,50737431
2022-04-17T11:00:00Z,131.91,132.41,129.53,130.03,55355732
2022-04-17T12:00:00Z,130.03,130.70,127.21,127.87,59700019
2022-04-17T13:00:00Z,127.87,128.63,125.33,126.09,63656780
2022-04-17T14:00:00Z,126.09,126.70,124.51,125.12,67122778
2022-04-17T15:00:00Z,125.12,125.66,124.46,124.99,70007961
2022-04-17T16:00:00Z,124.99,126.03,124.26,125.30,72238011
2022-04-17T17:00:00Z,125.30,126.20,124.59,125.49,73756438
2022-04-17T18:00:00Z,125.49,125.97,124.73,125.21,74526165
2022-04-17T19:00:00Z,125.21,125.86,123.86,124.51,74530566
2022-04-17T20:00:00Z,124.51,125.25,123.07,123.81,73773915
2022-04-17T21:00:00Z,123.81,124.41,123.03,123.63,72281243
2022-04-17T22:00:00Z,123.63,124.80,123.09,124.26,70097600
2022-04-17T23:00:00Z,124.26,126.32,123.53,125.59,67286750
2022-04-18T00:00:00Z,125.59,127.79,124.87,127.08,63929332
2022-04-18T01:00:00Z,127.08,128.58,126.59,128.10,60120540
2022-04-18T02:00:00Z,128.10,128.92,127.42,128.25,55967394
2022-04-18T03:00:00Z,128.25,129.01,126.79,127.55,51585671
2022-04-18T04:00:00Z,127.55,128.16,125.86,126.47,51336889
2022-04-18T05:00:00Z,126.47,127.01,125.03,125.58,55222267
2022-04-18T06:00:00Z,125.58,126.31,124.54,125.27,58882718
2022-04-18T07:00:00Z,125.27,126.22,124.57,125.52,62204877
2022-04-18T08:00:00Z,125.52,126.38,125.05,125.90,65084108
2022-04-18T09:00:00Z,125.90,126.57,125.21,125.88,67427561
2022-04-18T10:00:00Z,125.88,126.63,124.37,125.11,69156884
2022-04-18T11:00:00Z,125.11,125.70,123.10,123.69,70210539
2022-04-18T12:00:00Z,123.69,124.23,121.55,122.09,70545627
2022-04-18T13:00:00Z,122.09,122.80,120.18,120.89,70139180
2022-04-18T14:00:00Z,120.89,121.56,119.79,120.47,68988896
2022-04-18T15:00:00Z,120.47,121.20,120.02,120.75,67113263
2022-04-18T16:00:00Z,120.75,121.94,120.11,121.30,64551107
2022-04-18T17:00:00Z,121.30,122.24,120.57,121.52,61360547
2022-04-18T18:00:00Z,121.52,122.09,120.48,121.05,57617395
2022-04-18T19:00:00Z,121.05,121.58,119.43,119.96,53413060
2022-04-18T20:00:00Z,119.96,120.66,118.02,118.72,48851994
2022-04-18T21:00:00Z,118.72,119.38,117.27,117.92,44401272
2022-04-18T22:00:00Z,117.92,118.36,117.49,117.93,40875139
2022-04-18T23:00:00Z,117.93,119.33,117.29,118.70,45794762
2022-04-19T00:00:00Z,118.70,120.48,117.98,119.77,50585149
2022-04-19T01:00:00Z,119.77,121.11,119.20,120.55,55124888
2022-04-19T02:00:00Z,120.55,121.19,120.01,120.65,59299511
2022-04-19T03:00:00Z,120.65,121.36,119.41,120.12,63004712
2022-04-19T04:00:00Z,120.12,120.78,118.69,119.35,66149269
2022-04-19T05:00:00Z,119.35,119.78,118.46,118.89,68657592
2022-04-19T06:00:00Z,118.89,119.69,118.25,119.04,70471829
2022-04-19T07:00:00Z,119.04,120.43,118.33,119.72,71553455
2022-04-19T08:00:00Z,119.72,120.98,119.15,120.42,71884314
2022-04-19T09:00:00Z,120.42,121.09,119.87,120.55,71467084
2022-04-19T10:00:00Z,120.55,121.26,119.04,119.75,70325131
2022-04-19T11:00:00Z,119.75,120.40,117.46,118.11,68501788
2022-04-19T12:00:00Z,118.11,118.52,115.69,116.11,66059054
2022-04-19T13:00:00Z,116.11,116.73,113.77,114.39,63075765
2022-04-19T14:00:00Z,114.39,115.07,112.73,113.40,59645284
2022-04-19T15:00:00Z,113.40,113.92,112.62,113.15,55872776
2022-04-19T16:00:00Z,113.15,113.76,112.63,113.25,51872155
2022-04-19T17:00:00Z,113.25,113.92,112.52,113.19,52003071
2022-04-19T18:00:00Z,113.19,113.81,112.05,112.66,56264885
2022-04-19T19:00:00Z,112.66,113.06,111.35,111.75,60296663
2022-04-19T20:00:00Z,111.75,112.35,110.29,110.90,63983225
2022-04-19T21:00:00Z,110.90,111.55,110.01,110.67,67218150
2022-04-19T22:00:00Z,110.67,111.89,110.16,111.38,69906843
2022-04-19T23:00:00Z,111.38,113.42,110.86,112.90,71969262
2022-04-20T00:00:00Z,112.90,115.38,112.22,114.70,73342239
2022-04-20T01:00:00Z,114.70,116.75,114.07,116.12,73981309
2022-04-20T02:00:00Z,116.12,117.12,115.71,116.71,73862018
2022-04-20T03:00:00Z,116.71,117.35,115.83,116.47,72980653
2022-04-20T04:00:00Z,116.47,117.16,115.12,115.80,71354389
2022-04-20T05:00:00Z,115.80,116.33,114.74,115.27,69020829
2022-04-20T06:00:00Z,115.27,115.80,114.69,115.22,66036971
2022-04-20T07:00:00Z,115.22,116.32,114.54,115.63,62477617
2022-04-20T08:00:00Z,115.63,116.71,115.00,116.08,58433275
2022-04-20T09:00:00Z,116.08,116.49,115.63,116.04,54007612
2022-04-20T10:00:00Z,116.04,116.67,114.58,115.22,49314537
2022-04-20T11:00:00Z,115.22,115.89,113.05,113.73,44474988
2022-04-20T12:00:00Z,113.73,114.23,111.58,112.09,48063561
2022-04-20T13:00:00Z,112.09,112.60,110.41,110.93,51511787
2022-04-20T14:00:00Z,110.93,111.58,109.98,110.64,54704826
2022-04-20T15:00:00Z,110.64,111.78,110.04,111.18,57534806
2022-04-20T16:00:00Z,111.18,112.50,110.78,112.10,59904007
2022-04-20T17:00:00Z,112.10,113.42,111.47,112.80,61727752
2022-04-20T18:00:00Z,112.80,113.56,112.13,112.89,63457530
2022-04-20T19:00:00Z,112.89,113.40,111.91,112.41,65397739
2022-04-20T20:00:00Z,112.41,112.94,111.26,111.79,66630190
2022-04-20T21:00:00Z,111.79,112.45,110.89,111.56,67135989
2022-04-20T22:00:00Z,111.56,112.67,110.96,112.07,66916955
2022-04-20T23:00:00Z,112.07,113.66,111.66,113.24,65995486
2022-04-21T00:00:00Z,113.24,115.25,112.61,114.61,64413832
2022-04-21T01:00:00Z,114.61,116.28,113.93,115.59,62232811
2022-04-21T02:00:00Z,115.59,116.33,115.08,115.82,59529976
2022-04-21T03:00:00Z,115.82,116.37,114.80,115.35,56397316
2022-04-21T04:00:00Z,115.35,116.03,113.95,114.64,52938537
2022-04-21T05:00:00Z,114.64,115.25,113.65,114.26,49266017
2022-04-21T06:00:00Z,114.26,114.98,113.83,114.56,49737799
2022-04-21T07:00:00Z,114.56,116.12,113.92,115.48,54351574
2022-04-21T08:00:00Z,115.48,117.22,114.79,116.53,58744686
2022-04-21T09:00:00Z,116.53,117.65,116.02,117.14,62800182
2022-04-21T10:00:00Z,117.14,117.69,116.35,116.91,66409836
2022-04-21T11:00:00Z,116.91,117.60,115.21,115.91,69477217
2022-04-21T12:00:00Z,115.91,116.51,113.98,114.59,71920429
2022-04-21T13:00:00Z,114.59,115.01,113.13,113.55,73674437
2022-04-21T14:00:00Z,113.55,114.18,112.56,113.20,74692912
2022-04-21T15:00:00Z,113.20,114.16,112.53,113.50,74949539
2022-04-21T16:00:00Z,113.50,114.55,113.00,114.05,74438767
2022-04-21T17:00:00Z,114.05,114.88,113.50,114.34,73175953
2022-04-21T18:00:00Z,114.34,115.02,113.35,114.04,71196922
2022-04-21T19:00:00Z,114.04,114.63,112.66,113.26,68556934
2022-04-21T20:00:00Z,113.26,113.68,112.07,112.50,65329107
2022-04-21T21:00:00Z,112.50,113.13,111.70,112.33,61602325
2022-04-21T22:00:00Z,112.33,113.80,111.67,113.14,57478701
2022-04-21T23:00:00Z,113.14,115.30,112.64,114.81,53070664
2022-04-22T00:00:00Z,114.81,117.41,114.24,116.84,48497754
2022-04-22T01:00:00Z,116.84,119.31,116.13,118.60,52333264
2022-04-22T02:00:00Z,118.60,120.27,117.97,119.64,56007513
2022-04-22T03:00:00Z,119.64,120.40,119.18,119.94,59404554
2022-04-22T04:00:00Z,119.94,120.61,119.20,119.88,62415518
2022-04-22T05:00:00Z,119.88,120.68,119.18,119.98,64941798
2022-04-22T06:00:00Z,119.98,121.08,119.46,120.56,66897946
2022-04-22T07:00:00Z,120.56,122.14,119.97,121.55,68214193
2022-04-22T08:00:00Z,121.55,123.22,120.81,122.48,68838526
2022-04-22T09:00:00Z,122.48,123.46,121.84,122.82,68738247
2022-04-22T10:00:00Z,122.82,123.29,121.78,122.25,67900992
2022-04-22T11:00:00Z,122.25,122.94,120.22,120.91,66335156
2022-04-22T12:00:00Z,120.91,121.60,118.62,119.32,64069734
2022-04-22T13:00:00Z,119.32,119.82,117.64,118.14,61153561
2022-04-22T14:00:00Z,118.14,118.72,117.24,117.82,57653988
2022-04-22T15:00:00Z,117.82,119.05,117.11,118.34,54343709
2022-04-22T16:00:00Z,118.34,119.91,117.72,119.29,51340041
2022-04-22T17:00:00Z,119.29,120.57,118.82,120.11,48035025
2022-04-22T18:00:00Z,120.11,121.10,119.42,120.42,44540285
2022-04-22T19:00:00Z,120.42,121.12,119.55,120.25,45212995
2022-04-22T20:00:00Z,120.25,120.76,119.53,120.03,50049859
2022-04-22T21:00:00Z,120.03,120.86,119.43,120.27,54687130
2022-04-22T22:00:00Z,120.27,121.99,119.54,121.27,59006659
2022-04-22T23:00:00Z,121.27,123.55,120.63,122.91,62898927
2022-04-23T00:00:00Z,122.91,125.19,122.42,124.70,66266118
2022-04-23T01:00:00Z,124.70,126.73,123.98,126.01,69024868
2022-04-23T02:00:00Z,126.01,127.18,125.27,126.44,71108597
2022-04-23T03:00:00Z,126.44,126.97,125.54,126.06,72469360
2022-04-23T04:00:00Z,126.06,126.69,124.70,125.32,73079166
2022-04-23T05:00:00Z,125.32,126.07,124.06,124.81,72930734
2022-04-23T06:00:00Z,124.81,125.56,124.17,124.92,72037647
2022-04-23T07:00:00Z,124.92,126.12,124.43,125.62,70433917
2022-04-23T08:00:00Z,125.62,127.20,124.90,126.47,68172969
2022-04-23T09:00:00Z,126.47,127.66,125.74,126.93,65326062
2022-04-23T10:00:00Z,126.93,127.45,126.10,126.63,61980215
2022-04-23T11:00:00Z,126.63,127.26,125.02,125.65,58235674
2022-04-23T12:00:00Z,125.65,126.40,123.71,124.46,54203013
2022-04-23T13:00:00Z,124.46,125.09,123.01,123.64,49999933
2022-04-23T14:00:00Z,123.64,124.13,123.06,123.55,54197915
2022-04-23T15:00:00Z,123.55,124.86,122.84,124.15,58225503
2022-04-23T16:00:00Z,124.15,125.70,123.43,124.98,61965020
2022-04-23T17:00:00Z,124.98,126.00,124.47,125.49,65305918
2022-04-23T18:00:00Z,125.49,126.12,124.68,125.32,68147975
2022-04-23T19:00:00Z,125.32,126.06,123.81,124.55,70404196
2022-04-23T20:00:00Z,124.55,125.18,123.05,123.68,72003343
2022-04-23T21:00:00Z,123.68,124.18,122.79,123.29,72892017
2022-04-23T22:00:00Z,123.29,124.48,122.58,123.77,73036224
2022-04-23T23:00:00Z,123.77,125.77,123.05,125.06,72422403
2022-04-24T00:00:00Z,125.06,127.20,124.54,126.68,71057857
2022-04-24T01:00:00Z,126.68,128.70,126.03,128.05,68970592
2022-04-24T02:00:00Z,128.05,129.52,127.28,128.75,66208571
2022-04-24T03:00:00Z,128.75,129.44,128.10,128.80,62838393
2022-04-24T04:00:00Z,128.80,129.32,128.06,128.58,58943434
2022-04-24T05:00:00Z,128.58,129.38,127.84,128.63,54621523
2022-04-24T06:00:00Z,128.63,129.99,127.89,129.25,49982191
2022-04-24T07:00:00Z,129.25,130.86,128.73,130.34,45143598
2022-04-24T08:00:00Z,130.34,132.07,129.66,131.40,44469499
2022-04-24T09:00:00Z,131.40,132.64,130.60,131.84,47963197
2022-04-24T10:00:00Z,131.84,132.50,130.67,131.33,51267522
2022-04-24T11:00:00Z,131.33,131.87,129.41,129.95,54270854
2022-04-24T12:00:00Z,129.95,130.69,127.48,128.22,57726821
2022-04-24T13:00:00Z,128.22,128.94,126.06,126.78,61226015
2022-04-24T14:00:00Z,126.78,127.28,125.58,126.08,64141456
2022-04-24T15:00:00Z,126.08,126.78,125.43,126.13,66405793
2022-04-24T16:00:00Z,126.13,127.32,125.38,126.56,67970199
2022-04-24T17:00:00Z,126.56,127.47,125.93,126.84,68805685
2022-04-24T18:00:00Z,126.84,127.37,126.10,126.63,68903864
2022-04-24T19:00:00Z,126.63,127.36,125.28,126.01,68277112
2022-04-24T20:00:00Z,126.01,126.72,124.71,125.42,66958136
2022-04-24T21:00:00Z,125.42,125.91,124.90,125.39,64998966
2022-04-24T22:00:00Z,125.39,126.90,124.74,126.24,62469384
2022-04-24T23:00:00Z,126.24,128.60,125.48,127.83,59454853
2022-04-25T00:00:00Z,127.83,130.26,127.19,129.62,56053999
2022-04-25T01:00:00Z,129.62,131.52,129.07,130.97,52375709
2022-04-25T02:00:00Z,130.97,132.20,130.20,131.44,48535951
2022-04-25T03:00:00Z,131.44,132.18,130.29,131.04,53104425
2022-04-25T04:00:00Z,131.04,131.54,129.69,130.19,57507862
2022-04-25T05:00:00Z,130.19,130.87,128.80,129.48,61626742
2022-04-25T06:00:00Z,129.48,130.25,128.50,129.27,65348661
2022-04-25T07:00:00Z,129.27,130.18,128.64,129.55,68571529
2022-04-25T08:00:00Z,129.55,130.45,128.99,129.89,71206486
2022-04-25T09:00:00Z,129.89,130.65,129.03,129.79,73180440
2022-04-25T10:00:00Z,129.79,130.52,128.19,128.92,74438154
2022-04-25T11:00:00Z,128.92,129.41,126.92,127.41,74943830
2022-04-25T12:00:00Z,127.41,128.07,125.09,125.75,74682134
2022-04-25T13:00:00Z,125.75,126.50,123.81,124.56,73658644
2022-04-25T14:00:00Z,124.56,125.16,123.61,124.22,71899697
2022-04-25T15:00:00Z,124.22,125.20,123.68,124.67,69451648
2022-04-25T16:00:00Z,124.67,126.19,123.93,125.46,66379556
2022-04-25T17:00:00Z,125.46,126.70,124.75,125.99,62765339
2022-04-25T18:00:00Z,125.99,126.47,125.41,125.89,58705451
2022-04-25T19:00:00Z,125.89,126.55,124.53,125.19,54308138
2022-04-25T20:00:00Z,125.19,125.93,123.59,124.34,49690376
2022-04-25T21:00:00Z,124.34,124.93,123.29,123.89,49214838
2022-04-25T22:00:00Z,123.89,124.75,123.35,124.22,52883854
2022-04-25T23:00:00Z,124.22,125.97,123.48,125.24,56339395
2022-04-26T00:00:00Z,125.24,127.22,124.53,126.51,59469103
2022-04-26T01:00:00Z,126.51,127.91,126.03,127.44,62169283
2022-04-26T02:00:00Z,127.44,128.33,126.76,127.66,64347960
2022-04-26T03:00:00Z,127.66,128.42,126.46,127.22,65927592
2022-04-26T04:00:00Z,127.22,127.82,125.95,126.56,66847374
2022-04-26T05:00:00Z,126.56,127.11,125.68,126.24,67065060
2022-04-26T06:00:00Z,126.24,127.33,125.49,126.58,66558260
2022-04-26T07:00:00Z,126.58,128.23,125.87,127.51,65325161
2022-04-26T08:00:00Z,127.51,129.02,127.04,128.54,63384659
2022-04-26T09:00:00Z,128.54,129.75,127.85,129.06,61800558
2022-04-26T10:00:00Z,129.06,129.83,127.93,128.70,59976393
2022-04-26T11:00:00Z,128.70,129.30,126.90,127.51,57606416
2022-04-26T12:00:00Z,127.51,128.06,125.40,125.96,54775309
2022-04-26T13:00:00Z,125.96,126.70,123.94,124.67,51580799
2022-04-26T14:00:00Z,124.67,125.36,123.36,124.05,48130764
2022-04-26T15:00:00Z,124.05,124.54,123.59,124.08,44540052
2022-04-26T16:00:00Z,124.08,125.05,123.42,124.39,49377144
2022-04-26T17:00:00Z,124.39,125.19,123.64,124.44,54067455
2022-04-26T18:00:00Z,124.44,125.03,123.36,123.94,58490061
2022-04-26T19:00:00Z,123.94,124.49,122.45,122.99,62531068
2022-04-26T20:00:00Z,122.99,123.71,121.35,122.07,66086825
2022-04-26T21:00:00Z,122.07,122.74,121.08,121.75,69066841
2022-04-26T22:00:00Z,121.75,122.83,121.31,122.38,71396335
2022-04-26T23:00:00Z,122.38,124.53,121.72,123.86,73018327
2022-04-27T00:00:00Z,123.86,126.41,123.11,125.66,73895235
2022-04-27T01:00:00Z,125.66,127.73,125.07,127.14,74009907
2022-04-27T02:00:00Z,127.14,128.41,126.56,127.84,73366078
2022-04-27T03:00:00Z,127.84,128.59,126.99,127.75,71988225
2022-04-27T04:00:00Z,127.75,128.45,126.56,127.26,69920836
2022-04-27T05:00:00Z,127.26,127.71,126.44,126.89,67227106
2022-04-27T06:00:00Z,126.89,127.68,126.21,127.00,63987100
2022-04-27T07:00:00Z,127.00,128.27,126.24,127.51,60295438
2022-04-27T08:00:00Z,127.51,128.59,126.91,128.00,56258565
2022-04-27T09:00:00Z,128.00,128.58,127.35,127.93,51991688
2022-04-27T10:00:00Z,127.93,128.68,126.25,127.00,51855764
2022-04-27T11:00:00Z,127.00,127.69,124.67,125.36,55851458
2022-04-27T12:00:00Z,125.36,125.79,123.09,123.52,59619143
2022-04-27T13:00:00Z,123.52,124.19,121.49,122.15,63044929
2022-04-27T14:00:00Z,122.15,122.88,120.95,121.67,66023674
2022-04-27T15:00:00Z,121.67,122.62,121.11,122.06,68462037
2022-04-27T16:00:00Z,122.06,123.45,121.50,122.89,70281204
2022-04-27T17:00:00Z,122.89,124.32,122.16,123.58,71419197
2022-04-27T18:00:00Z,123.58,124.43,122.91,123.75,71832701
2022-04-27T19:00:00Z,123.75,124.18,123.00,123.43,71498368
2022-04-27T20:00:00Z,123.43,124.10,122.35,123.02,70413539
2022-04-27T21:00:00Z,123.02,123.80,122.29,123.06,68596384
2022-04-27T22:00:00Z,123.06,124.43,122.50,123.87,66085442
2022-04-27T23:00:00Z,123.87,125.90,123.29,125.33,62938580
2022-04-28T00:00:00Z,125.33,127.70,124.57,126.95,59231397
2022-04-28T01:00:00Z,126.95,128.83,126.25,128.13,55055126
2022-04-28T02:00:00Z,128.13,128.95,127.68,128.50,50514081
2022-04-28T03:00:00Z,128.50,129.20,127.40,128.11,45722735
2022-04-28T04:00:00Z,128.11,128.86,126.66,127.41,40802507
2022-04-28T05:00:00Z,127.41,127.99,126.44,127.01,44328390
2022-04-28T06:00:00Z,127.01,127.87,126.42,127.27,48924769
2022-04-28T07:00:00Z,127.27,128.92,126.51,128.15,53485371
2022-04-28T08:00:00Z,128.15,129.90,127.45,129.20,57688888
2022-04-28T09:00:00Z,129.20,130.30,128.73,129.83,61430872
2022-04-28T10:00:00Z,129.83,130.55,128.98,129.70,64619920
2022-04-28T11:00:00Z,129.70,130.46,128.08,128.85,67180226
2022-04-28T12:00:00Z,128.85,129.42,127.16,127.73,69053681
2022-04-28T13:00:00Z,127.73,128.33,126.35,126.94,70201471
2022-04-28T14:00:00Z,126.94,127.70,126.09,126.85,70605117
2022-04-28T15:00:00Z,126.85,128.08,126.16,127.40,70266939
2022-04-28T16:00:00Z,127.40,128.63,126.93,128.17,69209916
2022-04-28T17:00:00Z,128.17,129.32,127.46,128.60,67476966
2022-04-28T18:00:00Z,128.60,129.36,127.62,128.38,65129644
2022-04-28T19:00:00Z,128.38,128.94,127.01,127.58,62246320
2022-04-28T20:00:00Z,127.58,128.18,126.11,126.71,58919866
2022-04-28T21:00:00Z,126.71,127.46,125.60,126.35,55254938
2022-04-28T22:00:00Z,126.35,127.58,125.67,126.90,51364923
2022-04-28T23:00:00Z,126.90,128.74,126.43,128.27,51608930
2022-04-29T00:00:00Z,128.27,130.73,127.55,130.00,55985765
2022-04-29T01:00:00Z,130.00,132.25,129.23,131.47,60133932
2022-04-29T02:00:00Z,131.47,132.84,130.89,132.26,63937679
2022-04-29T03:00:00Z,132.26,132.99,131.63,132.36,67290013
2022-04-29T04:00:00Z,132.36,133.15,131.37,132.16,70095762
2022-04-29T05:00:00Z,132.16,132.88,131.45,132.18,72274313
2022-04-29T06:00:00Z,132.18,133.22,131.68,132.72,73761927
2022-04-29T07:00:00Z,132.72,134.44,131.98,133.70,74513578
2022-04-29T08:00:00Z,133.70,135.42,132.91,134.63,74504261
2022-04-29T09:00:00Z,134.63,135.53,134.04,134.94,73729725
2022-04-29T10:00:00Z,134.94,135.59,133.67,134.31,72206621
2022-04-29T11:00:00Z,134.31,135.10,132.05,132.84,69972046
2022-04-29T12:00:00Z,132.84,133.54,130.37,131.07,67082515
2022-04-29T13:00:00Z,131.07,131.56,129.16,129.64,63612366
2022-04-29T14:00:00Z,129.64,130.37,128.30,129.02,59651671
2022-04-29T15:00:00Z,129.02,129.97,128.26,129.21,55303688
2022-04-29T16:00:00Z,129.21,130.38,128.65,129.82,50681945
2022-04-29T17:00:00Z,129.82,130.95,129.19,130.32,45907030
2022-04-29T18:00:00Z,130.32,131.13,129.54,130.35,49553223
2022-04-29T19:00:00Z,130.35,131.04,129.30,129.98,53051772
2022-04-29T20:00:00Z,129.98,130.48,129.14,129.63,56287591
2022-04-29T21:00:00Z,129.63,130.56,128.90,129.83,59152599
2022-04-29T22:00:00Z,129.83,131.63,129.06,130.87,61548905
2022-04-29T23:00:00Z,130.87,133.19,130.30,132.62,63391697
2022-04-30T00:00:00Z,132.62,135.20,131.96,134.55,64611763
2022-04-30T01:00:00Z,134.55,136.83,133.73,136.02,65157559
2022-04-30T02:00:00Z,136.02,137.32,135.30,136.61,64996772
2022-04-30T03:00:00Z,136.61,137.13,135.81,136.34,65477687
2022-04-30T04:00:00Z,136.34,137.10,134.89,135.65,65280487
2022-04-30T05:00:00Z,135.65,136.44,134.35,135.14,64388867
2022-04-30T06:00:00Z,135.14,135.75,134.56,135.17,62844932
2022-04-30T07:00:00Z,135.17,136.39,134.51,135.73,60709315
2022-04-30T08:00:00Z,135.73,137.21,134.91,136.39,58059345
2022-04-30T09:00:00Z,136.39,137.34,135.68,136.63,54986753
2022-04-30T10:00:00Z,136.63,137.16,135.59,136.12,51594953
2022-04-30T11:00:00Z,136.12,136.88,134.19,134.95,47995991
2022-04-30T12:00:00Z,134.95,135.73,132.83,133.61,48547552
2022-04-30T13:00:00Z,133.61,134.17,132.13,132.69,53246936
2022-04-30T14:00:00Z,132.69,133.35,131.91,132.57,57731067
2022-04-30T15:00:00Z,132.57,133.97,131.77,133.17,61882548
2022-04-30T16:00:00Z,133.17,134.74,132.48,134.04,65592680
2022-04-30T17:00:00Z,134.04,135.13,133.52,134.60,68764542
2022-04-30T18:00:00Z,134.60,135.37,133.71,134.47,71315726
2022-04-30T19:00:00Z,134.47,135.25,132.94,133.71,73180668
2022-04-30T20:00:00Z,133.71,134.27,132.22,132.78,74312494
2022-04-30T21:00:00Z,132.78,133.43,131.59,132.25,74684337
2022-04-30T22:00:00Z,132.25,133.29,131.45,132.50,74290079
2022-04-30T23:00:00Z,132.50,134.15,131.81,133.46,73144508
2022-05-01T00:00:00Z,133.46,135.23,132.93,134.69,71282873
2022-05-01T01:00:00Z,134.69,136.38,133.92,135.60,68759861
2022-05-01T02:00:00Z,135.60,136.60,134.82,135.82,65648016
2022-05-01T03:00:00Z,135.82,136.38,134.82,135.37,62035654
2022-05-01T04:00:00Z,135.37,136.05,134.02,134.70,58024327
2022-05-01T05:00:00Z,134.70,135.50,133.52,134.32,53725914
2022-05-01T06:00:00Z,134.32,135.27,133.64,134.58,49259420
2022-05-01T07:00:00Z,134.58,135.91,134.04,135.37,53197614
2022-05-01T08:00:00Z,135.37,136.98,134.59,136.20,56970315
2022-05-01T09:00:00Z,136.20,137.26,135.41,136.48,60461092
2022-05-01T10:00:00Z,136.48,137.03,135.26,135.82,63560616
2022-05-01T11:00:00Z,135.82,136.50,133.64,134.31,66169847
2022-05-01T12:00:00Z,134.31,135.11,131.64,132.44,68202932
2022-05-01T13:00:00Z,132.44,133.10,130.15,130.82,69589724
2022-05-01T14:00:00Z,130.82,131.34,129.36,129.89,70277865
2022-05-01T15:00:00Z,129.89,130.64,128.91,129.66,70234343
2022-05-01T16:00:00Z,129.66,130.49,128.91,129.74,69446518
2022-05-01T17:00:00Z,129.74,130.27,129.11,129.63,67922542
2022-05-01T18:00:00Z,129.63,130.28,128.35,129.01,65691204
2022-05-01T19:00:00Z,129.01,129.78,127.20,127.97,62801174
2022-05-01T20:00:00Z,127.97,128.61,126.35,126.99,59319675
2022-05-01T21:00:00Z,126.99,127.50,126.10,126.61,55330630
2022-05-01T22:00:00Z,126.61,127.92,125.88,127.19,50932328
2022-05-01T23:00:00Z,127.19,129.31,126.45,128.58,46364226
2022-05-02T00:00:00Z,128.58,130.78,128.05,130.26,42884177
2022-05-02T01:00:00Z,130.26,132.24,129.59,131.57,43579690
2022-05-02T02:00:00Z,131.57,132.86,130.78,132.06,48447358
2022-05-02T03:00:00Z,132.06,132.72,131.07,131.73,53123281
2022-05-02T04:00:00Z,131.73,132.27,130.42,130.96,57489123
2022-05-02T05:00:00Z,130.96,131.72,129.55,130.31,61435135
2022-05-02T06:00:00Z,130.31,131.05,129.38,130.12,64863241
2022-05-02T07:00:00Z,130.12,130.87,129.60,130.35,67689777
2022-05-02T08:00:00Z,130.35,131.25,129.68,130.58,69847832
2022-05-02T09:00:00Z,130.58,131.36,129.51,130.29,71289095
2022-05-02T10:00:00Z,130.29,130.93,128.52,129.17,71985182
2022-05-02T11:00:00Z,129.17,129.70,126.82,127.35,71928390
2022-05-02T12:00:00Z,127.35,128.08,124.63,125.36,71131852
2022-05-02T13:00:00Z,125.36,126.06,123.12,123.83,69629108
2022-05-02T14:00:00Z,123.83,124.31,122.68,123.17,67473087
2022-05-02T15:00:00Z,123.17,123.98,122.53,123.34,64734536
2022-05-02T16:00:00Z,123.34,124.65,122.60,123.90,61499942
2022-05-02T17:00:00Z,123.90,124.88,123.29,124.26,57869007
2022-05-02T18:00:00Z,124.26,124.79,123.51,124.04,53951747
2022-05-02T19:00:00Z,124.04,124.75,122.53,123.25,49865300
2022-05-02T20:00:00Z,123.25,123.94,121.62,122.32,54180573
2022-05-02T21:00:00Z,122.32,122.79,121.31,121.78,58325537
2022-05-02T22:00:00Z,121.78,122.61,121.15,121.97,62181941
2022-05-02T23:00:00Z,121.97,123.54,121.24,122.81,65638663
2022-05-03T00:00:00Z,122.81,124.42,122.20,123.81,68594914
2022-05-03T01:00:00Z,123.81,124.92,123.28,124.39,70963140
2022-05-03T02:00:00Z,124.39,125.11,123.45,124.18,72671555
2022-05-03T03:00:00Z,124.18,124.88,122.54,123.24,73666223
2022-05-03T04:00:00Z,123.24,123.71,121.56,122.03,73912633
2022-05-03T05:00:00Z,122.03,122.66,120.50,121.13,73396722
2022-05-03T06:00:00Z,121.13,121.86,120.19,120.92,72125313
2022-05-03T07:00:00Z,120.92,121.90,120.33,121.31,70125957
2022-05-03T08:00:00Z,121.31,122.38,120.79,121.86,67446187
2022-05-03T09:00:00Z,121.86,122.69,121.15,121.97,64152196
2022-05-03T10:00:00Z,121.97,122.66,120.59,121.28,60326991
2022-05-03T11:00:00Z,121.28,121.73,119.37,119.83,56068056
2022-05-03T12:00:00Z,119.83,120.45,117.47,118.09,51484616
2022-05-03T13:00:00Z,118.09,118.78,115.94,116.64,46694556
2022-05-03T14:00:00Z,116.64,117.20,115.32,115.88,46061393
2022-05-03T15:00:00Z,115.88,116.38,115.26,115.77,49588230
2022-05-03T16:00:00Z,115.77,116.57,115.09,115.89,52917735
2022-05-03T17:00:00Z,115.89,116.54,115.08,115.73,55938164
2022-05-03T18:00:00Z,115.73,116.16,114.53,114.96,58546361
2022-05-03T19:00:00Z,114.96,115.56,113.08,113.68,60650800
2022-05-03T20:00:00Z,113.68,114.35,111.72,112.39,62471989
2022-05-03T21:00:00Z,112.39,112.92,111.14,111.68,64751997
2022-05-03T22:00:00Z,111.68,112.41,111.19,111.92,66340174
2022-05-03T23:00:00Z,111.92,113.70,111.26,113.03,67207415
2022-05-04T00:00:00Z,113.03,115.16,112.39,114.52,67345177
2022-05-04T01:00:00Z,114.52,116.18,114.09,115.75,66765643
2022-05-04T02:00:00Z,115.75,116.90,115.13,116.28,65501288
2022-05-04T03:00:00Z,116.28,116.97,115.41,116.10,63603874
2022-05-04T04:00:00Z,116.10,116.65,115.05,115.60,61142881
2022-05-04T05:00:00Z,115.60,116.11,114.77,115.28,58203437
2022-05-04T06:00:00Z,115.28,116.15,114.60,115.47,54883799
2022-05-04T07:00:00Z,115.47,116.71,114.82,116.06,51292457
2022-05-04T08:00:00Z,116.06,117.04,115.63,116.61,47544953
2022-05-04T09:00:00Z,116.61,117.24,115.94,116.56,52210535
2022-05-04T10:00:00Z,116.56,117.25,114.89,115.58,56715457
2022-05-04T11:00:00Z,115.58,116.12,113.27,113.81,60939704
2022-05-04T12:00:00Z,113.81,114.30,111.27,111.77,64770355
2022-05-04T13:00:00Z,111.77,112.42,109.47,110.12,68104787
2022-05-04T14:00:00Z,110.12,110.73,108.71,109.32,70853595
2022-05-04T15:00:00Z,109.32,109.75,108.92,109.35,72943129
2022-05-04T16:00:00Z,109.35,110.41,108.76,109.82,74317585
2022-05-04T17:00:00Z,109.82,110.83,109.16,110.17,74940592
2022-05-04T18:00:00Z,110.17,110.69,109.53,110.04,74796245
2022-05-04T19:00:00Z,110.04,110.53,108.98,109.47,73889544
2022-05-04T20:00:00Z,109.47,110.12,108.23,108.88,72246255
2022-05-04T21:00:00Z,108.88,109.48,108.18,108.77,69912166
2022-05-04T22:00:00Z,108.77,109.87,108.38,109.47,66951779
2022-05-04T23:00:00Z,109.47,111.44,108.87,110.84,63446465
2022-05-05T00:00:00Z,110.84,113.03,110.17,112.36,59492142
2022-05-05T01:00:00Z,112.36,113.94,111.84,113.41,55196543
2022-05-05T02:00:00Z,113.41,114.10,112.90,113.59,50676142
2022-05-05T03:00:00Z,113.59,114.26,112.27,112.94,50293137
2022-05-05T04:00:00Z,112.94,113.55,111.30,111.91,54049405
2022-05-05T05:00:00Z,111.91,112.31,110.71,111.10,57586489
2022-05-05T06:00:00Z,111.10,111.70,110.29,110.90,60791631
2022-05-05T07:00:00Z,110.90,111.93,110.24,111.27,63560768
2022-05-05T08:00:00Z,111.27,112.31,110.75,111.79,65801587
2022-05-05T09:00:00Z,111.79,112.44,111.28,111.93,67436240
2022-05-05T10:00:00Z,111.93,112.59,110.67,111.33,68403654
2022-05-05T11:00:00Z,111.33,111.93,109.48,110.08,68661349
2022-05-05T12:00:00Z,110.08,110.46,108.27,108.65,68186741
2022-05-05T13:00:00Z,108.65,109.24,107.05,107.63,66977857
2022-05-05T14:00:00Z,107.63,108.27,106.75,107.39,65053474
2022-05-05T15:00:00Z,107.39,108.35,106.89,107.86,62452658
2022-05-05T16:00:00Z,107.86,109.09,107.36,108.59,59233715
2022-05-05T17:00:00Z,108.59,109.65,107.94,109.01,55938400
2022-05-05T18:00:00Z,109.01,109.60,108.17,108.76,53123943
2022-05-05T19:00:00Z,108.76,109.14,107.53,107.92,49954169
2022-05-05T20:00:00Z,107.92,108.50,106.36,106.95,46536838
2022-05-05T21:00:00Z,106.95,107.58,105.82,106.45,42986637
2022-05-05T22:00:00Z,106.45,107.29,105.97,106.81,47871849
2022-05-05T23:00:00Z,106.81,108.45,106.31,107.95,52617652
2022-05-06T00:00:00Z,107.95,110.08,107.30,109.43,57102852
2022-05-06T01:00:00Z,109.43,111.24,108.83,110.64,61213247
2022-05-06T02:00:00Z,110.64,111.59,110.24,111.20,64844847
2022-05-06T03:00:00Z,111.20,111.81,110.50,111.11,67906790
2022-05-06T04:00:00Z,111.11,111.77,110.14,110.80,70323891
2022-05-06T05:00:00Z,110.80,111.30,110.28,110.78,72038745
2022-05-06T06:00:00Z,110.78,111.88,110.26,111.36,73013312
2022-05-06T07:00:00Z,111.36,113.11,110.69,112.44,73229962
2022-05-06T08:00:00Z,112.44,114.14,111.83,113.53,72691932
2022-05-06T09:00:00Z,113.53,114.45,113.12,114.03,71423180
2022-05-06T10:00:00Z,114.03,114.66,112.96,113.59,69467659
2022-05-06T11:00:00Z,113.59,114.25,111.61,112.28,66888017
2022-05-06T12:00:00Z,112.28,112.77,110.11,110.60,63763760
2022-05-06T13:00:00Z,110.60,111.12,108.70,109.21,60188940
2022-05-06T14:00:00Z,109.21,109.86,107.89,108.54,56269432
2022-05-06T15:00:00Z,108.54,109.18,107.96,108.60,52119866
2022-05-06T16:00:00Z,108.60,109.41,108.20,109.01,52100625
2022-05-06T17:00:00Z,109.01,109.87,108.41,109.26,56211804
2022-05-06T18:00:00Z,109.26,109.90,108.37,109.01,60093207
2022-05-06T19:00:00Z,109.01,109.49,107.88,108.36,63630391
2022-05-06T20:00:00Z,108.36,108.87,107.24,107.75,66717665
2022-05-06T21:00:00Z,107.75,108.39,107.08,107.73,69261159
2022-05-06T22:00:00Z,107.73,109.18,107.15,108.60,71181542
2022-05-06T23:00:00Z,108.60,110.66,108.20,110.25,72416341
2022-05-07T00:00:00Z,110.25,112.76,109.62,112.13,72921768
2022-05-07T01:00:00Z,112.13,114.26,111.46,113.59,72674023
2022-05-07T02:00:00Z,113.59,114.69,113.09,114.19,71670023
2022-05-07T03:00:00Z,114.19,114.73,113.38,113.93,69927544
2022-05-07T04:00:00Z,113.93,114.60,112.54,113.22,67484757
2022-05-07T05:00:00Z,113.22,113.81,112.03,112.63,64399197
2022-05-07T06:00:00Z,112.63,113.05,112.10,112.52,60746162
2022-05-07T07:00:00Z,112.52,113.51,111.89,112.88,56616619
2022-05-07T08:00:00Z,112.88,113.94,112.21,113.27,52114654
2022-05-07T09:00:00Z,113.27,113.76,112.70,113.19,47354548
2022-05-07T10:00:00Z,113.19,113.73,111.79,112.33,42457568
2022-05-07T11:00:00Z,112.33,112.99,110.15,110.81,45998592
2022-05-07T12:00:00Z,110.81,111.38,108.56,109.14,49409383
2022-05-07T13:00:00Z,109.14,109.55,107.53,107.94,52575284
2022-05-07T14:00:00Z,107.94,108.55,107.01,107.61,56022442
2022-05-07T15:00:00Z,107.61,108.73,106.98,108.10,59782050
2022-05-07T16:00:00Z,108.10,109.41,107.63,108.94,62996800
2022-05-07T17:00:00Z,108.94,110.09,108.41,109.56,65590756
2022-05-07T18:00:00Z,109.56,110.21,108.90,109.55,67505648
2022-05-07T19:00:00Z,109.55,110.12,108.40,108.97,68702456
2022-05-07T20:00:00Z,108.97,109.38,107.81,108.22,69162463
2022-05-07T21:00:00Z,108.22,108.83,107.28,107.88,68887711
2022-05-07T22:00:00Z,107.88,108.93,107.25,108.29,67900870
2022-05-07T23:00:00Z,108.29,109.84,107.83,109.38,66244514
2022-05-08T00:00:00Z,109.38,111.21,108.84,110.67,63979823
2022-05-08T01:00:00Z,110.67,112.26,110.00,111.59,61184761
2022-05-08T02:00:00Z,111.59,112.36,111.01,111.78,57951768
2022-05-08T03:00:00Z,111.78,112.21,110.85,111.28,54385044
2022-05-08T04:00:00Z,111.28,111.90,109.91,110.54,50597493
2022-05-08T05:00:00Z,110.54,111.18,109.48,110.13,50947723
2022-05-08T06:00:00Z,110.13,110.85,109.66,110.39,55434020
2022-05-08T07:00:00Z,110.39,111.79,109.84,111.24,59694351
2022-05-08T08:00:00Z,111.24,112.88,110.57,112.21,63612416
2022-05-08T09:00:00Z,112.21,113.28,111.63,112.69,67080659
2022-05-08T10:00:00Z,112.69,113.13,111.87,112.31,70003344
2022-05-08T11:00:00Z,112.31,112.94,110.48,111.11,72299284
2022-05-08T12:00:00Z,111.11,111.75,108.93,109.57,73904164
2022-05-08T13:00:00Z,109.57,110.02,107.83,108.28,74772385
2022-05-08T14:00:00Z,108.28,108.81,107.11,107.64,74878369
2022-05-08T15:00:00Z,107.64,108.29,107.00,107.65,74217303
2022-05-08T16:00:00Z,107.65,108.44,107.09,107.89,72805280
2022-05-08T17:00:00Z,107.89,108.31,107.42,107.85,70678854
2022-05-08T18:00:00Z,107.85,108.46,106.61,107.22,67894010
2022-05-08T19:00:00Z,107.22,107.83,105.49,106.10,64524574
2022-05-08T20:00:00Z,106.10,106.54,104.55,104.98,60660123
2022-05-08T21:00:00Z,104.98,105.51,103.93,104.46,56403445
2022-05-08T22:00:00Z,104.46,105.50,103.83,104.87,51867620
2022-05-08T23:00:00Z,104.87,106.67,104.33,106.13,47172816
2022-05-09T00:00:00Z,106.13,108.15,105.70,107.72,50892920
2022-05-09T01:00:00Z,107.72,109.63,107.10,109.01,54458818
2022-05-09T02:00:00Z,109.01,110.17,108.37,109.53,57755095
2022-05-09T03:00:00Z,109.53,109.98,108.84,109.29,60673373
2022-05-09T04:00:00Z,109.29,109.84,108.12,108.66,63115500
2022-05-09T05:00:00Z,108.66,109.31,107.52,108.17,64996440
2022-05-09T06:00:00Z,108.17,108.72,107.60,108.15,66246793
2022-05-09T07:00:00Z,108.15,108.95,107.71,108.52,66814868
2022-05-09T08:00:00Z,108.52,109.47,107.89,108.84,66668244
2022-05-09T09:00:00Z,108.84,109.47,107.96,108.58,65794781
2022-05-09T10:00:00Z,108.58,109.02,107.00,107.44,64203054
2022-05-09T11:00:00Z,107.44,107.97,105.00,105.53,62724107
2022-05-09T12:00:00Z,105.53,106.16,102.79,103.42,61198773
2022-05-09T13:00:00Z,103.42,103.93,101.22,101.73,59089819
2022-05-09T14:00:00Z,101.73,102.15,100.52,100.93,56474445
2022-05-09T15:00:00Z,100.93,101.57,100.35,100.99,53444211
2022-05-09T16:00:00Z,100.99,102.07,100.40,101.49,50102324
2022-05-09T17:00:00Z,101.49,102.27,101.08,101.87,46560587
2022-05-09T18:00:00Z,101.87,102.38,101.22,101.74,47176403
2022-05-09T19:00:00Z,101.74,102.35,100.54,101.15,51946758
2022-05-09T20:00:00Z,101.15,101.65,99.99,100.50,56508228
2022-05-09T21:00:00Z,100.50,100.91,99.89,100.31,60743038
2022-05-09T22:00:00Z,100.31,101.48,99.72,100.89,64542080
2022-05-09T23:00:00Z,100.89,102.72,100.31,102.14,67807998
2022-05-10T00:00:00Z,102.14,103.95,101.72,103.54,70457923
2022-05-10T01:00:00Z,103.54,105.02,103.00,104.48,72425808
2022-05-10T02:00:00Z,104.48,105.22,103.86,104.59,73664274
2022-05-10T03:00:00Z,104.59,105.11,103.39,103.91,74145932
2022-05-10T04:00:00Z,103.91,104.33,102.47,102.90,73864126
2022-05-10T05:00:00Z,102.90,103.49,101.56,102.15,72833093
2022-05-10T06:00:00Z,102.15,102.73,101.47,102.05,71087522
2022-05-10T07:00:00Z,102.05,102.96,101.65,102.56,68681530
2022-05-10T08:00:00Z,102.56,103.76,102.03,103.23,65687089
2022-05-10T09:00:00Z,103.23,104.13,102.61,103.51,62191940
2022-05-10T10:00:00Z,103.51,104.01,102.51,103.02,58297060
2022-05-10T11:00:00Z,103.02,103.45,101.43,101.86,54113759
2022-05-10T12:00:00Z,101.86,102.44,99.87,100.46,49760476
2022-05-10T13:00:00Z,100.46,101.02,98.84,99.41,53809428
2022-05-10T14:00:00Z,99.41,99.80,98.69,99.08,57689889
2022-05-10T15:00:00Z,99.08,99.93,98.56,99.42,61284902
2022-05-10T16:00:00Z,99.42,100.58,98.82,99.98,64484628
2022-05-10T17:00:00Z,99.98,100.70,99.49,100.21,67189535
2022-05-10T18:00:00Z,100.21,100.63,99.34,99.77,69313301
2022-05-10T19:00:00Z,99.77,100.34,98.16,98.74,70785336
2022-05-10T20:00:00Z,98.74,99.29,97.06,97.61,71552863
2022-05-10T21:00:00Z,97.61,97.98,96.61,96.98,71582483
2022-05-10T22:00:00Z,96.98,97.74,96.47,97.23,70861196
2022-05-10T23:00:00Z,97.23,98.89,96.64,98.31,69396829
2022-05-11T00:00:00Z,98.31,100.22,97.82,99.73,67217880
2022-05-11T01:00:00Z,99.73,101.33,99.30,100.90,64372760
2022-05-11T02:00:00Z,100.90,101.99,100.30,101.40,60928474
2022-05-11T03:00:00Z,101.40,101.97,100.67,101.24,56968762
2022-05-11T04:00:00Z,101.24,101.63,100.44,100.82,52591770
2022-05-11T05:00:00Z,100.82,101.35,100.12,100.65,47907299
2022-05-11T06:00:00Z,100.65,101.65,100.05,101.05,43033729
2022-05-11T07:00:00Z,101.05,102.40,100.55,101.90,42334989
2022-05-11T08:00:00Z,101.90,103.18,101.46,102.74,46784403
2022-05-11T09:00:00Z,102.74,103.58,102.14,102.98,51479901
2022-05-11T10:00:00Z,102.98,103.55,101.70,102.27,55873366
2022-05-11T11:00:00Z,102.27,102.65,100.35,100.73,59854916
2022-05-11T12:00:00Z,100.73,101.25,98.35,98.87,63326299
2022-05-11T13:00:00Z,98.87,99.45,96.76,97.34,66203640
2022-05-11T14:00:00Z,97.34,97.81,96.14,96.60,68419779
2022-05-11T15:00:00Z,96.60,97.08,96.18,96.66,69926121
2022-05-11T16:00:00Z,96.66,97.71,96.09,97.14,70693964
2022-05-11T17:00:00Z,97.14,98.05,96.59,97.50,70715251
2022-05-11T18:00:00Z,97.50,97.86,97.05,97.42,70002734
2022-05-11T19:00:00Z,97.42,97.93,96.43,96.95,68589542
2022-05-11T20:00:00Z,96.95,97.53,95.95,96.53,66528165
2022-05-11T21:00:00Z,96.53,97.16,96.07,96.70,63888885
2022-05-11T22:00:00Z,96.70,98.18,96.27,97.75,60757705
2022-05-11T23:00:00Z,97.75,100.13,97.16,99.55,57233819
2022-05-12T00:00:00Z,99.55,102.13,98.98,101.56,53426719
2022-05-12T01:00:00Z,101.56,103.53,101.18,103.15,49453003
2022-05-12T02:00:00Z,103.15,104.42,102.59,103.87,53883028
2022-05-12T03:00:00Z,103.87,104.48,103.12,103.74,58144201
2022-05-12T04:00:00Z,103.74,104.23,102.71,103.19,62117702
2022-05-12T05:00:00Z,103.19,103.65,102.35,102.81,65691835
2022-05-12T06:00:00Z,102.81,103.57,102.20,102.96,68765238
2022-05-12T07:00:00Z,102.96,104.19,102.38,103.62,71249780
2022-05-12T08:00:00Z,103.62,104.76,103.24,104.38,73073108
2022-05-12T09:00:00Z,104.38,105.27,103.82,104.71,74180722
2022-05-12T10:00:00Z,104.71,105.33,103.66,104.29,74537558
2022-05-12T11:00:00Z,104.29,104.77,102.74,103.23,74129012
2022-05-12T12:00:00Z,103.23,103.68,101.56,102.01,72961381
2022-05-12T13:00:00Z,102.01,102.61,100.66,101.25,71061709
2022-05-12T14:00:00Z,101.25,101.89,100.70,101.33,68477039
2022-05-12T15:00:00Z,101.33,102.54,100.96,102.17,65273099
2022-05-12T16:00:00Z,102.17,103.88,101.61,103.33,61532455
2022-05-12T17:00:00Z,103.33,104.82,102.71,104.20,57352176
2022-05-12T18:00:00Z,104.20,104.90,103.71,104.41,52841103
2022-05-12T19:00:00Z,104.41,104.88,103.54,104.01,48116765
2022-05-12T20:00:00Z,104.01,104.62,102.83,103.44,47542360
2022-05-12T21:00:00Z,103.44,104.01,102.71,103.27,51120699
2022-05-12T22:00:00Z,103.27,104.24,102.90,103.87,54494201
2022-05-12T23:00:00Z,103.87,105.75,103.30,105.18,57550905
2022-05-13T00:00:00Z,105.18,107.37,104.55,106.74,60187479
2022-05-13T01:00:00Z,106.74,108.46,106.24,107.96,62312256
2022-05-13T02:00:00Z,107.96,108.97,107.46,108.48,63847959
2022-05-13T03:00:00Z,108.48,109.12,107.70,108.34,64733997
2022-05-13T04:00:00Z,108.34,108.93,107.38,107.98,64928291
2022-05-13T05:00:00Z,107.98,108.36,107.56,107.94,65546382
2022-05-13T06:00:00Z,107.94,109.16,107.35,108.56,65704692
2022-05-13T07:00:00Z,108.56,110.41,107.91,109.75,65153739
2022-05-13T08:00:00Z,109.75,111.53,109.25,111.02,63925861
2022-05-13T09:00:00Z,111.02,112.28,110.51,111.77,62072640
2022-05-13T10:00:00Z,111.77,112.43,110.96,111.62,59663341
2022-05-13T11:00:00Z,111.62,112.22,110.03,110.64,56782838
2022-05-13T12:00:00Z,110.64,111.02,108.91,109.30,53529098
2022-05-13T13:00:00Z,109.30,109.89,107.63,108.22,50010290
2022-05-13T14:00:00Z,108.22,108.86,107.19,107.83,46341599
2022-05-13T15:00:00Z,107.83,108.60,107.34,108.11,51091888
2022-05-13T16:00:00Z,108.11,109.20,107.61,108.70,55686998
2022-05-13T17:00:00Z,108.70,109.71,108.05,109.06,60006469
2022-05-13T18:00:00Z,109.06,109.65,108.30,108.89,63936915
2022-05-13T19:00:00Z,108.89,109.28,107.91,108.30,67375225
2022-05-13T20:00:00Z,108.30,108.89,107.16,107.75,70231484
2022-05-13T21:00:00Z,107.75,108.46,107.11,107.82,72431515
2022-05-13T22:00:00Z,107.82,109.34,107.33,108.85,73918975
2022-05-13T23:00:00Z,108.85,111.24,108.33,110.72,74656939
2022-05-14T00:00:00Z,110.72,113.58,110.05,112.91,74628937
2022-05-14T01:00:00Z,112.91,115.37,112.29,114.75,73839401
2022-05-14T02:00:00Z,114.75,116.23,114.34,115.81,72313523
2022-05-14T03:00:00Z,115.81,116.70,115.17,116.06,70096515
2022-05-14T04:00:00Z,116.06,116.75,115.21,115.90,67252306
2022-05-14T05:00:00Z,115.90,116.41,115.33,115.85,63861698
2022-05-14T06:00:00Z,115.85,116.81,115.30,116.26,60020048
2022-05-14T07:00:00Z,116.26,117.77,115.56,117.07,55834535
2022-05-14T08:00:00Z,117.07,118.50,116.44,117.86,51421096
2022-05-14T09:00:00Z,117.86,118.53,117.43,118.10,51141405
2022-05-14T10:00:00Z,118.10,118.75,116.83,117.48,54996830
2022-05-14T11:00:00Z,117.48,118.17,115.45,116.14,58628433
2022-05-14T12:00:00Z,116.14,116.65,114.09,114.60,61922989
2022-05-14T13:00:00Z,114.60,115.14,112.98,113.51,64775999
2022-05-14T14:00:00Z,113.51,114.19,112.62,113.29,67094738
2022-05-14T15:00:00Z,113.29,114.52,112.68,113.91,68800979
2022-05-14T16:00:00Z,113.91,115.36,113.49,114.93,69833294
2022-05-14T17:00:00Z,114.93,116.42,114.29,115.78,70148890
2022-05-14T18:00:00Z,115.78,116.73,115.09,116.05,69724895
2022-05-14T19:00:00Z,116.05,116.56,115.28,115.78,68559091
2022-05-14T20:00:00Z,115.78,116.33,114.84,115.39,66670044
2022-05-14T21:00:00Z,115.39,116.09,114.70,115.40,64096646
2022-05-14T22:00:00Z,115.40,116.75,114.78,116.14,60897068
2022-05-14T23:00:00Z,116.14,117.94,115.70,117.50,57147169
2022-05-15T00:00:00Z,117.50,119.68,116.84,119.01,52938390
2022-05-15T01:00:00Z,119.01,120.78,118.31,120.07,48375205
2022-05-15T02:00:00Z,120.07,120.83,119.55,120.30,44877845
2022-05-15T03:00:00Z,120.30,120.88,119.20,119.77,41349162
2022-05-15T04:00:00Z,119.77,120.48,118.23,118.94,46263912
2022-05-15T05:00:00Z,118.94,119.56,117.77,118.39,51047129
2022-05-15T06:00:00Z,118.39,118.95,117.94,118.51,55577435
2022-05-15T07:00:00Z,118.51,119.89,117.84,119.22,59740409
2022-05-15T08:00:00Z,119.22,120.80,118.52,120.09,63431801
2022-05-15T09:00:00Z,120.09,121.06,119.57,120.54,66560456
2022-05-15T10:00:00Z,120.54,121.12,119.61,120.19,69050865
2022-05-15T11:00:00Z,120.19,120.91,118.40,119.11,70845261
2022-05-15T12:00:00Z,119.11,119.73,117.13,117.75,71905216
2022-05-15T13:00:00Z,117.75,118.20,116.25,116.70,72212683
2022-05-15T14:00:00Z,116.70,117.35,115.67,116.33,71770451
2022-05-15T15:00:00Z,116.33,117.29,115.65,116.61,70602010
2022-05-15T16:00:00Z,116.61,117.61,116.11,117.11,68750824
2022-05-15T17:00:00Z,117.11,117.86,116.53,117.29,66279027
2022-05-15T18:00:00Z,117.29,117.99,116.13,116.83,63265597
2022-05-15T19:00:00Z,116.83,117.43,115.22,115.82,59804045
2022-05-15T20:00:00Z,115.82,116.26,114.32,114.76,55999690
2022-05-15T21:00:00Z,114.76,115.41,113.61,114.25,51966598
2022-05-15T22:00:00Z,114.25,115.33,113.58,114.66,52064582
2022-05-15T23:00:00Z,114.66,116.41,114.17,115.92,56293162
2022-05-16T00:00:00Z,115.92,118.12,115.34,117.55,60291569
2022-05-16T01:00:00Z,117.55,119.62,116.83,118.91,63944784
2022-05-16T02:00:00Z,118.91,120.21,118.29,119.59,67146549
2022-05-16T03:00:00Z,119.59,120.05,119.10,119.57,69802434
2022-05-16T04:00:00Z,119.57,120.25,118.56,119.24,71832557
2022-05-16T05:00:00Z,119.24,119.93,118.42,119.11,73173906
2022-05-16T06:00:00Z,119.11,119.99,118.61,119.49,73782174
2022-05-16T07:00:00Z,119.49,120.88,118.89,120.28,73633055
2022-05-16T08:00:00Z,120.28,121.75,119.56,121.03,72722984
2022-05-16T09:00:00Z,121.03,121.77,120.40,121.15,71069276
2022-05-16T10:00:00Z,121.15,121.62,119.84,120.32,68709669
2022-05-16T11:00:00Z,120.32,120.99,117.98,118.66,65701288
2022-05-16T12:00:00Z,118.66,119.33,116.02,116.69,62119055
2022-05-16T13:00:00Z,116.69,117.17,114.61,115.09,58053589
2022-05-16T14:00:00Z,115.09,115.66,113.71,114.28,53608663
2022-05-16T15:00:00Z,114.28,114.98,113.60,114.29,48898280
2022-05-16T16:00:00Z,114.29,115.31,113.71,114.72,44043460
2022-05-16T17:00:00Z,114.72,115.48,114.26,115.02,47618877
2022-05-16T18:00:00Z,115.02,115.68,114.19,114.84,51056124
2022-05-16T19:00:00Z,114.84,115.50,113.57,114.23,54240416
2022-05-16T20:00:00Z,114.23,114.70,113.15,113.62,57063924
2022-05-16T21:00:00Z,113.62,114.19,112.94,113.51,59428959
2022-05-16T22:00:00Z,113.51,114.91,112.83,114.22,61325591
2022-05-16T23:00:00Z,114.22,116.21,113.64,115.62,63933920
2022-05-17T00:00:00Z,115.62,117.65,115.15,117.18,65871299
2022-05-17T01:00:00Z,117.18,118.94,116.50,118.26,67098600
2022-05-17T02:00:00Z,118.26,119.13,117.57,118.45,67596955
2022-05-17T03:00:00Z,118.45,118.93,117.31,117.79,67368220
2022-05-17T04:00:00Z,117.79,118.38,116.14,116.73,66434838
2022-05-17T05:00:00Z,116.73,117.43,115.16,115.85,64839120
2022-05-17T06:00:00Z,115.85,116.44,114.97,115.55,62641952
2022-05-17T07:00:00Z,115.55,116.26,115.08,115.79,59920966
2022-05-17T08:00:00Z,115.79,116.84,115.12,116.17,56768239
2022-05-17T09:00:00Z,116.17,116.84,115.47,116.14,53287578
2022-05-17T10:00:00Z,116.14,116.60,114.91,115.37,49591465
2022-05-17T11:00:00Z,115.37,115.95,113.39,113.97,50038061
2022-05-17T12:00:00Z,113.97,114.64,111.73,112.40,54625179
2022-05-17T13:00:00Z,112.40,112.96,110.70,111.26,58990293
2022-05-17T14:00:00Z,111.26,111.71,110.46,110.92,63016589
2022-05-17T15:00:00Z,110.92,111.96,110.28,111.32,66595982
2022-05-17T16:00:00Z,111.32,112.64,110.67,111.99,69632191
2022-05-17T17:00:00Z,111.99,112.82,111.55,112.37,72043472
2022-05-17T18:00:00Z,112.37,112.95,111.51,112.09,73764947
2022-05-17T19:00:00Z,112.09,112.75,110.53,111.20,74750444
2022-05-17T20:00:00Z,111.20,111.75,109.62,110.17,74973813
2022-05-17T21:00:00Z,110.17,110.62,109.14,109.59,74429663
2022-05-17T22:00:00Z,109.59,110.47,108.95,109.83,73133516
2022-05-17T23:00:00Z,109.83,111.47,109.20,110.84,71121359
2022-05-18T00:00:00Z,110.84,112.59,110.39,112.15,68448616
2022-05-18T01:00:00Z,112.15,113.77,111.57,113.19,65188564
2022-05-18T02:00:00Z,113.19,114.24,112.51,113.56,61430246
2022-05-18T03:00:00Z,113.56,114.12,112.73,113.29,57275929
2022-05-18T04:00:00Z,113.29,113.77,112.34,112.81,52838191
2022-05-18T05:00:00Z,112.81,113.47,111.99,112.64,48236720
2022-05-18T06:00:00Z,112.64,113.75,112.00,113.11,52044946
2022-05-18T07:00:00Z,113.11,114.55,112.67,114.11,55693324
2022-05-18T08:00:00Z,114.11,115.73,113.51,115.14,59066034
2022-05-18T09:00:00Z,115.14,116.30,114.44,115.60,62054324
2022-05-18T10:00:00Z,115.60,116.17,114.57,115.14,64559699
2022-05-18T11:00:00Z,115.14,115.62,113.34,113.82,66496813
2022-05-18T12:00:00Z,113.82,114.47,111.48,112.14,67795992
2022-05-18T13:00:00Z,112.14,112.76,110.10,110.72,68405305
2022-05-18T14:00:00Z,110.72,111.15,109.58,110.01,68292128
2022-05-18T15:00:00Z,110.01,110.58,109.44,110.01,67444159
2022-05-18T16:00:00Z,110.01,111.00,109.35,110.34,65869848
2022-05-18T17:00:00Z,110.34,111.02,109.80,110.48,63598229
2022-05-18T18:00:00Z,110.48,110.95,109.66,110.13,60678169
2022-05-18T19:00:00Z,110.13,110.76,108.72,109.36,57419905
2022-05-18T20:00:00Z,109.36,109.97,108.03,108.64,54819882
2022-05-18T21:00:00Z,108.64,109.06,108.12,108.53,51813104
2022-05-18T22:00:00Z,108.53,109.92,107.96,109.35,48502662
2022-05-18T23:00:00Z,109.35,111.63,108.68,110.97,45000205
2022-05-19T00:00:00Z,110.97,113.40,110.42,112.85,45662944
2022-05-19T01:00:00Z,112.85,114.84,112.36,114.35,50487634
2022-05-19T02:00:00Z,114.35,115.69,113.68,115.02,55110587
2022-05-19T03:00:00Z,115.02,115.66,114.20,114.84,59413725
2022-05-19T04:00:00Z,114.84,115.27,113.80,114.23,63287606
2022-05-19T05:00:00Z,114.23,114.83,113.14,113.74,66634507
2022-05-19T06:00:00Z,113.74,114.42,113.05,113.73,69371163
2022-05-19T07:00:00Z,113.73,114.71,113.18,114.16,71431102
2022-05-19T08:00:00Z,114.16,115.11,113.66,114.61,72766495
2022-05-19T09:00:00Z,114.61,115.28,113.90,114.57,73349476
2022-05-19T10:00:00Z,114.57,115.20,113.09,113.73,73172895
2022-05-19T11:00:00Z,113.73,114.15,111.80,112.22,72250472
2022-05-19T12:00:00Z,112.22,112.81,109.98,110.56,70616365
2022-05-19T13:00:00Z,110.56,111.22,108.73,109.39,68324145
2022-05-19T14:00:00Z,109.39,109.91,108.58,109.10,65445226
2022-05-19T15:00:00Z,109.10,110.13,108.62,109.65,62066783
2022-05-19T16:00:00Z,109.65,111.25,109.00,110.60,58289224
2022-05-19T17:00:00Z,110.60,111.97,109.98,111.35,54223280
2022-05-19T18:00:00Z,111.35,111.93,110.94,111.51,49986820
2022-05-19T19:00:00Z,111.51,112.11,110.53,111.12,54151484
2022-05-19T20:00:00Z,111.12,111.78,109.93,110.59,58145983
2022-05-19T21:00:00Z,110.59,111.12,109.95,110.48,61852800
2022-05-19T22:00:00Z,110.48,111.60,109.99,111.11,65161548
2022-05-19T23:00:00Z,111.11,113.07,110.45,112.40,67972162
2022-05-20T00:00:00Z,112.40,114.53,111.77,113.90,70197801
2022-05-20T01:00:00Z,113.90,115.41,113.47,114.99,71767377
2022-05-20T02:00:00Z,114.99,115.94,114.37,115.33,72627635
2022-05-20T03:00:00Z,115.33,116.01,114.27,114.96,72744722
2022-05-20T04:00:00Z,114.96,115.50,113.80,114.34,72105209
2022-05-20T05:00:00Z,114.34,114.85,113.54,114.05,70716523
2022-05-20T06:00:00Z,114.05,115.11,113.37,114.43,68606791
2022-05-20T07:00:00Z,114.43,116.06,113.79,115.43,65824085
2022-05-20T08:00:00Z,115.43,116.98,115.00,116.56,62435105
2022-05-20T09:00:00Z,116.56,117.86,115.92,117.23,58523319
2022-05-20T10:00:00Z,117.23,117.93,116.37,117.07,54186639
2022-05-20T11:00:00Z,117.07,117.61,115.58,116.12,49534668
2022-05-20T12:00:00Z,116.12,116.64,114.33,114.85,44685628
2022-05-20T13:00:00Z,114.85,115.52,113.17,113.85,44003326
2022-05-20T14:00:00Z,113.85,114.47,112.88,113.50,47491103
2022-05-20T15:00:00Z,113.50,114.20,113.09,113.79,50791819
2022-05-20T16:00:00Z,113.79,114.92,113.17,114.30,54204864
2022-05-20T17:00:00Z,114.30,115.19,113.62,114.51,58202744
2022-05-20T18:00:00Z,114.51,115.04,113.57,114.10,61698549
2022-05-20T19:00:00Z,114.10,114.61,112.66,113.17,64608286
2022-05-20T20:00:00Z,113.17,113.84,111.56,112.22,66864633
2022-05-20T21:00:00Z,112.22,112.84,111.23,111.85,68418801
2022-05-20T22:00:00Z,111.85,112.80,111.45,112.40,69241853
2022-05-20T23:00:00Z,112.40,114.42,111.78,113.80,69325461
2022-05-21T00:00:00Z,113.80,116.24,113.12,115.55,68682072
2022-05-21T01:00:00Z,115.55,117.54,115.01,117.01,67344477
2022-05-21T02:00:00Z,117.01,118.27,116.47,117.73,65364795
2022-05-21T03:00:00Z,117.73,118.43,117.01,117.71,62812909
2022-05-21T04:00:00Z,117.71,118.35,116.68,117.32,59774392
2022-05-21T05:00:00Z,117.32,117.73,116.67,117.08,56347987
2022-05-21T06:00:00Z,117.08,117.96,116.44,117.32,52642706
2022-05-21T07:00:00Z,117.32,118.65,116.62,117.96,48774649
2022-05-21T08:00:00Z,117.96,119.07,117.41,118.53,53313654
2022-05-21T09:00:00Z,118.53,119.08,117.96,118.50,57686598
2022-05-21T10:00:00Z,118.50,119.20,116.86,117.55,61774110
2022-05-21T11:00:00Z,117.55,118.18,115.19,115.82,65463938
2022-05-21T12:00:00Z,115.82,116.23,113.43,113.84,68654151
2022-05-21T13:00:00Z,113.84,114.45,111.64,112.26,71256049
2022-05-21T14:00:00Z,112.26,112.92,110.87,111.53,73196700
2022-05-21T15:00:00Z,111.53,112.16,111.03,111.65,74421033
2022-05-21T16:00:00Z,111.65,112.74,111.13,112.21,74893410
2022-05-21T17:00:00Z,112.21,113.32,111.54,112.65,74598663
2022-05-21T18:00:00Z,112.65,113.26,112.00,112.60,73542531
2022-05-21T19:00:00Z,112.60,113.01,111.70,112.10,71751511
2022-05-21T20:00:00Z,112.10,112.72,110.94,111.56,69272114
2022-05-21T21:00:00Z,111.56,112.22,110.84,111.49,66169553
2022-05-21T22:00:00Z,111.49,112.72,110.99,112.22,62525897
2022-05-21T23:00:00Z,112.22,114.13,111.68,113.60,58437741
2022-05-22T00:00:00Z,113.60,115.81,112.91,115.13,54013473
2022-05-22T01:00:00Z,115.13,116.81,114.50,116.18,49370198
2022-05-22T02:00:00Z,116.18,116.79,115.76,116.37,48870715
2022-05-22T03:00:00Z,116.37,117.01,115.09,115.73,52517472
2022-05-22T04:00:00Z,115.73,116.41,114.06,114.73,55952550
2022-05-22T05:00:00Z,114.73,115.24,113.45,113.96,59063687
2022-05-22T06:00:00Z,113.96,114.49,113.25,113.79,61747284
2022-05-22T07:00:00Z,113.79,114.89,113.11,114.20,63911444
2022-05-22T08:00:00Z,114.20,115.38,113.59,114.76,65478698
2022-05-22T09:00:00Z,114.76,115.34,114.34,114.91,66388299
2022-05-22T10:00:00Z,114.91,115.55,113.67,114.31,66598054
2022-05-22T11:00:00Z,114.31,114.97,112.36,113.02,66085610
2022-05-22T12:00:00Z,113.02,113.51,111.03,111.52,64849182
2022-05-22T13:00:00Z,111.52,112.05,109.86,110.38,63486768
2022-05-22T14:00:00Z,110.38,111.04,109.32,109.98,62276197
2022-05-22T15:00:00Z,109.98,110.83,109.39,110.24,60448363
2022-05-22T16:00:00Z,110.24,111.15,109.83,110.74,58072406
2022-05-22T17:00:00Z,110.74,111.50,110.12,110.88,55233038
2022-05-22T18:00:00Z,110.88,111.53,109.69,110.34,52028023
2022-05-22T19:00:00Z,110.34,110.81,108.70,109.18,48565293
2022-05-22T20:00:00Z,109.18,109.70,107.36,107.88,44959758
2022-05-22T21:00:00Z,107.88,108.52,106.40,107.04,49779972
2022-05-22T22:00:00Z,107.04,107.61,106.48,107.05,54451430
2022-05-22T23:00:00Z,107.05,108.24,106.64,107.83,58853304
2022-05-23T00:00:00Z,107.83,109.55,107.22,108.94,62871799
2022-05-23T01:00:00Z,108.94,110.42,108.30,109.78,66403375
2022-05-23T02:00:00Z,109.78,110.41,109.30,109.94,69357661
2022-05-23T03:00:00Z,109.94,110.47,108.91,109.44,71659999
2022-05-23T04:00:00Z,109.44,110.09,108.03,108.68,73253544
2022-05-23T05:00:00Z,108.68,109.25,107.63,108.20,74100853
2022-05-23T06:00:00Z,108.20,108.70,107.78,108.29,74184919
2022-05-23T07:00:00Z,108.29,109.46,107.67,108.85,73509627
2022-05-23T08:00:00Z,108.85,110.05,108.21,109.41,72099607
2022-05-23T09:00:00Z,109.41,109.88,108.89,109.36,69999506
2022-05-23T10:00:00Z,109.36,109.89,107.84,108.37,67272679
2022-05-23T11:00:00Z,108.37,109.01,105.88,106.52,63999352
2022-05-23T12:00:00Z,106.52,107.06,103.77,104.32,60274309
2022-05-23T13:00:00Z,104.32,104.71,102.03,102.42,56204159
2022-05-23T14:00:00Z,102.42,103.00,100.70,101.27,51904272
2022-05-23T15:00:00Z,101.27,101.86,100.30,100.89,51735765
2022-05-23T16:00:00Z,100.89,101.32,100.46,100.89,55699465
2022-05-23T17:00:00Z,100.89,101.38,100.26,100.75,59435899
2022-05-23T18:00:00Z,100.75,101.35,99.55,100.15,62831333
2022-05-23T19:00:00Z,100.15,100.67,98.65,99.16,65780771
2022-05-23T20:00:00Z,99.16,99.54,97.84,98.22,68191018
2022-05-23T21:00:00Z,98.22,98.78,97.33,97.88,69983396
2022-05-23T22:00:00Z,97.88,99.02,97.31,98.45,71096057
2022-05-23T23:00:00Z,98.45,100.20,98.03,99.78,71485814
2022-05-24T00:00:00Z,99.78,101.85,99.28,101.35,71129432
2022-05-24T01:00:00Z,101.35,103.11,100.74,102.50,70024361
2022-05-24T02:00:00Z,102.50,103.32,101.97,102.79,68188870
2022-05-24T03:00:00Z,102.79,103.19,101.83,102.23,65661589
2022-05-24T04:00:00Z,102.23,102.80,100.66,101.24,62500463
2022-05-24T05:00:00Z,101.24,101.82,99.80,100.38,58781163
2022-05-24T06:00:00Z,100.38,100.80,99.62,100.04,54594979
2022-05-24T07:00:00Z,100.04,100.67,99.54,100.17,50046275
2022-05-24T08:00:00Z,100.17,100.97,99.57,100.37,45249562
2022-05-24T09:00:00Z,100.37,100.88,99.60,100.11,40326285
2022-05-24T10:00:00Z,100.11,100.51,98.70,99.09,44598590
2022-05-24T11:00:00Z,99.09,99.65,96.86,97.42,49400090
2022-05-24T12:00:00Z,97.42,97.97,95.04,95.59,53956745
2022-05-24T13:00:00Z,95.59,95.98,93.85,94.24,58154006
2022-05-24T14:00:00Z,94.24,94.71,93.26,93.73,61887456
2022-05-24T15:00:00Z,93.73,94.59,93.17,94.02,65065734
2022-05-24T16:00:00Z,94.02,95.13,93.54,94.65,67613086
2022-05-24T17:00:00Z,94.65,95.41,94.27,95.02,69471467
2022-05-24T18:00:00Z,95.02,95.57,94.21,94.76,70602137
2022-05-24T19:00:00Z,94.76,95.30,93.35,93.89,70986700
2022-05-24T20:00:00Z,93.89,94.27,92.48,92.86,70627570
2022-05-24T21:00:00Z,92.86,93.32,91.76,92.23,69547829
2022-05-24T22:00:00Z,92.23,92.90,91.67,92.35,67790505
2022-05-24T23:00:00Z,92.35,93.62,91.87,93.15,65417275
2022-05-25T00:00:00Z,93.15,94.56,92.77,94.18,62506633
2022-05-25T01:00:00Z,94.18,95.40,93.63,94.86,59151586
2022-05-25T02:00:00Z,94.86,95.40,94.26,94.81,55456930
2022-05-25T03:00:00Z,94.81,95.19,93.71,94.09,51536198
2022-05-25T04:00:00Z,94.09,94.57,92.68,93.16,51748649
2022-05-25T05:00:00Z,93.16,93.71,92.00,92.55,56093243
2022-05-25T06:00:00Z,92.55,93.10,92.09,92.63,60208644
2022-05-25T07:00:00Z,92.63,93.68,92.25,93.30,63979259
2022-05-25T08:00:00Z,93.30,94.63,92.76,94.09,67298255
2022-05-25T09:00:00Z,94.09,94.92,93.54,94.38,70070628
2022-05-25T10:00:00Z,94.38,94.76,93.44,93.81,72215925
2022-05-25T11:00:00Z,93.81,94.29,91.97,92.44,73670572
2022-05-25T12:00:00Z,92.44,92.99,90.19,90.73,74389703
2022-05-25T13:00:00Z,90.73,91.18,88.85,89.30,74348472
2022-05-25T14:00:00Z,89.30,89.67,88.18,88.55,73542786
2022-05-25T15:00:00Z,88.55,89.06,87.96,88.47,71989447
2022-05-25T16:00:00Z,88.47,89.18,87.96,88.67,69725701
2022-05-25T17:00:00Z,88.67,89.02,88.29,88.64,66808205
2022-05-25T18:00:00Z,88.64,89.09,87.60,88.06,63311436
2022-05-25T19:00:00Z,88.06,88.58,86.52,87.04,59325594
2022-05-25T20:00:00Z,87.04,87.47,85.63,86.06,54954061
2022-05-25T21:00:00Z,86.06,86.42,85.35,85.71,50310480
2022-05-25T22:00:00Z,85.71,86.83,85.21,86.33,45515547
2022-05-25T23:00:00Z,86.33,88.31,85.83,87.81,49143639
2022-05-26T00:00:00Z,87.81,90.00,87.46,89.65,52626095
2022-05-26T01:00:00Z,89.65,91.65,89.17,91.18,55847904
2022-05-26T02:00:00Z,91.18,92.51,90.63,91.96,58701057
2022-05-26T03:00:00Z,91.96,92.42,91.50,91.97,61087719
2022-05-26T04:00:00Z,91.97,92.36,91.21,91.60,62923126
2022-05-26T05:00:00Z,91.60,92.13,90.83,91.36,64138101
2022-05-26T06:00:00Z,91.36,92.12,90.84,91.60,64681127
2022-05-26T07:00:00Z,91.60,92.61,91.25,92.25,65435044
2022-05-26T08:00:00Z,92.25,93.35,91.77,92.87,65952656
2022-05-26T09:00:00Z,92.87,93.48,92.31,92.92,65751231
2022-05-26T10:00:00Z,92.92,93.37,91.65,92.11,64853080
2022-05-26T11:00:00Z,92.11,92.49,90.17,90.55,63300340
2022-05-26T12:00:00Z,90.55,91.07,88.27,88.79,61153687
2022-05-26T13:00:00Z,88.79,89.28,86.98,87.48,58490505
2022-05-26T14:00:00Z,87.48,87.81,86.70,87.04,55402590
2022-05-26T15:00:00Z,87.04,87.91,86.58,87.45,51993428
2022-05-26T16:00:00Z,87.45,88.83,86.92,88.30,48375154
2022-05-26T17:00:00Z,88.30,89.43,87.87,89.00,48905546
2022-05-26T18:00:00Z,89.00,89.55,88.61,89.17,53582007
2022-05-26T19:00:00Z,89.17,89.69,88.31,88.83,58041574
2022-05-26T20:00:00Z,88.83,89.33,87.91,88.41,62166969
2022-05-26T21:00:00Z,88.41,88.76,88.08,88.43,65849623
2022-05-26T22:00:00Z,88.43,89.66,87.96,89.19,68992748
2022-05-26T23:00:00Z,89.19,91.14,88.65,90.60,71514078
2022-05-27T00:00:00Z,90.60,92.59,90.15,92.15,73348194
2022-05-27T01:00:00Z,92.15,93.65,91.74,93.24,74448374
2022-05-27T02:00:00Z,93.24,94.04,92.69,93.50,74787905
2022-05-27T03:00:00Z,93.50,94.02,92.45,92.97,74360828
2022-05-27T04:00:00Z,92.97,93.32,91.79,92.13,73182091
2022-05-27T05:00:00Z,92.13,92.62,91.08,91.57,71287106
2022-05-27T06:00:00Z,91.57,92.20,91.02,91.65,68730724
2022-05-27T07:00:00Z,91.65,92.79,91.21,92.35,65585651
2022-05-27T08:00:00Z,92.35,93.62,91.94,93.22,61940366
2022-05-27T09:00:00Z,93.22,94.23,92.67,93.68,57896584
2022-05-27T10:00:00Z,93.68,94.20,92.86,93.38,53566341
2022-05-27T11:00:00Z,93.38,93.72,92.04,92.38,49068798
2022-05-27T12:00:00Z,92.38,92.86,90.65,91.14,52976878
2022-05-27T13:00:00Z,91.14,91.68,89.70,90.24,56720544
2022-05-27T14:00:00Z,90.24,90.66,89.62,90.05,60183511
2022-05-27T15:00:00Z,90.05,90.92,89.65,90.52,63256585
2022-05-27T16:00:00Z,90.52,91.77,89.98,91.23,65840855
2022-05-27T17:00:00Z,91.23,92.12,90.72,91.61,67850589
2022-05-27T18:00:00Z,91.61,91.95,91.01,91.34,69215757
2022-05-27T19:00:00Z,91.34,91.83,90.03,90.51,69884105
2022-05-27T20:00:00Z,90.51,91.05,89.07,89.61,69822720
2022-05-27T21:00:00Z,89.61,90.03,88.81,89.23,69019046
2022-05-27T22:00:00Z,89.23,90.15,88.83,89.75,67481316
2022-05-27T23:00:00Z,89.75,91.65,89.22,91.12,65238386
2022-05-28T00:00:00Z,91.12,93.36,90.60,92.84,62338980
2022-05-28T01:00:00Z,92.84,94.66,92.50,94.32,58850370
2022-05-28T02:00:00Z,94.32,95.63,93.81,95.12,54856512
2022-05-28T03:00:00Z,95.12,95.82,94.55,95.25,50455720
2022-05-28T04:00:00Z,95.25,95.70,94.66,95.10,46840990
2022-05-28T05:00:00Z,95.10,95.61,94.68,95.18,43358762
2022-05-28T06:00:00Z,95.18,96.36,94.61,95.80,44049771
2022-05-28T07:00:00Z,95.80,97.38,95.26,96.85,48910633
2022-05-28T08:00:00Z,96.85,98.21,96.50,97.86,53577481
2022-05-28T09:00:00Z,97.86,98.78,97.33,98.25,57932022
2022-05-28T10:00:00Z,98.25,98.83,97.09,97.68,61864565
2022-05-28T11:00:00Z,97.68,98.12,95.81,96.26,65277098
2022-05-28T12:00:00Z,96.26,96.69,94.08,94.51,68086035
2022-05-28T13:00:00Z,94.51,95.06,92.54,93.09,70224548
2022-05-28T14:00:00Z,93.09,93.60,91.94,92.45,71644426
2022-05-28T15:00:00Z,92.45,92.93,92.12,92.60,72317387
2022-05-28T16:00:00Z,92.60,93.65,92.09,93.15,72235842
2022-05-28T17:00:00Z,93.15,94.12,92.59,93.56,71413044
2022-05-28T18:00:00Z,93.56,93.99,93.06,93.49,69882664
2022-05-28T19:00:00Z,93.49,93.92,92.59,93.01,67697765
2022-05-28T20:00:00Z,93.01,93.56,91.99,92.54,64929235
2022-05-28T21:00:00Z,92.54,93.10,92.03,92.60,61663708
2022-05-28T22:00:00Z,92.60,93.83,92.27,93.50,58001039
2022-05-28T23:00:00Z,93.50,95.63,92.98,95.11,54051397
2022-05-29T00:00:00Z,95.11,97.47,94.53,96.89,49932080
2022-05-29T01:00:00Z,96.89,98.65,96.44,98.20,54214157
2022-05-29T02:00:00Z,98.20,99.08,97.75,98.63,58325760
2022-05-29T03:00:00Z,98.63,99.21,97.60,98.18,62148802
2022-05-29T04:00:00Z,98.18,98.71,96.78,97.31,65572324
2022-05-29T05:00:00Z,97.31,97.65,96.25,96.59,68495700
2022-05-29T06:00:00Z,96.59,97.12,95.89,96.42,70831538
2022-05-29T07:00:00Z,96.42,97.33,95.85,96.76,72508208
2022-05-29T08:00:00Z,96.76,97.64,96.32,97.20,73471931
2022-05-29T09:00:00Z,97.20,97.67,96.75,97.22,73688349
2022-05-29T10:00:00Z,97.22,97.79,95.91,96.49,73143544
2022-05-29T11:00:00Z,96.49,97.00,94.60,95.11,71844481
2022-05-29T12:00:00Z,95.11,95.45,93.25,93.58,69818846
2022-05-29T13:00:00Z,93.58,94.09,91.99,92.50,67114302
2022-05-29T14:00:00Z,92.50,93.04,91.69,92.23,63797163
2022-05-29T15:00:00Z,92.23,93.14,91.82,92.72,59950548
2022-05-29T16:00:00Z,92.72,93.95,92.29,93.52,55672047
2022-05-29T17:00:00Z,93.52,94.58,92.95,94.02,51070981
2022-05-29T18:00:00Z,94.02,94.52,93.35,93.86,46265320
2022-05-29T19:00:00Z,93.86,94.19,92.75,93.09,45618660
2022-05-29T20:00:00Z,93.09,93.60,91.65,92.16,49134167
2022-05-29T21:00:00Z,92.16,92.71,91.12,91.66,52454566
2022-05-29T22:00:00Z,91.66,92.36,91.25,91.95,55468159
2022-05-29T23:00:00Z,91.95,93.40,91.51,92.96,58071821
2022-05-30T00:00:00Z,92.96,94.82,92.40,94.25,60174050
2022-05-30T01:00:00Z,94.25,95.74,93.74,95.23,62948615
2022-05-30T02:00:00Z,95.23,95.88,94.88,95.53,65226164
2022-05-30T03:00:00Z,95.53,96.06,94.65,95.18,66809558
2022-05-30T04:00:00Z,95.18,95.73,94.05,94.60,67669719
2022-05-30T05:00:00Z,94.60,95.02,93.94,94.35,67798136
2022-05-30T06:00:00Z,94.35,95.20,93.90,94.75,67207038
2022-05-30T07:00:00Z,94.75,96.26,94.18,95.69,65928957
2022-05-30T08:00:00Z,95.69,97.21,95.18,96.69,64015723
2022-05-30T09:00:00Z,96.69,97.51,96.33,97.15,61536892
2022-05-30T10:00:00Z,97.15,97.69,96.15,96.68,58577681
2022-05-30T11:00:00Z,96.68,97.25,94.81,95.37,55236442
2022-05-30T12:00:00Z,95.37,95.78,93.27,93.68,51621773
2022-05-30T13:00:00Z,93.68,94.13,91.81,92.25,47849328
2022-05-30T14:00:00Z,92.25,92.80,90.95,91.50,52488478
2022-05-30T15:00:00Z,91.50,91.98,90.94,91.42,56965607
2022-05-30T16:00:00Z,91.42,91.99,91.08,91.65,61160837
2022-05-30T17:00:00Z,91.65,92.17,91.13,91.66,64961386
2022-05-30T18:00:00Z,91.66,92.19,90.61,91.14,68264781
2022-05-30T19:00:00Z,91.14,91.53,89.80,90.19,70981769
2022-05-30T20:00:00Z,90.19,90.62,88.85,89.29,73038853
2022-05-30T21:00:00Z,89.29,89.82,88.45,88.99,74380392
2022-05-30T22:00:00Z,88.99,90.10,88.51,89.63,74970175
2022-05-30T23:00:00Z,89.63,91.43,89.28,91.08,74792457
2022-05-31T00:00:00Z,91.08,93.36,90.56,92.84,73852405
2022-05-31T01:00:00Z,92.84,94.78,92.29,94.23,72175947
2022-05-31T02:00:00Z,94.23,95.21,93.82,94.80,69809034
2022-05-31T03:00:00Z,94.80,95.26,94.10,94.56,66816327
2022-05-31T04:00:00Z,94.56,95.12,93.33,93.89,63279356
2022-05-31T05:00:00Z,93.89,94.38,92.85,93.34,59294195
2022-05-31T06:00:00Z,93.34,93.70,92.90,93.26,54968728
2022-05-31T07:00:00Z,93.26,94.12,92.73,93.59,50419575
2022-05-31T08:00:00Z,93.59,94.48,93.04,93.93,50009074
2022-05-31T09:00:00Z,93.93,94.33,93.35,93.75,53739237
2022-05-31T10:00:00Z,93.75,94.20,92.28,92.74,57251736
2022-05-31T11:00:00Z,92.74,93.28,90.50,91.04,60433932
2022-05-31T12:00:00Z,91.04,91.51,88.72,89.19,63181876
2022-05-31T13:00:00Z,89.19,89.53,87.47,87.81,65403356
2022-05-31T14:00:00Z,87.81,88.30,86.83,87.32,67020623
2022-05-31T15:00:00Z,87.32,88.21,86.81,87.70,67972685
2022-05-31T16:00:00Z,87.70,88.87,87.33,88.50,68217139
2022-05-31T17:00:00Z,88.50,89.56,88.06,89.12,67731466
2022-05-31T18:00:00Z,89.12,89.73,88.59,89.20,66513746
2022-05-31T19:00:00Z,89.20,89.65,88.28,88.74,64582802
2022-05-31T20:00:00Z,88.74,89.09,87.83,88.17,61977730
2022-05-31T21:00:00Z,88.17,88.68,87.53,88.03,58776758
2022-05-31T22:00:00Z,88.03,89.16,87.52,88.64,56414854
2022-05-31T23:00:00Z,88.64,90.29,88.27,89.92,53597657
2022-06-01T00:00:00Z,89.92,91.82,89.46,91.37,50422824
2022-06-01T01:00:00Z,91.37,92.96,90.81,92.41,46998138
2022-06-01T02:00:00Z,92.41,93.14,91.93,92.67,43438323
2022-06-01T03:00:00Z,92.67,93.03,91.84,92.20,48311708
2022-06-01T04:00:00Z,92.20,92.73,90.95,91.47,53043531
2022-06-01T05:00:00Z,91.47,92.00,90.53,91.06,57512663
2022-06-01T06:00:00Z,91.06,91.71,90.68,91.33,61604984
2022-06-01T07:00:00Z,91.33,92.69,90.87,92.23,65216591
2022-06-01T08:00:00Z,92.23,93.84,91.67,93.28,68256721
2022-06-01T09:00:00Z,93.28,94.38,92.80,93.90,70650294
2022-06-01T10:00:00Z,93.90,94.28,93.35,93.73,72340021
2022-06-01T11:00:00Z,93.73,94.26,92.28,92.81,73287986
2022-06-01T12:00:00Z,92.81,93.34,91.07,91.60,73476689
2022-06-01T13:00:00Z,91.60,91.97,90.31,90.68,72909503
2022-06-01T14:00:00Z,90.68,91.14,89.99,90.44,71610529
2022-06-01T15:00:00Z,90.44,91.39,89.90,90.84,69623870
2022-06-01T16:00:00Z,90.84,91.94,90.38,91.47,67012323
2022-06-01T17:00:00Z,91.47,92.16,91.10,91.79,63855553
2022-06-01T18:00:00Z,91.79,92.31,90.95,91.47,60247771
2022-06-01T19:00:00Z,91.47,91.99,90.10,90.63,56295011
2022-06-01T20:00:00Z,90.63,90.99,89.38,89.74,52112069
2022-06-01T21:00:00Z,89.74,90.19,88.96,89.42,52059490
2022-06-01T22:00:00Z,89.42,90.56,88.88,90.02,56137532
2022-06-01T23:00:00Z,90.02,91.94,89.56,91.48,59986163
2022-06-02T00:00:00Z,91.48,93.69,91.10,93.31,63491098
2022-06-02T01:00:00Z,93.31,95.41,92.76,94.86,66546806
2022-06-02T02:00:00Z,94.86,96.27,94.31,95.72,69059570
2022-06-02T03:00:00Z,95.72,96.26,95.34,95.87,70950212
2022-06-02T04:00:00Z,95.87,96.36,95.21,95.70,72156402
2022-06-02T05:00:00Z,95.70,96.29,95.13,95.72,72634493
2022-06-02T06:00:00Z,95.72,96.72,95.24,96.24,72360819
2022-06-02T07:00:00Z,96.24,97.58,95.84,97.18,71332425
2022-06-02T08:00:00Z,97.18,98.63,96.61,98.07,69567205
2022-06-02T09:00:00Z,98.07,98.92,97.50,98.35,67103442
2022-06-02T10:00:00Z,98.35,98.74,97.33,97.72,63998773
2022-06-02T11:00:00Z,97.72,98.21,95.79,96.28,60328591
2022-06-02T12:00:00Z,96.28,96.85,94.01,94.58,56183946
2022-06-02T13:00:00Z,94.58,95.04,92.80,93.27,51668999
2022-06-02T14:00:00Z,93.27,93.65,92.41,92.80,46898093
2022-06-02T15:00:00Z,92.80,93.72,92.26,93.18,41992549
2022-06-02T16:00:00Z,93.18,94.53,92.64,94.00,45527287
2022-06-02T17:00:00Z,94.00,95.09,93.63,94.72,48934100
2022-06-02T18:00:00Z,94.72,95.46,94.23,94.97,52286396
2022-06-02T19:00:00Z,94.97,95.54,94.24,94.81,56498689
2022-06-02T20:00:00Z,94.81,95.28,94.17,94.64,60255279
2022-06-02T21:00:00Z,94.64,95.39,94.24,94.99,63464692
2022-06-02T22:00:00Z,94.99,96.72,94.43,96.16,66051021
2022-06-02T23:00:00Z,96.16,98.57,95.60,98.02,67956029
2022-06-03T00:00:00Z,98.02,100.43,97.63,100.04,69140749
2022-06-03T01:00:00Z,100.04,102.12,99.51,101.60,69586521
2022-06-03T02:00:00Z,101.60,102.90,100.98,102.28,69295456
2022-06-03T03:00:00Z,102.28,102.79,101.64,102.14,68290306
2022-06-03T04:00:00Z,102.14,102.57,101.18,101.61,66613732
2022-06-03T05:00:00Z,101.61,102.20,100.70,101.29,64327016
2022-06-03T06:00:00Z,101.29,102.13,100.71,101.56,61508228
2022-06-03T07:00:00Z,101.56,102.78,101.17,102.39,58249925
2022-06-03T08:00:00Z,102.39,103.90,101.85,103.36,54656430
2022-06-03T09:00:00Z,103.36,104.55,102.74,103.93,50840779
2022-06-03T10:00:00Z,103.93,104.43,103.25,103.75,51161718
2022-06-03T11:00:00Z,103.75,104.19,102.48,102.92,55617675
2022-06-03T12:00:00Z,102.92,103.51,101.30,101.89,59846767
2022-06-03T13:00:00Z,101.89,102.46,100.69,101.26,63732846
2022-06-03T14:00:00Z,101.26,101.78,100.88,101.40,67168514
2022-06-03T15:00:00Z,101.40,102.77,100.86,102.23,70058193
2022-06-03T16:00:00Z,102.23,103.93,101.61,103.32,72320858
2022-06-03T17:00:00Z,103.32,104.57,102.81,104.07,73892357
2022-06-03T18:00:00Z,104.07,104.57,103.62,104.12,74727256
2022-06-03T19:00:00Z,104.12,104.73,102.95,103.56,74800139
2022-06-03T20:00:00Z,103.56,104.14,102.27,102.84,74106354
2022-06-03T21:00:00Z,102.84,103.23,102.18,102.56,72662156
2022-06-03T22:00:00Z,102.56,103.64,102.02,103.10,70504257
2022-06-03T23:00:00Z,103.10,105.01,102.47,104.39,67688794
2022-06-04T00:00:00Z,104.39,106.49,103.88,105.98,64289745
2022-06-04T01:00:00Z,105.98,107.76,105.51,107.29,60396831
2022-06-04T02:00:00Z,107.29,108.55,106.65,107.91,56112979
2022-06-04T03:00:00Z,107.91,108.52,107.28,107.89,51551403
2022-06-04T04:00:00Z,107.89,108.29,107.22,107.62,46832397
2022-06-04T05:00:00Z,107.62,108.21,107.05,107.64,50529966
2022-06-04T06:00:00Z,107.64,108.91,106.99,108.26,54075108
2022-06-04T07:00:00Z,108.26,109.90,107.74,109.38,57352507
2022-06-04T08:00:00Z,109.38,111.00,108.90,110.52,60253879
2022-06-04T09:00:00Z,110.52,111.72,109.86,111.06,62681155
2022-06-04T10:00:00Z,111.06,111.68,110.05,110.67,64549371
2022-06-04T11:00:00Z,110.67,111.07,109.00,109.41,65789191
2022-06-04T12:00:00Z,109.41,109.98,107.21,107.78,66348973
2022-06-04T13:00:00Z,107.78,108.42,105.80,106.44,66196338
2022-06-04T14:00:00Z,106.44,106.94,105.31,105.81,65319176
2022-06-04T15:00:00Z,105.81,106.39,105.34,105.91,64082256
2022-06-04T16:00:00Z,105.91,107.00,105.29,106.37,63200115
2022-06-04T17:00:00Z,106.37,107.25,105.78,106.66,61671483
2022-06-04T18:00:00Z,106.66,107.04,106.07,106.46,59556915
2022-06-04T19:00:00Z,106.46,107.03,105.30,105.86,56933640
2022-06-04T20:00:00Z,105.86,106.49,104.69,105.32,53893256
2022-06-04T21:00:00Z,105.32,105.87,104.82,105.38,50539019
2022-06-04T22:00:00Z,105.38,106.83,104.90,106.35,46982793
2022-06-04T23:00:00Z,106.35,108.75,105.71,108.12,47582053
2022-06-05T00:00:00Z,108.12,110.74,107.51,110.13,52333864
2022-06-05T01:00:00Z,110.13,112.14,109.73,111.74,56874895
2022-06-05T02:00:00Z,111.74,113.11,111.13,112.50,61087469
2022-06-05T03:00:00Z,112.50,113.17,111.73,112.40,64862589
2022-06-05T04:00:00Z,112.40,112.92,111.35,111.87,68103014
2022-06-05T05:00:00Z,111.87,112.37,110.94,111.44,70726002
2022-06-05T06:00:00Z,111.44,112.16,110.78,111.50,72665636
2022-06-05T07:00:00Z,111.50,112.61,110.88,111.99,73874677
2022-06-05T08:00:00Z,111.99,112.92,111.59,112.52,74325879
2022-06-05T09:00:00Z,112.52,113.16,111.91,112.54,74012736
2022-06-05T10:00:00Z,112.54,113.21,111.11,111.77,72949639
2022-06-05T11:00:00Z,111.77,112.28,109.82,110.33,71171432
2022-06-05T12:00:00Z,110.33,110.82,108.22,108.71,68732393
2022-06-05T13:00:00Z,108.71,109.35,106.92,107.56,65704656
2022-06-05T14:00:00Z,107.56,108.14,106.67,107.26,62176125
2022-06-05T15:00:00Z,107.26,108.14,106.88,107.76,58247941
2022-06-05T16:00:00Z,107.76,109.21,107.17,108.62,54031575
2022-06-05T17:00:00Z,108.62,109.88,107.97,109.24,49645632
2022-06-05T18:00:00Z,109.24,109.74,108.72,109.22,53662484
2022-06-05T19:00:00Z,109.22,109.72,108.11,108.61,57511566
2022-06-05T20:00:00Z,108.61,109.25,107.19,107.83,61076074
2022-06-05T21:00:00Z,107.83,108.42,106.85,107.43,64246317
2022-06-05T22:00:00Z,107.43,108.15,107.05,107.77,66922908
2022-06-05T23:00:00Z,107.77,109.34,107.17,108.75,69019664
2022-06-06T00:00:00Z,108.75,110.57,108.10,109.92,70466128
2022-06-06T01:00:00Z,109.92,111.20,109.42,110.69,71209647
2022-06-06T02:00:00Z,110.69,111.22,110.18,110.71,71216940
2022-06-06T03:00:00Z,110.71,111.36,109.36,110.02,70475116
2022-06-06T04:00:00Z,110.02,110.61,108.49,109.08,68992104
2022-06-06T05:00:00Z,109.08,109.47,108.07,108.46,66796492
2022-06-06T06:00:00Z,108.46,109.11,107.86,108.51,63936773
2022-06-06T07:00:00Z,108.51,109.81,107.87,109.16,60480023
2022-06-06T08:00:00Z,109.16,110.43,108.67,109.94,56510044
2022-06-06T09:00:00Z,109.94,110.75,109.42,110.24,52125031
2022-06-06T10:00:00Z,110.24,110.89,109.03,109.69,47434826
2022-06-06T11:00:00Z,109.69,110.27,107.76,108.35,42557837
2022-06-06T12:00:00Z,108.35,108.73,106.29,106.67,42382289
2022-06-06T13:00:00Z,106.67,107.26,104.69,105.27,47260138
2022-06-06T14:00:00Z,105.27,105.89,103.92,104.54,51952058
2022-06-06T15:00:00Z,104.54,105.00,103.99,104.45,56339634
2022-06-06T16:00:00Z,104.45,105.11,103.96,104.62,60313010
2022-06-06T17:00:00Z,104.62,105.24,103.89,104.51,63773976
2022-06-06T18:00:00Z,104.51,105.07,103.27,103.82,66638707
2022-06-06T19:00:00Z,103.82,104.20,102.28,102.66,68840105
2022-06-06T20:00:00Z,102.66,103.22,100.94,101.50,70329647
2022-06-06T21:00:00Z,101.50,102.10,100.36,100.95,71078714
2022-06-06T22:00:00Z,100.95,101.80,100.50,101.35,71079340
2022-06-06T23:00:00Z,101.35,103.11,100.87,102.62,70344379
2022-06-07T00:00:00Z,102.62,104.87,102.00,104.25,68907070
2022-06-07T01:00:00Z,104.25,106.14,103.68,105.58,66820019
2022-06-07T02:00:00Z,105.58,106.58,105.19,106.18,64153638
2022-06-07T03:00:00Z,106.18,106.78,105.45,106.04,60994058
2022-06-07T04:00:00Z,106.04,106.66,104.90,105.52,57440616
2022-06-07T05:00:00Z,105.52,105.98,104.69,105.15,53602947
2022-06-07T06:00:00Z,105.15,105.77,104.65,105.26,49597798
2022-06-07T07:00:00Z,105.26,106.40,104.63,105.77,53995681
2022-06-07T08:00:00Z,105.77,106.79,105.21,106.23,58224161
2022-06-07T09:00:00Z,106.23,106.63,105.70,106.10,62164576
2022-06-07T10:00:00Z,106.10,106.69,104.47,105.06,65705395
2022-06-07T11:00:00Z,105.06,105.67,102.65,103.26,68745415
2022-06-07T12:00:00Z,103.26,103.70,100.78,101.22,71196674
2022-06-07T13:00:00Z,101.22,101.70,99.12,99.60,72986978
2022-06-07T14:00:00Z,99.60,100.19,98.25,98.84,74061989
2022-06-07T15:00:00Z,98.84,99.45,98.32,98.93,74386804
2022-06-07T16:00:00Z,98.93,99.83,98.55,99.45,73946976
2022-06-07T17:00:00Z,99.45,100.40,98.89,99.84,72748955
2022-06-07T18:00:00Z,99.84,100.42,99.13,99.72,70819932
2022-06-07T19:00:00Z,99.72,100.14,98.69,99.12,68207096
2022-06-07T20:00:00Z,99.12,99.60,97.98,98.46,64976313
2022-06-07T21:00:00Z,98.46,99.05,97.67,98.26,61210278
2022-06-07T22:00:00Z,98.26,99.34,97.74,98.82,57006188
2022-06-07T23:00:00Z,98.82,100.42,98.44,100.03,52472997
2022-06-08T00:00:00Z,100.03,101.96,99.46,101.39,47728345
2022-06-08T01:00:00Z,101.39,102.88,100.79,102.28,47135527
2022-06-08T02:00:00Z,102.28,102.75,101.84,102.31,50697447
2022-06-08T03:00:00Z,102.31,102.81,101.04,101.54,54056602
2022-06-08T04:00:00Z,101.54,102.14,99.82,100.43,57101104
2022-06-08T05:00:00Z,100.43,100.94,99.04,99.56,59727678
2022-06-08T06:00:00Z,99.56,99.95,98.95,99.34,61844707
2022-06-08T07:00:00Z,99.34,100.27,98.77,99.71,63374952
2022-06-08T08:00:00Z,99.71,100.83,99.12,100.25,64257850
2022-06-08T09:00:00Z,100.25,100.82,99.83,100.40,65143686
2022-06-08T10:00:00Z,100.40,100.89,99.31,99.81,66021810
2022-06-08T11:00:00Z,99.81,100.40,97.95,98.54,66176264
2022-06-08T12:00:00Z,98.54,99.04,96.56,97.06,65619145
2022-06-08T13:00:00Z,97.06,97.44,95.59,95.96,64382822
2022-06-08T14:00:00Z,95.96,96.50,95.05,95.60,62518918
2022-06-08T15:00:00Z,95.60,96.48,95.04,95.92,60096749
2022-06-08T16:00:00Z,95.92,96.89,95.52,96.49,57201253
2022-06-08T17:00:00Z,96.49,97.22,96.01,96.74,53930471
2022-06-08T18:00:00Z,96.74,97.32,95.75,96.33,50392656
2022-06-08T19:00:00Z,96.33,96.82,94.85,95.34,46703085
2022-06-08T20:00:00Z,95.34,95.71,93.89,94.26,51430723
2022-06-08T21:00:00Z,94.26,94.80,93.15,93.69,56001522
2022-06-08T22:00:00Z,93.69,94.54,93.14,94.00,60295142
2022-06-08T23:00:00Z,94.00,95.53,93.60,95.13,64198323
2022-06-09T00:00:00Z,95.13,97.11,94.65,96.63,67608087
2022-06-09T01:00:00Z,96.63,98.46,96.04,97.87,70434660
2022-06-09T02:00:00Z,97.87,98.96,97.37,98.46,72604010
2022-06-09T03:00:00Z,98.46,98.85,98.01,98.40,74059944
2022-06-09T04:00:00Z,98.40,98.96,97.53,98.09,74765691
2022-06-09T05:00:00Z,98.09,98.66,97.48,98.04,74704940
2022-06-09T06:00:00Z,98.04,98.97,97.64,98.57,73882282
2022-06-09T07:00:00Z,98.57,100.06,98.07,99.56,72323073
2022-06-09T08:00:00Z,99.56,101.13,98.95,100.53,70072687
2022-06-09T09:00:00Z,100.53,101.41,100.01,100.89,67195217
2022-06-09T10:00:00Z,100.89,101.30,99.90,100.31,63771627
2022-06-09T11:00:00Z,100.31,100.88,98.30,98.87,59897435
2022-06-09T12:00:00Z,98.87,99.43,96.53,97.09,55679983
2022-06-09T13:00:00Z,97.09,97.48,95.23,95.62,51235361
2022-06-09T14:00:00Z,95.62,96.10,94.42,94.90,50925395
2022-06-09T15:00:00Z,94.90,95.53,94.33,94.96,54751606
2022-06-09T16:00:00Z,94.96,95.89,94.48,95.41,58355193
2022-06-09T17:00:00Z,95.41,96.10,95.02,95.71,61623074
2022-06-09T18:00:00Z,95.71,96.26,94.99,95.54,64450877
2022-06-09T19:00:00Z,95.54,96.09,94.43,94.97,66746001
2022-06-09T20:00:00Z,94.97,95.35,94.05,94.43,68430335
2022-06-09T21:00:00Z,94.43,94.94,93.95,94.46,69442560
2022-06-09T22:00:00Z,94.46,95.94,93.89,95.37,69739978
2022-06-09T23:00:00Z,95.37,97.49,94.88,97.01,69299809
2022-06-10T00:00:00Z,97.01,99.26,96.60,98.85,68119913
2022-06-10T01:00:00Z,98.85,100.83,98.27,100.25,66218925
2022-06-10T02:00:00Z,100.25,101.35,99.68,100.77,63635794
2022-06-10T03:00:00Z,100.77,101.17,100.04,100.44,60428742
2022-06-10T04:00:00Z,100.44,100.95,99.15,99.66,56673663
2022-06-10T05:00:00Z,99.66,100.26,98.43,99.03,52462022
2022-06-10T06:00:00Z,99.03,99.52,98.42,98.91,48758679
2022-06-10T07:00:00Z,98.91,99.70,98.50,99.29,45352933
2022-06-10T08:00:00Z,99.29,100.33,98.71,99.75,41820115
2022-06-10T09:00:00Z,99.75,100.34,99.19,99.77,46728424
2022-06-10T10:00:00Z,99.77,100.16,98.65,99.04,51502924
2022-06-10T11:00:00Z,99.04,99.54,97.16,97.67,56022281
2022-06-10T12:00:00Z,97.67,98.24,95.57,96.15,60172126
2022-06-10T13:00:00Z,96.15,96.62,94.62,95.09,63848276
2022-06-10T14:00:00Z,95.09,95.49,94.48,94.88,66959649
2022-06-10T15:00:00Z,94.88,96.01,94.32,95.46,69430820
2022-06-10T16:00:00Z,95.46,96.91,94.91,96.36,71204117
2022-06-10T17:00:00Z,96.36,97.38,95.98,97.00,72241216
2022-06-10T18:00:00Z,97.00,97.51,96.50,97.00,72524181
2022-06-10T19:00:00Z,97.00,97.58,95.82,96.40,72055921
2022-06-10T20:00:00Z,96.40,96.87,95.16,95.63,70860054
2022-06-10T21:00:00Z,95.63,96.04,94.88,95.28,68980178
2022-06-10T22:00:00Z,95.28,96.26,94.72,95.70,66478567
2022-06-10T23:00:00Z,95.70,97.37,95.15,96.82,63434347
2022-06-11T00:00:00Z,96.82,98.56,96.44,98.18,59941178
2022-06-11T01:00:00Z,98.18,99.73,97.67,99.21,56104534
2022-06-11T02:00:00Z,99.21,100.13,98.62,99.54,52038640
2022-06-11T03:00:00Z,99.54,100.02,98.71,99.20,52103469
2022-06-11T04:00:00Z,99.20,99.62,98.21,98.63,56298703
2022-06-11T05:00:00Z,98.63,99.21,97.82,98.40,60263736
2022-06-11T06:00:00Z,98.40,99.38,97.84,98.82,63883715
2022-06-11T07:00:00Z,98.82,100.19,98.44,99.81,67052543
2022-06-11T08:00:00Z,99.81,101.41,99.28,100.88,69675950
2022-06-11T09:00:00Z,100.88,102.04,100.27,101.43,71674216
2022-06-11T10:00:00Z,101.43,101.92,100.59,101.08,72984484
2022-06-11T11:00:00Z,101.08,101.51,99.46,99.89,73562597
2022-06-11T12:00:00Z,99.89,100.46,97.75,98.33,73384399
2022-06-11T13:00:00Z,98.33,98.87,96.47,97.01,72446468
2022-06-11T14:00:00Z,97.01,97.37,95.99,96.35,70766253
2022-06-11T15:00:00Z,96.35,96.86,95.84,96.35,68381624
2022-06-11T16:00:00Z,96.35,97.19,95.77,96.61,65349828
2022-06-11T17:00:00Z,96.61,97.09,96.15,96.63,61745900
2022-06-11T18:00:00Z,96.63,97.05,95.66,96.08,57660569
2022-06-11T19:00:00Z,96.08,96.64,94.52,95.08,53197702
2022-06-11T20:00:00Z,95.08,95.61,93.57,94.10,48471390
2022-06-11T21:00:00Z,94.10,94.45,93.36,93.71,43602733
2022-06-11T22:00:00Z,93.71,94.77,93.21,94.27,47166470
2022-06-11T23:00:00Z,94.27,96.22,93.70,95.65,50594255
2022-06-12T00:00:00Z,95.65,97.81,95.19,97.35,53771346
2022-06-12T01:00:00Z,97.35,99.13,96.91,98.69,56589951
2022-06-12T02:00:00Z,98.69,99.83,98.11,99.25,58952405
2022-06-12T03:00:00Z,99.25,99.80,98.44,98.99,61802393
2022-06-12T04:00:00Z,98.99,99.36,97.96,98.32,64408634
2022-06-12T05:00:00Z,98.32,98.84,97.24,97.76,66341600
2022-06-12T06:00:00Z,97.76,98.34,97.08,97.66,67562184
2022-06-12T07:00:00Z,97.66,98.42,97.20,97.96,68051552
2022-06-12T08:00:00Z,97.96,98.66,97.52,98.22,67811603
2022-06-12T09:00:00Z,98.22,98.80,97.35,97.93,66864835
2022-06-12T10:00:00Z,97.93,98.47,96.24,96.78,65253626
2022-06-12T11:00:00Z,96.78,97.12,94.55,94.90,63038936
2022-06-12T12:00:00Z,94.90,95.40,92.33,92.83,60298483
2022-06-12T13:00:00Z,92.83,93.38,90.68,91.22,57124441
2022-06-12T14:00:00Z,91.22,91.65,90.06,90.49,53620720
2022-06-12T15:00:00Z,90.49,91.02,90.08,90.62,49899915
2022-06-12T16:00:00Z,90.62,91.71,90.08,91.17,50320309
2022-06-12T17:00:00Z,91.17,92.07,90.67,91.57,54879841
2022-06-12T18:00:00Z,91.57,91.90,91.10,91.43,59216123
2022-06-12T19:00:00Z,91.43,91.92,90.29,90.78,63212480
2022-06-12T20:00:00Z,90.78,91.31,89.49,90.02,66760976
2022-06-12T21:00:00Z,90.02,90.44,89.28,89.70,69765478
2022-06-12T22:00:00Z,89.70,90.54,89.30,90.13,72144400
2022-06-12T23:00:00Z,90.13,91.74,89.59,91.20,73833022
2022-06-13T00:00:00Z,91.20,92.94,90.69,92.43,74785332
2022-06-13T01:00:00Z,92.43,93.55,92.10,93.22,74975343
2022-06-13T02:00:00Z,93.22,93.73,92.68,93.19,74397828
2022-06-13T03:00:00Z,93.19,93.74,91.85,92.39,73068472
2022-06-13T04:00:00Z,92.39,92.82,90.88,91.30,71023424
2022-06-13T05:00:00Z,91.30,91.71,90.08,90.50,68318270
2022-06-13T06:00:00Z,90.50,91.03,89.82,90.35,65026446
2022-06-13T07:00:00Z,90.35,91.32,89.86,90.82,61237150
2022-06-13T08:00:00Z,90.82,91.77,90.50,91.44,57052800
2022-06-13T09:00:00Z,91.44,92.15,90.94,91.65,52586122
2022-06-13T10:00:00Z,91.65,92.19,90.53,91.07,47956946
2022-06-13T11:00:00Z,91.07,91.48,89.35,89.76,51738837
2022-06-13T12:00:00Z,89.76,90.17,87.78,88.18,55362380
2022-06-13T13:00:00Z,88.18,88.70,86.39,86.91,58711875
2022-06-13T14:00:00Z,86.91,87.38,85.85,86.32,61678685
2022-06-13T15:00:00Z,86.32,86.68,86.02,86.38,64164420
2022-06-13T16:00:00Z,86.38,87.12,85.91,86.65,66083831
2022-06-13T17:00:00Z,86.65,87.16,86.07,86.58,67367329
2022-06-13T18:00:00Z,86.58,86.98,85.47,85.86,67963060
2022-06-13T19:00:00Z,85.86,86.25,84.19,84.58,67838467
2022-06-13T20:00:00Z,84.58,85.07,82.72,83.22,66981305
2022-06-13T21:00:00Z,83.22,83.67,81.95,82.39,65400067
2022-06-13T22:00:00Z,82.39,82.76,82.10,82.47,63123823
2022-06-13T23:00:00Z,82.47,83.84,82.01,83.39,60201461
2022-06-14T00:00:00Z,83.39,85.16,82.88,84.66,57896579
2022-06-14T01:00:00Z,84.66,86.06,84.27,85.67,55294188
2022-06-14T02:00:00Z,85.67,86.40,85.27,86.00,52282719
2022-06-14T03:00:00Z,86.00,86.51,85.13,85.64,48965286
2022-06-14T04:00:00Z,85.64,86.10,84.53,84.99,45453571
2022-06-14T05:00:00Z,84.99,85.29,84.24,84.54,46104833
2022-06-14T06:00:00Z,84.54,85.09,84.07,84.62,50915881
2022-06-14T07:00:00Z,84.62,85.64,84.12,85.14,55523094
2022-06-14T08:00:00Z,85.14,85.99,84.75,85.61,59808471
2022-06-14T09:00:00Z,85.61,86.01,85.07,85.47,63662659
2022-06-14T10:00:00Z,85.47,85.97,83.89,84.40,66988029
2022-06-14T11:00:00Z,84.40,84.84,82.06,82.50,69701424
2022-06-14T12:00:00Z,82.50,82.80,80.02,80.32,71736483
2022-06-14T13:00:00Z,80.32,80.75,78.06,78.50,73045500
2022-06-14T14:00:00Z,78.50,78.95,77.04,77.49,73600739
2022-06-14T15:00:00Z,77.49,77.84,76.98,77.32,73395185
2022-06-14T16:00:00Z,77.32,77.95,76.95,77.59,72442700
2022-06-14T17:00:00Z,77.59,78.21,77.12,77.75,70777590
2022-06-14T18:00:00Z,77.75,78.16,77.05,77.46,68453577
2022-06-14T19:00:00Z,77.46,77.74,76.49,76.77,65542231
2022-06-14T20:00:00Z,76.77,77.20,75.69,76.11,62130887
2022-06-14T21:00:00Z,76.11,76.56,75.55,76.00,58320111
2022-06-14T22:00:00Z,76.00,77.07,75.66,76.73,54220801
2022-06-14T23:00:00Z,76.73,78.56,76.36,78.19,49950985
2022-06-15T00:00:00Z,78.19,80.30,77.71,79.83,54082470
2022-06-15T01:00:00Z,79.83,81.45,79.40,81.02,58044128
2022-06-15T02:00:00Z,81.02,81.64,80.71,81.34,61718602
2022-06-15T03:00:00Z,81.34,81.79,80.36,80.82,64995665
2022-06-15T04:00:00Z,80.82,81.29,79.43,79.90,67775406
2022-06-15T05:00:00Z,79.90,80.25,78.83,79.17,69971135
2022-06-15T06:00:00Z,79.17,79.55,78.64,79.02,71511913
2022-06-15T07:00:00Z,79.02,79.88,78.54,79.41,72344623
2022-06-15T08:00:00Z,79.41,80.35,78.98,79.93,72435549
2022-06-15T09:00:00Z,79.93,80.34,79.62,80.04,71771388
2022-06-15T10:00:00Z,80.04,80.49,78.97,79.42,70359690
2022-06-15T11:00:00Z,79.42,79.88,77.70,78.16,68228694
2022-06-15T12:00:00Z,78.16,78.49,76.40,76.73,65426576
2022-06-15T13:00:00Z,76.73,77.10,75.37,75.74,62020130
2022-06-15T14:00:00Z,75.74,76.19,75.10,75.55,58092912
2022-06-15T15:00:00Z,75.55,76.49,75.15,76.10,53742907
2022-06-15T16:00:00Z,76.10,77.22,75.80,76.92,49079785
2022-06-15T17:00:00Z,76.92,77.88,76.49,77.45,44221822
2022-06-15T18:00:00Z,77.45,77.90,76.85,77.30,43532867
2022-06-15T19:00:00Z,77.30,77.62,76.21,76.53,47016297
2022-06-15T20:00:00Z,76.53,76.90,75.25,75.61,50314992
2022-06-15T21:00:00Z,75.61,76.06,74.67,75.12,54681378
2022-06-15T22:00:00Z,75.12,75.83,74.73,75.44,58676609
2022-06-15T23:00:00Z,75.44,76.79,75.14,76.49,62167446
2022-06-16T00:00:00Z,76.49,78.28,76.05,77.84,65069917
2022-06-16T01:00:00Z,77.84,79.35,77.38,78.89,67316738
2022-06-16T02:00:00Z,78.89,79.60,78.55,79.26,68859165
2022-06-16T03:00:00Z,79.26,79.65,78.61,79.00,69668318
2022-06-16T04:00:00Z,79.00,79.47,78.05,78.52,69735940
2022-06-16T05:00:00Z,78.52,78.93,77.95,78.36,69074554
2022-06-16T06:00:00Z,78.36,79.14,78.05,78.84,67717040
2022-06-16T07:00:00Z,78.84,80.31,78.38,79.86,65715613
2022-06-16T08:00:00Z,79.86,81.40,79.39,80.93,63140264
2022-06-16T09:00:00Z,80.93,81.79,80.59,81.45,60076681
2022-06-16T10:00:00Z,81.45,81.85,80.66,81.06,56623729
2022-06-16T11:00:00Z,81.06,81.54,79.35,79.82,52890551
2022-06-16T12:00:00Z,79.82,80.23,77.83,78.24,48993382
2022-06-16T13:00:00Z,78.24,78.54,76.63,76.93,53502206
2022-06-16T14:00:00Z,76.93,77.36,75.90,76.33,57844043
2022-06-16T15:00:00Z,76.33,76.89,75.89,76.45,61899678
2022-06-16T16:00:00Z,76.45,77.23,76.13,76.91,65557014
2022-06-16T17:00:00Z,76.91,77.57,76.52,77.19,68714278
2022-06-16T18:00:00Z,77.19,77.65,76.52,76.98,71282933
2022-06-16T19:00:00Z,76.98,77.37,75.98,76.37,73190211
2022-06-16T20:00:00Z,76.37,76.67,75.53,75.83,74381200
2022-06-16T21:00:00Z,75.83,76.35,75.39,75.91,74820431
2022-06-16T22:00:00Z,75.91,77.39,75.47,76.94,74492894
2022-06-16T23:00:00Z,76.94,79.12,76.62,78.80,73404489
2022-06-17T00:00:00Z,78.80,81.36,78.39,80.95,71581873
2022-06-17T01:00:00Z,80.95,83.23,80.45,82.73,69071711
2022-06-17T02:00:00Z,82.73,84.12,82.30,83.69,65939367
2022-06-17T03:00:00Z,83.69,84.17,83.36,83.83,62267055
2022-06-17T04:00:00Z,83.83,84.31,83.06,83.54,58151511
2022-06-17T05:00:00Z,83.54,84.02,82.90,83.38,53701256
2022-06-17T06:00:00Z,83.38,84.03,83.03,83.68,49033525
2022-06-17T07:00:00Z,83.68,84.85,83.26,84.42,48511234
2022-06-17T08:00:00Z,84.42,85.68,83.91,85.17,52136944
2022-06-17T09:00:00Z,85.17,85.84,84.74,85.41,55552838
2022-06-17T10:00:00Z,85.41,85.76,84.49,84.83,58646750
2022-06-17T11:00:00Z,84.83,85.31,83.09,83.57,61315163
2022-06-17T12:00:00Z,83.57,84.04,81.67,82.14,63466257
2022-06-17T13:00:00Z,82.14,82.47,80.85,81.18,65022624
2022-06-17T14:00:00Z,81.18,81.59,80.68,81.09,65923573
2022-06-17T15:00:00Z,81.09,82.32,80.60,81.83,66126951
2022-06-17T16:00:00Z,81.83,83.37,81.41,82.96,65610438
2022-06-17T17:00:00Z,82.96,84.22,82.61,83.87,64505492
2022-06-17T18:00:00Z,83.87,84.68,83.39,84.20,63963086
2022-06-17T19:00:00Z,84.20,84.68,83.47,83.95,62749588
2022-06-17T20:00:00Z,83.95,84.29,83.22,83.56,60916508
2022-06-17T21:00:00Z,83.56,83.99,83.13,83.56,58533012
2022-06-17T22:00:00Z,83.56,84.79,83.05,84.29,55683848
2022-06-17T23:00:00Z,84.29,86.09,83.86,85.66,52466830
2022-06-18T00:00:00Z,85.66,87.56,85.30,87.20,48989948
2022-06-18T01:00:00Z,87.20,88.84,86.69,88.33,45368180
2022-06-18T02:00:00Z,88.33,89.18,87.82,88.67,50170161
2022-06-18T03:00:00Z,88.67,89.02,87.94,88.29,54821475
2022-06-18T04:00:00Z,88.29,88.74,87.19,87.64,59201392
2022-06-18T05:00:00Z,87.64,88.16,86.78,87.30,63196226
2022-06-18T06:00:00Z,87.30,88.08,86.87,87.64,66702552
2022-06-18T07:00:00Z,87.64,88.96,87.27,88.59,69630121
2022-06-18T08:00:00Z,88.59,90.20,88.07,89.68,71904409
2022-06-18T09:00:00Z,89.68,90.84,89.17,90.33,73468707
2022-06-18T10:00:00Z,90.33,90.68,89.79,90.15,74285714
2022-06-18T11:00:00Z,90.15,90.61,88.74,89.20,74338573
2022-06-18T12:00:00Z,89.20,89.73,87.42,87.95,73631321
2022-06-18T13:00:00Z,87.95,88.38,86.55,86.98,72188746
2022-06-18T14:00:00Z,86.98,87.35,86.32,86.68,70055653
2022-06-18T15:00:00Z,86.68,87.54,86.18,87.03,67295559
2022-06-18T16:00:00Z,87.03,88.11,86.54,87.61,63988853
2022-06-18T17:00:00Z,87.61,88.24,87.27,87.90,60230482
2022-06-18T18:00:00Z,87.90,88.36,87.12,87.57,56127219
2022-06-18T19:00:00Z,87.57,88.09,86.22,86.74,51794595
2022-06-18T20:00:00Z,86.74,87.16,85.47,85.89,51593890
2022-06-18T21:00:00Z,85.89,86.25,85.25,85.62,55526085
2022-06-18T22:00:00Z,85.62,86.79,85.11,86.29,59231865
2022-06-18T23:00:00Z,86.29,88.31,85.79,87.82,62597643
2022-06-19T00:00:00Z,87.82,90.06,87.48,89.71,65518570
2022-06-19T01:00:00Z,89.71,91.81,89.23,91.33,67901590
2022-06-19T02:00:00Z,91.33,92.78,90.78,92.23,69668159
2022-06-19T03:00:00Z,92.23,92.86,91.78,92.41,70756556
2022-06-19T04:00:00Z,92.41,92.80,91.84,92.23,71123710
2022-06-19T05:00:00Z,92.23,92.77,91.68,92.22,70746499
2022-06-19T06:00:00Z,92.22,93.22,91.70,92.70,69622475
2022-06-19T07:00:00Z,92.70,93.92,92.35,93.57,67770000
2022-06-19T08:00:00Z,93.57,94.88,93.07,94.38,65227786
2022-06-19T09:00:00Z,94.38,95.15,93.82,94.58,62053852
2022-06-19T10:00:00Z,94.58,95.03,93.39,93.85,58323931
2022-06-19T11:00:00Z,93.85,94.25,91.91,92.31,54129366
2022-06-19T12:00:00Z,92.31,92.84,89.97,90.50,49574562
2022-06-19T13:00:00Z,90.50,91.00,88.58,89.08,44774059
2022-06-19T14:00:00Z,89.08,89.41,88.16,88.49,40150679
2022-06-19T15:00:00Z,88.49,89.21,88.02,88.74,45074680
2022-06-19T16:00:00Z,88.74,89.94,88.20,89.41,49872972
2022-06-19T17:00:00Z,89.41,90.37,88.98,89.94,54424105
2022-06-19T18:00:00Z,89.94,90.38,89.55,89.98,58613554
2022-06-19T19:00:00Z,89.98,90.51,89.04,89.56,62336940
2022-06-19T20:00:00Z,89.56,90.06,88.60,89.10,65502953
2022-06-19T21:00:00Z,89.10,89.44,88.77,89.11,68035899
2022-06-19T22:00:00Z,89.11,90.37,88.63,89.90,69877803
2022-06-19T23:00:00Z,89.90,91.88,89.35,91.34,70990006
2022-06-20T00:00:00Z,91.34,93.37,90.90,92.93,71354202
2022-06-20T01:00:00Z,92.93,94.45,92.51,94.03,70972904
2022-06-20T02:00:00Z,94.03,94.81,93.47,94.25,69869305
2022-06-20T03:00:00Z,94.25,94.77,93.12,93.64,68086548
2022-06-20T04:00:00Z,93.64,93.98,92.32,92.66,65686434
2022-06-20T05:00:00Z,92.66,93.15,91.39,91.89,62747590
2022-06-20T06:00:00Z,91.89,92.43,91.17,91.72,59363162
2022-06-20T07:00:00Z,91.72,92.56,91.28,92.13,55638088
2022-06-20T08:00:00Z,92.13,93.10,91.71,92.68,51686050
2022-06-20T09:00:00Z,92.68,93.39,92.13,92.84,51866462
2022-06-20T10:00:00Z,92.84,93.35,91.75,92.26,56178440
2022-06-20T11:00:00Z,92.26,92.59,90.69,91.02,60260807
2022-06-20T12:00:00Z,91.02,91.50,89.10,89.58,63998132
2022-06-20T13:00:00Z,89.58,90.11,88.01,88.54,67283747
2022-06-20T14:00:00Z,88.54,88.95,87.85,88.26,70022809
2022-06-20T15:00:00Z,88.26,89.08,87.86,88.68,72135030
2022-06-20T16:00:00Z,88.68,89.88,88.15,89.35,73556997
2022-06-20T17:00:00Z,89.35,90.19,88.85,89.70,74244004
2022-06-20T18:00:00Z,89.70,90.02,89.06,89.38,74171363
2022-06-20T19:00:00Z,89.38,89.86,87.99,88.47,73335134
2022-06-20T20:00:00Z,88.47,88.99,86.91,87.43,71752269
2022-06-20T21:00:00Z,87.43,87.83,86.46,86.86,69460159
2022-06-20T22:00:00Z,86.86,87.55,86.47,87.15,66515600
2022-06-20T23:00:00Z,87.15,88.76,86.63,88.24,62993200
2022-06-21T00:00:00Z,88.24,90.15,87.75,89.66,58983287
2022-06-21T01:00:00Z,89.66,91.13,89.34,90.81,54589359
2022-06-21T02:00:00Z,90.81,91.81,90.32,91.31,49925170
2022-06-21T03:00:00Z,91.31,91.85,90.63,91.17,45111516
2022-06-21T04:00:00Z,91.17,91.59,90.37,90.79,48722866
2022-06-21T05:00:00Z,90.79,91.20,90.28,90.69,52190639
2022-06-21T06:00:00Z,90.69,91.74,90.15,91.20,55399901
2022-06-21T07:00:00Z,91.20,92.69,90.69,92.19,58242699
2022-06-21T08:00:00Z,92.19,93.51,91.86,93.18,60621252
2022-06-21T09:00:00Z,93.18,94.09,92.67,93.58,62450834
2022-06-21T10:00:00Z,93.58,94.13,92.48,93.03,63662299
2022-06-21T11:00:00Z,93.03,93.45,91.21,91.62,64673618
2022-06-21T12:00:00Z,91.62,92.04,89.44,89.86,65910872
2022-06-21T13:00:00Z,89.86,90.38,87.86,88.38,66424997
2022-06-21T14:00:00Z,88.38,88.86,87.16,87.63,66217773
2022-06-21T15:00:00Z,87.63,87.95,87.32,87.63,65311536
2022-06-21T16:00:00Z,87.63,88.48,87.15,87.99,63748467
2022-06-21T17:00:00Z,87.99,88.72,87.47,88.20,61589288
2022-06-21T18:00:00Z,88.20,88.60,87.53,87.93,58911448
2022-06-21T19:00:00Z,87.93,88.33,86.84,87.25,55806811
2022-06-21T20:00:00Z,87.25,87.77,86.10,86.62,52378949
2022-06-21T21:00:00Z,86.62,87.09,86.11,86.58,48740086
2022-06-21T22:00:00Z,86.58,87.76,86.27,87.44,49248102
2022-06-21T23:00:00Z,87.44,89.56,86.95,89.07,53900509
2022-06-22T00:00:00Z,89.07,91.48,88.53,90.94,58334462
2022-06-22T01:00:00Z,90.94,92.80,90.53,92.39,62432808
2022-06-22T02:00:00Z,92.39,93.41,91.95,92.97,66087112
2022-06-22T03:00:00Z,92.97,93.53,92.16,92.71,69200723
2022-06-22T04:00:00Z,92.71,93.20,91.52,92.01,71691520
2022-06-22T05:00:00Z,92.01,92.34,91.11,91.44,73494234
2022-06-22T06:00:00Z,91.44,91.95,90.87,91.38,74562297
2022-06-22T07:00:00Z,91.38,92.32,90.83,91.78,74869153
2022-06-22T08:00:00Z,91.78,92.66,91.37,92.25,74409003
2022-06-22T09:00:00Z,92.25,92.70,91.82,92.26,73196957
2022-06-22T10:00:00Z,92.26,92.81,90.96,91.51,71268591
2022-06-22T11:00:00Z,91.51,91.99,89.63,90.11,68678917
2022-06-22T12:00:00Z,90.11,90.44,88.26,88.58,65500807
2022-06-22T13:00:00Z,88.58,89.07,87.04,87.53,61822900
2022-06-22T14:00:00Z,87.53,88.05,86.84,87.35,57747071
2022-06-22T15:00:00Z,87.35,88.38,86.97,88.00,53385514
2022-06-22T16:00:00Z,88.00,89.43,87.57,89.00,48857543
2022-06-22T17:00:00Z,89.00,90.32,88.47,89.78,52736229
2022-06-22T18:00:00Z,89.78,90.42,89.30,89.94,56451681
2022-06-22T19:00:00Z,89.94,90.28,89.20,89.53,59887749
2022-06-22T20:00:00Z,89.53,90.03,88.48,88.97,62935374
2022-06-22T21:00:00Z,88.97,89.49,88.30,88.83,65495767
2022-06-22T22:00:00Z,88.83,89.83,88.44,89.44,67483316
2022-06-22T23:00:00Z,89.44,91.18,89.01,90.75,68828097
2022-06-23T00:00:00Z,90.75,92.84,90.20,92.28,69477956
2022-06-23T01:00:00Z,92.28,93.96,91.79,93.47,69400072
2022-06-23T02:00:00Z,93.47,94.28,93.11,93.92,68581970
2022-06-23T03:00:00Z,93.92,94.45,93.19,93.71,67031952
2022-06-23T04:00:00Z,93.71,94.26,92.73,93.28,64778934
2022-06-23T05:00:00Z,93.28,93.68,92.78,93.18,61871692
2022-06-23T06:00:00Z,93.18,94.22,92.73,93.77,58377534
2022-06-23T07:00:00Z,93.77,95.51,93.20,94.95,54380445
2022-06-23T08:00:00Z,94.95,96.75,94.44,96.24,50616309
2022-06-23T09:00:00Z,96.24,97.42,95.87,97.05,47316521
2022-06-23T10:00:00Z,97.05,97.60,96.45,96.99,43830529
2022-06-23T11:00:00Z,96.99,97.56,95.57,96.13,44515462
2022-06-23T12:00:00Z,96.13,96.54,94.51,94.92,49367966
2022-06-23T13:00:00Z,94.92,95.38,93.51,93.96,54024218
2022-06-23T14:00:00Z,93.96,94.53,93.11,93.67,58365974
2022-06-23T15:00:00Z,93.67,94.52,93.18,94.03,62283607
2022-06-23T16:00:00Z,94.03,95.00,93.67,94.64,65679177
2022-06-23T17:00:00Z,94.64,95.52,94.10,94.98,68469181
2022-06-23T18:00:00Z,94.98,95.53,94.19,94.74,70586886
2022-06-23T19:00:00Z,94.74,95.14,93.64,94.04,71984179
2022-06-23T20:00:00Z,94.04,94.49,92.88,93.34,72632893
2022-06-23T21:00:00Z,93.34,93.90,92.68,93.24,72525554
2022-06-23T22:00:00Z,93.24,94.58,92.75,94.09,71675545
2022-06-23T23:00:00Z,94.09,96.15,93.71,95.78,70116666
2022-06-24T00:00:00Z,95.78,98.37,95.23,97.82,67902123
2022-06-24T01:00:00Z,97.82,100.11,97.24,99.53,65102948
2022-06-24T02:00:00Z,99.53,100.92,99.11,100.49,61805925
2022-06-24T03:00:00Z,100.49,101.17,100.00,100.68,58111063
2022-06-24T04:00:00Z,100.68,101.28,99.87,100.47,54128691
2022-06-24T05:00:00Z,100.47,100.99,99.88,100.40,49976264
2022-06-24T06:00:00Z,100.40,101.19,100.00,100.79,54225014
2022-06-24T07:00:00Z,100.79,102.16,100.21,101.58,58303238
2022-06-24T08:00:00Z,101.58,102.93,100.99,102.33,62093011
2022-06-24T09:00:00Z,102.33,102.93,101.91,102.51,65483537
2022-06-24T10:00:00Z,102.51,103.01,101.29,101.80,68374352
2022-06-24T11:00:00Z,101.80,102.40,99.74,100.34,70678223
2022-06-24T12:00:00Z,100.34,100.85,98.17,98.67,72323677
2022-06-24T13:00:00Z,98.67,99.06,97.06,97.45,73257089
2022-06-24T14:00:00Z,97.45,98.00,96.54,97.10,73444246
2022-06-24T15:00:00Z,97.10,98.18,96.54,97.61,72871377
2022-06-24T16:00:00Z,97.61,98.97,97.21,98.56,71545583
2022-06-24T17:00:00Z,98.56,99.88,98.07,99.38,69494682
2022-06-24T18:00:00Z,99.38,100.28,98.78,99.68,66766459
2022-06-24T19:00:00Z,99.68,100.19,99.00,99.51,63427344
2022-06-24T20:00:00Z,99.51,99.90,98.86,99.25,59560565
2022-06-24T21:00:00Z,99.25,100.02,98.68,99.45,55263810
2022-06-24T22:00:00Z,99.45,100.99,98.87,100.41,50646490
2022-06-24T23:00:00Z,100.41,102.44,100.00,102.02,45826654
2022-06-25T00:00:00Z,102.02,104.30,101.50,103.78,45167967
2022-06-25T01:00:00Z,103.78,105.70,103.15,105.07,48673655
2022-06-25T02:00:00Z,105.07,106.06,104.54,105.52,51986490
2022-06-25T03:00:00Z,105.52,105.95,104.76,105.18,54994812
2022-06-25T04:00:00Z,105.18,105.78,103.91,104.51,57595522
2022-06-25T05:00:00Z,104.51,105.11,103.50,104.10,60502724
2022-06-25T06:00:00Z,104.10,104.76,103.68,104.33,63423817
2022-06-25T07:00:00Z,104.33,105.69,103.80,105.16,65697322
2022-06-25T08:00:00Z,105.16,106.78,104.52,106.14,67274365
2022-06-25T09:00:00Z,106.14,107.25,105.60,106.71,68125897
2022-06-25T10:00:00Z,106.71,107.15,106.07,106.51,68243452
2022-06-25T11:00:00Z,106.51,107.11,104.98,105.59,67639310
2022-06-25T12:00:00Z,105.59,106.19,103.83,104.43,66346068
2022-06-25T13:00:00Z,104.43,104.84,103.18,103.59,64415630
2022-06-25T14:00:00Z,103.59,104.12,102.92,103.45,61917637
2022-06-25T15:00:00Z,103.45,104.58,102.83,103.96,58937398
2022-06-25T16:00:00Z,103.96,105.20,103.44,104.68,55573369
2022-06-25T17:00:00Z,104.68,105.48,104.24,105.04,51934260
2022-06-25T18:00:00Z,105.04,105.65,104.12,104.73,48135844
2022-06-25T19:00:00Z,104.73,105.32,103.23,103.82,52747621
2022-06-25T20:00:00Z,103.82,104.23,102.39,102.80,57196107
2022-06-25T21:00:00Z,102.80,103.33,101.75,102.27,61361564
2022-06-25T22:00:00Z,102.27,103.24,101.66,102.62,65131358
2022-06-25T23:00:00Z,102.62,104.29,102.10,103.78,68403166
2022-06-26T00:00:00Z,103.78,105.71,103.34,105.27,71087888
2022-06-26T01:00:00Z,105.27,107.11,104.65,106.49,73112187
2022-06-26T02:00:00Z,106.49,107.64,105.89,107.03,74420581
2022-06-26T03:00:00Z,107.03,107.45,106.48,106.90,74977023
2022-06-26T04:00:00Z,106.90,107.45,105.92,106.47,74765930
2022-06-26T05:00:00Z,106.47,107.11,105.64,106.28,73792633
2022-06-26T06:00:00Z,106.28,107.15,105.75,106.62,72083223
2022-06-26T07:00:00Z,106.62,107.85,106.17,107.40,69683812
2022-06-26T08:00:00Z,107.40,108.77,106.77,108.14,66659220
2022-06-26T09:00:00Z,108.14,108.88,107.53,108.27,63091134
2022-06-26T10:00:00Z,108.27,108.68,107.01,107.43,59075780
2022-06-26T11:00:00Z,107.43,107.98,105.20,105.75,54721189
2022-06-26T12:00:00Z,105.75,106.37,103.11,103.73,50144125
2022-06-26T13:00:00Z,103.73,104.23,101.55,102.05,49707062
2022-06-26T14:00:00Z,102.05,102.48,100.71,101.14,53412142
2022-06-26T15:00:00Z,101.14,101.73,100.43,101.02,56901161
2022-06-26T16:00:00Z,101.02,101.88,100.45,101.31,60061594
2022-06-26T17:00:00Z,101.31,101.86,100.92,101.47,62789597
2022-06-26T18:00:00Z,101.47,102.00,100.65,101.17,64993060
2022-06-26T19:00:00Z,101.17,101.78,99.87,100.47,66594318
2022-06-26T20:00:00Z,100.47,100.96,99.32,99.80,67532459
2022-06-26T21:00:00Z,99.80,100.23,99.26,99.69,67765149
2022-06-26T22:00:00Z,99.69,101.03,99.10,100.44,67269925
2022-06-26T23:00:00Z,100.44,102.50,99.87,101.92,66044916
2022-06-27T00:00:00Z,101.92,103.99,101.53,103.60,64108978
2022-06-27T01:00:00Z,103.60,105.37,103.05,104.82,61501233
2022-06-27T02:00:00Z,104.82,105.79,104.19,105.16,59253594
2022-06-27T03:00:00Z,105.16,105.66,104.13,104.64,56889693
2022-06-27T04:00:00Z,104.64,105.09,103.24,103.69,54068174
2022-06-27T05:00:00Z,103.69,104.29,102.29,102.89,50886714
2022-06-27T06:00:00Z,102.89,103.47,102.05,102.63,47453129
2022-06-27T07:00:00Z,102.63,103.25,102.24,102.86,43882187
2022-06-27T08:00:00Z,102.86,103.74,102.32,103.20,48742270
2022-06-27T09:00:00Z,103.20,103.81,102.47,103.09,53458682
2022-06-27T10:00:00Z,103.09,103.58,101.74,102.23,57910370
2022-06-27T11:00:00Z,102.23,102.67,100.28,100.72,61983300
2022-06-27T12:00:00Z,100.72,101.30,98.46,99.04,65573662
2022-06-27T13:00:00Z,99.04,99.59,97.26,97.80,68590797
2022-06-27T14:00:00Z,97.80,98.16,97.02,97.38,70959741
2022-06-27T15:00:00Z,97.38,98.23,96.86,97.71,72623321
2022-06-27T16:00:00Z,97.71,98.93,97.12,98.34,73543753
2022-06-27T17:00:00Z,98.34,99.14,97.87,98.67,73703670
2022-06-27T18:00:00Z,98.67,99.10,97.89,98.33,73106586
2022-06-27T19:00:00Z,98.33,98.90,96.79,97.36,71776749
2022-06-27T20:00:00Z,97.36,97.90,95.69,96.23,69758412
2022-06-27T21:00:00Z,96.23,96.58,95.14,95.49,67114529
2022-06-27T22:00:00Z,95.49,96.04,94.98,95.53,63924922
2022-06-27T23:00:00Z,95.53,96.85,94.96,96.27,60283963
2022-06-28T00:00:00Z,96.27,97.73,95.81,97.27,56297849
2022-06-28T01:00:00Z,97.27,98.38,96.83,97.94,52081539
2022-06-28T02:00:00Z,97.94,98.52,97.33,97.91,51995742
2022-06-28T03:00:00Z,97.91,98.45,96.69,97.23,56040877
2022-06-28T04:00:00Z,97.23,97.58,95.97,96.32,59857076
2022-06-28T05:00:00Z,96.32,96.83,95.22,95.73,63330210
2022-06-28T06:00:00Z,95.73,96.38,95.16,95.81,66354906
2022-06-28T07:00:00Z,95.81,96.89,95.36,96.44,68837598
2022-06-28T08:00:00Z,96.44,97.58,96.00,97.14,70699254
2022-06-28T09:00:00Z,97.14,97.90,96.57,97.32,71877688
2022-06-28T10:00:00Z,97.32,97.86,96.07,96.60,72329388
2022-06-28T11:00:00Z,96.60,96.94,94.70,95.04,72030817
2022-06-28T12:00:00Z,95.04,95.55,92.63,93.13,70979143
2022-06-28T13:00:00Z,93.13,93.68,90.94,91.49,69192373
2022-06-28T14:00:00Z,91.49,91.91,90.11,90.53,66708897
2022-06-28T15:00:00Z,90.53,90.94,89.86,90.27,63586446
2022-06-28T16:00:00Z,90.27,90.85,89.74,90.32,59900502
2022-06-28T17:00:00Z,90.32,90.81,89.67,90.16,55742192
2022-06-28T18:00:00Z,90.16,90.48,89.17,89.49,51215743
2022-06-28T19:00:00Z,89.49,89.97,87.92,88.40,46435557
2022-06-28T20:00:00Z,88.40,88.92,86.84,87.36,41522997
2022-06-28T21:00:00Z,87.36,87.76,86.56,86.96,45053018
2022-06-28T22:00:00Z,86.96,87.91,86.56,87.51,48457438
2022-06-28T23:00:00Z,87.51,89.44,86.99,88.91,52763115
2022-06-29T00:00:00Z,88.91,91.13,88.42,90.63,56973132
2022-06-29T01:00:00Z,90.63,92.33,90.31,92.01,60725122
2022-06-29T02:00:00Z,92.01,93.11,91.51,92.60,63927632
2022-06-29T03:00:00Z,92.60,93.15,91.84,92.39,66504792
2022-06-29T04:00:00Z,92.39,92.81,91.34,91.76,68398409
2022-06-29T05:00:00Z,91.76,92.18,90.84,91.26,69569570
2022-06-29T06:00:00Z,91.26,91.80,90.69,91.23,69999682
2022-06-29T07:00:00Z,91.23,92.12,90.73,91.62,69690935
2022-06-29T08:00:00Z,91.62,92.33,91.29,92.00,68666166
2022-06-29T09:00:00Z,92.00,92.50,91.34,91.84,66968131
2022-06-29T10:00:00Z,91.84,92.38,90.31,90.85,64658218
2022-06-29T11:00:00Z,90.85,91.26,88.75,89.16,61814611
2022-06-29T12:00:00Z,89.16,89.56,86.88,87.28,58529989
2022-06-29T13:00:00Z,87.28,87.79,85.36,85.87,54908803
2022-06-29T14:00:00Z,85.87,86.33,84.88,85.34,51064225
2022-06-29T15:00:00Z,85.34,85.97,85.04,85.66,51355142
2022-06-29T16:00:00Z,85.66,86.87,85.19,86.40,55780130
2022-06-29T17:00:00Z,86.40,87.47,85.88,86.95,59977457
2022-06-29T18:00:00Z,86.95,87.35,86.56,86.95,63831131
2022-06-29T19:00:00Z,86.95,87.35,86.01,86.41,67233913
2022-06-29T20:00:00Z,86.41,86.92,85.24,85.75,70090385
2022-06-29T21:00:00Z,85.75,86.21,85.05,85.51,72319685
2022-06-29T22:00:00Z,85.51,86.31,85.20,86.00,73857827
2022-06-29T23:00:00Z,86.00,87.62,85.52,87.14,74659536
2022-06-30T00:00:00Z,87.14,88.96,86.62,88.44,74699561
2022-06-30T01:00:00Z,88.44,89.71,88.04,89.31,73973411
2022-06-30T02:00:00Z,89.31,89.80,88.89,89.37,72497499
2022-06-30T03:00:00Z,89.37,89.90,88.17,88.70,70308692
2022-06-30T04:00:00Z,88.70,89.17,87.27,87.74,67463280
2022-06-30T05:00:00Z,87.74,88.06,86.77,87.09,64035385
2022-06-30T06:00:00Z,87.09,87.60,86.61,87.12,60114872
2022-06-30T07:00:00Z,87.12,88.28,86.60,87.77,55804802
2022-06-30T08:00:00Z,87.77,88.97,87.38,88.58,51218518
2022-06-30T09:00:00Z,88.58,89.40,88.16,88.98,46476433
2022-06-30T10:00:00Z,88.98,89.51,88.06,88.59,50152668
2022-06-30T11:00:00Z,88.59,89.05,87.00,87.47,53678322
2022-06-30T12:00:00Z,87.47,87.79,85.75,86.07,56938178
2022-06-30T13:00:00Z,86.07,86.55,84.52,84.99,59824037
2022-06-30T14:00:00Z,84.99,85.49,84.11,84.61,62237904
2022-06-30T15:00:00Z,84.61,85.25,84.24,84.88,64094883
2022-06-30T16:00:00Z,84.88,85.79,84.47,85.38,65325691
2022-06-30T17:00:00Z,85.38,86.10,84.87,85.59,65878732
2022-06-30T18:00:00Z,85.59,86.04,84.71,85.16,65721659
2022-06-30T19:00:00Z,85.16,85.48,83.90,84.21,64842384
2022-06-30T20:00:00Z,84.21,84.68,82.76,83.23,64558825
2022-06-30T21:00:00Z,83.23,83.71,82.32,82.81,63674128
2022-06-30T22:00:00Z,82.81,83.68,82.44,83.32,62140618
2022-06-30T23:00:00Z,83.32,85.11,82.91,84.70,60018874
2022-07-01T00:00:00Z,84.70,86.96,84.18,86.45,57386159
2022-07-01T01:00:00Z,86.45,88.40,85.98,87.94,54334120
2022-07-01T02:00:00Z,87.94,89.09,87.60,88.75,50966069
2022-07-01T03:00:00Z,88.75,89.36,88.25,88.86,47393937
2022-07-01T04:00:00Z,88.86,89.38,88.15,88.66,47975277
2022-07-01T05:00:00Z,88.66,89.04,88.28,88.66,52707242
2022-07-01T06:00:00Z,88.66,89.60,88.23,89.17,57226598
2022-07-01T07:00:00Z,89.17,90.63,88.63,90.09,61415774
2022-07-01T08:00:00Z,90.09,91.44,89.62,90.96,65165888
2022-07-01T09:00:00Z,90.96,91.57,90.61,91.22,68379822
2022-07-01T10:00:00Z,91.22,91.73,90.02,90.53,70974963
2022-07-01T11:00:00Z,90.53,91.05,88.50,89.02,72885531
2022-07-01T12:00:00Z,89.02,89.39,86.85,87.22,74064429
2022-07-01T13:00:00Z,87.22,87.64,85.37,85.79,74484558
2022-07-01T14:00:00Z,85.79,86.30,84.65,85.16,74139565
2022-07-01T15:00:00Z,85.16,85.81,84.72,85.36,73043996
2022-07-01T16:00:00Z,85.36,86.32,85.03,85.98,71232856
2022-07-01T17:00:00Z,85.98,86.97,85.49,86.48,68760583
2022-07-01T18:00:00Z,86.48,87.00,85.98,86.49,65699474
2022-07-01T19:00:00Z,86.49,86.86,85.71,86.07,62137596
2022-07-01T20:00:00Z,86.07,86.49,85.21,85.63,58176253
2022-07-01T21:00:00Z,85.63,86.22,85.12,85.70,53927081
2022-07-01T22:00:00Z,85.70,87.03,85.25,86.58,49508842
2022-07-01T23:00:00Z,86.58,88.48,86.23,88.13,53494070
2022-07-02T00:00:00Z,88.13,90.35,87.62,89.84,57312351
2022-07-02T01:00:00Z,89.84,91.59,89.31,91.06,60847034
2022-07-02T02:00:00Z,91.06,91.79,90.68,91.40,63988574
2022-07-02T03:00:00Z,91.40,91.86,90.44,90.90,66637725
2022-07-02T04:00:00Z,90.90,91.43,89.44,89.98,68708438
2022-07-02T05:00:00Z,89.98,90.44,88.80,89.26,70130382
2022-07-02T06:00:00Z,89.26,89.61,88.76,89.12,70851027
2022-07-02T07:00:00Z,89.12,90.03,88.60,89.52,70837202
2022-07-02T08:00:00Z,89.52,90.58,89.00,90.06,70076120
2022-07-02T09:00:00Z,90.06,90.56,89.69,90.19,68575804
2022-07-02T10:00:00Z,90.19,90.64,89.14,89.58,66364927
2022-07-02T11:00:00Z,89.58,90.11,87.80,88.33,63492057
2022-07-02T12:00:00Z,88.33,88.77,86.45,86.89,60024334
2022-07-02T13:00:00Z,86.89,87.24,85.53,85.88,56045614
2022-07-02T14:00:00Z,85.88,86.37,85.16,85.65,51654135
2022-07-02T15:00:00Z,85.65,86.63,85.15,86.14,46959771
2022-07-02T16:00:00Z,86.14,87.25,85.78,86.90,42159347
2022-07-02T17:00:00Z,86.90,87.78,86.46,87.34,42858674
2022-07-02T18:00:00Z,87.34,87.87,86.59,87.11,47733687
2022-07-02T19:00:00Z,87.11,87.55,85.84,86.28,52420452
2022-07-02T20:00:00Z,86.28,86.62,84.95,85.29,56800577
2022-07-02T21:00:00Z,85.29,85.78,84.27,84.76,60764246
2022-07-02T22:00:00Z,84.76,85.53,84.27,85.04,64213293
2022-07-02T23:00:00Z,85.04,86.43,84.69,86.08,67063956
2022-07-03T00:00:00Z,86.08,87.87,85.64,87.43,69249201
2022-07-03T01:00:00Z,87.43,89.02,86.90,88.49,70720587
2022-07-03T02:00:00Z,88.49,89.33,88.04,88.88,71449582
2022-07-03T03:00:00Z,88.88,89.25,88.27,88.63,71428321
2022-07-03T04:00:00Z,88.63,89.14,87.64,88.15,70669763
2022-07-03T05:00:00Z,88.15,88.65,87.46,87.96,69207263
2022-07-03T06:00:00Z,87.96,88.75,87.61,88.39,67093552
2022-07-03T07:00:00Z,88.39,89.79,87.94,89.33,64399170
2022-07-03T08:00:00Z,89.33,90.83,88.79,90.29,61210387
2022-07-03T09:00:00Z,90.29,91.12,89.83,90.66,57626682
2022-07-03T10:00:00Z,90.66,91.04,89.72,90.09,53757838
2022-07-03T11:00:00Z,90.09,90.60,88.14,88.65,49720757
2022-07-03T12:00:00Z,88.65,89.15,86.34,86.84,54086104
2022-07-03T13:00:00Z,86.84,87.18,84.95,85.29,58281606
2022-07-03T14:00:00Z,85.29,85.72,84.00,84.44,62188762
2022-07-03T15:00:00Z,84.44,84.94,83.79,84.29,65696203
2022-07-03T16:00:00Z,84.29,84.90,83.87,84.48,68702891
2022-07-03T17:00:00Z,84.48,84.83,84.12,84.47,71121025
2022-07-03T18:00:00Z,84.47,84.96,83.48,83.97,72878574
2022-07-03T19:00:00Z,83.97,84.44,82.57,83.04,73921362
2022-07-03T20:00:00Z,83.04,83.37,81.84,82.16,74214644
2022-07-03T21:00:00Z,82.16,82.58,81.45,81.87,73744124
2022-07-03T22:00:00Z,81.87,82.99,81.38,82.50,72516406
2022-07-03T23:00:00Z,82.50,84.32,82.08,83.91,70558825
2022-07-04T00:00:00Z,83.91,85.94,83.55,85.58,67918709
2022-07-04T01:00:00Z,85.58,87.35,85.07,86.84,64662059
2022-07-04T02:00:00Z,86.84,87.75,86.34,87.26,60871696
2022-07-04T03:00:00Z,87.26,87.59,86.49,86.82,56644936
2022-07-04T04:00:00Z,86.82,87.27,85.50,85.95,52090846
2022-07-04T05:00:00Z,85.95,86.46,84.68,85.19,47327165
2022-07-04T06:00:00Z,85.19,85.61,84.49,84.91,46717284
2022-07-04T07:00:00Z,84.91,85.43,84.55,85.07,50264189
2022-07-04T08:00:00Z,85.07,85.75,84.57,85.25,53610452
2022-07-04T09:00:00Z,85.25,85.73,84.47,84.95,56644247
2022-07-04T10:00:00Z,84.95,85.27,83.53,83.85,59262350
2022-07-04T11:00:00Z,83.85,84.28,81.66,82.09,61373189
2022-07-04T12:00:00Z,82.09,82.57,79.69,80.17,62899553
2022-07-04T13:00:00Z,80.17,80.56,78.36,78.74,64027438
2022-07-04T14:00:00Z,78.74,79.08,77.85,78.19,65619854
2022-07-04T15:00:00Z,78.19,78.93,77.73,78.47,66494863
2022-07-04T16:00:00Z,78.47,79.59,78.03,79.14,66643883
2022-07-04T17:00:00Z,79.14,79.91,78.84,79.60,66079041
2022-07-04T18:00:00Z,79.60,80.02,79.05,79.47,64832742
2022-07-04T19:00:00Z,79.47,79.94,78.31,78.78,62956658
2022-07-04T20:00:00Z,78.78,79.16,77.57,77.94,60520166
2022-07-04T21:00:00Z,77.94,78.28,77.19,77.52,57608272
2022-07-04T22:00:00Z,77.52,78.30,77.06,77.85,54319100
2022-07-04T23:00:00Z,77.85,79.29,77.40,78.84,50760989
2022-07-05T00:00:00Z,78.84,80.34,78.54,80.04,47049320
2022-07-05T01:00:00Z,80.04,81.28,79.61,80.85,51753163
2022-07-05T02:00:00Z,80.85,81.40,80.37,80.92,56298588
2022-07-05T03:00:00Z,80.92,81.30,79.90,80.29,60565380
2022-07-05T04:00:00Z,80.29,80.63,79.07,79.41,64440408
2022-07-05T05:00:00Z,79.41,79.88,78.41,78.87,67820834
2022-07-05T06:00:00Z,78.87,79.46,78.43,79.01,70617027
2022-07-05T07:00:00Z,79.01,80.06,78.72,79.77,72755103
2022-07-05T08:00:00Z,79.77,81.08,79.34,80.66,74179023
2022-07-05T09:00:00Z,80.66,81.57,80.17,81.09,74852174
2022-07-05T10:00:00Z,81.09,81.47,80.29,80.68,74758402
2022-07-05T11:00:00Z,80.68,81.03,79.14,79.49,73902462
2022-07-05T12:00:00Z,79.49,79.95,77.52,77.97,72309872
2022-07-05T13:00:00Z,77.97,78.40,76.30,76.73,70026170
2022-07-05T14:00:00Z,76.73,77.01,75.87,76.15,67115611
2022-07-05T15:00:00Z,76.15,76.62,75.74,76.22,63659322
2022-07-05T16:00:00Z,76.22,76.97,75.76,76.52,59752982
2022-07-05T17:00:00Z,76.52,76.89,76.16,76.53,55504088
2022-07-05T18:00:00Z,76.53,76.87,75.61,75.94,51028887
2022-07-05T19:00:00Z,75.94,76.39,74.42,74.87,50689353
2022-07-05T20:00:00Z,74.87,75.27,73.37,73.78,54487151
2022-07-05T21:00:00Z,73.78,74.05,73.02,73.28,58063622
2022-07-05T22:00:00Z,73.28,74.13,72.89,73.73,61305814
2022-07-05T23:00:00Z,73.73,75.49,73.29,75.04,64109482
2022-07-06T00:00:00Z,75.04,77.07,74.68,76.71,66382144
2022-07-06T01:00:00Z,76.71,78.44,76.36,78.09,68045798
2022-07-06T02:00:00Z,78.09,79.22,77.63,78.75,69039225
2022-07-06T03:00:00Z,78.75,79.19,78.24,78.67,69319822
2022-07-06T04:00:00Z,78.67,78.95,77.95,78.23,68864890
2022-07-06T05:00:00Z,78.23,78.65,77.54,77.96,67672360
2022-07-06T06:00:00Z,77.96,78.63,77.49,78.17,65760931
2022-07-06T07:00:00Z,78.17,79.15,77.80,78.78,63169602
2022-07-06T08:00:00Z,78.78,79.72,78.43,79.36,59956635
2022-07-06T09:00:00Z,79.36,79.83,78.89,79.36,56197954
2022-07-06T10:00:00Z,79.36,79.79,78.02,78.45,52399705
2022-07-06T11:00:00Z,78.45,78.73,76.52,76.79,49234596
2022-07-06T12:00:00Z,76.79,77.20,74.49,74.90,45825454
2022-07-06T13:00:00Z,74.90,75.33,73.00,73.44,42286927
2022-07-06T14:00:00Z,73.44,73.77,72.51,72.85,47187240
2022-07-06T15:00:00Z,72.85,73.46,72.52,73.13,51951497
2022-07-06T16:00:00Z,73.13,74.30,72.69,73.87,56458413
2022-07-06T17:00:00Z,73.87,74.90,73.46,74.50,60593682
2022-07-06T18:00:00Z,74.50,74.91,74.23,74.65,64253190
2022-07-06T19:00:00Z,74.65,75.05,73.95,74.35,67345939
2022-07-06T20:00:00Z,74.35,74.79,73.59,74.03,69796593
2022-07-06T21:00:00Z,74.03,74.53,73.69,74.19,71547582
2022-07-06T22:00:00Z,74.19,75.49,73.84,75.14,72560690
2022-07-06T23:00:00Z,75.14,77.23,74.69,76.77,72818100
2022-07-07T00:00:00Z,76.77,78.99,76.34,78.56,72322845
2022-07-07T01:00:00Z,78.56,80.18,78.28,79.90,71098676
2022-07-07T02:00:00Z,79.90,80.82,79.46,80.38,69189328
2022-07-07T03:00:00Z,80.38,80.86,79.59,80.07,66657222
2022-07-07T04:00:00Z,80.07,80.43,79.04,79.40,63581631
2022-07-07T05:00:00Z,79.40,79.77,78.63,78.99,60056371
2022-07-07T06:00:00Z,78.99,79.68,78.52,79.21,56187070
2022-07-07T07:00:00Z,79.21,80.46,78.78,80.03,52088115
2022-07-07T08:00:00Z,80.03,81.29,79.74,81.00,52119641
2022-07-07T09:00:00Z,81.00,82.04,80.56,81.59,56281493
2022-07-07T10:00:00Z,81.59,82.07,80.95,81.43,60213230
2022-07-07T11:00:00Z,81.43,81.79,80.23,80.60,63800157
2022-07-07T12:00:00Z,80.60,80.97,79.18,79.55,66936345
2022-07-07T13:00:00Z,79.55,80.02,78.41,78.88,69527680
2022-07-07T14:00:00Z,78.88,79.36,78.45,78.94,71494600
2022-07-07T15:00:00Z,78.94,79.97,78.65,79.68,72774402
2022-07-07T16:00:00Z,79.68,81.10,79.23,80.65,73323078
2022-07-07T17:00:00Z,80.65,81.77,80.17,81.29,73116617
2022-07-07T18:00:00Z,81.29,81.65,80.88,81.25,72151733
2022-07-07T19:00:00Z,81.25,81.63,80.23,80.61,70446010
2022-07-07T20:00:00Z,80.61,81.08,79.37,79.84,68037441
2022-07-07T21:00:00Z,79.84,80.27,79.14,79.56,64983390
2022-07-07T22:00:00Z,79.56,80.43,79.27,80.14,61359004
2022-07-07T23:00:00Z,80.14,81.97,79.69,81.51,57255108
2022-07-08T00:00:00Z,81.51,83.72,81.02,83.23,52775662
2022-07-08T01:00:00Z,83.23,85.05,82.85,84.68,48034839
2022-07-08T02:00:00Z,84.68,85.87,84.27,85.46,43153809
2022-07-08T03:00:00Z,85.46,86.10,84.95,85.59,46707372
2022-07-08T04:00:00Z,85.59,86.05,85.01,85.47,50127231
2022-07-08T05:00:00Z,85.47,85.93,85.15,85.61,53298684
2022-07-08T06:00:00Z,85.61,86.82,85.13,86.33,56113966
2022-07-08T07:00:00Z,86.33,88.04,85.82,87.53,59058186
2022-07-08T08:00:00Z,87.53,89.10,87.14,88.71,62278024
2022-07-08T09:00:00Z,88.71,89.72,88.28,89.30,64880592
2022-07-08T10:00:00Z,89.30,89.83,88.40,88.93,66807572
2022-07-08T11:00:00Z,88.93,89.40,87.26,87.72,68019888
2022-07-08T12:00:00Z,87.72,88.04,85.85,86.17,68498746
2022-07-08T13:00:00Z,86.17,86.64,84.45,84.93,68246096
2022-07-08T14:00:00Z,84.93,85.42,83.95,84.44,67284500
2022-07-08T15:00:00Z,84.44,85.10,84.07,84.73,65656406
2022-07-08T16:00:00Z,84.73,85.82,84.32,85.41,63422859
2022-07-08T17:00:00Z,85.41,86.47,84.90,85.96,60661669
2022-07-08T18:00:00Z,85.96,86.50,85.51,86.05,57465111
2022-07-08T19:00:00Z,86.05,86.37,85.42,85.74,53937205
2022-07-08T20:00:00Z,85.74,86.22,85.00,85.49,50190665
2022-07-08T21:00:00Z,85.49,86.32,84.98,85.82,50583900
2022-07-08T22:00:00Z,85.82,87.42,85.44,87.04,55114982
2022-07-08T23:00:00Z,87.04,89.46,86.61,89.03,59421662
2022-07-09T00:00:00Z,89.03,91.78,88.48,91.23,63387411
2022-07-09T01:00:00Z,91.23,93.49,90.75,93.01,66904441
2022-07-09T02:00:00Z,93.01,94.27,92.65,93.91,69876775
2022-07-09T03:00:00Z,93.91,94.49,93.38,93.96,72222984
2022-07-09T04:00:00Z,93.96,94.51,93.02,93.57,73878507
2022-07-09T05:00:00Z,93.57,93.97,92.92,93.32,74797497
2022-07-09T06:00:00Z,93.32,94.03,92.86,93.57,74954127
2022-07-09T07:00:00Z,93.57,94.86,93.00,94.30,74343335
2022-07-09T08:00:00Z,94.30,95.59,93.80,95.09,72980970
2022-07-09T09:00:00Z,95.09,95.80,94.73,95.43,70903341
2022-07-09T10:00:00Z,95.43,95.97,94.46,94.99,68166194
2022-07-09T11:00:00Z,94.99,95.54,93.36,93.90,64843122
2022-07-09T12:00:00Z,93.90,94.29,92.26,92.65,61023475
2022-07-09T13:00:00Z,92.65,93.10,91.40,91.85,56809822
2022-07-09T14:00:00Z,91.85,92.43,91.30,91.88,52315030
2022-07-09T15:00:00Z,91.88,93.17,91.40,92.69,47659068
2022-07-09T16:00:00Z,92.69,94.19,92.33,93.82,51415633
2022-07-09T17:00:00Z,93.82,95.22,93.28,94.68,55015432
2022-07-09T18:00:00Z,94.68,95.42,94.13,94.87,58342883
2022-07-09T19:00:00Z,94.87,95.27,94.06,94.45,61289457
2022-07-09T20:00:00Z,94.45,94.92,93.39,93.85,63756861
2022-07-09T21:00:00Z,93.85,94.42,93.08,93.64,65659937
2022-07-09T22:00:00Z,93.64,94.66,93.16,94.18,66929177
2022-07-09T23:00:00Z,94.18,95.76,93.80,95.39,67512796
2022-07-10T00:00:00Z,95.39,97.37,94.83,96.82,67378297
2022-07-10T01:00:00Z,96.82,98.46,96.25,97.89,66513482
2022-07-10T02:00:00Z,97.89,98.64,97.48,98.23,64926883
2022-07-10T03:00:00Z,98.23,98.72,97.41,97.90,62647596
2022-07-10T04:00:00Z,97.90,98.48,96.75,97.33,60475333
2022-07-10T05:00:00Z,97.33,97.83,96.59,97.08,58371892
2022-07-10T06:00:00Z,97.08,97.89,96.70,97.50,55765549
2022-07-10T07:00:00Z,97.50,99.06,96.94,98.49,52747818
2022-07-10T08:00:00Z,98.49,100.15,97.92,99.57,49421845
2022-07-10T09:00:00Z,99.57,100.56,99.16,100.15,45899354
2022-07-10T10:00:00Z,100.15,100.65,99.33,99.84,46537656
2022-07-10T11:00:00Z,99.84,100.43,98.11,98.70,51333625
2022-07-10T12:00:00Z,98.70,99.19,96.71,97.21,55923712
2022-07-10T13:00:00Z,97.21,97.59,95.59,95.97,60190002
2022-07-10T14:00:00Z,95.97,96.52,94.86,95.41,64023233
2022-07-10T15:00:00Z,95.41,96.06,94.86,95.51,67325880
2022-07-10T16:00:00Z,95.51,96.27,95.12,95.88,70014897
2022-07-10T17:00:00Z,95.88,96.50,95.40,96.01,72024043
2022-07-10T18:00:00Z,96.01,96.59,95.02,95.59,73305739
2022-07-10T19:00:00Z,95.59,96.07,94.25,94.72,73832382
2022-07-10T20:00:00Z,94.72,95.11,93.51,93.89,73597098
2022-07-10T21:00:00Z,93.89,94.43,93.12,93.66,72613894
2022-07-10T22:00:00Z,93.66,94.94,93.12,94.40,70917225
2022-07-10T23:00:00Z,94.40,96.36,94.01,95.98,68560970
2022-07-11T00:00:00Z,95.98,98.39,95.48,97.89,65616857
2022-07-11T01:00:00Z,97.89,100.07,97.29,99.48,62172379
2022-07-11T02:00:00Z,99.48,100.79,98.97,100.29,58328266
2022-07-11T03:00:00Z,100.29,100.73,99.88,100.32,54195579
2022-07-11T04:00:00Z,100.32,100.89,99.36,99.94,49892510
2022-07-11T05:00:00Z,99.94,100.51,99.11,99.68,53991029
2022-07-11T06:00:00Z,99.68,100.28,99.28,99.88,57920167
2022-07-11T07:00:00Z,99.88,101.00,99.37,100.48,61562730
2022-07-11T08:00:00Z,100.48,101.65,99.88,101.05,64808645
2022-07-11T09:00:00Z,101.05,101.55,100.54,101.04,67558153
2022-07-11T10:00:00Z,101.04,101.46,99.74,100.16,69724715
2022-07-11T11:00:00Z,100.16,100.73,97.96,98.54,71237531
2022-07-11T12:00:00Z,98.54,99.09,96.15,96.70,72043624
2022-07-11T13:00:00Z,96.70,97.08,94.94,95.32,72109407
2022-07-11T14:00:00Z,95.32,95.80,94.30,94.79,71421701
2022-07-11T15:00:00Z,94.79,95.69,94.22,95.12,69988171
2022-07-11T16:00:00Z,95.12,96.33,94.64,95.86,67837161
2022-07-11T17:00:00Z,95.86,96.85,95.46,96.44,65016948
2022-07-11T18:00:00Z,96.44,97.04,95.88,96.48,61594413
2022-07-11T19:00:00Z,96.48,97.02,95.46,96.00,57653191
2022-07-11T20:00:00Z,96.00,96.37,95.05,95.42,53291336
2022-07-11T21:00:00Z,95.42,95.91,94.77,95.26,48618576
2022-07-11T22:00:00Z,95.26,96.42,94.69,95.85,43753233
2022-07-11T23:00:00Z,95.85,97.55,95.37,97.07,43059195
2022-07-12T00:00:00Z,97.07,98.85,96.65,98.43,46539861
2022-07-12T01:00:00Z,98.43,99.92,97.85,99.34,50756936
2022-07-12T02:00:00Z,99.34,99.98,98.78,99.42,55156339
2022-07-12T03:00:00Z,99.42,99.80,98.34,98.72,59147339
2022-07-12T04:00:00Z,98.72,99.23,97.20,97.71,62631638
2022-07-12T05:00:00Z,97.71,98.29,96.39,96.98,65525298
2022-07-12T06:00:00Z,96.98,97.45,96.43,96.90,67761078
2022-07-12T07:00:00Z,96.90,97.86,96.49,97.44,69290287
2022-07-12T08:00:00Z,97.44,98.73,96.87,98.15,70084112
2022-07-12T09:00:00Z,98.15,99.01,97.60,98.46,70134367
2022-07-12T10:00:00Z,98.46,98.83,97.62,97.99,69453664
2022-07-12T11:00:00Z,97.99,98.50,96.31,96.82,68074975
2022-07-12T12:00:00Z,96.82,97.39,94.83,95.41,66050621
2022-07-12T13:00:00Z,95.41,95.86,93.87,94.32,63450704
2022-07-12T14:00:00Z,94.32,94.73,93.54,93.95,60361033
2022-07-12T15:00:00Z,93.95,94.79,93.40,94.24,56880598
2022-07-12T16:00:00Z,94.24,95.30,93.71,94.77,53118680
2022-07-12T17:00:00Z,94.77,95.33,94.41,94.97,49191655
2022-07-12T18:00:00Z,94.97,95.47,94.04,94.54,53669650
2022-07-12T19:00:00Z,94.54,95.10,92.99,93.55,57979839
2022-07-12T20:00:00Z,93.55,94.00,92.06,92.50,62003160
2022-07-12T21:00:00Z,92.50,92.90,91.59,91.99,65627676
2022-07-12T22:00:00Z,91.99,92.94,91.45,92.39,68751774
2022-07-12T23:00:00Z,92.39,94.17,91.87,93.65,71287079
2022-07-13T00:00:00Z,93.65,95.63,93.29,95.27,73160986
2022-07-13T01:00:00Z,95.27,97.16,94.76,96.65,74318748
2022-07-13T02:00:00Z,96.65,97.94,96.07,97.36,74725057
2022-07-13T03:00:00Z,97.36,97.86,96.89,97.40,74365065
2022-07-13T04:00:00Z,97.40,97.83,96.73,97.16,73244833
2022-07-13T05:00:00Z,97.16,97.73,96.57,97.14,71391171
2022-07-13T06:00:00Z,97.14,98.20,96.59,97.66,68850897
2022-07-13T07:00:00Z,97.66,98.98,97.30,98.62,65689522
2022-07-13T08:00:00Z,98.62,100.07,98.09,99.54,61989403
2022-07-13T09:00:00Z,99.54,100.44,98.94,99.84,57847412
2022-07-13T10:00:00Z,99.84,100.31,98.73,99.20,53372200
2022-07-13T11:00:00Z,99.20,99.63,97.29,97.72,48681123
2022-07-13T12:00:00Z,97.72,98.29,95.36,95.93,48137213
2022-07-13T13:00:00Z,95.93,96.45,93.96,94.48,51743135
2022-07-13T14:00:00Z,94.48,94.82,93.49,93.83,55141170
2022-07-13T15:00:00Z,93.83,94.48,93.32,93.98,58219240
2022-07-13T16:00:00Z,93.98,95.11,93.42,94.55,60873904
2022-07-13T17:00:00Z,94.55,95.44,94.10,94.99,63013411
2022-07-13T18:00:00Z,94.99,95.41,94.54,94.97,64560409
2022-07-13T19:00:00Z,94.97,95.52,93.97,94.53,65454252
2022-07-13T20:00:00Z,94.53,95.05,93.59,94.10,65652824
2022-07-13T21:00:00Z,94.10,94.56,93.76,94.22,65133827
2022-07-13T22:00:00Z,94.22,95.69,93.71,95.18,64982253
2022-07-13T23:00:00Z,95.18,97.42,94.60,96.85,64437662
2022-07-14T00:00:00Z,96.85,99.15,96.39,98.69,63219654
2022-07-14T01:00:00Z,98.69,100.53,98.24,100.08,61379762
2022-07-14T02:00:00Z,100.08,101.17,99.48,100.58,58987184
2022-07-14T03:00:00Z,100.58,101.13,99.68,100.23,56126715
2022-07-14T04:00:00Z,100.23,100.58,99.11,99.47,52896222
2022-07-14T05:00:00Z,99.47,100.00,98.34,98.87,49403761
2022-07-14T06:00:00Z,98.87,99.46,98.25,98.84,45764389
2022-07-14T07:00:00Z,98.84,99.80,98.38,99.34,50546824
2022-07-14T08:00:00Z,99.34,100.41,98.88,99.96,55176748
2022-07-14T09:00:00Z,99.96,100.76,99.37,100.17,59533534
2022-07-14T10:00:00Z,100.17,100.71,99.10,99.64,63503611
2022-07-14T11:00:00Z,99.64,99.99,98.13,98.48,66983673
2022-07-14T12:00:00Z,98.48,99.01,96.64,97.17,69883603
2022-07-14T13:00:00Z,97.17,97.74,95.73,96.30,72129009
2022-07-14T14:00:00Z,96.30,96.74,95.81,96.25,73663325
2022-07-14T15:00:00Z,96.25,97.41,95.81,96.96,74449398
2022-07-14T16:00:00Z,96.96,98.56,96.38,97.97,74470521
2022-07-14T17:00:00Z,97.97,99.23,97.44,98.70,73730886
2022-07-14T18:00:00Z,98.70,99.11,98.35,98.76,72255440
2022-07-14T19:00:00Z,98.76,99.30,97.68,98.22,70089150
2022-07-14T20:00:00Z,98.22,98.80,96.95,97.53,67295694
2022-07-14T21:00:00Z,97.53,97.97,96.82,97.27,63955627
2022-07-14T22:00:00Z,97.27,98.26,96.81,97.81,60164057
2022-07-14T23:00:00Z,97.81,99.68,97.22,99.09,56027919
2022-07-15T00:00:00Z,99.09,101.20,98.54,100.66,51662908
2022-07-15T01:00:00Z,100.66,102.29,100.29,101.92,51430460
2022-07-15T02:00:00Z,101.92,103.07,101.36,102.51,55331714
2022-07-15T03:00:00Z,102.51,103.12,101.85,102.45,59007504
2022-07-15T04:00:00Z,102.45,102.92,101.72,102.18,62344391
2022-07-15T05:00:00Z,102.18,102.70,101.70,102.22,65237667
2022-07-15T06:00:00Z,102.22,103.52,101.61,102.91,67594412
2022-07-15T07:00:00Z,102.91,104.69,102.35,104.13,69336211
2022-07-15T08:00:00Z,104.13,105.78,103.75,105.40,70401464
2022-07-15T09:00:00Z,105.40,106.71,104.82,106.12,70747213
2022-07-15T10:00:00Z,106.12,106.75,105.29,105.92,70350441
2022-07-15T11:00:00Z,105.92,106.39,104.38,104.85,69208796
2022-07-15T12:00:00Z,104.85,105.34,102.93,103.41,67340726
2022-07-15T13:00:00Z,103.41,104.02,101.62,102.23,64785020
2022-07-15T14:00:00Z,102.23,102.77,101.18,101.72,61599762
2022-07-15T15:00:00Z,101.72,102.27,101.35,101.90,57860742
2022-07-15T16:00:00Z,101.90,102.95,101.33,102.38,53659346
2022-07-15T17:00:00Z,102.38,103.25,101.77,102.65,49100013
2022-07-15T18:00:00Z,102.65,103.10,101.94,102.39,44297306
2022-07-15T19:00:00Z,102.39,102.87,101.22,101.70,40627301
2022-07-15T20:00:00Z,101.70,102.31,100.45,101.05,45548836
2022-07-15T21:00:00Z,101.05,101.59,100.46,101.00,50342341
2022-07-15T22:00:00Z,101.00,102.26,100.63,101.88,54886387
2022-07-15T23:00:00Z,101.88,104.15,101.31,103.57,59066485
2022-07-16T00:00:00Z,103.57,106.16,102.95,105.54,62778302
2022-07-16T01:00:00Z,105.54,107.60,105.07,107.13,65930584
2022-07-16T02:00:00Z,107.13,108.40,106.61,107.89,68447704
2022-07-16T03:00:00Z,107.89,108.53,107.17,107.81,70271765
2022-07-16T04:00:00Z,107.81,108.38,106.73,107.30,71364195
2022-07-16T05:00:00Z,107.30,107.70,106.50,106.90,71706786
2022-07-16T06:00:00Z,106.90,107.56,106.30,106.96,71302157
2022-07-16T07:00:00Z,106.96,108.07,106.33,107.43,70173612
2022-07-16T08:00:00Z,107.43,108.38,106.96,107.91,68364420
2022-07-16T09:00:00Z,107.91,108.43,107.34,107.85,65936510
2022-07-16T10:00:00Z,107.85,108.49,106.34,106.98,62968645
2022-07-16T11:00:00Z,106.98,107.53,104.85,105.41,59554112
2022-07-16T12:00:00Z,105.41,105.80,103.28,103.67,55798000
2022-07-16T13:00:00Z,103.67,104.24,101.82,102.40,51814139
2022-07-16T14:00:00Z,102.40,103.00,101.41,102.01,51962101
2022-07-16T15:00:00Z,102.01,102.91,101.57,102.46,56241161
2022-07-16T16:00:00Z,102.46,103.82,101.96,103.32,60290302
2022-07-16T17:00:00Z,103.32,104.61,102.70,103.99,63994258
2022-07-16T18:00:00Z,103.99,104.62,103.44,104.08,67246522
2022-07-16T19:00:00Z,104.08,104.47,103.22,103.62,69952415
2022-07-16T20:00:00Z,103.62,104.20,102.45,103.03,72031812
2022-07-16T21:00:00Z,103.03,103.63,102.24,102.84,73421460
2022-07-16T22:00:00Z,102.84,103.84,102.40,103.40,74076813
2022-07-16T23:00:00Z,103.40,105.11,102.89,104.60,73973336
2022-07-17T00:00:00Z,104.60,106.60,103.96,105.97,73107242
2022-07-17T01:00:00Z,105.97,107.48,105.41,106.92,71495627
2022-07-17T02:00:00Z,106.92,107.49,106.51,107.08,69176026
2022-07-17T03:00:00Z,107.08,107.68,105.90,106.51,66205366
2022-07-17T04:00:00Z,106.51,107.12,105.04,105.66,62658385
2022-07-17T05:00:00Z,105.66,106.11,104.67,105.12,58625530
2022-07-17T06:00:00Z,105.12,105.77,104.60,105.25,54210413
2022-07-17T07:00:00Z,105.25,106.62,104.61,105.98,49526892
2022-07-17T08:00:00Z,105.98,107.41,105.43,106.86,44695855
2022-07-17T09:00:00Z,106.86,107.70,106.44,107.28,48291859
2022-07-17T10:00:00Z,107.28,107.89,106.27,106.88,51746397
2022-07-17T11:00:00Z,106.88,107.49,105.10,105.71,54944600
2022-07-17T12:00:00Z,105.71,106.15,103.79,104.23,57778569
2022-07-17T13:00:00Z,104.23,104.74,102.51,103.02,60150565
2022-07-17T14:00:00Z,103.02,103.63,101.85,102.46,61975898
2022-07-17T15:00:00Z,102.46,103.07,101.94,102.54,63209012
2022-07-17T16:00:00Z,102.54,103.23,102.14,102.83,65150067
2022-07-17T17:00:00Z,102.83,103.41,102.21,102.79,66384576
2022-07-17T18:00:00Z,102.79,103.39,101.53,102.12,66893636
2022-07-17T19:00:00Z,102.12,102.54,100.49,100.91,66679051
2022-07-17T20:00:00Z,100.91,101.41,99.16,99.66,65763194
2022-07-17T21:00:00Z,99.66,100.25,98.36,98.96,64188292
2022-07-17T22:00:00Z,98.96,99.69,98.45,99.18,62015127
2022-07-17T23:00:00Z,99.18,100.64,98.78,100.24,59321214
2022-07-18T00:00:00Z,100.24,102.24,99.66,101.66,56198499
2022-07-18T01:00:00Z,101.66,103.39,101.07,102.80,52750639
2022-07-18T02:00:00Z,102.80,103.64,102.37,103.22,49089957
2022-07-18T03:00:00Z,103.22,103.73,102.40,102.91,49574441
2022-07-18T04:00:00Z,102.91,103.53,101.65,102.26,54201717
2022-07-18T05:00:00Z,102.26,102.78,101.27,101.79,58609064
2022-07-18T06:00:00Z,101.79,102.21,101.38,101.80,62679460
2022-07-18T07:00:00Z,101.80,102.81,101.22,102.22,66304605
2022-07-18T08:00:00Z,102.22,103.18,101.63,102.58,69387992
2022-07-18T09:00:00Z,102.58,103.00,101.92,102.34,71847647
2022-07-18T10:00:00Z,102.34,102.85,100.65,101.16,73618456
2022-07-18T11:00:00Z,101.16,101.76,98.60,99.19,74654004
2022-07-18T12:00:00Z,99.19,99.68,96.46,96.95,74927896
2022-07-18T13:00:00Z,96.95,97.34,94.72,95.11,74434495
2022-07-18T14:00:00Z,95.11,95.65,93.56,94.10,73189073
2022-07-18T15:00:00Z,94.10,94.64,93.40,93.94,71227368
2022-07-18T16:00:00Z,93.94,94.61,93.56,94.23,68604559
2022-07-18T17:00:00Z,94.23,94.88,93.75,94.40,65393677
2022-07-18T18:00:00Z,94.40,94.97,93.54,94.11,61683524
2022-07-18T19:00:00Z,94.11,94.58,92.91,93.38,57576130
2022-07-18T20:00:00Z,93.38,93.76,92.26,92.64,53183847
2022-07-18T21:00:00Z,92.64,93.17,91.87,92.40,48626136
2022-07-18T22:00:00Z,92.40,93.51,91.87,92.98,52476216
2022-07-18T23:00:00Z,92.98,94.60,92.60,94.23,56164336
2022-07-19T00:00:00Z,94.23,96.13,93.74,95.64,59574480
2022-07-19T01:00:00Z,95.64,97.17,95.06,96.59,62597714
2022-07-19T02:00:00Z,96.59,97.15,96.11,96.67,65135371
2022-07-19T03:00:00Z,96.67,97.07,95.52,95.92,67101948
2022-07-19T04:00:00Z,95.92,96.47,94.25,94.80,68427626
2022-07-19T05:00:00Z,94.80,95.33,93.35,93.88,69060343
2022-07-19T06:00:00Z,93.88,94.25,93.21,93.58,68967363
2022-07-19T07:00:00Z,93.58,94.32,93.09,93.83,68136283
2022-07-19T08:00:00Z,93.83,94.81,93.27,94.24,66575471
2022-07-19T09:00:00Z,94.24,94.72,93.78,94.25,64313896
2022-07-19T10:00:00Z,94.25,94.64,93.12,93.52,61400373
2022-07-19T11:00:00Z,93.52,94.05,91.59,92.12,57902243
2022-07-19T12:00:00Z,92.12,92.64,90.02,90.54,54095228
2022-07-19T13:00:00Z,90.54,90.89,89.00,89.35,51092551
2022-07-19T14:00:00Z,89.35,89.81,88.46,88.92,47789739
2022-07-19T15:00:00Z,88.92,89.73,88.39,89.19,44298404
2022-07-19T16:00:00Z,89.19,90.15,88.75,89.71,44975703
2022-07-19T17:00:00Z,89.71,90.28,89.33,89.90,49818319
2022-07-19T18:00:00Z,89.90,90.43,88.89,89.41,54462476
2022-07-19T19:00:00Z,89.41,89.91,87.81,88.31,58789992
2022-07-19T20:00:00Z,88.31,88.65,86.73,87.07,62691306
2022-07-19T21:00:00Z,87.07,87.52,85.83,86.28,66068562
2022-07-19T22:00:00Z,86.28,86.85,85.77,86.33,68838344
2022-07-19T23:00:00Z,86.33,87.58,85.90,87.15,70934019
2022-07-20T00:00:00Z,87.15,88.67,86.78,88.30,72307582
2022-07-20T01:00:00Z,88.30,89.69,87.78,89.17,72930981
2022-07-20T02:00:00Z,89.17,89.88,88.66,89.37,72796868
2022-07-20T03:00:00Z,89.37,89.71,88.60,88.94,71918756
2022-07-20T04:00:00Z,88.94,89.40,87.81,88.27,70330583
2022-07-20T05:00:00Z,88.27,88.80,87.38,87.90,68085697
2022-07-20T06:00:00Z,87.90,88.57,87.47,88.14,65255281
2022-07-20T07:00:00Z,88.14,89.27,87.76,88.89,61926271
2022-07-20T08:00:00Z,88.89,90.18,88.36,89.65,58198832
2022-07-20T09:00:00Z,89.65,90.34,89.15,89.84,54183452
2022-07-20T10:00:00Z,89.84,90.18,88.75,89.09,49997750
2022-07-20T11:00:00Z,89.09,89.55,87.04,87.50,54213120
2022-07-20T12:00:00Z,87.50,88.01,85.05,85.56,58258022
2022-07-20T13:00:00Z,85.56,85.97,83.52,83.92,62014694
2022-07-20T14:00:00Z,83.92,84.29,82.66,83.03,65372503
2022-07-20T15:00:00Z,83.03,83.51,82.39,82.88,68231145
2022-07-20T16:00:00Z,82.88,83.58,82.41,83.11,70503544
2022-07-20T17:00:00Z,83.11,83.51,82.80,83.20,72118383
2022-07-20T18:00:00Z,83.20,83.64,82.38,82.82,73022183
2022-07-20T19:00:00Z,82.82,83.31,81.57,82.06,73180881
2022-07-20T20:00:00Z,82.06,82.45,80.97,81.36,72580842
2022-07-20T21:00:00Z,81.36,81.72,80.93,81.28,71229301
2022-07-20T22:00:00Z,81.28,82.62,80.80,82.13,69154202
2022-07-20T23:00:00Z,82.13,84.24,81.67,83.78,66403448
2022-07-21T00:00:00Z,83.78,86.00,83.46,85.68,63043581
2022-07-21T01:00:00Z,85.68,87.65,85.21,87.18,59157929
2022-07-21T02:00:00Z,87.18,88.37,86.66,87.85,54844275
2022-07-21T03:00:00Z,87.85,88.26,87.25,87.67,50212109
2022-07-21T04:00:00Z,87.67,88.05,86.68,87.06,45379555
2022-07-21T05:00:00Z,87.06,87.57,86.08,86.59,44710339
2022-07-21T06:00:00Z,86.59,87.09,86.11,86.61,48207741
2022-07-21T07:00:00Z,86.61,87.41,86.29,87.10,51514572
2022-07-21T08:00:00Z,87.10,88.10,86.63,87.63,54519201
2022-07-21T09:00:00Z,87.63,88.22,87.11,87.69,57478396
2022-07-21T10:00:00Z,87.69,88.10,86.57,86.98,60978727
2022-07-21T11:00:00Z,86.98,87.36,85.22,85.60,63896515
2022-07-21T12:00:00Z,85.60,86.10,83.58,84.08,66164401
2022-07-21T13:00:00Z,84.08,84.54,82.56,83.02,67733537
2022-07-21T14:00:00Z,83.02,83.32,82.53,82.83,68574913
2022-07-21T15:00:00Z,82.83,83.90,82.38,83.46,68680112
2022-07-21T16:00:00Z,83.46,84.94,82.95,84.43,68061475
2022-07-21T17:00:00Z,84.43,85.58,84.04,85.18,66751672
2022-07-21T18:00:00Z,85.18,85.68,84.79,85.30,64802685
2022-07-21T19:00:00Z,85.30,85.80,84.32,84.83,62284247
2022-07-21T20:00:00Z,84.83,85.29,83.73,84.19,59281768
2022-07-21T21:00:00Z,84.19,84.49,83.66,83.96,55893813
2022-07-21T22:00:00Z,83.96,84.92,83.50,84.46,52229207
2022-07-21T23:00:00Z,84.46,86.15,83.95,85.64,48403851
2022-07-22T00:00:00Z,85.64,87.42,85.23,87.02,52987373
2022-07-22T01:00:00Z,87.02,88.42,86.62,88.02,57406432
2022-07-22T02:00:00Z,88.02,88.80,87.50,88.28,61541431
2022-07-22T03:00:00Z,88.28,88.76,87.37,87.85,65279886
2022-07-22T04:00:00Z,87.85,88.16,86.88,87.19,68519627
2022-07-22T05:00:00Z,87.19,87.66,86.38,86.86,71171711
2022-07-22T06:00:00Z,86.86,87.72,86.34,87.21,73162963
2022-07-22T07:00:00Z,87.21,88.56,86.80,88.16,74438061
2022-07-22T08:00:00Z,88.16,89.64,87.75,89.23,74961121
2022-07-22T09:00:00Z,89.23,90.36,88.70,89.83,74716724
2022-07-22T10:00:00Z,89.83,90.32,89.09,89.58,73710364
2022-07-22T11:00:00Z,89.58,89.89,88.23,88.54,71968293
2022-07-22T12:00:00Z,88.54,89.01,86.69,87.17,69536785
2022-07-22T13:00:00Z,87.17,87.68,85.55,86.06,66480816
2022-07-22T14:00:00Z,86.06,86.45,85.24,85.63,62882227
2022-07-22T15:00:00Z,85.63,86.26,85.24,85.86,58837393
2022-07-22T16:00:00Z,85.86,86.86,85.35,86.35,54454490
2022-07-22T17:00:00Z,86.35,87.04,85.88,86.57,49850419
2022-07-22T18:00:00Z,86.57,86.88,85.92,86.22,49387789
2022-07-22T19:00:00Z,86.22,86.69,84.94,85.41,53068866
2022-07-22T20:00:00Z,85.41,85.91,84.11,84.61,56535562
2022-07-22T21:00:00Z,84.61,84.99,84.03,84.42,59675463
2022-07-22T22:00:00Z,84.42,85.58,84.02,85.18,62384826
2022-07-22T23:00:00Z,85.18,87.32,84.66,86.81,64571631
2022-07-23T00:00:00Z,86.81,89.27,86.33,88.79,66158295
2022-07-23T01:00:00Z,88.79,90.79,88.46,90.47,67083978
2022-07-23T02:00:00Z,90.47,91.91,89.96,91.41,67306407
2022-07-23T03:00:00Z,91.41,92.13,90.87,91.58,66803169
2022-07-23T04:00:00Z,91.58,91.99,90.97,91.38,65572431
2022-07-23T05:00:00Z,91.38,91.81,90.89,91.32,63633079
2022-07-23T06:00:00Z,91.32,92.27,90.77,91.73,61552205
2022-07-23T07:00:00Z,91.73,93.02,91.23,92.52,59729322
2022-07-23T08:00:00Z,92.52,93.61,92.19,93.27,57361838
2022-07-23T09:00:00Z,93.27,93.95,92.75,93.43,54534423
2022-07-23T10:00:00Z,93.43,93.98,92.14,92.68,51344784
2022-07-23T11:00:00Z,92.68,93.09,90.76,91.17,47900776
2022-07-23T12:00:00Z,91.17,91.59,89.00,89.42,44317217
2022-07-23T13:00:00Z,89.42,89.95,87.57,88.09,49162554
2022-07-23T14:00:00Z,88.09,88.56,87.15,87.62,53862161
2022-07-23T15:00:00Z,87.62,88.32,87.30,87.99,58295068
2022-07-23T16:00:00Z,87.99,89.28,87.50,88.79,62347332
2022-07-23T17:00:00Z,88.79,89.96,88.26,89.44,65915245
2022-07-23T18:00:00Z,89.44,89.96,89.04,89.56,68908259
2022-07-23T19:00:00Z,89.56,89.99,88.78,89.20,71251526
2022-07-23T20:00:00Z,89.20,89.73,88.22,88.75,72888001
2022-07-23T21:00:00Z,88.75,89.23,88.28,88.75,73780030
2022-07-23T22:00:00Z,88.75,89.84,88.42,89.50,73910388
2022-07-23T23:00:00Z,89.50,91.40,89.00,90.89,73282732
2022-07-24T00:00:00Z,90.89,92.96,90.35,92.42,71921460
2022-07-24T01:00:00Z,92.42,93.87,92.01,93.46,69870979
2022-07-24T02:00:00Z,93.46,94.10,93.02,93.65,67194402
2022-07-24T03:00:00Z,93.65,94.21,92.48,93.04,63971708
2022-07-24T04:00:00Z,93.04,93.52,91.59,92.08,60297434
2022-07-24T05:00:00Z,92.08,92.42,91.02,91.37,56277939
2022-07-24T06:00:00Z,91.37,91.88,90.78,91.29,52028346
2022-07-24T07:00:00Z,91.29,92.35,90.75,91.81,51909525
2022-07-24T08:00:00Z,91.81,92.89,91.41,92.49,55922060
2022-07-24T09:00:00Z,92.49,93.21,92.04,92.76,59706239
2022-07-24T10:00:00Z,92.76,93.32,91.73,92.28,63148094
2022-07-24T11:00:00Z,92.28,92.76,90.64,91.12,66142401
2022-07-24T12:00:00Z,91.12,91.46,89.38,89.72,68595746
2022-07-24T13:00:00Z,89.72,90.22,88.18,88.68,70429239
2022-07-24T14:00:00Z,88.68,89.20,87.85,88.37,71580833
2022-07-24T15:00:00Z,88.37,89.10,87.99,88.72,72007147
2022-07-24T16:00:00Z,88.72,89.74,88.29,89.31,71684769
2022-07-24T17:00:00Z,89.31,90.11,88.77,89.57,70610982
2022-07-24T18:00:00Z,89.57,90.04,88.70,89.16,68803902
2022-07-24T19:00:00Z,89.16,89.50,87.84,88.18,66302018
2022-07-24T20:00:00Z,88.18,88.67,86.60,87.10,63163154
2022-07-24T21:00:00Z,87.10,87.60,86.01,86.52,59462869
2022-07-24T22:00:00Z,86.52,87.19,86.15,86.82,55292362
2022-07-24T23:00:00Z,86.82,88.38,86.39,87.95,50755919
2022-07-25T00:00:00Z,87.95,89.97,87.41,89.43,45967991
2022-07-25T01:00:00Z,89.43,91.13,88.96,90.66,41049980
2022-07-25T02:00:00Z,90.66,91.57,90.30,91.21,44576866
2022-07-25T03:00:00Z,91.21,91.73,90.60,91.11,48676505
2022-07-25T04:00:00Z,91.11,91.64,90.22,90.75,53238536
2022-07-25T05:00:00Z,90.75,91.13,90.24,90.63,57444691
2022-07-25T06:00:00Z,90.63,91.51,90.18,91.06,61190509
2022-07-25T07:00:00Z,91.06,92.50,90.51,91.95,64384568
2022-07-25T08:00:00Z,91.95,93.29,91.47,92.81,66951038
2022-07-25T09:00:00Z,92.81,93.42,92.44,93.05,68831780
2022-07-25T10:00:00Z,93.05,93.58,91.81,92.34,69987943
2022-07-25T11:00:00Z,92.34,92.86,90.24,90.77,70401009
2022-07-25T12:00:00Z,90.77,91.14,88.48,88.85,70073249
2022-07-25T13:00:00Z,88.85,89.29,86.82,87.26,69027594
2022-07-25T14:00:00Z,87.26,87.77,85.90,86.42,67306904
2022-07-25T15:00:00Z,86.42,86.86,85.91,86.35,64972676
2022-07-25T16:00:00Z,86.35,87.03,86.01,86.68,62103214
2022-07-25T17:00:00Z,86.68,87.37,86.19,86.87,58791324
2022-07-25T18:00:00Z,86.87,87.37,86.09,86.59,55141589
2022-07-25T19:00:00Z,86.59,86.94,85.55,85.90,51267322
2022-07-25T20:00:00Z,85.90,86.33,84.81,85.24,51527555
2022-07-25T21:00:00Z,85.24,85.75,84.63,85.14,55921015
2022-07-25T22:00:00Z,85.14,86.34,84.70,85.90,60086124
2022-07-25T23:00:00Z,85.90,87.75,85.55,87.40,63907048
2022-07-26T00:00:00Z,87.40,89.61,86.89,89.10,67276707
2022-07-26T01:00:00Z,89.10,90.87,88.58,90.35,70099847
2022-07-26T02:00:00Z,90.35,91.09,89.97,90.72,72295770
2022-07-26T03:00:00Z,90.72,91.17,89.77,90.23,73800650
2022-07-26T04:00:00Z,90.23,90.76,88.78,89.31,74569378
2022-07-26T05:00:00Z,89.31,89.76,88.10,88.55,74576864
2022-07-26T06:00:00Z,88.55,88.90,87.95,88.31,73818776
2022-07-26T07:00:00Z,88.31,89.09,87.80,88.58,72311683
2022-07-26T08:00:00Z,88.58,89.46,88.07,88.95,70092605
2022-07-26T09:00:00Z,88.95,89.31,88.53,88.89,67217980
2022-07-26T10:00:00Z,88.89,89.34,87.64,88.09,63762074
2022-07-26T11:00:00Z,88.09,88.61,86.13,86.65,59814889
2022-07-26T12:00:00Z,86.65,87.08,84.64,85.07,55479616
2022-07-26T13:00:00Z,85.07,85.41,83.62,83.96,50869721
2022-07-26T14:00:00Z,83.96,84.44,83.21,83.70,46105735
2022-07-26T15:00:00Z,83.70,84.71,83.22,84.22,49761883
2022-07-26T16:00:00Z,84.22,85.42,83.88,85.08,53269366
2022-07-26T17:00:00Z,85.08,86.11,84.64,85.67,56513053
2022-07-26T18:00:00Z,85.67,86.18,85.11,85.62,59384824
2022-07-26T19:00:00Z,85.62,86.05,84.56,84.98,61786756
2022-07-26T20:00:00Z,84.98,85.33,83.84,84.19,63634009
2022-07-26T21:00:00Z,84.19,84.68,83.34,83.82,64857349
2022-07-26T22:00:00Z,83.82,84.72,83.34,84.24,65405216
2022-07-26T23:00:00Z,84.24,85.71,83.90,85.38,65245287
2022-07-27T00:00:00Z,85.38,87.22,84.93,86.78,65229530
2022-07-27T01:00:00Z,86.78,88.39,86.25,87.86,65033905
2022-07-27T02:00:00Z,87.86,88.69,87.42,88.25,64145067
2022-07-27T03:00:00Z,88.25,88.62,87.63,88.00,62605109
2022-07-27T04:00:00Z,88.00,88.51,87.03,87.54,60474643
2022-07-27T05:00:00Z,87.54,88.03,86.91,87.41,57830974
2022-07-27T06:00:00Z,87.41,88.29,87.06,87.95,54765801
2022-07-27T07:00:00Z,87.95,89.52,87.49,89.06,51382501
2022-07-27T08:00:00Z,89.06,90.80,88.52,90.26,47793081
2022-07-27T09:00:00Z,90.26,91.39,89.81,90.94,48355179
2022-07-27T10:00:00Z,90.94,91.32,90.34,90.73,53066040
2022-07-27T11:00:00Z,90.73,91.25,89.16,89.68,57562535
2022-07-27T12:00:00Z,89.68,90.18,87.77,88.27,61727205
2022-07-27T13:00:00Z,88.27,88.61,86.79,87.13,65451288
2022-07-27T14:00:00Z,87.13,87.58,86.21,86.66,68637792
2022-07-27T15:00:00Z,86.66,87.38,86.14,86.86,71204240
2022-07-27T16:00:00Z,86.86,87.78,86.43,87.35,73084992
2022-07-27T17:00:00Z,87.35,87.98,86.97,87.61,74233097
2022-07-27T18:00:00Z,87.61,88.12,86.82,87.33,74621607
2022-07-27T19:00:00Z,87.33,87.82,86.13,86.62,74244324
2022-07-27T20:00:00Z,86.62,86.95,85.62,85.95,73115951
2022-07-27T21:00:00Z,85.95,86.40,85.44,85.89,71271655
2022-07-27T22:00:00Z,85.89,87.30,85.37,86.78,68766036
2022-07-27T23:00:00Z,86.78,88.94,86.35,88.51,65671554
2022-07-28T00:00:00Z,88.51,90.95,88.12,90.56,62076440
2022-07-28T01:00:00Z,90.56,92.81,90.02,92.27,58082161
2022-07-28T02:00:00Z,92.27,93.71,91.74,93.19,53800513
2022-07-28T03:00:00Z,93.19,93.66,92.83,93.31,49350418
2022-07-28T04:00:00Z,93.31,93.80,92.53,93.02,53304566
2022-07-28T05:00:00Z,93.02,93.58,92.30,92.86,57092696
2022-07-28T06:00:00Z,92.86,93.62,92.41,93.17,60598304
2022-07-28T07:00:00Z,93.17,94.30,92.76,93.89,63711987
2022-07-28T08:00:00Z,93.89,95.16,93.34,94.60,66334635
2022-07-28T09:00:00Z,94.60,95.31,94.07,94.78,68380329
2022-07-28T10:00:00Z,94.78,95.13,93.76,94.11,69778863
2022-07-28T11:00:00Z,94.11,94.60,92.25,92.74,70477818
2022-07-28T12:00:00Z,92.74,93.29,90.65,91.20,70444132
2022-07-28T13:00:00Z,91.20,91.63,89.70,90.13,69665114
2022-07-28T14:00:00Z,90.13,90.52,89.56,89.95,68148875
2022-07-28T15:00:00Z,89.95,91.17,89.42,90.64,65924166
2022-07-28T16:00:00Z,90.64,92.27,90.13,91.76,63039623
2022-07-28T17:00:00Z,91.76,93.07,91.41,92.73,59562443
2022-07-28T18:00:00Z,92.73,93.65,92.23,93.16,55576528
2022-07-28T19:00:00Z,93.16,93.72,92.52,93.08,51180153
2022-07-28T20:00:00Z,93.08,93.52,92.46,92.90,46483213
2022-07-28T21:00:00Z,92.90,93.57,92.49,93.16,42636146
2022-07-28T22:00:00Z,93.16,94.72,92.60,94.16,43333379
2022-07-28T23:00:00Z,94.16,96.36,93.63,95.82,48203973
2022-07-29T00:00:00Z,95.82,98.01,95.47,97.65,52884015
2022-07-29T01:00:00Z,97.65,99.57,97.12,99.04,57255148
2022-07-29T02:00:00Z,99.04,100.22,98.45,99.63,61207596
2022-07-29T03:00:00Z,99.63,100.10,99.00,99.47,64643253
2022-07-29T04:00:00Z,99.47,99.91,98.57,99.01,67478418
2022-07-29T05:00:00Z,99.01,99.60,98.28,98.86,69646136
2022-07-29T06:00:00Z,98.86,99.92,98.31,99.37,71098051
2022-07-29T07:00:00Z,99.37,100.86,99.01,100.50,71805726
2022-07-29T08:00:00Z,100.50,102.33,99.95,101.78,71761400
2022-07-29T09:00:00Z,101.78,103.25,101.17,102.64,70978147
2022-07-29T10:00:00Z,102.64,103.19,102.16,102.71,69489440
2022-07-29T11:00:00Z,102.71,103.17,101.59,102.05,67348140
2022-07-29T12:00:00Z,102.05,102.64,100.50,101.10,64624922
2022-07-29T13:00:00Z,101.10,101.65,99.90,100.45,61406198
2022-07-29T14:00:00Z,100.45,100.84,100.09,100.48,57791593
2022-07-29T15:00:00Z,100.48,101.70,99.94,101.15,53891041
2022-07-29T16:00:00Z,101.15,102.64,100.55,102.03,49821599
2022-07-29T17:00:00Z,102.03,103.06,101.56,102.58,54154092
2022-07-29T18:00:00Z,102.58,103.05,102.01,102.47,58316407
2022-07-29T19:00:00Z,102.47,103.08,101.20,101.81,62190204
2022-07-29T20:00:00Z,101.81,102.36,100.52,101.07,65664281
2022-07-29T21:00:00Z,101.07,101.43,100.51,100.87,68637760
2022-07-29T22:00:00Z,100.87,102.12,100.32,101.57,71023004
2022-07-29T23:00:00Z,101.57,103.72,100.96,103.11,72748144
2022-07-30T00:00:00Z,103.11,105.49,102.63,105.01,73759162
2022-07-30T01:00:00Z,105.01,107.12,104.52,106.63,74021467
2022-07-30T02:00:00Z,106.63,108.20,105.99,107.56,73520918
2022-07-30T03:00:00Z,107.56,108.38,106.97,107.79,72264262
2022-07-30T04:00:00Z,107.79,108.16,107.32,107.70,70278980
2022-07-30T05:00:00Z,107.70,108.40,107.11,107.81,67612533
2022-07-30T06:00:00Z,107.81,109.08,107.17,108.43,64331051
2022-07-30T07:00:00Z,108.43,109.97,107.93,109.47,60517478
2022-07-30T08:00:00Z,109.47,110.96,108.96,110.45,56269243
2022-07-30T09:00:00Z,110.45,111.48,109.79,110.82,51695518
2022-07-30T10:00:00Z,110.82,111.42,109.64,110.24,46914138
2022-07-30T11:00:00Z,110.24,110.63,108.46,108.84,46288582
2022-07-30T12:00:00Z,108.84,109.43,106.55,107.14,49821911
2022-07-30T13:00:00Z,107.14,107.77,105.18,105.80,53156764
2022-07-30T14:00:00Z,105.80,106.28,104.80,105.28,56181371
2022-07-30T15:00:00Z,105.28,106.07,104.79,105.58,58792554
2022-07-30T16:00:00Z,105.58,106.94,104.95,106.31,60898774
2022-07-30T17:00:00Z,106.31,107.50,105.73,106.92,62422843
2022-07-30T18:00:00Z,106.92,107.45,106.53,107.06,64504109
2022-07-30T19:00:00Z,107.06,107.65,106.20,106.79,66094151
2022-07-30T20:00:00Z,106.79,107.42,105.89,106.52,66964462
2022-07-30T21:00:00Z,106.52,107.25,106.04,106.77,67106485
2022-07-30T22:00:00Z,106.77,108.36,106.27,107.86,66532380
2022-07-30T23:00:00Z,107.86,110.28,107.20,109.63,65274598
2022-07-31T00:00:00Z,109.63,112.17,109.03,111.57,63384866
2022-07-31T01:00:00Z,111.57,113.45,111.16,113.04,60932629
2022-07-31T02:00:00Z,113.04,114.26,112.42,113.63,58002970
2022-07-31T03:00:00Z,113.63,114.30,112.69,113.36,54694099
2022-07-31T04:00:00Z,113.36,113.87,112.19,112.69,51114453
2022-07-31T05:00:00Z,112.69,113.22,111.66,112.19,47379517
2022-07-31T06:00:00Z,112.19,112.92,111.52,112.25,52058476
2022-07-31T07:00:00Z,112.25,113.46,111.65,112.85,56577522
2022-07-31T08:00:00Z,112.85,113.99,112.44,113.57,60816568
2022-07-31T09:00:00Z,113.57,114.50,112.94,113.87,64662620
2022-07-31T10:00:00Z,113.87,114.54,112.75,113.42,68012982
2022-07-31T11:00:00Z,113.42,113.91,111.81,112.30,70778169
2022-07-31T12:00:00Z,112.30,112.83,110.48,111.00,72884451
2022-07-31T13:00:00Z,111.00,111.66,109.46,110.11,74275943
2022-07-31T14:00:00Z,110.11,110.70,109.42,110.00,74916191
2022-07-31T15:00:00Z,110.00,111.01,109.59,110.60,74789202
2022-07-31T16:00:00Z,110.60,112.08,109.98,111.46,73899895
2022-07-31T17:00:00Z,111.46,112.65,110.80,111.99,72273950
2022-07-31T18:00:00Z,111.99,112.48,111.34,111.83,69957069
2022-07-31T19:00:00Z,111.83,112.36,110.51,111.04,67013669
2022-07-31T20:00:00Z,111.04,111.70,109.42,110.08,63525039
2022-07-31T21:00:00Z,110.08,110.66,108.96,109.54,59587016
2022-07-31T22:00:00Z,109.54,110.21,109.13,109.80,55307252
2022-07-31T23:00:00Z,109.80,111.41,109.18,110.79,50802144
2022-08-01T00:00:00Z,110.79,112.73,110.13,112.07,50433815
2022-08-01T01:00:00Z,112.07,113.53,111.58,113.04,54204069
2022-08-01T02:00:00Z,113.04,113.88,112.50,113.33,57754382
2022-08-01T03:00:00Z,113.33,114.01,112.29,112.97,60971930
2022-08-01T04:00:00Z,112.97,113.56,111.78,112.37,63752591
2022-08-01T05:00:00Z,112.37,112.79,111.65,112.07,66003994
2022-08-01T06:00:00Z,112.07,113.03,111.44,112.40,67648240
2022-08-01T07:00:00Z,112.40,113.91,111.74,113.25,68624208
2022-08-01T08:00:00Z,113.25,114.62,112.76,114.13,68889377
2022-08-01T09:00:00Z,114.13,115.01,113.58,114.45,68421125
2022-08-01T10:00:00Z,114.45,115.13,113.15,113.83,67217450
2022-08-01T11:00:00Z,113.83,114.42,111.77,112.36,65297103
2022-08-01T12:00:00Z,112.36,112.78,110.10,110.53,62699130
2022-08-01T13:00:00Z,110.53,111.14,108.35,108.97,59481822
2022-08-01T14:00:00Z,108.97,109.60,107.48,108.11,55721125
2022-08-01T15:00:00Z,108.11,108.57,107.51,107.97,52876214
2022-08-01T16:00:00Z,107.97,108.70,107.44,108.17,49708452
2022-08-01T17:00:00Z,108.17,108.84,107.52,108.19,46294335
2022-08-01T18:00:00Z,108.19,108.75,107.16,107.72,42748536
2022-08-01T19:00:00Z,107.72,108.13,106.43,106.84,47639316
2022-08-01T20:00:00Z,106.84,107.45,105.43,106.03,52391827
2022-08-01T21:00:00Z,106.03,106.64,105.21,105.83,56884840
2022-08-01T22:00:00Z,105.83,107.02,105.38,106.57,61004116
2022-08-01T23:00:00Z,106.57,108.65,106.03,108.12,64645622
2022-08-02T00:00:00Z,108.12,110.61,107.46,109.95,67718446
2022-08-02T01:00:00Z,109.95,111.97,109.37,111.39,70147352
2022-08-02T02:00:00Z,111.39,112.45,110.95,112.01,71874873
2022-08-02T03:00:00Z,112.01,112.65,111.16,111.80,72862912
2022-08-02T04:00:00Z,111.80,112.44,110.50,111.15,73093770
2022-08-02T05:00:00Z,111.15,111.61,110.15,110.62,72570615
2022-08-02T06:00:00Z,110.62,111.16,110.01,110.56,71317332
2022-08-02T07:00:00Z,110.56,111.60,109.90,110.94,69377799
2022-08-02T08:00:00Z,110.94,111.91,110.37,111.33,66814585
2022-08-02T09:00:00Z,111.33,111.77,110.78,111.22,63707115
2022-08-02T10:00:00Z,111.22,111.85,109.67,110.30,60149360
2022-08-02T11:00:00Z,110.30,110.93,108.08,108.70,56247110
2022-08-02T12:00:00Z,108.70,109.15,106.50,106.94,52114913
2022-08-02T13:00:00Z,106.94,107.47,105.12,105.65,52113064
2022-08-02T14:00:00Z,105.65,106.28,104.60,105.23,56241574
2022-08-02T15:00:00Z,105.23,106.17,104.69,105.63,60140163
2022-08-02T16:00:00Z,105.63,106.85,105.21,106.42,63694302
2022-08-02T17:00:00Z,106.42,107.61,105.81,107.00,66798219
2022-08-02T18:00:00Z,107.00,107.61,106.35,106.97,69357961
2022-08-02T19:00:00Z,106.97,107.41,105.94,106.37,71294118
2022-08-02T20:00:00Z,106.37,106.91,105.10,105.63,72544139
2022-08-02T21:00:00Z,105.63,106.26,104.65,105.28,73064163
2022-08-02T22:00:00Z,105.28,106.21,104.75,105.67,72830317
2022-08-02T23:00:00Z,105.67,107.14,105.24,106.71,71839451
2022-08-03T00:00:00Z,106.71,108.56,106.09,107.94,70109275
2022-08-03T01:00:00Z,107.94,109.39,107.31,108.76,67677902
2022-08-03T02:00:00Z,108.76,109.25,108.32,108.81,64602809
2022-08-03T03:00:00Z,108.81,109.36,107.61,108.16,60959244
2022-08-03T04:00:00Z,108.16,108.80,106.61,107.25,56838128
2022-08-03T05:00:00Z,107.25,107.79,106.13,106.67,52343504
2022-08-03T06:00:00Z,106.67,107.21,106.23,106.77,47589620
2022-08-03T07:00:00Z,106.77,108.11,106.15,107.49,42697709
2022-08-03T08:00:00Z,107.49,108.98,106.87,108.36,46242626
2022-08-03T09:00:00Z,108.36,109.22,107.92,108.78,49656115
2022-08-03T10:00:00Z,108.78,109.33,107.83,108.38,52823505
2022-08-03T11:00:00Z,108.38,109.03,106.58,107.22,55773947
2022-08-03T12:00:00Z,107.22,107.75,105.23,105.76,59534499
2022-08-03T13:00:00Z,105.76,106.19,104.15,104.58,62751405
2022-08-03T14:00:00Z,104.58,105.18,103.49,104.09,65348719
2022-08-03T15:00:00Z,104.09,104.84,103.49,104.25,67268154
2022-08-03T16:00:00Z,104.25,105.07,103.83,104.66,68470669
2022-08-03T17:00:00Z,104.66,105.32,104.12,104.78,68937518
2022-08-03T18:00:00Z,104.78,105.41,103.69,104.32,68670710
2022-08-03T19:00:00Z,104.32,104.83,102.85,103.36,67692876
2022-08-03T20:00:00Z,103.36,103.79,101.98,102.41,66046545
2022-08-03T21:00:00Z,102.41,103.00,101.46,102.05,63792849
2022-08-03T22:00:00Z,102.05,103.23,101.47,102.65,61009698
2022-08-03T23:00:00Z,102.65,104.53,102.24,104.12,57789474
2022-08-04T00:00:00Z,104.12,106.50,103.57,105.95,54236313
2022-08-04T01:00:00Z,105.95,108.17,105.31,107.52,50463054
2022-08-04T02:00:00Z,107.52,108.91,106.98,108.38,50828234
2022-08-04T03:00:00Z,108.38,108.96,107.92,108.51,55330066
2022-08-04T04:00:00Z,108.51,109.14,107.66,108.29,59606442
2022-08-04T05:00:00Z,108.29,108.90,107.63,108.24,63540982
2022-08-04T06:00:00Z,108.24,109.10,107.82,108.68,67026051
2022-08-04T07:00:00Z,108.68,110.09,108.11,109.52,69965828
2022-08-04T08:00:00Z,109.52,110.97,108.86,110.31,72279044
2022-08-04T09:00:00Z,110.31,111.04,109.77,110.50,73901300
2022-08-04T10:00:00Z,110.50,110.97,109.31,109.77,74786910
2022-08-04T11:00:00Z,109.77,110.41,107.63,108.26,74910213
2022-08-04T12:00:00Z,108.26,108.86,105.89,106.49,74266309
2022-08-04T13:00:00Z,106.49,106.90,104.72,105.13,72871208
2022-08-04T14:00:00Z,105.13,105.67,104.06,104.61,70761382
2022-08-04T15:00:00Z,104.61,105.56,103.98,104.93,67992733
2022-08-04T16:00:00Z,104.93,106.20,104.41,105.69,64639008
2022-08-04T17:00:00Z,105.69,106.77,105.23,106.32,60789709
2022-08-04T18:00:00Z,106.32,107.07,105.69,106.45,56547547
2022-08-04T19:00:00Z,106.45,107.05,105.53,106.12,52025533
2022-08-04T20:00:00Z,106.12,106.53,105.35,105.75,47343766
2022-08-04T21:00:00Z,105.75,106.41,105.20,105.86,51076070
2022-08-04T22:00:00Z,105.86,107.38,105.22,106.74,54653271
2022-08-04T23:00:00Z,106.74,108.80,106.22,108.28,57959898
2022-08-05T00:00:00Z,108.28,110.44,107.80,109.96,60887524
2022-08-05T01:00:00Z,109.96,111.82,109.31,111.17,63337949
2022-08-05T02:00:00Z,111.17,112.14,110.55,111.51,65226098
2022-08-05T03:00:00Z,111.51,111.93,110.61,111.03,66482535
2022-08-05T04:00:00Z,111.03,111.61,109.59,110.17,67055539
2022-08-05T05:00:00Z,110.17,110.83,108.90,109.55,66912665
2022-08-05T06:00:00Z,109.55,110.08,109.02,109.54,66041756
2022-08-05T07:00:00Z,109.54,110.60,109.06,110.12,64451373
2022-08-05T08:00:00Z,110.12,111.50,109.47,110.85,62475662
2022-08-05T09:00:00Z,110.85,111.81,110.23,111.19,60951417
2022-08-05T10:00:00Z,111.19,111.60,110.37,110.78,58844764
2022-08-05T11:00:00Z,110.78,111.36,109.13,109.71,56232891
2022-08-05T12:00:00Z,109.71,110.36,107.80,108.44,53207342
2022-08-05T13:00:00Z,108.44,108.96,107.05,107.56,49871300
2022-08-05T14:00:00Z,107.56,108.03,106.96,107.43,46336538
2022-08-05T15:00:00Z,107.43,108.63,106.79,107.99,46960429
2022-08-05T16:00:00Z,107.99,109.40,107.38,108.80,51739915
2022-08-05T17:00:00Z,108.80,109.69,108.40,109.28,56311530
2022-08-05T18:00:00Z,109.28,109.87,108.51,109.09,60557447
2022-08-05T19:00:00Z,109.09,109.74,107.66,108.31,64368507
2022-08-05T20:00:00Z,108.31,108.82,106.90,107.41,67647292
2022-08-05T21:00:00Z,107.41,107.88,106.50,106.98,70310871
2022-08-05T22:00:00Z,106.98,108.04,106.34,107.41,72293130
2022-08-05T23:00:00Z,107.41,109.23,106.80,108.63,73546621
2022-08-06T00:00:00Z,108.63,110.59,108.23,110.19,74043880
2022-08-06T01:00:00Z,110.19,112.08,109.59,111.48,73778174
2022-08-06T02:00:00Z,111.48,112.78,110.81,112.11,72763663
2022-08-06T03:00:00Z,112.11,112.64,111.56,112.09,71034954
2022-08-06T04:00:00Z,112.09,112.59,111.32,111.82,68646081
2022-08-06T05:00:00Z,111.82,112.48,111.15,111.81,65668933
2022-08-06T06:00:00Z,111.81,113.01,111.19,112.39,62191165
2022-08-06T07:00:00Z,112.39,113.85,111.98,113.44,58313671
2022-08-06T08:00:00Z,113.44,115.09,112.82,114.48,54147674
2022-08-06T09:00:00Z,114.48,115.59,113.79,114.91,49811529
2022-08-06T10:00:00Z,114.91,115.44,113.84,114.37,53877369
2022-08-06T11:00:00Z,114.37,114.88,112.46,112.97,57774385
2022-08-06T12:00:00Z,112.97,113.63,110.54,111.20,61385540
2022-08-06T13:00:00Z,111.20,111.80,109.12,109.72,64600914
2022-08-06T14:00:00Z,109.72,110.11,108.57,108.96,67320900
2022-08-06T15:00:00Z,108.96,109.55,108.35,108.94,69459101
2022-08-06T16:00:00Z,108.94,109.94,108.29,109.29,70944857
2022-08-06T17:00:00Z,109.29,109.98,108.78,109.47,71725324
2022-08-06T18:00:00Z,109.47,109.97,108.67,109.17,71767039
2022-08-06T19:00:00Z,109.17,109.81,107.80,108.45,71056943
2022-08-06T20:00:00Z,108.45,109.04,107.17,107.76,69602809
2022-08-06T21:00:00Z,107.76,108.14,107.27,107.65,67433083
2022-08-06T22:00:00Z,107.65,109.01,107.06,108.42,64596133
2022-08-06T23:00:00Z,108.42,110.59,107.76,109.93,61158922
2022-08-07T00:00:00Z,109.93,112.18,109.42,111.67,57205157
2022-08-07T01:00:00Z,111.67,113.48,111.15,112.97,52832954
2022-08-07T02:00:00Z,112.97,114.06,112.29,113.39,48152091
2022-08-07T03:00:00Z,113.39,114.00,112.33,112.94,43280930
2022-08-07T04:00:00Z,112.94,113.34,111.65,112.05,42583386
2022-08-07T05:00:00Z,112.05,112.66,110.67,111.28,46536024
2022-08-07T06:00:00Z,111.28,111.94,110.35,111.01,51232757
2022-08-07T07:00:00Z,111.01,111.71,110.50,111.20,55628668
2022-08-07T08:00:00Z,111.20,111.97,110.69,111.46,59613863
2022-08-07T09:00:00Z,111.46,112.12,110.59,111.25,63090071
2022-08-07T10:00:00Z,111.25,111.85,109.67,110.27,65973395
2022-08-07T11:00:00Z,110.27,110.66,108.25,108.64,68196644
2022-08-07T12:00:00Z,108.64,109.23,106.27,106.86,69711188
2022-08-07T13:00:00Z,106.86,107.48,104.92,105.55,70488287
2022-08-07T14:00:00Z,105.55,106.02,104.62,105.09,70519837
2022-08-07T15:00:00Z,105.09,105.93,104.60,105.44,69818540
2022-08-07T16:00:00Z,105.44,106.76,104.80,106.13,68417470
2022-08-07T17:00:00Z,106.13,107.14,105.55,106.57,66369058
2022-08-07T18:00:00Z,106.57,106.95,105.99,106.38,63743523
2022-08-07T19:00:00Z,106.38,106.96,105.01,105.59,60626799
2022-08-07T20:00:00Z,105.59,106.21,104.03,104.65,57118011
2022-08-07T21:00:00Z,104.65,105.12,103.65,104.11,53326576
2022-08-07T22:00:00Z,104.11,104.82,103.62,104.32,49369016
2022-08-07T23:00:00Z,104.32,105.85,103.70,105.22,53815607
2022-08-08T00:00:00Z,105.22,106.92,104.65,106.35,58093677
2022-08-08T01:00:00Z,106.35,107.51,105.96,107.12,62084322
2022-08-08T02:00:00Z,107.12,107.76,106.52,107.16,65675764
2022-08-08T03:00:00Z,107.16,107.79,105.90,106.53,68766552
2022-08-08T04:00:00Z,106.53,107.00,105.20,105.67,71268476
2022-08-08T05:00:00Z,105.67,106.17,104.64,105.14,73109092
2022-08-08T06:00:00Z,105.14,105.90,104.51,105.28,74233818
2022-08-08T07:00:00Z,105.28,106.56,104.71,106.00,74607506
2022-08-08T08:00:00Z,106.00,107.21,105.60,106.82,74215470
2022-08-08T09:00:00Z,106.82,107.73,106.22,107.14,73063926
2022-08-08T10:00:00Z,107.14,107.76,105.95,106.57,71179837
2022-08-08T11:00:00Z,106.57,107.03,104.73,105.19,68610172
2022-08-08T12:00:00Z,105.19,105.68,102.96,103.45,65420586
2022-08-08T13:00:00Z,103.45,104.06,101.35,101.96,61693572
2022-08-08T14:00:00Z,101.96,102.50,100.59,101.13,57526136
2022-08-08T15:00:00Z,101.13,101.51,100.57,100.95,53027053
2022-08-08T16:00:00Z,100.95,101.58,100.38,101.02,48313794
2022-08-08T17:00:00Z,101.02,101.61,100.24,100.83,47749502
2022-08-08T18:00:00Z,100.83,101.26,99.63,100.06,51336941
2022-08-08T19:00:00Z,100.06,100.54,98.36,98.83,54718482
2022-08-08T20:00:00Z,98.83,99.42,97.04,97.62,57782128
2022-08-08T21:00:00Z,97.62,98.13,96.49,97.01,60424511
2022-08-08T22:00:00Z,97.01,97.71,96.64,97.34,62553936
2022-08-08T23:00:00Z,97.34,99.07,96.79,98.52,64093103
2022-08-09T00:00:00Z,98.52,100.62,97.94,100.04,64981405
2022-08-09T01:00:00Z,100.04,101.67,99.60,101.23,65176751
2022-08-09T02:00:00Z,101.23,102.15,100.74,101.66,65298087
2022-08-09T03:00:00Z,101.66,102.27,100.71,101.31,65457778
2022-08-09T04:00:00Z,101.31,101.84,100.04,100.57,64909416
2022-08-09T05:00:00Z,100.57,100.95,99.58,99.96,63685325
2022-08-09T06:00:00Z,99.96,100.53,99.26,99.83,61837071
2022-08-09T07:00:00Z,99.83,100.68,99.24,100.09,59433891
2022-08-09T08:00:00Z,100.09,100.76,99.66,100.33,56560630
2022-08-09T09:00:00Z,100.33,100.82,99.51,100.00,53315222
2022-08-09T10:00:00Z,100.00,100.59,98.21,98.80,49805793
2022-08-09T11:00:00Z,98.80,99.31,96.37,96.88,46147483
2022-08-09T12:00:00Z,96.88,97.24,94.39,94.75,50909104
2022-08-09T13:00:00Z,94.75,95.28,92.56,93.09,55516440
2022-08-09T14:00:00Z,93.09,93.62,91.77,92.31,59848974
2022-08-09T15:00:00Z,92.31,92.79,91.92,92.40,63793253
2022-08-09T16:00:00Z,92.40,93.39,91.94,92.94,67246100
2022-08-09T17:00:00Z,92.94,93.90,92.38,93.34,70117529
2022-08-09T18:00:00Z,93.34,93.83,92.76,93.24,72333288
2022-08-09T19:00:00Z,93.24,93.60,92.30,92.66,73836957
2022-08-09T20:00:00Z,92.66,93.19,91.49,92.01,74591532
2022-08-09T21:00:00Z,92.01,92.54,91.28,91.81,74580460
2022-08-09T22:00:00Z,91.81,92.77,91.43,92.39,73808093
2022-08-09T23:00:00Z,92.39,94.08,91.92,93.62,72299537
2022-08-10T00:00:00Z,93.62,95.58,93.05,95.01,70099920
2022-08-10T01:00:00Z,95.01,96.45,94.52,95.96,67273085
2022-08-10T02:00:00Z,95.96,96.46,95.58,96.08,63899748
2022-08-10T03:00:00Z,96.08,96.63,94.89,95.43,60075183
2022-08-10T04:00:00Z,95.43,95.98,93.93,94.48,55906486
2022-08-10T05:00:00Z,94.48,94.87,93.41,93.80,51509510
2022-08-10T06:00:00Z,93.80,94.27,93.32,93.79,51245849
2022-08-10T07:00:00Z,93.79,94.95,93.22,94.38,55116793
2022-08-10T08:00:00Z,94.38,95.64,93.90,95.15,58763326
2022-08-10T09:00:00Z,95.15,95.90,94.77,95.52,62072152
2022-08-10T10:00:00Z,95.52,96.06,94.58,95.12,64938702
2022-08-10T11:00:00Z,95.12,95.66,93.48,94.02,67270184
2022-08-10T12:00:00Z,94.02,94.41,92.30,92.68,68988308
2022-08-10T13:00:00Z,92.68,93.14,91.22,91.68,70031589
2022-08-10T14:00:00Z,91.68,92.23,90.83,91.38,70357179
2022-08-10T15:00:00Z,91.38,92.21,90.92,91.74,69942159
2022-08-10T16:00:00Z,91.74,92.70,91.37,92.33,68784265
2022-08-10T17:00:00Z,92.33,93.12,91.80,92.59,66902026
2022-08-10T18:00:00Z,92.59,93.12,91.65,92.18,64334298
2022-08-10T19:00:00Z,92.18,92.55,90.83,91.20,61139227
2022-08-10T20:00:00Z,91.20,91.66,89.68,90.14,57392649
2022-08-10T21:00:00Z,90.14,90.68,89.06,89.59,53185989
2022-08-10T22:00:00Z,89.59,90.40,89.14,89.95,48623709
2022-08-10T23:00:00Z,89.95,91.50,89.58,91.13,44629652
2022-08-11T00:00:00Z,91.13,93.21,90.60,92.68,41102496
2022-08-11T01:00:00Z,92.68,94.51,92.14,93.97,46019981
2022-08-11T02:00:00Z,93.97,94.98,93.59,94.60,50807128
2022-08-11T03:00:00Z,94.60,95.08,94.08,94.56,55342540
2022-08-11T04:00:00Z,94.56,95.12,93.67,94.24,59511769
2022-08-11T05:00:00Z,94.24,94.71,93.69,94.16,63210537
2022-08-11T06:00:00Z,94.16,95.02,93.77,94.63,66347652
2022-08-11T07:00:00Z,94.63,96.10,94.08,95.55,68847563
2022-08-11T08:00:00Z,95.55,96.99,95.00,96.44,70652457
2022-08-11T09:00:00Z,96.44,97.12,96.06,96.73,71723854
2022-08-11T10:00:00Z,96.73,97.22,95.59,96.08,72043651
2022-08-11T11:00:00Z,96.08,96.65,94.03,94.60,71614577
2022-08-11T12:00:00Z,94.60,95.07,92.35,92.82,70460059
2022-08-11T13:00:00Z,92.82,93.19,91.00,91.38,68623489
2022-08-11T14:00:00Z,91.38,91.90,90.22,90.74,66166933
2022-08-11T15:00:00Z,90.74,91.44,90.22,90.92,63169293
2022-08-11T16:00:00Z,90.92,91.88,90.56,91.52,59724003
2022-08-11T17:00:00Z,91.52,92.49,91.05,92.01,55936300
2022-08-11T18:00:00Z,92.01,92.61,91.46,92.06,51920173
2022-08-11T19:00:00Z,92.06,92.51,91.26,91.71,52035348
2022-08-11T20:00:00Z,91.71,92.10,91.02,91.40,56281263
2022-08-11T21:00:00Z,91.40,92.19,90.87,91.66,60297062
2022-08-11T22:00:00Z,91.66,93.31,91.13,92.78,63967643
2022-08-11T23:00:00Z,92.78,95.00,92.41,94.63,67186663
2022-08-12T00:00:00Z,94.63,97.18,94.13,96.68,69859605
2022-08-12T01:00:00Z,96.68,98.87,96.09,98.28,71906505
2022-08-12T02:00:00Z,98.28,99.50,97.79,99.01,73264270
2022-08-12T03:00:00Z,99.01,99.43,98.47,98.89,73888510
2022-08-12T04:00:00Z,98.89,99.46,97.78,98.35,73754843
2022-08-12T05:00:00Z,98.35,98.91,97.42,97.98,72859628
2022-08-12T06:00:00Z,97.98,98.53,97.60,98.15,71220106
2022-08-12T07:00:00Z,98.15,99.36,97.64,98.85,68873946
2022-08-12T08:00:00Z,98.85,100.24,98.25,99.65,65878207
2022-08-12T09:00:00Z,99.65,100.51,99.16,100.02,62307750
2022-08-12T10:00:00Z,100.02,100.44,99.22,99.64,58253137
2022-08-12T11:00:00Z,99.64,100.22,98.05,98.62,53818086
2022-08-12T12:00:00Z,98.62,99.17,96.89,97.44,49116550
2022-08-12T13:00:00Z,97.44,97.81,96.32,96.69,44269511
2022-08-12T14:00:00Z,96.69,97.27,96.18,96.76,47851599
2022-08-12T15:00:00Z,96.76,98.16,96.17,97.57,51294379
2022-08-12T16:00:00Z,97.57,99.16,97.09,98.68,54483037
2022-08-12T17:00:00Z,98.68,99.91,98.25,99.48,57309722
2022-08-12T18:00:00Z,99.48,100.20,98.90,99.61,59676731
2022-08-12T19:00:00Z,99.61,100.17,98.56,99.12,61499397
2022-08-12T20:00:00Z,99.12,99.49,98.09,98.46,63685846
2022-08-12T21:00:00Z,98.46,98.98,97.69,98.20,65624898
2022-08-12T22:00:00Z,98.20,99.31,97.61,98.72,66855078
2022-08-12T23:00:00Z,98.72,100.44,98.24,99.96,67357506
2022-08-13T00:00:00Z,99.96,101.90,99.52,101.46,67134015
2022-08-13T01:00:00Z,101.46,103.23,100.85,102.63,66207026
2022-08-13T02:00:00Z,102.63,103.69,102.06,103.11,64618816
2022-08-13T03:00:00Z,103.11,103.50,102.55,102.94,62430235
2022-08-13T04:00:00Z,102.94,103.48,101.99,102.54,59718873
2022-08-13T05:00:00Z,102.54,103.15,101.85,102.46,56576760
2022-08-13T06:00:00Z,102.46,103.52,101.97,103.02,53107651
2022-08-13T07:00:00Z,103.02,104.60,102.57,104.14,49423971
2022-08-13T08:00:00Z,104.14,105.94,103.52,105.32,49883821
2022-08-13T09:00:00Z,105.32,106.54,104.73,105.95,54484947
2022-08-13T10:00:00Z,105.95,106.34,105.29,105.68,58864757
2022-08-13T11:00:00Z,105.68,106.24,104.00,104.56,62906364
2022-08-13T12:00:00Z,104.56,105.18,102.46,103.08,66501608
2022-08-13T13:00:00Z,103.08,103.56,101.38,101.86,69554129
2022-08-13T14:00:00Z,101.86,102.31,100.88,101.33,71982106
2022-08-13T15:00:00Z,101.33,102.09,100.73,101.49,73720576
2022-08-13T16:00:00Z,101.49,102.52,100.92,101.96,74723286
2022-08-13T17:00:00Z,101.96,102.59,101.58,102.22,74964001
2022-08-13T18:00:00Z,102.22,102.76,101.42,101.96,74437245
2022-08-13T19:00:00Z,101.96,102.57,100.68,101.29,73158455
2022-08-13T20:00:00Z,101.29,101.76,100.19,100.66,71163533
2022-08-13T21:00:00Z,100.66,101.11,100.21,100.65,68507818
2022-08-13T22:00:00Z,100.65,102.20,100.05,101.59,65264505
2022-08-13T23:00:00Z,101.59,103.93,101.02,103.36,61522554
2022-08-14T00:00:00Z,103.36,105.81,102.98,105.43,57384150
2022-08-14T01:00:00Z,105.43,107.72,104.86,107.14,52961796
2022-08-14T02:00:00Z,107.14,108.69,106.50,108.04,48375104
2022-08-14T03:00:00Z,108.04,108.63,107.54,108.13,52197431
2022-08-14T04:00:00Z,108.13,108.61,107.29,107.78,55859163
2022-08-14T05:00:00Z,107.78,108.41,106.90,107.54,59244415
2022-08-14T06:00:00Z,107.54,108.36,106.95,107.77,62244373
2022-08-14T07:00:00Z,107.77,108.79,107.38,108.40,64760485
2022-08-14T08:00:00Z,108.40,109.61,107.81,109.02,66707353
2022-08-14T09:00:00Z,109.02,109.75,108.37,109.10,68015255
2022-08-14T10:00:00Z,109.10,109.60,107.83,108.34,68632216
2022-08-14T11:00:00Z,108.34,108.82,106.38,106.87,68525576
2022-08-14T12:00:00Z,106.87,107.49,104.59,105.21,67683001
2022-08-14T13:00:00Z,105.21,105.78,103.44,104.01,66112913
2022-08-14T14:00:00Z,104.01,104.37,103.31,103.68,63844328
2022-08-14T15:00:00Z,103.68,104.75,103.11,104.18,60926096
2022-08-14T16:00:00Z,104.18,105.70,103.56,105.08,57425579
2022-08-14T17:00:00Z,105.08,106.27,104.59,105.78,54571945
2022-08-14T18:00:00Z,105.78,106.39,105.30,105.91,51566985
2022-08-14T19:00:00Z,105.91,106.53,104.85,105.48,48259567
2022-08-14T20:00:00Z,105.48,106.05,104.34,104.91,44761324
2022-08-14T21:00:00Z,104.91,105.28,104.38,104.75,45429447
2022-08-14T22:00:00Z,104.75,105.88,104.17,105.31,50260666
2022-08-14T23:00:00Z,105.31,107.13,104.68,106.50,54891258
2022-08-15T00:00:00Z,106.50,108.35,106.01,107.86,59203110
2022-08-15T01:00:00Z,107.86,109.28,107.35,108.78,63086737
2022-08-15T02:00:00Z,108.78,109.54,108.13,108.89,66444367
2022-08-15T03:00:00Z,108.89,109.48,107.68,108.27,69192684
2022-08-15T04:00:00Z,108.27,108.65,106.98,107.36,71265158
2022-08-15T05:00:00Z,107.36,107.94,106.17,106.75,72613898
2022-08-15T06:00:00Z,106.75,107.46,106.12,106.82,73210975
2022-08-15T07:00:00Z,106.82,107.99,106.34,107.50,73049167
2022-08-15T08:00:00Z,107.50,108.85,107.00,108.34,72142124
2022-08-15T09:00:00Z,108.34,109.40,107.69,108.75,70523927
2022-08-15T10:00:00Z,108.75,109.33,107.77,108.36,68248070
2022-08-15T11:00:00Z,108.36,108.74,106.84,107.22,65385887
2022-08-15T12:00:00Z,107.22,107.81,105.22,105.80,62024470
2022-08-15T13:00:00Z,105.80,106.42,104.06,104.68,58264144
2022-08-15T14:00:00Z,104.68,105.15,103.78,104.25,54215557
2022-08-15T15:00:00Z,104.25,104.95,103.76,104.46,49996490
2022-08-15T16:00:00Z,104.46,105.54,103.84,104.91,54178502
2022-08-15T17:00:00Z,104.91,105.62,104.35,105.05,58190215
2022-08-15T18:00:00Z,105.05,105.44,104.19,104.57,61914030
2022-08-15T19:00:00Z,104.57,105.15,103.00,103.57,65239476
2022-08-15T20:00:00Z,103.57,104.18,101.94,102.54,68066406
2022-08-15T21:00:00Z,102.54,103.00,101.63,102.08,70307900
2022-08-15T22:00:00Z,102.08,103.04,101.59,102.56,71892791
2022-08-15T23:00:00Z,102.56,104.51,101.94,103.89,72767750
2022-08-16T00:00:00Z,103.89,106.16,103.33,105.60,72898852
2022-08-16T01:00:00Z,105.60,107.44,105.21,107.05,72272598
2022-08-16T02:00:00Z,107.05,108.41,106.45,107.81,70896353
2022-08-16T03:00:00Z,107.81,108.49,107.17,107.86,68798180
2022-08-16T04:00:00Z,107.86,108.33,107.12,107.59,66026096
2022-08-16T05:00:00Z,107.59,108.10,107.00,107.51,62646748
2022-08-16T06:00:00Z,107.51,108.59,106.87,107.94,58743558
2022-08-16T07:00:00Z,107.94,109.36,107.36,108.78,54414394
2022-08-16T08:00:00Z,108.78,109.97,108.37,109.57,49768825
2022-08-16T09:00:00Z,109.57,110.35,108.95,109.74,44925040
2022-08-16T10:00:00Z,109.74,110.38,108.34,108.98,44246819
2022-08-16T11:00:00Z,108.98,109.45,106.94,107.41,47737485
2022-08-16T12:00:00Z,107.41,107.92,105.05,105.55,51039885
2022-08-16T13:00:00Z,105.55,106.18,103.46,104.08,54042406
2022-08-16T14:00:00Z,104.08,104.63,102.88,103.43,57954961
2022-08-16T15:00:00Z,103.43,104.00,103.04,103.61,61452730
2022-08-16T16:00:00Z,103.61,104.80,103.02,104.22,64365634
2022-08-16T17:00:00Z,104.22,105.32,103.61,104.71,66626338
2022-08-16T18:00:00Z,104.71,105.18,104.26,104.72,68186029
2022-08-16T19:00:00Z,104.72,105.23,103.80,104.30,69015744
2022-08-16T20:00:00Z,104.30,104.93,103.25,103.87,69107123
2022-08-16T21:00:00Z,103.87,104.48,103.32,103.94,68472574
2022-08-16T22:00:00Z,103.94,105.22,103.54,104.82,67144846
2022-08-16T23:00:00Z,104.82,106.97,104.22,106.37,65176008
2022-08-17T00:00:00Z,106.37,108.72,105.74,108.09,62635890
2022-08-17T01:00:00Z,108.09,109.81,107.62,109.34,59610010
2022-08-17T02:00:00Z,109.34,110.25,108.80,109.71,56197045
2022-08-17T03:00:00Z,109.71,110.37,108.59,109.25,52505944
2022-08-17T04:00:00Z,109.25,109.81,107.84,108.40,48652737
2022-08-17T05:00:00Z,108.40,108.82,107.35,107.76,53207190
2022-08-17T06:00:00Z,107.76,108.37,107.11,107.72,57596103
2022-08-17T07:00:00Z,107.72,108.87,107.09,108.24,61700027
2022-08-17T08:00:00Z,108.24,109.38,107.78,108.92,65406630
2022-08-17T09:00:00Z,108.92,109.74,108.38,109.20,68613898
2022-08-17T10:00:00Z,109.20,109.85,108.11,108.76,71233049
2022-08-17T11:00:00Z,108.76,109.32,107.12,107.67,73191066
2022-08-17T12:00:00Z,107.67,108.09,106.01,106.42,74432791
2022-08-17T13:00:00Z,106.42,107.02,104.99,105.59,74922504
2022-08-17T14:00:00Z,105.59,106.20,104.93,105.54,74644950
2022-08-17T15:00:00Z,105.54,106.67,105.10,106.23,73605784
2022-08-17T16:00:00Z,106.23,107.72,105.70,107.19,71831420
2022-08-17T17:00:00Z,107.19,108.49,106.54,107.84,69368288
2022-08-17T18:00:00Z,107.84,108.40,107.27,107.83,66281521
2022-08-17T19:00:00Z,107.83,108.25,106.80,107.22,62653110
2022-08-17T20:00:00Z,107.22,107.83,105.88,106.48,58579577
2022-08-17T21:00:00Z,106.48,107.10,105.59,106.21,54169236
2022-08-17T22:00:00Z,106.21,107.22,105.77,106.77,49539126
2022-08-17T23:00:00Z,106.77,108.66,106.24,108.12,49051981
2022-08-18T00:00:00Z,108.12,110.45,107.46,109.79,52710188
2022-08-18T01:00:00Z,109.79,111.76,109.22,111.19,56155770
2022-08-18T02:00:00Z,111.19,112.37,110.74,111.93,59276418
2022-08-18T03:00:00Z,111.93,112.68,111.29,112.04,61968483
2022-08-18T04:00:00Z,112.04,112.68,111.27,111.92,64140028
2022-08-18T05:00:00Z,111.92,112.56,111.46,112.10,65713547
2022-08-18T06:00:00Z,112.10,113.47,111.54,112.90,66628263
2022-08-18T07:00:00Z,112.90,114.90,112.22,114.22,66841957
2022-08-18T08:00:00Z,114.22,116.14,113.63,115.55,66332259
2022-08-18T09:00:00Z,115.55,116.77,115.08,116.30,65097368
2022-08-18T10:00:00Z,116.30,116.97,115.45,116.12,63238261
2022-08-18T11:00:00Z,116.12,116.78,114.40,115.07,62028586
2022-08-18T12:00:00Z,115.07,115.53,113.19,113.66,60202861
2022-08-18T13:00:00Z,113.66,114.22,111.95,112.52,57830215
2022-08-18T14:00:00Z,112.52,113.19,111.42,112.10,54995344
2022-08-18T15:00:00Z,112.10,112.96,111.53,112.39,51795992
2022-08-18T16:00:00Z,112.39,113.50,111.94,113.04,48340060
2022-08-18T17:00:00Z,113.04,114.16,112.38,113.51,44742426
2022-08-18T18:00:00Z,113.51,114.16,112.83,113.49,49571605
2022-08-18T19:00:00Z,113.49,113.94,112.60,113.06,54253051
2022-08-18T20:00:00Z,113.06,113.63,112.10,112.67,58665882
2022-08-18T21:00:00Z,112.67,113.57,112.00,112.89,62696253
2022-08-18T22:00:00Z,112.89,114.59,112.31,114.02,66240566
2022-08-18T23:00:00Z,114.02,116.41,113.54,115.93,69208385
2022-08-19T00:00:00Z,115.93,118.78,115.25,118.10,71524987
2022-08-19T01:00:00Z,118.10,120.54,117.41,119.86,73133458
2022-08-19T02:00:00Z,119.86,121.25,119.37,120.77,73996281
2022-08-19T03:00:00Z,120.77,121.45,120.15,120.83,74096373
2022-08-19T04:00:00Z,120.83,121.55,119.73,120.45,73437541
2022-08-19T05:00:00Z,120.45,121.05,119.59,120.19,72044334
2022-08-19T06:00:00Z,120.19,120.91,119.69,120.42,69961317
2022-08-19T07:00:00Z,120.42,121.79,119.71,121.09,67251760
2022-08-19T08:00:00Z,121.09,122.50,120.40,121.80,63995807
2022-08-19T09:00:00Z,121.80,122.51,121.32,122.03,60288155
2022-08-19T10:00:00Z,122.03,122.66,120.85,121.47,56235327
2022-08-19T11:00:00Z,121.47,122.20,119.53,120.26,51952610
2022-08-19T12:00:00Z,120.26,120.85,118.30,118.89,51801037
2022-08-19T13:00:00Z,118.89,119.38,117.51,118.00,55781350
2022-08-19T14:00:00Z,118.00,118.69,117.30,117.99,59533997
2022-08-19T15:00:00Z,117.99,119.48,117.31,118.80,62945163
2022-08-19T16:00:00Z,118.80,120.46,118.33,119.99,65909775
2022-08-19T17:00:00Z,119.99,121.59,119.36,120.96,68334564
2022-08-19T18:00:00Z,120.96,122.05,120.23,121.32,70140782
2022-08-19T19:00:00Z,121.32,121.92,120.51,121.11,71266513
2022-08-19T20:00:00Z,121.11,121.62,120.24,120.75,71668503
2022-08-19T21:00:00Z,120.75,121.50,120.05,120.79,71323460
2022-08-19T22:00:00Z,120.79,122.27,120.10,121.58,70228778
2022-08-19T23:00:00Z,121.58,123.51,121.10,123.03,68402675
2022-08-20T00:00:00Z,123.03,125.33,122.38,124.68,65883733
2022-08-20T01:00:00Z,124.68,126.70,123.93,125.95,62729859
2022-08-20T02:00:00Z,125.95,127.08,125.33,126.46,59016688
2022-08-20T03:00:00Z,126.46,127.00,125.74,126.28,54835479
2022-08-20T04:00:00Z,126.28,127.01,125.11,125.84,50290572
2022-08-20T05:00:00Z,125.84,126.55,125.02,125.73,45496460
2022-08-20T06:00:00Z,125.73,126.78,125.25,126.30,40574573
2022-08-20T07:00:00Z,126.30,128.12,125.63,127.45,44350126
2022-08-20T08:00:00Z,127.45,129.50,126.68,128.73,49152668
2022-08-20T09:00:00Z,128.73,130.15,128.10,129.53,53711577
2022-08-20T10:00:00Z,129.53,130.08,128.91,129.46,57912293
2022-08-20T11:00:00Z,129.46,130.21,127.84,128.60,61650381
2022-08-20T12:00:00Z,128.60,129.31,126.67,127.38,64834459
2022-08-20T13:00:00Z,127.38,127.86,125.95,126.43,67388744
2022-08-20T14:00:00Z,126.43,127.09,125.45,126.12,69255156
2022-08-20T15:00:00Z,126.12,127.19,125.36,126.44,70394917
2022-08-20T16:00:00Z,126.44,127.60,125.83,126.99,70789586
2022-08-20T17:00:00Z,126.99,127.79,126.43,127.24,70441527
2022-08-20T18:00:00Z,127.24,127.98,126.14,126.88,69373769
2022-08-20T19:00:00Z,126.88,127.59,125.32,126.03,67629280
2022-08-20T20:00:00Z,126.03,126.50,124.69,125.16,65269674
2022-08-20T21:00:00Z,125.16,125.82,124.20,124.86,62373380
2022-08-20T22:00:00Z,124.86,126.25,124.11,125.50,59033333
2022-08-20T23:00:00Z,125.50,127.60,124.90,126.99,55354258
2022-08-21T00:00:00Z,126.99,129.38,126.42,128.81,51449608
2022-08-21T01:00:00Z,128.81,131.09,128.05,130.33,51678566
2022-08-21T02:00:00Z,130.33,131.83,129.60,131.10,56040010
2022-08-21T03:00:00Z,131.10,131.59,130.61,131.10,60172521
2022-08-21T04:00:00Z,131.10,131.80,130.03,130.72,63960423
2022-08-21T05:00:00Z,130.72,131.50,129.71,130.49,67296799
2022-08-21T06:00:00Z,130.49,131.34,129.87,130.72,70086559
2022-08-21T07:00:00Z,130.72,131.92,130.14,131.34,72249165
2022-08-21T08:00:00Z,131.34,132.68,130.56,131.90,73720958
2022-08-21T09:00:00Z,131.90,132.64,131.14,131.87,74456988
2022-08-21T10:00:00Z,131.87,132.35,130.46,130.94,74432327
2022-08-21T11:00:00Z,130.94,131.63,128.54,129.23,73642800
2022-08-21T12:00:00Z,129.23,129.99,126.53,127.29,72105130
2022-08-21T13:00:00Z,127.29,127.88,125.18,125.77,69856487
2022-08-21T14:00:00Z,125.77,126.33,124.55,125.11,66953453
2022-08-21T15:00:00Z,125.11,126.04,124.37,125.30,63470434
2022-08-21T16:00:00Z,125.30,126.63,124.61,125.94,59497563
2022-08-21T17:00:00Z,125.94,126.90,125.48,126.44,55138160
2022-08-21T18:00:00Z,126.44,127.13,125.76,126.45,50505807
2022-08-21T19:00:00Z,126.45,127.20,125.23,125.98,45721145
2022-08-21T20:00:00Z,125.98,126.57,124.88,125.46,49358501
2022-08-21T21:00:00Z,125.46,126.03,124.84,125.41,52849168
2022-08-21T22:00:00Z,125.41,126.87,124.66,126.12,56078097
2022-08-21T23:00:00Z,126.12,128.19,125.42,127.49,58937241
2022-08-22T00:00:00Z,127.49,129.47,127.03,129.01,61328737
2022-08-22T01:00:00Z,129.01,130.76,128.30,130.05,63167798
2022-08-22T02:00:00Z,130.05,131.01,129.28,130.24,64385230
2022-08-22T03:00:00Z,130.24,130.84,129.01,129.61,64929500
2022-08-22T04:00:00Z,129.61,130.20,128.05,128.64,65186641
2022-08-22T05:00:00Z,128.64,129.39,127.14,127.90,65705441
2022-08-22T06:00:00Z,127.90,128.60,127.09,127.79,65506415
2022-08-22T07:00:00Z,127.79,128.72,127.34,128.27,64611861
2022-08-22T08:00:00Z,128.27,129.60,127.57,128.90,63063901
2022-08-22T09:00:00Z,128.90,129.89,128.13,129.12,60923186
2022-08-22T10:00:00Z,129.12,129.71,127.99,128.58,58267070
2022-08-22T11:00:00Z,128.58,129.17,126.77,127.36,55187316
2022-08-22T12:00:00Z,127.36,128.10,125.15,125.90,51787369
2022-08-22T13:00:00Z,125.90,126.58,124.11,124.79,48179320
2022-08-22T14:00:00Z,124.79,125.23,123.97,124.40,48720895
2022-08-22T15:00:00Z,124.40,125.36,123.72,124.68,53409444
2022-08-22T16:00:00Z,124.68,125.92,123.93,125.17,57881944
2022-08-22T17:00:00Z,125.17,125.90,124.60,125.32,62021055
2022-08-22T18:00:00Z,125.32,125.90,124.21,124.79,65718139
2022-08-22T19:00:00Z,124.79,125.53,122.92,123.66,68876338
2022-08-22T20:00:00Z,123.66,124.32,121.74,122.40,71413312
2022-08-22T21:00:00Z,122.40,122.83,121.20,121.63,73263566
2022-08-22T22:00:00Z,121.63,122.38,120.96,121.71,74380298
2022-08-22T23:00:00Z,121.71,123.33,120.99,122.60,74736714
2022-08-23T00:00:00Z,122.60,124.39,122.04,123.83,74326773
2022-08-23T01:00:00Z,123.83,125.37,123.25,124.79,73165340
2022-08-23T02:00:00Z,124.79,125.83,124.05,125.09,71287740
2022-08-23T03:00:00Z,125.09,125.76,124.05,124.72,68748739
2022-08-23T04:00:00Z,124.72,125.17,123.65,124.10,65620960
2022-08-23T05:00:00Z,124.10,124.78,123.05,123.73,61992796
2022-08-23T06:00:00Z,123.73,124.67,123.00,123.93,57965878
2022-08-23T07:00:00Z,123.93,125.16,123.37,124.60,53652160
2022-08-23T08:00:00Z,124.60,125.84,124.01,125.25,49170721
2022-08-23T09:00:00Z,125.25,126.05,124.51,125.31,53094406
2022-08-23T10:00:00Z,125.31,125.97,123.74,124.41,56853102
2022-08-23T11:00:00Z,124.41,124.86,122.22,122.67,60330449
2022-08-23T12:00:00Z,122.67,123.34,119.93,120.60,63417183
2022-08-23T13:00:00Z,120.60,121.30,118.14,118.84,66014327
2022-08-23T14:00:00Z,118.84,119.37,117.34,117.86,68036085
2022-08-23T15:00:00Z,117.86,118.42,117.11,117.66,69412369
2022-08-23T16:00:00Z,117.66,118.57,116.96,117.86,70090870
2022-08-23T17:00:00Z,117.86,118.57,117.23,117.94,70038624
2022-08-23T18:00:00Z,117.94,118.38,117.14,117.57,69243033
2022-08-23T19:00:00Z,117.57,118.22,116.16,116.81,67712288
2022-08-23T20:00:00Z,116.81,117.49,115.41,116.10,65475212
2022-08-23T21:00:00Z,116.10,116.61,115.46,115.98,62580501
2022-08-23T22:00:00Z,115.98,117.30,115.42,116.75,59095401
2022-08-23T23:00:00Z,116.75,118.98,116.04,118.27,55103855
2022-08-24T00:00:00Z,118.27,120.66,117.63,120.02,50704162
2022-08-24T01:00:00Z,120.02,121.79,119.57,121.34,46592665
2022-08-24T02:00:00Z,121.34,122.47,120.66,121.79,43111772
2022-08-24T03:00:00Z,121.79,122.51,120.68,121.40,43805324
2022-08-24T04:00:00Z,121.40,121.92,120.05,120.58,48669927
2022-08-24T05:00:00Z,120.58,121.15,119.32,119.90,53341694
2022-08-24T06:00:00Z,119.90,120.61,119.03,119.75,57702311
2022-08-24T07:00:00Z,119.75,120.72,119.11,120.09,61642053
2022-08-24T08:00:00Z,120.09,120.96,119.63,120.51,65062876
2022-08-24T09:00:00Z,120.51,121.19,119.82,120.49,67881151
2022-08-24T10:00:00Z,120.49,121.19,119.02,119.72,70030008
2022-08-24T11:00:00Z,119.72,120.23,117.79,118.30,71461180
2022-08-24T12:00:00Z,118.30,118.86,116.16,116.73,72146335
2022-08-24T13:00:00Z,116.73,117.42,114.92,115.62,72077820
2022-08-24T14:00:00Z,115.62,116.22,114.74,115.34,71268827
2022-08-24T15:00:00Z,115.34,116.29,114.90,115.85,69752958
2022-08-24T16:00:00Z,115.85,117.34,115.20,116.69,67583205
2022-08-24T17:00:00Z,116.69,117.93,116.00,117.25,64830382
2022-08-24T18:00:00Z,117.25,117.75,116.66,117.16,61581047
2022-08-24T19:00:00Z,117.16,117.73,115.90,116.46,57934974
2022-08-24T20:00:00Z,116.46,117.15,114.91,115.60,54002253
2022-08-24T21:00:00Z,115.60,116.20,114.54,115.14,49900097
2022-08-24T22:00:00Z,115.14,115.88,114.69,115.44,54199491
2022-08-24T23:00:00Z,115.44,117.10,114.78,116.44,58328484
2022-08-25T00:00:00Z,116.44,118.36,115.75,117.68,62168901
2022-08-25T01:00:00Z,117.68,119.08,117.17,118.58,65609701
2022-08-25T02:00:00Z,118.58,119.36,118.00,118.77,68550171
2022-08-25T03:00:00Z,118.77,119.48,117.60,118.31,70902836
2022-08-25T04:00:00Z,118.31,118.92,117.01,117.62,72595985
2022-08-25T05:00:00Z,117.62,118.08,116.82,117.27,73575757
2022-08-25T06:00:00Z,117.27,118.27,116.61,117.60,73807714
2022-08-25T07:00:00Z,117.60,119.19,116.91,118.50,73277864
2022-08-25T08:00:00Z,118.50,120.00,118.00,119.50,71993099
2022-08-25T09:00:00Z,119.50,120.59,118.91,120.00,69981034
2022-08-25T10:00:00Z,120.00,120.72,118.90,119.61,67289265
2022-08-25T11:00:00Z,119.61,120.22,117.80,118.41,63984044
2022-08-25T12:00:00Z,118.41,118.87,116.40,116.86,60148431
2022-08-25T13:00:00Z,116.86,117.52,114.93,115.58,55879964
2022-08-25T14:00:00Z,115.58,116.25,114.32,114.99,51287913
2022-08-25T15:00:00Z,114.99,115.55,114.51,115.07,46490205
2022-08-25T16:00:00Z,115.07,116.02,114.49,115.44,45850396
2022-08-25T17:00:00Z,115.44,116.28,114.75,115.59,49371619
2022-08-25T18:00:00Z,115.59,116.18,114.61,115.20,52696571
2022-08-25T19:00:00Z,115.20,115.66,113.93,114.39,55713532
2022-08-25T20:00:00Z,114.39,115.03,112.96,113.61,58319360
2022-08-25T21:00:00Z,113.61,114.27,112.81,113.46,60422542
2022-08-25T22:00:00Z,113.46,114.75,112.99,114.28,62700386
2022-08-25T23:00:00Z,114.28,116.52,113.70,115.94,64979415
2022-08-26T00:00:00Z,115.94,118.64,115.23,117.94,66565498
2022-08-26T01:00:00Z,117.94,120.22,117.33,119.61,67429542
2022-08-26T02:00:00Z,119.61,120.99,119.13,120.50,67563019
2022-08-26T03:00:00Z,120.50,121.30,119.81,120.61,66978132
2022-08-26T04:00:00Z,120.61,121.30,119.61,120.31,65707384
2022-08-26T05:00:00Z,120.31,120.80,119.64,120.13,63802568
2022-08-26T06:00:00Z,120.13,121.03,119.53,120.42,61333199
2022-08-26T07:00:00Z,120.42,121.84,119.69,121.11,58384448
2022-08-26T08:00:00Z,121.11,122.39,120.49,121.77,55054615
2022-08-26T09:00:00Z,121.77,122.37,121.28,121.87,51452242
2022-08-26T10:00:00Z,121.87,122.57,120.41,121.11,47692924
2022-08-26T11:00:00Z,121.11,121.80,118.93,119.61,52345967
2022-08-26T12:00:00Z,119.61,120.09,117.44,117.92,56837688
2022-08-26T13:00:00Z,117.92,118.51,116.08,116.67,61048135
2022-08-26T14:00:00Z,116.67,117.37,115.60,116.29,64864454
2022-08-26T15:00:00Z,116.29,117.35,115.71,116.76,68184094
2022-08-26T16:00:00Z,116.76,118.13,116.28,117.65,70917721
2022-08-26T17:00:00Z,117.65,119.05,116.96,118.36,72991759
2022-08-26T18:00:00Z,118.36,119.21,117.68,118.53,74350482
2022-08-26T19:00:00Z,118.53,119.00,117.70,118.17,74957595
2022-08-26T20:00:00Z,118.17,118.77,117.10,117.70,74797270
2022-08-26T21:00:00Z,117.70,118.40,116.94,117.64,73874586
2022-08-26T22:00:00Z,117.64,118.92,117.05,118.33,72215388
2022-08-26T23:00:00Z,118.33,120.13,117.83,119.64,69865542
2022-08-27T00:00:00Z,119.64,121.80,118.94,121.10,66889625
2022-08-27T01:00:00Z,121.10,122.81,120.40,122.11,63369085
2022-08-27T02:00:00Z,122.11,122.77,121.62,122.28,59399916
2022-08-27T03:00:00Z,122.28,122.91,121.06,121.69,55089922
2022-08-27T04:00:00Z,121.69,122.41,120.06,120.79,50555649
2022-08-27T05:00:00Z,120.79,121.39,119.57,120.17,50159362
2022-08-27T06:00:00Z,120.17,120.71,119.67,120.21,53903002
2022-08-27T07:00:00Z,120.21,121.56,119.51,120.86,57428176
2022-08-27T08:00:00Z,120.86,122.36,120.17,121.67,60622184
2022-08-27T09:00:00Z,121.67,122.54,121.19,122.06,63381016
2022-08-27T10:00:00Z,122.06,122.69,121.05,121.68,65612411
2022-08-27T11:00:00Z,121.68,122.40,119.85,120.58,67238567
2022-08-27T12:00:00Z,120.58,121.16,118.62,119.21,68198451
2022-08-27T13:00:00Z,119.21,119.71,117.67,118.16,68449622
2022-08-27T14:00:00Z,118.16,118.85,117.13,117.81,67969526
2022-08-27T15:00:00Z,117.81,118.79,117.14,118.12,66756219
2022-08-27T16:00:00Z,118.12,119.10,117.66,118.64,64828499
2022-08-27T17:00:00Z,118.64,119.46,118.02,118.85,62225447
2022-08-27T18:00:00Z,118.85,119.56,117.69,118.40,59005381
2022-08-27T19:00:00Z,118.40,118.98,116.83,117.40,56166739
2022-08-27T20:00:00Z,117.40,117.90,115.84,116.34,53351167
2022-08-27T21:00:00Z,116.34,117.01,115.13,115.81,50179167
2022-08-27T22:00:00Z,115.81,116.85,115.15,116.19,46758507
2022-08-27T23:00:00Z,116.19,117.87,115.74,117.42,43203892
2022-08-28T00:00:00Z,117.42,119.63,116.80,119.01,48083625
2022-08-28T01:00:00Z,119.01,121.06,118.29,120.34,52822912
2022-08-28T02:00:00Z,120.34,121.57,119.75,120.98,57300590
2022-08-28T03:00:00Z,120.98,121.50,120.42,120.94,61402496
2022-08-28T04:00:00Z,120.94,121.65,119.89,120.59,65024679
2022-08-28T05:00:00Z,120.59,121.27,119.78,120.46,68076324
2022-08-28T06:00:00Z,120.46,121.30,120.00,120.84,70482298
2022-08-28T07:00:00Z,120.84,122.28,120.20,121.64,72185247
2022-08-28T08:00:00Z,121.64,123.12,120.91,122.38,73147192
2022-08-28T09:00:00Z,122.38,123.10,121.79,122.51,73350566
2022-08-28T10:00:00Z,122.51,123.03,121.14,121.67,72798668
2022-08-28T11:00:00Z,121.67,122.37,119.29,119.99,71515525
2022-08-28T12:00:00Z,119.99,120.65,117.33,117.99,69545161
2022-08-28T13:00:00Z,117.99,118.43,115.90,116.34,66950297
2022-08-28T14:00:00Z,116.34,116.95,114.86,115.47,63810512
2022-08-28T15:00:00Z,115.47,116.16,114.72,115.41,60219936
2022-08-28T16:00:00Z,115.41,116.31,114.86,115.76,56284518
2022-08-28T17:00:00Z,115.76,116.48,115.25,115.97,52118970
2022-08-28T18:00:00Z,115.97,116.65,115.02,115.70,52083752
2022-08-28T19:00:00Z,115.70,116.35,114.37,115.01,56179035
2022-08-28T20:00:00Z,115.01,115.44,113.90,114.32,60044704
2022-08-28T21:00:00Z,114.32,114.93,113.54,114.15,63566390
2022-08-28T22:00:00Z,114.15,115.49,113.47,114.81,66638480
2022-08-28T23:00:00Z,114.81,116.71,114.26,116.16,69167178
2022-08-29T00:00:00Z,116.16,118.19,115.64,117.67,71073226
2022-08-29T01:00:00Z,117.67,119.42,116.97,118.72,72294220
2022-08-29T02:00:00Z,118.72,119.53,118.06,118.87,72786439
2022-08-29T03:00:00Z,118.87,119.31,117.74,118.17,72526150
2022-08-29T04:00:00Z,118.17,118.79,116.43,117.05,71510331
2022-08-29T05:00:00Z,117.05,117.75,115.42,116.11,69756814
2022-08-29T06:00:00Z,116.11,116.66,115.18,115.73,67303826
2022-08-29T07:00:00Z,115.73,116.39,115.21,115.88,64208950
2022-08-29T08:00:00Z,115.88,116.84,115.19,116.15,60547532
2022-08-29T09:00:00Z,116.15,116.80,115.37,116.02,56410579
2022-08-29T10:00:00Z,116.02,116.44,114.73,115.14,51902212
2022-08-29T11:00:00Z,115.14,115.75,113.02,113.63,47136746
2022-08-29T12:00:00Z,113.63,114.30,111.29,111.96,42235472
2022-08-29T13:00:00Z,111.96,112.48,110.21,110.73,45773290
2022-08-29T14:00:00Z,110.73,111.22,109.81,110.30,49181978
2022-08-29T15:00:00Z,110.30,111.28,109.65,110.63,52346890
2022-08-29T16:00:00Z,110.63,111.85,110.01,111.24,56250706
2022-08-29T17:00:00Z,111.24,111.96,110.84,111.56,60009066
2022-08-29T18:00:00Z,111.56,112.16,110.61,111.21,63221456
2022-08-29T19:00:00Z,111.21,111.87,109.61,110.26,65811952
2022-08-29T20:00:00Z,110.26,110.77,108.66,109.17,67722300
2022-08-29T21:00:00Z,109.17,109.66,108.02,108.51,68913504
2022-08-29T22:00:00Z,108.51,109.30,107.86,108.65,69366872
2022-08-29T23:00:00Z,108.65,110.15,108.05,109.55,69084480
2022-08-30T00:00:00Z,109.55,111.14,109.16,110.74,68089036
2022-08-30T01:00:00Z,110.74,112.25,110.14,111.64,66423154
2022-08-30T02:00:00Z,111.64,112.54,110.98,111.87,64148063
2022-08-30T03:00:00Z,111.87,112.39,110.95,111.46,61341777
2022-08-30T04:00:00Z,111.46,111.97,110.32,110.83,58096791
2022-08-30T05:00:00Z,110.83,111.49,109.86,110.52,54517364
2022-08-30T06:00:00Z,110.52,111.45,109.91,110.85,50716461
2022-08-30T07:00:00Z,110.85,112.11,110.46,111.71,51052757
2022-08-30T08:00:00Z,111.71,113.24,111.10,112.63,55524605
2022-08-30T09:00:00Z,112.63,113.65,111.96,112.98,59770044
2022-08-30T10:00:00Z,112.98,113.50,111.90,112.41,63672845
2022-08-30T11:00:00Z,112.41,112.92,110.48,110.99,67125529
2022-08-30T12:00:00Z,110.99,111.64,108.55,109.20,70032435
2022-08-30T13:00:00Z,109.20,109.79,107.09,107.68,72312453
2022-08-30T14:00:00Z,107.68,108.06,106.47,106.84,73901347
2022-08-30T15:00:00Z,106.84,107.43,106.13,106.71,74753596
2022-08-30T16:00:00Z,106.71,107.53,106.08,106.90,74843700
2022-08-30T17:00:00Z,106.90,107.39,106.41,106.90,74166924
2022-08-30T18:00:00Z,106.90,107.39,105.89,106.38,72739437
2022-08-30T19:00:00Z,106.38,107.01,104.83,105.45,70597870
2022-08-30T20:00:00Z,105.45,106.02,104.01,104.58,67798282
2022-08-30T21:00:00Z,104.58,104.95,103.94,104.31,64414570
2022-08-30T22:00:00Z,104.31,105.56,103.73,104.98,60536382
2022-08-30T23:00:00Z,104.98,107.10,104.35,106.47,56266574
2022-08-31T00:00:00Z,106.47,108.73,105.99,108.25,51718289
2022-08-31T01:00:00Z,108.25,110.16,107.73,109.65,47011755
2022-08-31T02:00:00Z,109.65,110.89,108.99,110.23,50720919
2022-08-31T03:00:00Z,110.23,110.82,109.40,109.99,54276721
2022-08-31T04:00:00Z,109.99,110.38,108.92,109.32,57563792
2022-08-31T05:00:00Z,109.32,109.92,108.17,108.78,60473801
2022-08-31T06:00:00Z,108.78,109.42,108.07,108.71,62908637
2022-08-31T07:00:00Z,108.71,109.57,108.23,109.09,64783299
2022-08-31T08:00:00Z,109.09,110.00,108.57,109.48,66028419
2022-08-31T09:00:00Z,109.48,110.13,108.72,109.38,66592329
2022-08-31T10:00:00Z,109.38,109.96,107.89,108.47,66442630
2022-08-31T11:00:00Z,108.47,108.86,106.50,106.90,65567198
2022-08-31T12:00:00Z,106.90,107.48,104.59,105.17,63974617
2022-08-31T13:00:00Z,105.17,105.79,103.33,103.94,62952281
2022-08-31T14:00:00Z,103.94,104.40,103.14,103.60,61425564
2022-08-31T15:00:00Z,103.60,104.61,103.10,104.12,59314117
2022-08-31T16:00:00Z,104.12,105.67,103.49,105.05,56695152
2022-08-31T17:00:00Z,105.05,106.36,104.48,105.80,53660246
2022-08-31T18:00:00Z,105.80,106.37,105.41,105.98,50312628
2022-08-31T19:00:00Z,105.98,106.57,105.03,105.62,46764130
2022-08-31T20:00:00Z,105.62,106.24,104.53,105.15,47372189
2022-08-31T21:00:00Z,105.15,105.61,104.63,105.09,52133828
2022-08-31T22:00:00Z,105.09,106.29,104.58,105.79,56685665
2022-08-31T23:00:00Z,105.79,107.79,105.15,107.15,60909973
2022-09-01T00:00:00Z,107.15,109.28,106.57,108.70,64697695
2022-09-01T01:00:00Z,108.70,110.27,108.29,109.86,67951531
2022-09-01T02:00:00Z,109.86,110.87,109.24,110.25,70588672
2022-09-01T03:00:00Z,110.25,110.89,109.29,109.93,72543131
2022-09-01T04:00:00Z,109.93,110.41,108.89,109.36,73767598
2022-09-01T05:00:00Z,109.36,109.89,108.59,109.11,74234750
2022-09-01T06:00:00Z,109.11,110.21,108.46,109.56,73938003
2022-09-01T07:00:00Z,109.56,111.20,108.97,110.61,72891668
2022-09-01T08:00:00Z,110.61,112.24,110.19,111.82,71130507
2022-09-01T09:00:00Z,111.82,113.22,111.19,112.59,68708715
2022-09-01T10:00:00Z,112.59,113.25,111.88,112.54,65698340
2022-09-01T11:00:00Z,112.54,113.02,111.24,111.72,62187203
2022-09-01T12:00:00Z,111.72,112.26,110.07,110.60,58276358
2022-09-01T13:00:00Z,110.60,111.26,109.11,109.76,54077193
2022-09-01T14:00:00Z,109.76,110.34,109.02,109.59,49708225
2022-09-01T15:00:00Z,109.59,110.48,109.17,110.06,53741748
2022-09-01T16:00:00Z,110.06,111.39,109.44,110.76,57607112
2022-09-01T17:00:00Z,110.76,111.80,110.11,111.15,61187434
2022-09-01T18:00:00Z,111.15,111.63,110.45,110.93,64372945
2022-09-01T19:00:00Z,110.93,111.47,109.65,110.18,67064184
2022-09-01T20:00:00Z,110.18,110.84,108.76,109.42,69174896
2022-09-01T21:00:00Z,109.42,109.99,108.65,109.22,70634556
2022-09-01T22:00:00Z,109.22,110.39,108.80,109.96,71390446
2022-09-01T23:00:00Z,109.96,112.19,109.33,111.56,71409224
2022-09-02T00:00:00Z,111.56,114.18,110.90,113.52,70677944
2022-09-02T01:00:00Z,113.52,115.69,113.03,115.20,69204482
2022-09-02T02:00:00Z,115.20,116.75,114.63,116.17,67017380
2022-09-02T03:00:00Z,116.17,117.12,115.48,116.42,64165089
2022-09-02T04:00:00Z,116.42,117.02,115.72,116.33,60714648
2022-09-02T05:00:00Z,116.33,116.86,115.87,116.40,56749830
2022-09-02T06:00:00Z,116.40,117.64,115.74,116.98,52368803
2022-09-02T07:00:00Z,116.98,118.64,116.29,117.95,47681390
2022-09-02T08:00:00Z,117.95,119.38,117.46,118.88,42805985
2022-09-02T09:00:00Z,118.88,119.80,118.29,119.21,42133771
2022-09-02T10:00:00Z,119.21,119.92,117.91,118.63,47012469
2022-09-02T11:00:00Z,118.63,119.23,116.65,117.25,51706451
2022-09-02T12:00:00Z,117.25,117.71,115.16,115.62,56097291
2022-09-02T13:00:00Z,115.62,116.28,113.75,114.40,60075118
2022-09-02T14:00:00Z,114.40,115.06,113.37,114.03,63541700
2022-09-02T15:00:00Z,114.03,114.98,113.55,114.51,66413186
2022-09-02T16:00:00Z,114.51,116.01,113.93,115.43,68622443
2022-09-02T17:00:00Z,115.43,116.94,114.73,116.24,70120910
2022-09-02T18:00:00Z,116.24,117.18,115.65,116.58,70879924
2022-09-02T19:00:00Z,116.58,117.05,116.02,116.49,70891471
2022-09-02T20:00:00Z,116.49,117.15,115.70,116.36,70168352
2022-09-02T21:00:00Z,116.36,117.41,115.69,116.74,68743746
2022-09-02T22:00:00Z,116.74,118.40,116.25,117.91,66670199
2022-09-02T23:00:00Z,117.91,120.36,117.31,119.76,64018054
2022-09-03T00:00:00Z,119.76,122.49,119.03,121.76,60873376
2022-09-03T01:00:00Z,121.76,123.91,121.13,123.29,57335426
2022-09-03T02:00:00Z,123.29,124.45,122.79,123.94,53513764
2022-09-03T03:00:00Z,123.94,124.66,123.06,123.78,49525060
2022-09-03T04:00:00Z,123.78,124.48,122.52,123.23,53939744
2022-09-03T05:00:00Z,123.23,123.73,122.40,122.90,58185298
2022-09-03T06:00:00Z,122.90,123.80,122.28,123.17,62142978
2022-09-03T07:00:00Z,123.17,124.76,122.43,124.01,65701168
2022-09-03T08:00:00Z,124.01,125.63,123.38,125.00,68758580
2022-09-03T09:00:00Z,125.00,126.09,124.49,125.58,71227166
2022-09-03T10:00:00Z,125.58,126.30,124.68,125.40,73034647
2022-09-03T11:00:00Z,125.40,126.12,123.84,124.56,74126603
2022-09-03T12:00:00Z,124.56,125.05,123.01,123.50,74468046
2022-09-03T13:00:00Z,123.50,124.13,122.20,122.83,74044447
2022-09-03T14:00:00Z,122.83,123.63,122.09,122.89,72862178
2022-09-03T15:00:00Z,122.89,124.27,122.27,123.65,70948354
2022-09-03T16:00:00Z,123.65,125.14,123.13,124.63,68350086
2022-09-03T17:00:00Z,124.63,126.00,123.90,125.27,65133172
2022-09-03T18:00:00Z,125.27,125.99,124.50,125.22,61380237
2022-09-03T19:00:00Z,125.22,125.71,124.05,124.55,57188414
2022-09-03T20:00:00Z,124.55,125.18,123.10,123.73,52666599
2022-09-03T21:00:00Z,123.73,124.47,122.62,123.36,47932373
2022-09-03T22:00:00Z,123.36,124.44,122.75,123.83,47348983
2022-09-03T23:00:00Z,123.83,125.58,123.31,125.06,50919285
2022-09-04T00:00:00Z,125.06,127.35,124.33,126.61,54285736
2022-09-04T01:00:00Z,126.61,128.61,125.89,127.88,57336411
2022-09-04T02:00:00Z,127.88,128.98,127.38,128.48,59968005
2022-09-04T03:00:00Z,128.48,129.14,127.76,128.42,62088878
2022-09-04T04:00:00Z,128.42,129.19,127.34,128.11,63621771
2022-09-04T05:00:00Z,128.11,128.74,127.45,128.08,64506107
2022-09-04T06:00:00Z,128.08,129.18,127.54,128.64,64895206
2022-09-04T07:00:00Z,128.64,130.43,127.88,129.68,65774325
2022-09-04T08:00:00Z,129.68,131.46,128.94,130.72,65930985
2022-09-04T09:00:00Z,130.72,131.68,130.21,131.17,65377274
2022-09-04T10:00:00Z,131.17,131.85,129.99,130.67,64145544
2022-09-04T11:00:00Z,130.67,131.44,128.53,129.31,62287394
2022-09-04T12:00:00Z,129.31,129.93,126.97,127.59,59872114
2022-09-04T13:00:00Z,127.59,128.13,125.63,126.17,56984608
2022-09-04T14:00:00Z,126.17,126.90,124.74,125.48,53722876
2022-09-04T15:00:00Z,125.48,126.24,124.77,125.53,50195127
2022-09-04T16:00:00Z,125.53,126.44,125.05,125.96,46516591
2022-09-04T17:00:00Z,125.96,126.89,125.30,126.23,51256177
2022-09-04T18:00:00Z,126.23,126.99,125.28,126.04,55839778
2022-09-04T19:00:00Z,126.04,126.65,124.83,125.44,60146994
2022-09-04T20:00:00Z,125.44,125.98,124.36,124.90,64064496
2022-09-04T21:00:00Z,124.90,125.68,124.17,124.95,67489236
2022-09-04T22:00:00Z,124.95,126.63,124.24,125.92,70331367
2022-09-04T23:00:00Z,125.92,128.14,125.43,127.65,72516781
2022-09-05T00:00:00Z,127.65,130.31,126.97,129.63,73989207
2022-09-05T01:00:00Z,129.63,131.97,128.84,131.18,74711792
2022-09-05T02:00:00Z,131.18,132.52,130.55,131.88,74668142
2022-09-05T03:00:00Z,131.88,132.45,131.16,131.72,73862767
2022-09-05T04:00:00Z,131.72,132.49,130.36,131.12,72320935
2022-09-05T05:00:00Z,131.12,131.86,129.91,130.65,70087938
2022-09-05T06:00:00Z,130.65,131.16,130.16,130.66,67227781
2022-09-05T07:00:00Z,130.66,131.83,129.97,131.14,63821345
2022-09-05T08:00:00Z,131.14,132.44,130.35,131.66,59964065
2022-09-05T09:00:00Z,131.66,132.33,131.02,131.70,55763196
2022-09-05T10:00:00Z,131.70,132.27,130.39,130.96,51334750
2022-09-05T11:00:00Z,130.96,131.72,128.80,129.56,51040475
2022-09-05T12:00:00Z,129.56,130.27,127.28,127.99,54881811
2022-09-05T13:00:00Z,127.99,128.47,126.42,126.89,58499888
2022-09-05T14:00:00Z,126.89,127.57,125.97,126.64,61781547
2022-09-05T15:00:00Z,126.64,127.95,125.88,127.19,64622354
2022-09-05T16:00:00Z,127.19,128.69,126.58,128.08,66929642
2022-09-05T17:00:00Z,128.08,129.29,127.52,128.72,68625240
2022-09-05T18:00:00Z,128.72,129.48,127.96,128.72,69647775
2022-09-05T19:00:00Z,128.72,129.43,127.41,128.12,69954497
2022-09-05T20:00:00Z,128.12,128.59,126.89,127.36,69522582
2022-09-05T21:00:00Z,127.36,128.03,126.30,126.98,68349848
2022-09-05T22:00:00Z,126.98,128.11,126.22,127.35,66454896
2022-09-05T23:00:00Z,127.35,128.99,126.74,128.38,63876646
2022-09-06T00:00:00Z,128.38,130.20,127.81,129.63,60673294
2022-09-06T01:00:00Z,129.63,131.27,128.86,130.50,56920718
2022-09-06T02:00:00Z,130.50,131.36,129.78,130.64,52710370
2022-09-06T03:00:00Z,130.64,131.11,129.62,130.09,48510255
2022-09-06T04:00:00Z,130.09,130.79,128.62,129.32,45105649
2022-09-06T05:00:00Z,129.32,130.09,128.10,128.87,41575182
2022-09-06T06:00:00Z,128.87,129.71,128.27,129.11,46487042
2022-09-06T07:00:00Z,129.11,130.52,128.52,129.94,51266276
2022-09-06T08:00:00Z,129.94,131.66,129.16,130.89,55791526
2022-09-06T09:00:00Z,130.89,132.08,130.16,131.36,59948394
2022-09-06T10:00:00Z,131.36,131.83,130.50,130.97,63632662
2022-09-06T11:00:00Z,130.97,131.67,129.09,129.79,66753210
2022-09-06T12:00:00Z,129.79,130.55,127.51,128.27,69234567
2022-09-06T13:00:00Z,128.27,128.86,126.44,127.03,71019011
2022-09-06T14:00:00Z,127.03,127.60,125.89,126.46,72068164
2022-09-06T15:00:00Z,126.46,127.30,125.71,126.56,72364030
2022-09-06T16:00:00Z,126.56,127.62,125.86,126.92,71909456
2022-09-06T17:00:00Z,126.92,127.48,126.47,127.03,70727993
2022-09-06T18:00:00Z,127.03,127.72,125.90,126.58,68863166
2022-09-06T19:00:00Z,126.58,127.33,124.93,125.68,66377179
2022-09-06T20:00:00Z,125.68,126.26,124.23,124.81,63349078
2022-09-06T21:00:00Z,124.81,125.37,123.98,124.55,59872447
2022-09-06T22:00:00Z,124.55,126.00,123.81,125.25,56052676
2022-09-06T23:00:00Z,125.25,127.52,124.56,126.83,52003910
2022-09-07T00:00:00Z,126.83,129.20,126.37,128.75,52086037
2022-09-07T01:00:00Z,128.75,131.09,128.04,130.38,56298655
2022-09-07T02:00:00Z,130.38,132.04,129.60,131.26,60281072
2022-09-07T03:00:00Z,131.26,131.98,130.66,131.38,63918350
2022-09-07T04:00:00Z,131.38,131.98,130.52,131.12,67104307
2022-09-07T05:00:00Z,131.12,131.90,130.23,131.01,69744590
2022-09-07T06:00:00Z,131.01,132.08,130.29,131.36,71759395
2022-09-07T07:00:00Z,131.36,132.59,130.90,132.12,73085785
2022-09-07T08:00:00Z,132.12,133.57,131.39,132.84,73679524
2022-09-07T09:00:00Z,132.84,133.77,132.05,132.98,73516380
2022-09-07T10:00:00Z,132.98,133.58,131.63,132.23,72592856
2022-09-07T11:00:00Z,132.23,132.84,130.13,130.74,70926331
2022-09-07T12:00:00Z,130.74,131.51,128.26,129.02,68554608
2022-09-07T13:00:00Z,129.02,129.71,127.05,127.74,65534870
2022-09-07T14:00:00Z,127.74,128.20,126.88,127.33,61942095
2022-09-07T15:00:00Z,127.33,128.48,126.63,127.78,57866955
2022-09-07T16:00:00Z,127.78,129.41,127.01,128.65,53413268
2022-09-07T17:00:00Z,128.65,129.97,128.07,129.39,48695081
2022-09-07T18:00:00Z,129.39,130.21,128.78,129.60,43833452
2022-09-07T19:00:00Z,129.60,130.37,128.56,129.33,47403089
2022-09-07T20:00:00Z,129.33,130.03,128.29,128.98,50835613
2022-09-07T21:00:00Z,128.98,129.54,128.51,129.08,54016262
2022-09-07T22:00:00Z,129.08,130.65,128.36,129.93,56837225
2022-09-07T23:00:00Z,129.93,132.21,129.16,131.43,59200827
2022-09-08T00:00:00Z,131.43,133.67,130.84,133.08,61554041
2022-09-08T01:00:00Z,133.08,134.90,132.45,134.27,64161568
2022-09-08T02:00:00Z,134.27,135.41,133.46,134.61,66097031
2022-09-08T03:00:00Z,134.61,135.33,133.45,134.17,67321309
2022-09-08T04:00:00Z,134.17,134.65,132.91,133.40,67815551
2022-09-08T05:00:00Z,133.40,134.13,132.16,132.89,67581632
2022-09-08T06:00:00Z,132.89,133.83,132.11,133.04,66642020
2022-09-08T07:00:00Z,133.04,134.39,132.45,133.80,65039059
2022-09-08T08:00:00Z,133.80,135.36,133.16,134.73,62833668
2022-09-08T09:00:00Z,134.73,136.07,133.92,135.26,60103519
2022-09-08T10:00:00Z,135.26,135.98,134.32,135.04,56940736
2022-09-08T11:00:00Z,135.04,135.54,133.64,134.14,53449174
2022-09-08T12:00:00Z,134.14,134.88,132.27,133.01,49741368
2022-09-08T13:00:00Z,133.01,133.78,131.45,132.23,50175537
2022-09-08T14:00:00Z,132.23,132.81,131.60,132.18,54749554
2022-09-08T15:00:00Z,132.18,133.44,131.55,132.80,59100959
2022-09-08T16:00:00Z,132.80,134.46,132.01,133.66,63113003
2022-09-08T17:00:00Z,133.66,134.92,132.95,134.20,66677673
2022-09-08T18:00:00Z,134.20,134.71,133.59,134.09,69698757
2022-09-08T19:00:00Z,134.09,134.83,132.65,133.40,72094588
2022-09-08T20:00:00Z,133.40,134.18,131.85,132.63,73800363
2022-09-08T21:00:00Z,132.63,133.21,131.80,132.38,74769986
2022-09-08T22:00:00Z,132.38,133.66,131.74,133.02,74977385
2022-09-08T23:00:00Z,133.02,135.29,132.21,134.49,74417248
2022-09-09T00:00:00Z,134.49,137.04,133.77,136.32,73105175
2022-09-09T01:00:00Z,136.32,138.42,135.80,137.90,71077230
2022-09-09T02:00:00Z,137.90,139.59,137.12,138.81,68388916
2022-09-09T03:00:00Z,138.81,139.87,137.99,139.06,65113586
2022-09-09T04:00:00Z,139.06,139.66,138.44,139.04,61340356
2022-09-09T05:00:00Z,139.04,139.93,138.36,139.25,57171567
2022-09-09T06:00:00Z,139.25,140.86,138.41,140.02,52719869
2022-09-09T07:00:00Z,140.02,141.97,139.28,141.23,48105017
2022-09-09T08:00:00Z,141.23,142.95,140.69,142.40,51900508
2022-09-09T09:00:00Z,142.40,143.77,141.60,142.96,55536858
2022-09-09T10:00:00Z,142.96,143.79,141.72,142.55,58898306
2022-09-09T11:00:00Z,142.55,143.16,140.69,141.30,61876156
2022-09-09T12:00:00Z,141.30,141.98,139.02,139.70,64371963
2022-09-09T13:00:00Z,139.70,140.53,137.59,138.42,66300429
2022-09-09T14:00:00Z,138.42,139.14,137.18,137.90,67591922
2022-09-09T15:00:00Z,137.90,138.70,137.37,138.17,68194548
2022-09-09T16:00:00Z,138.17,139.61,137.38,138.82,68075717
2022-09-09T17:00:00Z,138.82,140.15,138.01,139.34,67223154
2022-09-09T18:00:00Z,139.34,139.97,138.75,139.38,65645330
2022-09-09T19:00:00Z,139.38,140.06,138.32,139.00,63371300
2022-09-09T20:00:00Z,139.00,139.84,137.81,138.65,60449939
2022-09-09T21:00:00Z,138.65,139.56,137.93,138.84,57648317
2022-09-09T22:00:00Z,138.84,140.43,138.29,139.88,55047359
2022-09-09T23:00:00Z,139.88,142.44,139.08,141.64,52038531
2022-09-10T00:00:00Z,141.64,144.42,140.81,143.59,48724934
2022-09-10T01:00:00Z,143.59,145.68,142.98,145.07,45218234
2022-09-10T02:00:00Z,145.07,146.39,144.35,145.67,45875663
2022-09-10T03:00:00Z,145.67,146.54,144.52,145.40,50694000
2022-09-10T04:00:00Z,145.40,146.14,143.95,144.69,55309589
2022-09-10T05:00:00Z,144.69,145.26,143.57,144.13,59604389
2022-09-10T06:00:00Z,144.13,144.96,143.28,144.11,63468998
2022-09-10T07:00:00Z,144.11,145.42,143.27,144.58,66805738
2022-09-10T08:00:00Z,144.58,145.75,143.98,145.15,69531395
2022-09-10T09:00:00Z,145.15,146.01,144.43,145.28,71579550
2022-09-10T10:00:00Z,145.28,146.15,143.80,144.67,72902431
2022-09-10T11:00:00Z,144.67,145.40,142.67,143.41,73472236
2022-09-10T12:00:00Z,143.41,143.97,141.43,141.99,73281876
2022-09-10T13:00:00Z,141.99,142.80,140.22,141.03,72345142
2022-09-10T14:00:00Z,141.03,141.84,140.07,140.89,70696258
2022-09-10T15:00:00Z,140.89,142.10,140.31,141.52,68388871
2022-09-10T16:00:00Z,141.52,143.17,140.80,142.45,65494468
2022-09-10T17:00:00Z,142.45,143.97,141.59,143.11,62100300
2022-09-10T18:00:00Z,143.11,143.83,142.37,143.10,58306851
2022-09-10T19:00:00Z,143.10,143.67,141.91,142.48,54224932
2022-09-10T20:00:00Z,142.48,143.30,140.89,141.70,49972487
2022-09-10T21:00:00Z,141.70,142.51,140.51,141.33,54121238
2022-09-10T22:00:00Z,141.33,142.31,140.75,141.73,58099972
2022-09-10T23:00:00Z,141.73,143.57,141.01,142.84,61791249
2022-09-11T00:00:00Z,142.84,145.08,141.98,144.22,65084758
2022-09-11T01:00:00Z,144.22,145.99,143.48,145.26,67880509
2022-09-11T02:00:00Z,145.26,146.19,144.67,145.60,70091734
2022-09-11T03:00:00Z,145.60,146.44,144.44,145.28,71647416
2022-09-11T04:00:00Z,145.28,146.11,143.90,144.73,72494367
2022-09-11T05:00:00Z,144.73,145.32,143.92,144.51,72598801
2022-09-11T06:00:00Z,144.51,145.66,143.77,144.92,71947348
2022-09-11T07:00:00Z,144.92,146.76,144.05,145.89,70547496
2022-09-11T08:00:00Z,145.89,147.65,145.15,146.92,68427426
2022-09-11T09:00:00Z,146.92,148.01,146.31,147.40,65635261
2022-09-11T10:00:00Z,147.40,148.25,146.11,146.96,62237746
2022-09-11T11:00:00Z,146.96,147.80,144.84,145.67,58318392
2022-09-11T12:00:00Z,145.67,146.25,143.43,144.01,53975148
2022-09-11T13:00:00Z,144.01,144.74,141.85,142.58,49317649
2022-09-11T14:00:00Z,142.58,143.43,140.97,141.82,44464143
2022-09-11T15:00:00Z,141.82,142.53,141.02,141.72,43778460
2022-09-11T16:00:00Z,141.72,142.49,141.14,141.90,47263958
2022-09-11T17:00:00Z,141.90,142.73,141.03,141.85,50563508
2022-09-11T18:00:00Z,141.85,142.66,140.44,141.25,54433224
2022-09-11T19:00:00Z,141.25,141.80,139.65,140.20,58430034
2022-09-11T20:00:00Z,140.20,140.92,138.47,139.19,61923655
2022-09-11T21:00:00Z,139.19,140.02,137.94,138.77,64830106
2022-09-11T22:00:00Z,138.77,139.98,138.08,139.29,67082081
2022-09-11T23:00:00Z,139.29,141.22,138.70,140.63,68630811
2022-09-12T00:00:00Z,140.63,143.09,139.80,142.26,69447387
2022-09-12T01:00:00Z,142.26,144.36,141.45,143.54,69523512
2022-09-12T02:00:00Z,143.54,144.58,142.98,144.01,68871671
2022-09-12T03:00:00Z,144.01,144.76,142.92,143.67,67524695
2022-09-12T04:00:00Z,143.67,144.52,142.04,142.89,65534749
2022-09-12T05:00:00Z,142.89,143.59,141.53,142.23,62971766
2022-09-12T06:00:00Z,142.23,142.83,141.43,142.03,59921375
2022-09-12T07:00:00Z,142.03,143.07,141.20,142.24,56482374
2022-09-12T08:00:00Z,142.24,143.24,141.43,142.43,52763841
2022-09-12T09:00:00Z,142.43,142.98,141.54,142.09,48881938
2022-09-12T10:00:00Z,142.09,142.82,140.16,140.90,53406572
2022-09-12T11:00:00Z,140.90,141.73,138.17,139.01,57764689
2022-09-12T12:00:00Z,139.01,139.68,136.27,136.94,61836992
2022-09-12T13:00:00Z,136.94,137.52,134.76,135.34,65511303
2022-09-12T14:00:00Z,135.34,136.12,133.84,134.62,68685767
2022-09-12T15:00:00Z,134.62,135.53,133.86,134.77,71271760
2022-09-12T16:00:00Z,134.77,135.85,134.25,135.33,73196431
2022-09-12T17:00:00Z,135.33,136.44,134.62,135.73,74404784
2022-09-12T18:00:00Z,135.73,136.54,134.76,135.58,74861261
2022-09-12T19:00:00Z,135.58,136.23,134.25,134.90,74550772
2022-09-12T20:00:00Z,134.90,135.48,133.54,134.11,73479131
2022-09-12T21:00:00Z,134.11,134.90,132.97,133.75,71672914
2022-09-12T22:00:00Z,133.75,134.89,133.00,134.13,69178704
2022-09-12T23:00:00Z,134.13,135.68,133.62,135.17,66061789
2022-09-13T00:00:00Z,135.17,137.09,134.45,136.37,62404305
2022-09-13T01:00:00Z,136.37,137.96,135.55,137.14,58302917
2022-09-13T02:00:00Z,137.14,137.80,136.44,137.10,53866078
2022-09-13T03:00:00Z,137.10,137.70,135.74,136.33,49210954
2022-09-13T04:00:00Z,136.33,137.12,134.48,135.27,48700403
2022-09-13T05:00:00Z,135.27,136.02,133.76,134.52,52336924
2022-09-13T06:00:00Z,134.52,135.02,133.93,134.43,55762651
2022-09-13T07:00:00Z,134.43,135.68,133.72,134.96,58865368
2022-09-13T08:00:00Z,134.96,136.46,134.15,135.65,61541515
2022-09-13T09:00:00Z,135.65,136.56,135.00,135.91,63699234
2022-09-13T10:00:00Z,135.91,136.50,134.78,135.37,65261085
2022-09-13T11:00:00Z,135.37,136.16,133.31,134.10,66166351
2022-09-13T12:00:00Z,134.10,134.83,131.79,132.53,66372856
2022-09-13T13:00:00Z,132.53,133.02,130.79,131.27,65858266
2022-09-13T14:00:00Z,131.27,131.97,129.99,130.69,64620806
2022-09-13T15:00:00Z,130.69,131.52,129.91,130.74,63715058
2022-09-13T16:00:00Z,130.74,131.64,130.12,131.02,62503283
2022-09-13T17:00:00Z,131.02,131.60,130.39,130.97,60673132
2022-09-13T18:00:00Z,130.97,131.74,129.51,130.28,58293758
2022-09-13T19:00:00Z,130.28,130.99,128.33,129.04,55449888
2022-09-13T20:00:00Z,129.04,129.51,127.29,127.75,52239310
2022-09-13T21:00:00Z,127.75,128.44,126.34,127.02,48769981
2022-09-13T22:00:00Z,127.02,127.96,126.26,127.20,45156845
2022-09-13T23:00:00Z,127.20,128.84,126.60,128.23,49968492
2022-09-14T00:00:00Z,128.23,130.21,127.66,129.63,54630461
2022-09-14T01:00:00Z,129.63,131.54,128.86,130.77,59021967
2022-09-14T02:00:00Z,130.77,131.94,130.05,131.22,63029270
2022-09-14T03:00:00Z,131.22,131.69,130.50,130.97,66548882
2022-09-14T04:00:00Z,130.97,131.68,129.71,130.42,69490491
2022-09-14T05:00:00Z,130.42,131.19,129.29,130.06,71779501
2022-09-14T06:00:00Z,130.06,130.83,129.45,130.22,73359134
2022-09-14T07:00:00Z,130.22,131.40,129.64,130.81,74192013
2022-09-14T08:00:00Z,130.81,132.13,130.03,131.36,74261202
2022-09-14T09:00:00Z,131.36,132.08,130.58,131.30,73570660
2022-09-14T10:00:00Z,131.30,131.77,129.85,130.32,72145091
2022-09-14T11:00:00Z,130.32,131.01,127.83,128.53,70029218
2022-09-14T12:00:00Z,128.53,129.28,125.71,126.46,67286474
2022-09-14T13:00:00Z,126.46,127.04,124.21,124.79,63997162
2022-09-14T14:00:00Z,124.79,125.35,123.38,123.94,60256145
2022-09-14T15:00:00Z,123.94,124.68,123.21,123.94,56170110
2022-09-14T16:00:00Z,123.94,125.07,123.26,124.39,51854504
2022-09-14T17:00:00Z,124.39,125.17,123.95,124.73,51670522
2022-09-14T18:00:00Z,124.73,125.41,123.94,124.62,55619067
2022-09-14T19:00:00Z,124.62,125.36,123.37,124.11,59340740
2022-09-14T20:00:00Z,124.11,124.67,123.03,123.60,62721879
2022-09-14T21:00:00Z,123.60,124.19,123.03,123.62,65657558
2022-09-14T22:00:00Z,123.62,125.22,122.88,124.48,68054649
2022-09-14T23:00:00Z,124.48,126.73,123.79,126.04,69834539
2022-09-15T00:00:00Z,126.04,128.22,125.59,127.77,70935442
2022-09-15T01:00:00Z,127.77,129.76,127.07,129.05,71314227
2022-09-15T02:00:00Z,129.05,130.22,128.28,129.46,70947713
2022-09-15T03:00:00Z,129.46,130.04,128.44,129.03,69833401
2022-09-15T04:00:00Z,129.03,129.62,127.62,128.21,67989604
2022-09-15T05:00:00Z,128.21,128.97,126.83,127.59,65454992
2022-09-15T06:00:00Z,127.59,128.28,126.87,127.56,62287548
2022-09-15T07:00:00Z,127.56,128.53,127.10,128.08,58562973
2022-09-15T08:00:00Z,128.08,129.45,127.37,128.74,54372583
2022-09-15T09:00:00Z,128.74,129.76,127.97,128.99,49820762
2022-09-15T10:00:00Z,128.99,129.57,127.93,128.51,45022036
2022-09-15T11:00:00Z,128.51,129.10,126.78,127.38,40097860
2022-09-15T12:00:00Z,127.38,128.13,125.32,126.07,44826794
2022-09-15T13:00:00Z,126.07,126.74,124.50,125.17,49626956
2022-09-15T14:00:00Z,125.17,125.62,124.61,125.06,54181162
2022-09-15T15:00:00Z,125.06,126.36,124.36,125.66,58374874
2022-09-15T16:00:00Z,125.66,127.28,124.92,126.53,62103694
2022-09-15T17:00:00Z,126.53,127.65,125.96,127.08,65276282
2022-09-15T18:00:00Z,127.08,127.68,126.35,126.95,67816913
2022-09-15T19:00:00Z,126.95,127.70,125.44,126.20,69667575
2022-09-15T20:00:00Z,126.20,126.87,124.62,125.29,70789565
2022-09-15T21:00:00Z,125.29,125.75,124.37,124.83,71164531
2022-09-15T22:00:00Z,124.83,125.87,124.14,125.18,70794932
2022-09-15T23:00:00Z,125.18,127.02,124.43,126.28,69703902
2022-09-16T00:00:00Z,126.28,128.25,125.71,127.68,67934526
2022-09-16T01:00:00Z,127.68,129.41,127.07,128.80,65548537
2022-09-16T02:00:00Z,128.80,130.01,128.03,129.24,62624494
2022-09-16T03:00:00Z,129.24,129.93,128.35,129.04,59255468
2022-09-16T04:00:00Z,129.04,129.52,128.14,128.62,55546325
2022-09-16T05:00:00Z,128.62,129.33,127.78,128.50,51610668
2022-09-16T06:00:00Z,128.50,129.76,127.74,129.01,51807829
2022-09-16T07:00:00Z,129.01,130.60,128.43,130.03,56136843
2022-09-16T08:00:00Z,130.03,131.71,129.41,131.09,60236451
2022-09-16T09:00:00Z,131.09,132.37,130.30,131.58,63991136
2022-09-16T10:00:00Z,131.58,132.28,130.44,131.14,67294145
2022-09-16T11:00:00Z,131.14,131.62,129.37,129.85,70050549
2022-09-16T12:00:00Z,129.85,130.57,127.49,128.21,72179977
2022-09-16T13:00:00Z,128.21,128.95,126.09,126.84,73618931
2022-09-16T14:00:00Z,126.84,127.39,125.64,126.19,74322621
2022-09-16T15:00:00Z,126.19,126.87,125.58,126.27,74266279
2022-09-16T16:00:00Z,126.27,127.45,125.51,126.69,73445884
2022-09-16T17:00:00Z,126.69,127.62,126.02,126.95,71878310
2022-09-16T18:00:00Z,126.95,127.42,126.24,126.72,69600874
2022-09-16T19:00:00Z,126.72,127.43,125.38,126.09,66670300
2022-09-16T20:00:00Z,126.09,126.83,124.79,125.52,63161127
2022-09-16T21:00:00Z,125.52,126.11,124.98,125.57,59163618
2022-09-16T22:00:00Z,125.57,127.16,124.96,126.54,54781211
2022-09-16T23:00:00Z,126.54,129.09,125.78,128.32,50127603
2022-09-17T00:00:00Z,128.32,131.06,127.64,130.37,45323539
2022-09-17T01:00:00Z,130.37,132.53,129.87,132.03,48943440
2022-09-17T02:00:00Z,132.03,133.60,131.28,132.85,52418685
2022-09-17T03:00:00Z,132.85,133.62,132.05,132.82,55634300
2022-09-17T04:00:00Z,132.82,133.39,131.80,132.36,58482305
2022-09-17T05:00:00Z,132.36,133.01,131.37,132.01,60864890
2022-09-17T06:00:00Z,132.01,132.93,131.22,132.14,62697311
2022-09-17T07:00:00Z,132.14,133.39,131.45,132.70,63910408
2022-09-17T08:00:00Z,132.70,133.79,132.19,133.28,64452669
2022-09-17T09:00:00Z,133.28,134.11,132.53,133.36,65663147
2022-09-17T10:00:00Z,133.36,134.13,131.85,132.62,66179287
2022-09-17T11:00:00Z,132.62,133.18,130.66,131.21,65975279
2022-09-17T12:00:00Z,131.21,131.85,129.00,129.63,65073448
2022-09-17T13:00:00Z,129.63,130.40,127.74,128.51,63515950
2022-09-17T14:00:00Z,128.51,129.18,127.59,128.26,61363482
2022-09-17T15:00:00Z,128.26,129.32,127.76,128.82,58693458
2022-09-17T16:00:00Z,128.82,130.48,128.08,129.74,55597705
2022-09-17T17:00:00Z,129.74,131.20,128.98,130.44,52179752
2022-09-17T18:00:00Z,130.44,131.07,129.89,130.52,48551772
2022-09-17T19:00:00Z,130.52,131.17,129.38,130.02,49071594
2022-09-17T20:00:00Z,130.02,130.80,128.58,129.36,53736672
2022-09-17T21:00:00Z,129.36,130.02,128.41,129.08,58184098
2022-09-17T22:00:00Z,129.08,130.04,128.57,129.53,62296654
2022-09-17T23:00:00Z,129.53,131.38,128.79,130.63,65965834
2022-09-18T00:00:00Z,130.63,132.68,129.87,131.91,69094916
2022-09-18T01:00:00Z,131.91,133.34,131.36,132.79,71601702
2022-09-18T02:00:00Z,132.79,133.56,132.13,132.90,73420845
2022-09-18T03:00:00Z,132.90,133.69,131.50,132.29,74505697
2022-09-18T04:00:00Z,132.29,132.97,130.76,131.44,74829618
2022-09-18T05:00:00Z,131.44,131.96,130.38,130.90,74386727
2022-09-18T06:00:00Z,130.90,131.79,130.15,131.04,73192049
2022-09-18T07:00:00Z,131.04,132.54,130.27,131.78,71281075
2022-09-18T08:00:00Z,131.78,133.20,131.23,132.65,68708732
2022-09-18T09:00:00Z,132.65,133.74,131.99,133.07,65547807
2022-09-18T10:00:00Z,133.07,133.86,131.85,132.65,61886856
2022-09-18T11:00:00Z,132.65,133.32,130.78,131.45,57827668
2022-09-18T12:00:00Z,131.45,131.97,129.40,129.92,53482358
2022-09-18T13:00:00Z,129.92,130.66,127.94,128.68,48970160
2022-09-18T14:00:00Z,128.68,129.41,127.36,128.10,52864067
2022-09-18T15:00:00Z,128.10,128.69,127.58,128.17,56594113
2022-09-18T16:00:00Z,128.17,129.13,127.52,128.48,60044079
2022-09-18T17:00:00Z,128.48,129.28,127.71,128.51,63104834
2022-09-18T18:00:00Z,128.51,129.16,127.30,127.94,65677530
2022-09-18T19:00:00Z,127.94,128.46,126.37,126.89,67676489
2022-09-18T20:00:00Z,126.89,127.61,125.11,125.83,69031736
2022-09-18T21:00:00Z,125.83,126.55,124.64,125.36,69691062
2022-09-18T22:00:00Z,125.36,126.36,124.86,125.85,69621602
2022-09-18T23:00:00Z,125.85,127.84,125.20,127.19,68810838
2022-09-19T00:00:00Z,127.19,129.67,126.42,128.90,67267038
2022-09-19T01:00:00Z,128.90,130.97,128.24,130.32,65019087
2022-09-19T02:00:00Z,130.32,131.55,129.78,131.01,62115735
2022-09-19T03:00:00Z,131.01,131.77,130.21,130.97,58624271
2022-09-19T04:00:00Z,130.97,131.71,129.81,130.55,54628668
2022-09-19T05:00:00Z,130.55,131.08,129.78,130.30,50367815
2022-09-19T06:00:00Z,130.30,131.18,129.63,130.52,47068975
2022-09-19T07:00:00Z,130.52,131.92,129.73,131.13,43585141
2022-09-19T08:00:00Z,131.13,132.35,130.47,131.69,44273435
2022-09-19T09:00:00Z,131.69,132.24,131.10,131.65,49130486
2022-09-19T10:00:00Z,131.65,132.41,129.93,130.69,53792447
2022-09-19T11:00:00Z,130.69,131.43,128.21,128.95,58141049
2022-09-19T12:00:00Z,128.95,129.45,126.45,126.95,62066628
2022-09-19T13:00:00Z,126.95,127.59,124.72,125.36,65471207
2022-09-19T14:00:00Z,125.36,126.11,123.87,124.62,68271240
2022-09-19T15:00:00Z,124.62,125.34,124.00,124.72,70399942
2022-09-19T16:00:00Z,124.72,125.78,124.20,125.26,71809149
2022-09-19T17:00:00Z,125.26,126.39,124.53,125.66,72470633
2022-09-19T18:00:00Z,125.66,126.37,124.84,125.56,72376860
2022-09-19T19:00:00Z,125.56,126.05,124.50,124.99,71541144
2022-09-19T20:00:00Z,124.99,125.64,123.73,124.37,69997217
2022-09-19T21:00:00Z,124.37,125.12,123.48,124.22,67798211
2022-09-19T22:00:00Z,124.22,125.46,123.61,124.84,65015082
2022-09-19T23:00:00Z,124.84,126.65,124.31,126.12,61734536
2022-09-20T00:00:00Z,126.12,128.28,125.38,127.54,58056499
2022-09-20T01:00:00Z,127.54,129.22,126.81,128.49,54091220
2022-09-20T02:00:00Z,128.49,129.08,127.99,128.58,49956070
2022-09-20T03:00:00Z,128.58,129.25,127.19,127.86,54222196
2022-09-20T04:00:00Z,127.86,128.61,126.02,126.78,58317809
2022-09-20T05:00:00Z,126.78,127.39,125.32,125.94,62124900
2022-09-20T06:00:00Z,125.94,126.47,125.19,125.73,65532588
2022-09-20T07:00:00Z,125.73,126.85,124.99,126.11,68440325
2022-09-20T08:00:00Z,126.11,127.38,125.40,126.66,70760794
2022-09-20T09:00:00Z,126.66,127.31,126.18,126.82,72422442
2022-09-20T10:00:00Z,126.82,127.48,125.59,126.25,73371564
2022-09-20T11:00:00Z,126.25,127.00,124.26,125.01,73573871
2022-09-20T12:00:00Z,125.01,125.61,122.98,123.58,73015517
2022-09-20T13:00:00Z,123.58,124.10,122.00,122.53,71703532
2022-09-20T14:00:00Z,122.53,123.24,121.52,122.23,69665666
2022-09-20T15:00:00Z,122.23,123.32,121.54,122.63,66949640
2022-09-20T16:00:00Z,122.63,123.75,122.16,123.28,63621825
2022-09-20T17:00:00Z,123.28,124.27,122.63,123.62,59765394
2022-09-20T18:00:00Z,123.62,124.36,122.55,123.29,55477984
2022-09-20T19:00:00Z,123.29,123.88,121.79,122.38,50868959
2022-09-20T20:00:00Z,122.38,122.91,120.84,121.37,46056329
2022-09-20T21:00:00Z,121.37,122.08,120.15,120.86,45403723
2022-09-20T22:00:00Z,120.86,121.89,120.18,121.21,48914337
2022-09-20T23:00:00Z,121.21,122.84,120.75,122.39,52230920
2022-09-21T00:00:00Z,122.39,124.57,121.73,123.91,55241792
2022-09-21T01:00:00Z,123.91,125.93,123.16,125.18,57843842
2022-09-21T02:00:00Z,125.18,126.41,124.58,125.80,60254280
2022-09-21T03:00:00Z,125.80,126.35,125.23,125.78,63176465
2022-09-21T04:00:00Z,125.78,126.52,124.78,125.52,65452275
2022-09-21T05:00:00Z,125.52,126.23,124.82,125.53,67032822
2022-09-21T06:00:00Z,125.53,126.59,125.06,126.13,67889042
2022-09-21T07:00:00Z,126.13,127.88,125.45,127.20,68012444
2022-09-21T08:00:00Z,127.20,129.03,126.43,128.27,67415281
2022-09-21T09:00:00Z,128.27,129.35,127.65,128.74,66130116
2022-09-21T10:00:00Z,128.74,129.30,127.69,128.25,64208812
2022-09-21T11:00:00Z,128.25,129.00,126.17,126.92,61720966
2022-09-21T12:00:00Z,126.92,127.62,124.54,125.24,58751838
2022-09-21T13:00:00Z,125.24,125.69,123.41,123.86,55399829
2022-09-21T14:00:00Z,123.86,124.52,122.58,123.24,51773589
2022-09-21T15:00:00Z,123.24,124.11,122.50,123.37,47988829
2022-09-21T16:00:00Z,123.37,124.48,122.79,123.89,52614982
2022-09-21T17:00:00Z,123.89,124.83,123.34,124.27,57078495
2022-09-21T18:00:00Z,124.27,125.01,123.45,124.18,61259554
2022-09-21T19:00:00Z,124.18,124.87,123.01,123.69,65045450
2022-09-21T20:00:00Z,123.69,124.14,122.80,123.25,68333780
2022-09-21T21:00:00Z,123.25,124.05,122.58,123.39,71035364
2022-09-21T22:00:00Z,123.39,125.16,122.64,124.42,73076783
2022-09-21T23:00:00Z,124.42,126.79,123.83,126.20,74402471
2022-09-22T00:00:00Z,126.20,128.79,125.63,128.22,74976294
2022-09-22T01:00:00Z,128.22,130.57,127.45,129.80,74782587
2022-09-22T02:00:00Z,129.80,131.24,129.08,130.52,73826593
2022-09-22T03:00:00Z,130.52,130.98,129.92,130.38,72134321
2022-09-22T04:00:00Z,130.38,131.09,129.12,129.82,69751796
2022-09-22T05:00:00Z,129.82,130.59,128.63,129.40,66743759
2022-09-22T06:00:00Z,129.40,130.10,128.80,129.50,63191813
2022-09-22T07:00:00Z,129.50,130.68,128.91,130.09,59192106
2022-09-22T08:00:00Z,130.09,131.53,129.31,130.76,54852592
2022-09-22T09:00:00Z,130.76,131.70,130.04,130.98,50289961
2022-09-22T10:00:00Z,130.98,131.45,130.00,130.46,49866618
2022-09-22T11:00:00Z,130.46,131.16,128.60,129.30,53584636
2022-09-22T12:00:00Z,129.30,130.06,127.24,128.00,57085748
2022-09-22T13:00:00Z,128.00,128.59,126.60,127.19,60257369
2022-09-22T14:00:00Z,127.19,127.81,126.60,127.23,62995603
2022-09-22T15:00:00Z,127.23,128.84,126.47,128.08,65208286
2022-09-22T16:00:00Z,128.08,129.99,127.38,129.28,66817711
2022-09-22T17:00:00Z,129.28,130.69,128.82,130.23,67762924
2022-09-22T18:00:00Z,130.23,131.27,129.52,130.56,68001559
2022-09-22T19:00:00Z,130.56,131.33,129.52,130.30,67511120
2022-09-22T20:00:00Z,130.30,130.89,129.29,129.88,66289715
2022-09-22T21:00:00Z,129.88,130.48,129.28,129.88,64356183
2022-09-22T22:00:00Z,129.88,131.42,129.10,130.64,61749632
2022-09-22T23:00:00Z,130.64,132.83,129.93,132.11,59005216
2022-09-23T00:00:00Z,132.11,134.29,131.63,133.81,56642555
2022-09-23T01:00:00Z,133.81,135.92,133.07,135.18,53823484
2022-09-23T02:00:00Z,135.18,136.63,134.37,135.83,50645673
2022-09-23T03:00:00Z,135.83,136.44,135.20,135.81,47216916
2022-09-23T04:00:00Z,135.81,136.44,134.94,135.57,43651958
2022-09-23T05:00:00Z,135.57,136.48,134.77,135.67,48519154
2022-09-23T06:00:00Z,135.67,137.17,134.93,136.44,53243772
2022-09-23T07:00:00Z,136.44,138.28,135.94,137.78,57704719
2022-09-23T08:00:00Z,137.78,139.99,137.01,139.22,61787914
2022-09-23T09:00:00Z,139.22,140.99,138.40,140.16,65389498
2022-09-23T10:00:00Z,140.16,140.84,139.53,140.21,68418758
2022-09-23T11:00:00Z,140.21,140.86,138.77,139.43,70800669
2022-09-23T12:00:00Z,139.43,140.25,137.46,138.29,72477997
2022-09-23T13:00:00Z,138.29,139.03,136.66,137.40,73412886
2022-09-23T14:00:00Z,137.40,137.90,136.67,137.17,73587903
2022-09-23T15:00:00Z,137.17,138.35,136.41,137.59,73006485
2022-09-23T16:00:00Z,137.59,139.09,136.78,138.27,71692804
2022-09-23T17:00:00Z,138.27,139.31,137.66,138.70,69691035
2022-09-23T18:00:00Z,138.70,139.35,137.90,138.56,67064050
2022-09-23T19:00:00Z,138.56,139.38,137.13,137.95,63891587
2022-09-23T20:00:00Z,137.95,138.69,136.63,137.37,60267936
2022-09-23T21:00:00Z,137.37,137.88,136.86,137.38,56299209
2022-09-23T22:00:00Z,137.38,139.11,136.61,138.34,52100280
2022-09-23T23:00:00Z,138.34,140.96,137.51,140.14,52031771
2022-09-24T00:00:00Z,140.14,142.88,139.51,142.26,56094018
2022-09-24T01:00:00Z,142.26,144.73,141.57,144.05,59927068
2022-09-24T02:00:00Z,144.05,145.92,143.18,145.06,63416711
2022-09-24T03:00:00Z,145.06,146.05,144.28,145.28,66457492
2022-09-24T04:00:00Z,145.28,145.82,144.55,145.09,68955766
2022-09-24T05:00:00Z,145.09,145.90,144.21,145.02,70832426
2022-09-24T06:00:00Z,145.02,146.28,144.17,145.42,72025211
2022-09-24T07:00:00Z,145.42,146.86,144.78,146.22,72490540
2022-09-24T08:00:00Z,146.22,147.68,145.51,146.98,72204810
2022-09-24T09:00:00Z,146.98,148.05,146.10,147.17,71165123
2022-09-24T10:00:00Z,147.17,147.94,145.72,146.49,69389429
2022-09-24T11:00:00Z,146.49,147.04,144.54,145.08,66916064
2022-09-24T12:00:00Z,145.08,145.89,142.67,143.47,63802710
2022-09-24T13:00:00Z,143.47,144.31,141.48,142.32,60124803
2022-09-24T14:00:00Z,142.32,142.93,141.42,142.03,55973432
2022-09-24T15:00:00Z,142.03,143.30,141.35,142.61,51452789
2022-09-24T16:00:00Z,142.61,144.48,141.75,143.62,46677248
2022-09-24T17:00:00Z,143.62,145.24,142.86,144.48,41768149
2022-09-24T18:00:00Z,144.48,145.36,143.93,144.81,45300431
2022-09-24T19:00:00Z,144.81,145.63,143.83,144.64,48705899
2022-09-24T20:00:00Z,144.64,145.49,143.54,144.38,52514823
2022-09-24T21:00:00Z,144.38,145.17,143.76,144.55,56726224
2022-09-24T22:00:00Z,144.55,146.18,143.84,145.47,60480807
2022-09-24T23:00:00Z,145.47,147.92,144.59,147.04,63687108
2022-09-25T00:00:00Z,147.04,149.53,146.26,148.75,66269236
2022-09-25T01:00:00Z,148.75,150.58,148.17,150.00,68168976
2022-09-25T02:00:00Z,150.00,151.27,149.15,150.42,69347383
2022-09-25T03:00:00Z,150.42,151.30,149.19,150.07,69785830
2022-09-25T04:00:00Z,150.07,150.70,148.75,149.39,69486465
2022-09-25T05:00:00Z,149.39,150.12,148.25,148.98,68472078
2022-09-25T06:00:00Z,148.98,150.12,148.09,149.23,66785378
2022-09-25T07:00:00Z,149.23,150.85,148.45,150.07,64487694
2022-09-25T08:00:00Z,150.07,151.65,149.48,151.06,61657151
2022-09-25T09:00:00Z,151.06,152.50,150.20,151.64,58386365
2022-09-25T10:00:00Z,151.64,152.52,150.54,151.43,54779718
2022-09-25T11:00:00Z,151.43,152.06,149.86,150.49,50950311
2022-09-25T12:00:00Z,150.49,151.23,148.55,149.29,51256957
2022-09-25T13:00:00Z,149.29,150.18,147.50,148.39,55698155
2022-09-25T14:00:00Z,148.39,149.16,147.42,148.19,59912094
2022-09-25T15:00:00Z,148.19,149.20,147.60,148.62,63782699
2022-09-25T16:00:00Z,148.62,150.11,147.77,149.26,67202650
2022-09-25T17:00:00Z,149.26,150.42,148.39,149.55,70076444
2022-09-25T18:00:00Z,149.55,150.18,148.55,149.17,72323135
2022-09-25T19:00:00Z,149.17,149.91,147.48,148.21,73878650
2022-09-25T20:00:00Z,148.21,149.10,146.28,147.16,74697631
2022-09-25T21:00:00Z,147.16,147.92,145.87,146.63,74754741
2022-09-25T22:00:00Z,146.63,147.56,146.04,146.98,74045406
2022-09-25T23:00:00Z,146.98,149.00,146.13,148.15,72585956
2022-09-26T00:00:00Z,148.15,150.54,147.29,149.68,70413178
2022-09-26T01:00:00Z,149.68,151.56,149.05,150.93,67583283
2022-09-26T02:00:00Z,150.93,152.26,150.17,151.50,64170317
2022-09-26T03:00:00Z,151.50,152.41,150.48,151.39,60264072
2022-09-26T04:00:00Z,151.39,152.16,150.21,150.98,55967540
2022-09-26T05:00:00Z,150.98,151.59,150.19,150.80,51393996
2022-09-26T06:00:00Z,150.80,152.00,149.93,151.14,46663792
2022-09-26T07:00:00Z,151.14,152.78,150.26,151.91,50350990
2022-09-26T08:00:00Z,151.91,153.26,151.28,152.64,53886637
2022-09-26T09:00:00Z,152.64,153.52,151.87,152.75,57155464
2022-09-26T10:00:00Z,152.75,153.67,151.01,151.92,60049230
2022-09-26T11:00:00Z,151.92,152.68,149.49,150.25,62469901
2022-09-26T12:00:00Z,150.25,150.85,147.67,148.27,64332548
2022-09-26T13:00:00Z,148.27,149.12,145.80,146.64,65567861
2022-09-26T14:00:00Z,146.64,147.48,144.97,145.81,66124220
2022-09-26T15:00:00Z,145.81,146.40,145.20,145.79,65969262
2022-09-26T16:00:00Z,145.79,146.93,145.05,146.19,65090889
2022-09-26T17:00:00Z,146.19,147.36,145.31,146.48,64310635
2022-09-26T18:00:00Z,146.48,147.22,145.57,146.31,63427468
2022-09-26T19:00:00Z,146.31,146.91,145.14,145.74,61896696
2022-09-26T20:00:00Z,145.74,146.58,144.35,145.19,59778885
2022-09-26T21:00:00Z,145.19,146.02,144.36,145.19,57151279
2022-09-26T22:00:00Z,145.19,146.63,144.61,146.04,54105499
2022-09-26T23:00:00Z,146.04,148.37,145.29,147.61,50744826
2022-09-27T00:00:00Z,147.61,150.27,146.72,149.37,47181156
2022-09-27T01:00:00Z,149.37,151.43,148.62,150.67,47772001
2022-09-27T02:00:00Z,150.67,151.72,150.05,151.09,52514466
2022-09-27T03:00:00Z,151.09,151.96,149.79,150.66,57045267
2022-09-27T04:00:00Z,150.66,151.52,148.96,149.81,61246775
2022-09-27T05:00:00Z,149.81,150.41,148.54,149.13,65010050
2022-09-27T06:00:00Z,149.13,149.90,148.24,149.01,68237908
2022-09-27T07:00:00Z,149.01,150.30,148.11,149.40,70847667
2022-09-27T08:00:00Z,149.40,150.66,148.66,149.91,72773478
2022-09-27T09:00:00Z,149.91,150.62,149.28,149.99,73968167
2022-09-27T10:00:00Z,149.99,150.86,148.47,149.33,74404559
2022-09-27T11:00:00Z,149.33,150.18,147.18,148.02,74076220
2022-09-27T12:00:00Z,148.02,148.60,145.97,146.55,72997616
2022-09-27T13:00:00Z,146.55,147.30,144.76,145.51,71203667
2022-09-27T14:00:00Z,145.51,146.38,144.40,145.27,68748729
2022-09-27T15:00:00Z,145.27,146.50,144.55,145.78,65705013
2022-09-27T16:00:00Z,145.78,147.19,145.16,146.57,62160501
2022-09-27T17:00:00Z,146.57,147.92,145.72,147.06,58216412
2022-09-27T18:00:00Z,147.06,147.90,146.04,146.88,53984297
2022-09-27T19:00:00Z,146.88,147.45,145.51,146.08,49582834
2022-09-27T20:00:00Z,146.08,146.83,144.35,145.11,53584476
2022-09-27T21:00:00Z,145.11,145.97,143.69,144.56,57418729
2022-09-27T22:00:00Z,144.56,145.50,143.85,144.79,60968862
2022-09-27T23:00:00Z,144.79,146.38,144.18,145.76,64125256
2022-09-28T00:00:00Z,145.76,147.86,144.90,147.00,66788591
2022-09-28T01:00:00Z,147.00,148.78,146.17,147.94,68872749
2022-09-28T02:00:00Z,147.94,148.76,147.37,148.19,70307334
2022-09-28T03:00:00Z,148.19,148.96,147.03,147.80,71039752
2022-09-28T04:00:00Z,147.80,148.68,146.31,147.19,71036777
2022-09-28T05:00:00Z,147.19,147.91,146.19,146.90,70285566
2022-09-28T06:00:00Z,146.90,147.90,146.27,147.27,68794096
2022-09-28T07:00:00Z,147.27,149.05,146.40,148.18,66590996
2022-09-28T08:00:00Z,148.18,150.00,147.34,149.16,63724796
2022-09-28T09:00:00Z,149.16,150.17,148.59,149.60,60262602
2022-09-28T10:00:00Z,149.60,150.39,148.35,149.13,56288245
2022-09-28T11:00:00Z,149.13,150.02,146.94,147.83,51899940
2022-09-28T12:00:00Z,147.83,148.53,145.46,146.17,47207546
2022-09-28T13:00:00Z,146.17,146.80,144.16,144.79,42329480
2022-09-28T14:00:00Z,144.79,145.63,143.26,144.10,42610603
2022-09-28T15:00:00Z,144.10,144.93,143.29,144.13,47487292
2022-09-28T16:00:00Z,144.13,145.02,143.58,144.48,52176939
2022-09-28T17:00:00Z,144.48,145.40,143.71,144.64,56561140
2022-09-28T18:00:00Z,144.64,145.50,143.44,144.30,60530057
2022-09-28T19:00:00Z,144.30,144.99,142.87,143.56,63985500
2022-09-28T20:00:00Z,143.56,144.18,142.25,142.87,66843673
2022-09-28T21:00:00Z,142.87,143.71,141.98,142.82,69037508
2022-09-28T22:00:00Z,142.82,144.52,142.01,143.72,70518521
2022-09-28T23:00:00Z,143.72,145.99,143.18,145.45,71258133
2022-09-29T00:00:00Z,145.45,148.26,144.66,147.48,71248425
2022-09-29T01:00:00Z,147.48,150.05,146.59,149.16,70502303
2022-09-29T02:00:00Z,149.16,150.74,148.44,150.02,69053058
2022-09-29T03:00:00Z,150.02,150.74,149.36,150.07,66953358
2022-09-29T04:00:00Z,150.07,150.96,148.82,149.70,64273673
2022-09-29T05:00:00Z,149.70,150.53,148.62,149.45,61100203
2022-09-29T06:00:00Z,149.45,150.22,148.90,149.67,57532349
2022-09-29T07:00:00Z,149.67,151.11,148.86,150.31,53679820
2022-09-29T08:00:00Z,150.31,151.85,149.40,150.95,49659434
2022-09-29T09:00:00Z,150.95,151.78,150.23,151.06,54041778
2022-09-29T10:00:00Z,151.06,151.73,149.68,150.35,58254494
2022-09-29T11:00:00Z,150.35,151.23,148.07,148.95,62178996
2022-09-29T12:00:00Z,148.95,149.77,146.56,147.37,65703831
2022-09-29T13:00:00Z,147.37,147.90,145.73,146.26,68727875
2022-09-29T14:00:00Z,146.26,147.05,145.24,146.03,71163244
2022-09-29T15:00:00Z,146.03,147.50,145.15,146.63,72937821
2022-09-29T16:00:00Z,146.63,148.32,145.94,147.63,73997347
2022-09-29T17:00:00Z,147.63,149.10,146.96,148.43,74306993
2022-09-29T18:00:00Z,148.43,149.53,147.55,148.66,73852387
2022-09-29T19:00:00Z,148.66,149.47,147.51,148.33,72640051
2022-09-29T20:00:00Z,148.33,148.86,147.33,147.86,70697247
2022-09-29T21:00:00Z,147.86,148.66,146.99,147.79,68071230
2022-09-29T22:00:00Z,147.79,149.34,146.91,148.46,64827932
2022-09-29T23:00:00Z,148.46,150.46,147.76,149.77,61050109
2022-09-30T00:00:00Z,149.77,151.93,149.08,151.24,56835015
2022-09-30T01:00:00Z,151.24,153.20,150.34,152.30,52291659
2022-09-30T02:00:00Z,152.30,153.40,151.46,152.56,47537729
2022-09-30T03:00:00Z,152.56,153.10,151.55,152.09,46936568
2022-09-30T04:00:00Z,152.09,152.91,150.53,151.35,50491119
2022-09-30T05:00:00Z,151.35,152.25,150.02,150.92,53843916
2022-09-30T06:00:00Z,150.92,151.87,150.22,151.17,56883101
2022-09-30T07:00:00Z,151.17,152.73,150.48,152.04,59505426
2022-09-30T08:00:00Z,152.04,153.96,151.13,153.05,61619295
2022-09-30T09:00:00Z,153.05,154.48,152.21,153.64,63147484
2022-09-30T10:00:00Z,153.64,154.18,152.88,153.41,64029439
2022-09-30T11:00:00Z,153.41,154.25,151.61,152.44,65371920
2022-09-30T12:00:00Z,152.44,153.34,150.28,151.17,66248750
2022-09-30T13:00:00Z,151.17,151.86,149.51,150.20,66400797
2022-09-30T14:00:00Z,150.20,150.89,149.22,149.91,65840172
2022-09-30T15:00:00Z,149.91,151.15,149.01,150.26,64599261
2022-09-30T16:00:00Z,150.26,151.67,149.44,150.85,62729708
2022-09-30T17:00:00Z,150.85,151.66,150.31,151.13,60300858
2022-09-30T18:00:00Z,151.13,151.96,149.96,150.79,57397682
2022-09-30T19:00:00Z,150.79,151.68,149.05,149.94,54118257
2022-09-30T20:00:00Z,149.94,150.61,148.38,149.05,50570879
2022-09-30T21:00:00Z,149.05,149.74,148.05,148.74,46870872
2022-09-30T22:00:00Z,148.74,150.25,147.85,149.36,51587253
2022-09-30T23:00:00Z,149.36,151.65,148.54,150.84,56146028
2022-10-01T00:00:00Z,150.84,153.23,150.29,152.68,60426916
2022-10-01T01:00:00Z,152.68,155.10,151.83,154.25,64316720
2022-10-01T02:00:00Z,154.25,156.04,153.33,155.12,67712527
2022-10-01T03:00:00Z,155.12,155.96,154.42,155.26,70524631
2022-10-01T04:00:00Z,155.26,155.99,154.35,155.07,72679072
2022-10-01T05:00:00Z,155.07,155.99,154.13,155.05,74119728
2022-10-01T06:00:00Z,155.05,156.36,154.21,155.52,74809906
2022-10-01T07:00:00Z,155.52,156.95,154.95,156.39,74733368
2022-10-01T08:00:00Z,156.39,158.06,155.52,157.19,73894785
2022-10-01T09:00:00Z,157.19,158.30,156.26,157.37,72319588
2022-10-01T10:00:00Z,157.37,158.07,155.92,156.62,70053233
2022-10-01T11:00:00Z,156.62,157.35,154.31,155.04,67159888
2022-10-01T12:00:00Z,155.04,155.95,152.27,153.18,63720596
2022-10-01T13:00:00Z,153.18,153.99,150.88,151.69,59830953
2022-10-01T14:00:00Z,151.69,152.25,150.47,151.03,55598375
2022-10-01T15:00:00Z,151.03,152.02,150.19,151.18,51139026
2022-10-01T16:00:00Z,151.18,152.65,150.29,151.76,50814807
2022-10-01T17:00:00Z,151.76,152.87,151.08,152.20,54627304
2022-10-01T18:00:00Z,152.20,152.92,151.42,152.15,58217788
2022-10-01T19:00:00Z,152.15,153.05,150.74,151.64,61473237
2022-10-01T20:00:00Z,151.64,152.45,150.30,151.10,64289343
2022-10-01T21:00:00Z,151.10,151.66,150.49,151.05,66573562
2022-10-01T22:00:00Z,151.05,152.63,150.20,151.78,68247835
2022-10-01T23:00:00Z,151.78,154.08,150.88,153.18,69250892
2022-10-02T00:00:00Z,153.18,155.39,152.50,154.71,69540082
2022-10-02T01:00:00Z,154.71,156.51,153.97,155.77,69092663
2022-10-02T02:00:00Z,155.77,156.87,154.84,155.93,67906532
2022-10-02T03:00:00Z,155.93,156.76,154.44,155.26,66000354
2022-10-02T04:00:00Z,155.26,155.84,153.61,154.19,63413105
2022-10-02T05:00:00Z,154.19,155.05,152.47,153.33,60203024
2022-10-02T06:00:00Z,153.33,154.22,152.15,153.05,56446022
2022-10-02T07:00:00Z,153.05,154.00,152.39,153.34,52233574
2022-10-02T08:00:00Z,153.34,154.51,152.60,153.77,48986817
2022-10-02T09:00:00Z,153.77,154.71,152.85,153.79,45579642
2022-10-02T10:00:00Z,153.79,154.60,152.27,153.08,42044285
2022-10-02T11:00:00Z,153.08,153.65,151.13,151.70,46948957
2022-10-02T12:00:00Z,151.70,152.55,149.30,150.14,51718741
2022-10-02T13:00:00Z,150.14,151.01,148.11,148.98,56232323
2022-10-02T14:00:00Z,148.98,149.62,147.95,148.59,60375366
2022-10-02T15:00:00Z,148.59,149.62,147.86,148.90,64043717
2022-10-02T16:00:00Z,148.90,150.36,148.00,149.47,67146334
2022-10-02T17:00:00Z,149.47,150.50,148.68,149.71,69607835
2022-10-02T18:00:00Z,149.71,150.29,148.71,149.28,71370595
2022-10-02T19:00:00Z,149.28,150.12,147.41,148.24,72396342
2022-10-02T20:00:00Z,148.24,149.10,146.21,147.07,72667194
2022-10-02T21:00:00Z,147.07,147.69,145.73,146.35,72186121
2022-10-02T22:00:00Z,146.35,147.18,145.64,146.47,70976804
2022-10-02T23:00:00Z,146.47,148.24,145.58,147.36,69082905
2022-10-03T00:00:00Z,147.36,149.34,146.58,148.57,66566769
2022-10-03T01:00:00Z,148.57,150.08,147.99,149.50,63507592
2022-10-03T02:00:00Z,149.50,150.62,148.65,149.77,59999107
2022-10-03T03:00:00Z,149.77,150.64,148.52,149.39,56146862
2022-10-03T04:00:00Z,149.39,150.01,148.14,148.77,52065161
2022-10-03T05:00:00Z,148.77,149.50,147.70,148.43,52114052
2022-10-03T06:00:00Z,148.43,149.59,147.54,148.70,56293297
2022-10-03T07:00:00Z,148.70,150.23,147.92,149.46,60242369
2022-10-03T08:00:00Z,149.46,150.80,148.87,150.22,63846489
2022-10-03T09:00:00Z,150.22,151.24,149.36,150.39,66999642
2022-10-03T10:00:00Z,150.39,151.26,148.73,149.60,69607633
2022-10-03T11:00:00Z,149.60,150.22,147.33,147.95,71590816
2022-10-03T12:00:00Z,147.95,148.67,145.21,145.93,72886411
2022-10-03T13:00:00Z,145.93,146.80,143.32,144.18,73450331
2022-10-03T14:00:00Z,144.18,144.92,142.41,143.15,73258490
2022-10-03T15:00:00Z,143.15,143.71,142.28,142.84,72307532
2022-10-03T16:00:00Z,142.84,143.70,142.03,142.88,70614972
2022-10-03T17:00:00Z,142.88,143.71,141.92,142.75,68218738
2022-10-03T18:00:00Z,142.75,143.34,141.54,142.13,65176134
2022-10-03T19:00:00Z,142.13,142.83,140.40,141.10,61562251
2022-10-03T20:00:00Z,141.10,141.94,139.27,140.11,57467862
2022-10-03T21:00:00Z,140.11,140.83,139.01,139.72,52996882
2022-10-03T22:00:00Z,139.72,140.79,139.16,140.23,48263441
2022-10-03T23:00:00Z,140.23,142.34,139.42,141.53,43388673
2022-10-04T00:00:00Z,141.53,143.89,140.70,143.06,46947348
2022-10-04T01:00:00Z,143.06,144.78,142.47,144.19,50371144
2022-10-04T02:00:00Z,144.19,145.18,143.46,144.46,53545338
2022-10-04T03:00:00Z,144.46,145.32,143.02,143.88,56362154
2022-10-04T04:00:00Z,143.88,144.60,142.14,142.86,58809680
2022-10-04T05:00:00Z,142.86,143.44,141.40,141.97,62030418
2022-10-04T06:00:00Z,141.97,142.79,140.76,141.58,64635097
2022-10-04T07:00:00Z,141.58,142.46,140.76,141.64,66565391
2022-10-04T08:00:00Z,141.64,142.33,141.06,141.75,67782208
2022-10-04T09:00:00Z,141.75,142.47,140.68,141.40,68266730
2022-10-04T10:00:00Z,141.40,142.24,139.43,140.27,68020881
2022-10-04T11:00:00Z,140.27,140.97,137.79,138.49,67067189
2022-10-04T12:00:00Z,138.49,139.05,136.02,136.57,65448065
2022-10-04T13:00:00Z,136.57,137.35,134.36,135.14,63224507
2022-10-04T14:00:00Z,135.14,135.91,133.81,134.58,60474278
2022-10-04T15:00:00Z,134.58,135.40,134.04,134.86,57289598
2022-10-04T16:00:00Z,134.86,136.20,134.17,135.51,53774430
2022-10-04T17:00:00Z,135.51,136.76,134.69,135.94,50041425
2022-10-04T18:00:00Z,135.94,136.62,135.09,135.77,50448926
2022-10-04T19:00:00Z,135.77,136.33,134.47,135.03,54994936
2022-10-04T20:00:00Z,135.03,135.81,133.37,134.15,59317131
2022-10-04T21:00:00Z,134.15,134.91,132.91,133.67,63298908
2022-10-04T22:00:00Z,133.67,134.49,133.14,133.96,66832398
2022-10-04T23:00:00Z,133.96,135.62,133.27,134.92,69821546
2022-10-05T00:00:00Z,134.92,136.93,134.11,136.11,72184840
2022-10-05T01:00:00Z,136.11,137.61,135.43,136.93,73857634
2022-10-05T02:00:00Z,136.93,137.58,136.36,137.01,74793997
2022-10-05T03:00:00Z,137.01,137.81,135.63,136.42,74968018
2022-10-05T04:00:00Z,136.42,137.20,134.83,135.60,74374549
2022-10-05T05:00:00Z,135.60,136.13,134.58,135.11,73029352
2022-10-05T06:00:00Z,135.11,136.01,134.41,135.31,70968656
2022-10-05T07:00:00Z,135.31,136.93,134.50,136.11,68248122
2022-10-05T08:00:00Z,136.11,137.72,135.44,137.04,64941262
2022-10-05T09:00:00Z,137.04,138.07,136.46,137.50,61137346
2022-10-05T10:00:00Z,137.50,138.29,136.30,137.10,56938865
2022-10-05T11:00:00Z,137.10,137.87,135.14,135.91,52458615
2022-10-05T12:00:00Z,135.91,136.43,133.86,134.38,47816490
2022-10-05T13:00:00Z,134.38,135.07,132.43,133.12,51586122
2022-10-05T14:00:00Z,133.12,133.91,131.73,132.52,55198152
2022-10-05T15:00:00Z,132.52,133.22,131.87,132.57,58536940
2022-10-05T16:00:00Z,132.57,133.43,132.01,132.87,61493899
2022-10-05T17:00:00Z,132.87,133.67,132.10,132.90,63970688
2022-10-05T18:00:00Z,132.90,133.65,131.59,132.34,65882102
2022-10-05T19:00:00Z,132.34,132.85,130.80,131.31,67158591
2022-10-05T20:00:00Z,131.31,131.99,129.60,130.28,67748336
2022-10-05T21:00:00Z,130.28,131.06,129.08,129.86,67618808
2022-10-05T22:00:00Z,129.86,131.02,129.22,130.39,66757787
2022-10-05T23:00:00Z,130.39,132.34,129.82,131.78,65173786
2022-10-06T00:00:00Z,131.78,134.30,131.00,133.52,62895886
2022-10-06T01:00:00Z,133.52,135.72,132.76,134.96,60226871
2022-10-06T02:00:00Z,134.96,136.19,134.44,135.67,58124475
2022-10-06T03:00:00Z,135.67,136.38,134.91,135.62,55520389
2022-10-06T04:00:00Z,135.62,136.43,134.40,135.20,52506116
2022-10-06T05:00:00Z,135.20,135.86,134.29,134.94,49184784
2022-10-06T06:00:00Z,134.94,135.74,134.36,135.15,45668096
2022-10-06T07:00:00Z,135.15,136.57,134.36,135.77,46313334
2022-10-06T08:00:00Z,135.77,137.13,135.01,136.36,51117336
2022-10-06T09:00:00Z,136.36,136.89,135.85,136.37,55716518
2022-10-06T10:00:00Z,136.37,137.09,134.79,135.50,59992915
2022-10-06T11:00:00Z,135.50,136.30,133.08,133.89,63837220
2022-10-06T12:00:00Z,133.89,134.52,131.42,132.05,67151853
2022-10-06T13:00:00Z,132.05,132.62,130.10,130.67,69853707
2022-10-06T14:00:00Z,130.67,131.43,129.40,130.16,71876480
2022-10-06T15:00:00Z,130.16,131.25,129.43,130.52,73172525
2022-10-06T16:00:00Z,130.52,131.83,130.03,131.34,73714170
2022-10-06T17:00:00Z,131.34,132.73,130.64,132.03,73494466
2022-10-06T18:00:00Z,132.03,133.03,131.24,132.24,72527346
2022-10-06T19:00:00Z,132.24,132.87,131.35,131.98,70847185
2022-10-06T20:00:00Z,131.98,132.56,131.08,131.66,68507781
2022-10-06T21:00:00Z,131.66,132.60,130.89,131.82,65580779
2022-10-06T22:00:00Z,131.82,133.49,131.08,132.75,62153589
2022-10-06T23:00:00Z,132.75,134.84,132.26,134.35,58326856
2022-10-07T00:00:00Z,134.35,136.82,133.62,136.10,54211556
2022-10-07T01:00:00Z,136.10,138.21,135.28,137.39,49925795
2022-10-07T02:00:00Z,137.39,138.49,136.74,137.83,54041460
2022-10-07T03:00:00Z,137.83,138.44,136.88,137.49,57987497
2022-10-07T04:00:00Z,137.49,138.29,136.00,136.80,61646628
2022-10-07T05:00:00Z,136.80,137.56,135.62,136.38,64908700
2022-10-07T06:00:00Z,136.38,137.09,135.88,136.59,67673877
2022-10-07T07:00:00Z,136.59,138.14,135.85,137.40,69855540
2022-10-07T08:00:00Z,137.40,139.19,136.57,138.37,71382816
2022-10-07T09:00:00Z,138.37,139.59,137.72,138.94,72202657
2022-10-07T10:00:00Z,138.94,139.56,138.12,138.74,72281410
2022-10-07T11:00:00Z,138.74,139.56,137.05,137.86,71605831
2022-10-07T12:00:00Z,137.86,138.62,135.99,136.75,70183526
2022-10-07T13:00:00Z,136.75,137.24,135.49,135.98,68042785
2022-10-07T14:00:00Z,135.98,136.71,135.19,135.92,65231833
2022-10-07T15:00:00Z,135.92,137.34,135.11,136.53,61817507
2022-10-07T16:00:00Z,136.53,138.00,135.89,137.36,57883400
2022-10-07T17:00:00Z,137.36,138.47,136.74,137.85,53527534
2022-10-07T18:00:00Z,137.85,138.66,136.84,137.65,48859606
2022-10-07T19:00:00Z,137.65,138.41,136.11,136.87,43997914
2022-10-07T20:00:00Z,136.87,137.35,135.48,135.97,43306329
2022-10-07T21:00:00Z,135.97,136.70,134.82,135.56,46788237
2022-10-07T22:00:00Z,135.56,136.83,134.75,136.02,50508535
2022-10-07T23:00:00Z,136.02,137.92,135.38,137.29,54909129
2022-10-08T00:00:00Z,137.29,139.53,136.65,138.90,58902531
2022-10-08T01:00:00Z,138.90,141.08,138.07,140.25,62390431
2022-10-08T02:00:00Z,140.25,141.69,139.48,140.92,65288874
2022-10-08T03:00:00Z,140.92,141.43,140.43,140.93,67530594
2022-10-08T04:00:00Z,140.93,141.70,139.91,140.68,69066872
2022-10-08T05:00:00Z,140.68,141.51,139.83,140.67,69868860
2022-10-08T06:00:00Z,140.67,141.87,140.02,141.22,69928334
2022-10-08T07:00:00Z,141.22,142.88,140.57,142.23,69257858
2022-10-08T08:00:00Z,142.23,144.06,141.38,143.21,67890355
2022-10-08T09:00:00Z,143.21,144.36,142.43,143.58,65878092
2022-10-08T10:00:00Z,143.58,144.08,142.50,143.00,63291110
2022-10-08T11:00:00Z,143.00,143.78,140.80,141.58,60215156
2022-10-08T12:00:00Z,141.58,142.40,138.99,139.82,56749153
2022-10-08T13:00:00Z,139.82,140.45,137.75,138.38,53002311
2022-10-08T14:00:00Z,138.38,139.02,137.07,137.71,49090931
2022-10-08T15:00:00Z,137.71,138.65,136.89,137.83,53585064
2022-10-08T16:00:00Z,137.83,139.10,137.08,138.35,57911807
2022-10-08T17:00:00Z,138.35,139.23,137.85,138.74,61952014
2022-10-08T18:00:00Z,138.74,139.50,137.91,138.67,65593666
2022-10-08T19:00:00Z,138.67,139.49,137.39,138.20,68735068
2022-10-08T20:00:00Z,138.20,138.83,137.16,137.78,71287758
2022-10-08T21:00:00Z,137.78,138.56,137.13,137.92,73179047
2022-10-08T22:00:00Z,137.92,139.77,137.09,138.94,74354103
2022-10-08T23:00:00Z,138.94,141.46,138.18,140.70,74777532
2022-10-09T00:00:00Z,140.70,143.17,140.18,142.66,74434404
2022-10-09T01:00:00Z,142.66,144.97,141.86,144.18,73330695
2022-10-09T02:00:00Z,144.18,145.67,143.32,144.81,71493135
2022-10-09T03:00:00Z,144.81,145.46,143.94,144.59,68968465
2022-10-09T04:00:00Z,144.59,145.27,143.25,143.93,65822119
2022-10-09T05:00:00Z,143.93,144.79,142.56,143.41,62136377
2022-10-09T06:00:00Z,143.41,144.18,142.64,143.41,58008045
2022-10-09T07:00:00Z,143.41,144.43,142.89,143.90,53545705
2022-10-09T08:00:00Z,143.90,145.28,143.10,144.47,48866650
2022-10-09T09:00:00Z,144.47,145.45,143.62,144.60,48333853
2022-10-09T10:00:00Z,144.60,145.23,143.32,143.95,51949925
2022-10-09T11:00:00Z,143.95,144.63,141.98,142.66,55357097
2022-10-09T12:00:00Z,142.66,143.50,140.36,141.20,58443247
2022-10-09T13:00:00Z,141.20,141.95,139.44,140.18,61104893
2022-10-09T14:00:00Z,140.18,140.70,139.47,139.99,63250251
2022-10-09T15:00:00Z,139.99,141.34,139.21,140.56,64801940
2022-10-09T16:00:00Z,140.56,142.27,139.73,141.44,65699291
2022-10-09T17:00:00Z,141.44,142.65,140.81,142.02,65900171
2022-10-09T18:00:00Z,142.02,142.70,141.26,141.94,65382270
2022-10-09T19:00:00Z,141.94,142.79,140.40,141.24,64733931
2022-10-09T20:00:00Z,141.24,141.99,139.62,140.37,64190677
2022-10-09T21:00:00Z,140.37,140.89,139.36,139.89,62975215
2022-10-09T22:00:00Z,139.89,140.95,139.10,140.16,61139067
2022-10-09T23:00:00Z,140.16,141.97,139.34,141.14,58751412
2022-10-10T00:00:00Z,141.14,142.98,140.52,142.36,55897020
2022-10-10T01:00:00Z,142.36,143.92,141.67,143.23,52673731
2022-10-10T02:00:00Z,143.23,144.26,142.38,143.40,49189562
2022-10-10T03:00:00Z,143.40,144.15,142.15,142.91,45559532
2022-10-10T04:00:00Z,142.91,143.44,141.65,142.19,50352311
2022-10-10T05:00:00Z,142.19,142.98,141.00,141.79,54993533
2022-10-10T06:00:00Z,141.79,142.89,140.96,142.06,59362514
2022-10-10T07:00:00Z,142.06,143.51,141.45,142.90,63345624
2022-10-10T08:00:00Z,142.90,144.52,142.20,143.82,66839493
2022-10-10T09:00:00Z,143.82,145.09,142.96,144.22,69753936
2022-10-10T10:00:00Z,144.22,144.98,142.98,143.73,72014489
2022-10-10T11:00:00Z,143.73,144.28,141.87,142.41,73564514
2022-10-10T12:00:00Z,142.41,143.21,139.95,140.74,74366780
2022-10-10T13:00:00Z,140.74,141.56,138.52,139.34,74404500
2022-10-10T14:00:00Z,139.34,139.93,138.02,138.61,73681786
2022-10-10T15:00:00Z,138.61,139.29,137.89,138.57,72223502
2022-10-10T16:00:00Z,138.57,139.65,137.73,138.82,70074529
2022-10-10T17:00:00Z,138.82,139.57,138.09,138.85,67298463
2022-10-10T18:00:00Z,138.85,139.38,137.81,138.34,63975771
2022-10-10T19:00:00Z,138.34,139.12,136.64,137.42,60201478
2022-10-10T20:00:00Z,137.42,138.21,135.74,136.54,56082435
2022-10-10T21:00:00Z,136.54,137.11,135.70,136.28,51734251
2022-10-10T22:00:00Z,136.28,137.65,135.60,136.98,51518280
2022-10-10T23:00:00Z,136.98,139.36,136.15,138.53,55435581
2022-10-11T00:00:00Z,138.53,141.13,137.80,140.40,59126909
2022-10-11T01:00:00Z,140.40,142.49,139.84,141.94,62478750
2022-10-11T02:00:00Z,141.94,143.50,141.13,142.69,65386322
2022-10-11T03:00:00Z,142.69,143.52,141.82,142.65,67756634
2022-10-11T04:00:00Z,142.65,143.25,141.60,142.20,69511206
2022-10-11T05:00:00Z,142.20,142.90,141.17,141.87,70588374
2022-10-11T06:00:00Z,141.87,142.86,141.02,142.01,70945124
2022-10-11T07:00:00Z,142.01,143.29,141.27,142.55,70558383
2022-10-11T08:00:00Z,142.55,143.64,141.99,143.08,69425751
2022-10-11T09:00:00Z,143.08,143.89,142.24,143.05,67565630
2022-10-11T10:00:00Z,143.05,143.88,141.35,142.17,65016772
2022-10-11T11:00:00Z,142.17,142.76,139.99,140.57,61837227
2022-10-11T12:00:00Z,140.57,141.27,138.10,138.79,58102757
2022-10-11T13:00:00Z,138.79,139.61,136.63,137.46,53904726
2022-10-11T14:00:00Z,137.46,138.16,136.30,137.00,49347556
2022-10-11T15:00:00Z,137.00,137.95,136.46,137.40,44545798
2022-10-11T16:00:00Z,137.40,139.01,136.61,138.22,40379075
2022-10-11T17:00:00Z,138.22,139.67,137.42,138.87,45302093
2022-10-11T18:00:00Z,138.87,139.54,138.30,138.97,50098289
2022-10-11T19:00:00Z,138.97,139.66,137.85,138.54,54646222
2022-10-11T20:00:00Z,138.54,139.37,137.18,138.01,58831382
2022-10-11T21:00:00Z,138.01,138.71,137.19,137.89,62549414
2022-10-11T22:00:00Z,137.89,139.08,137.34,138.53,65709032
2022-10-11T23:00:00Z,138.53,140.60,137.72,139.80,68234572
2022-10-12T00:00:00Z,139.80,142.05,138.98,141.23,70068098
2022-10-12T01:00:00Z,141.23,142.81,140.65,142.23,71170990
2022-10-12T02:00:00Z,142.23,143.13,141.51,142.41,71524990
2022-10-12T03:00:00Z,142.41,143.26,140.99,141.84,71132659
2022-10-12T04:00:00Z,141.84,142.56,140.27,140.99,70017244
2022-10-12T05:00:00Z,140.99,141.56,139.86,140.43,68221947
2022-10-12T06:00:00Z,140.43,141.36,139.62,140.56,65808629
2022-10-12T07:00:00Z,140.56,142.11,139.74,141.30,62855984
2022-10-12T08:00:00Z,141.30,142.79,140.73,142.22,59457222
2022-10-12T09:00:00Z,142.22,143.45,141.49,142.73,55717355
2022-10-12T10:00:00Z,142.73,143.58,141.61,142.46,51750136
2022-10-12T11:00:00Z,142.46,143.18,140.78,141.49,51915052
2022-10-12T12:00:00Z,141.49,142.07,139.68,140.26,56211296
2022-10-12T13:00:00Z,140.26,141.06,138.54,139.35,60277768
2022-10-12T14:00:00Z,139.35,140.15,138.35,139.15,63999116
2022-10-12T15:00:00Z,139.15,140.16,138.59,139.61,67268748
2022-10-12T16:00:00Z,139.61,141.02,138.89,140.30,69991901
2022-10-12T17:00:00Z,140.30,141.54,139.46,140.69,72088364
2022-10-12T18:00:00Z,140.69,141.40,139.75,140.45,73494801
2022-10-12T19:00:00Z,140.45,141.03,139.10,139.68,74166584
2022-10-12T20:00:00Z,139.68,140.48,138.06,138.86,74079098
2022-10-12T21:00:00Z,138.86,139.65,137.81,138.60,73228476
2022-10-12T22:00:00Z,138.60,139.82,138.05,139.27,71631740
2022-10-12T23:00:00Z,139.27,141.52,138.54,140.79,69326350
2022-10-13T00:00:00Z,140.79,143.55,139.94,142.69,66369165
2022-10-13T01:00:00Z,142.69,145.06,141.98,144.34,62834857
2022-10-13T02:00:00Z,144.34,145.93,143.74,145.32,58813812
2022-10-13T03:00:00Z,145.32,146.46,144.47,145.61,54409582
2022-10-13T04:00:00Z,145.61,146.44,144.78,145.60,49735971
2022-10-13T05:00:00Z,145.60,146.38,145.04,145.81,44913821
2022-10-13T06:00:00Z,145.81,147.30,145.05,146.54,48517644
2022-10-13T07:00:00Z,146.54,148.57,145.65,147.69,51978897
2022-10-13T08:00:00Z,147.69,149.52,146.95,148.79,55182673
2022-10-13T09:00:00Z,148.79,149.91,148.16,149.28,58021051
2022-10-13T10:00:00Z,149.28,150.15,147.96,148.83,60396269
2022-10-13T11:00:00Z,148.83,149.66,146.71,147.54,62223618
2022-10-13T12:00:00Z,147.54,148.11,145.40,145.96,63433963
2022-10-13T13:00:00Z,145.96,146.72,143.98,144.74,64901955
2022-10-13T14:00:00Z,144.74,145.60,143.46,144.32,66138092
2022-10-13T15:00:00Z,144.32,145.43,143.61,144.72,66649988
2022-10-13T16:00:00Z,144.72,146.16,144.10,145.54,66439432
2022-10-13T17:00:00Z,145.54,147.09,144.68,146.24,65528778
2022-10-13T18:00:00Z,146.24,147.29,145.41,146.46,63960227
2022-10-13T19:00:00Z,146.46,147.02,145.71,146.27,61794530
2022-10-13T20:00:00Z,146.27,147.03,145.30,146.07,59109165
2022-10-13T21:00:00Z,146.07,147.27,145.19,146.39,55996036
2022-10-13T22:00:00Z,146.39,148.26,145.68,147.54,52558755
2022-10-13T23:00:00Z,147.54,150.03,146.90,149.38,48909592
2022-10-14T00:00:00Z,149.38,152.28,148.50,151.40,49406478
2022-10-14T01:00:00Z,151.40,153.79,150.54,152.93,54046979
2022-10-14T02:00:00Z,152.93,154.17,152.35,153.59,58468308
2022-10-14T03:00:00Z,153.59,154.40,152.59,153.40,62553376
2022-10-14T04:00:00Z,153.40,154.31,151.89,152.80,66193810
2022-10-14T05:00:00Z,152.80,153.54,151.66,152.39,69293030
2022-10-14T06:00:00Z,152.39,153.21,151.73,152.55,71768983
2022-10-14T07:00:00Z,152.55,154.15,151.65,153.25,73556474
2022-10-14T08:00:00Z,153.25,154.95,152.39,154.09,74609008
2022-10-14T09:00:00Z,154.09,155.09,153.51,154.52,74900107
2022-10-14T10:00:00Z,154.52,155.33,153.39,154.21,74424048
2022-10-14T11:00:00Z,154.21,155.13,152.35,153.26,73196020
2022-10-14T12:00:00Z,153.26,153.99,151.43,152.15,71251675
2022-10-14T13:00:00Z,152.15,152.82,150.81,151.47,68646106
2022-10-14T14:00:00Z,151.47,152.48,150.58,151.59,65452262
2022-10-14T15:00:00Z,151.59,153.30,150.74,152.45,61758859
2022-10-14T16:00:00Z,152.45,154.15,151.88,153.59,57667847
2022-10-14T17:00:00Z,153.59,155.24,152.76,154.42,53291495
2022-10-14T18:00:00Z,154.42,155.51,153.50,154.58,48749190
2022-10-14T19:00:00Z,154.58,155.31,153.41,154.14,52614072
2022-10-14T20:00:00Z,154.14,154.82,152.86,153.54,56316319
2022-10-14T21:00:00Z,153.54,154.44,152.48,153.38,59739845
2022-10-14T22:00:00Z,153.38,154.88,152.53,154.03,62775651
2022-10-14T23:00:00Z,154.03,155.99,153.46,155.43,65325010
2022-10-15T00:00:00Z,155.43,157.96,154.58,157.12,67302359
2022-10-15T01:00:00Z,157.12,159.46,156.17,158.52,68637827
2022-10-15T02:00:00Z,158.52,159.98,157.77,159.23,69279306
2022-10-15T03:00:00Z,159.23,160.02,158.52,159.31,69194014
2022-10-15T04:00:00Z,159.31,160.25,158.21,159.15,68369513
2022-10-15T05:00:00Z,159.15,160.17,158.27,159.29,66814137
2022-10-15T06:00:00Z,159.29,160.64,158.71,160.06,64556828
2022-10-15T07:00:00Z,160.06,162.21,159.19,161.34,61646383
2022-10-15T08:00:00Z,161.34,163.62,160.37,162.65,58150125
2022-10-15T09:00:00Z,162.65,164.15,161.89,163.39,54152050
2022-10-15T10:00:00Z,163.39,164.12,162.44,163.18,50844571
2022-10-15T11:00:00Z,163.18,164.14,161.14,162.10,47543533
2022-10-15T12:00:00Z,162.10,162.98,159.76,160.64,44055177
2022-10-15T13:00:00Z,160.64,161.21,158.87,159.44,44736647
2022-10-15T14:00:00Z,159.44,160.30,158.06,158.92,49584605
2022-10-15T15:00:00Z,158.92,160.04,157.97,159.10,54235249
2022-10-15T16:00:00Z,159.10,160.32,158.36,159.58,58570364
2022-10-15T17:00:00Z,159.58,160.60,158.86,159.87,62480355
2022-10-15T18:00:00Z,159.87,160.82,158.69,159.64,65867318
2022-10-15T19:00:00Z,159.64,160.51,158.11,158.99,68647795
2022-10-15T20:00:00Z,158.99,159.54,157.81,158.37,70755098
2022-10-15T21:00:00Z,158.37,159.23,157.48,158.34,72141165
2022-10-15T22:00:00Z,158.34,160.18,157.40,159.24,72777884
2022-10-15T23:00:00Z,159.24,161.66,158.50,160.92,72657840
2022-10-16T00:00:00Z,160.92,163.62,160.18,162.88,71794477
2022-10-16T01:00:00Z,162.88,165.41,161.90,164.43,70221663
2022-10-16T02:00:00Z,164.43,166.04,163.53,165.14,67992669
2022-10-16T03:00:00Z,165.14,165.72,164.43,165.01,65178601
2022-10-16T04:00:00Z,165.01,165.91,163.53,164.43,61866314
2022-10-16T05:00:00Z,164.43,165.40,162.99,163.96,58155892
2022-10-16T06:00:00Z,163.96,164.71,163.21,163.96,54157740
2022-10-16T07:00:00Z,163.96,165.15,163.20,164.39,49989391
2022-10-16T08:00:00Z,164.39,165.80,163.41,164.82,54222156
2022-10-16T09:00:00Z,164.82,165.72,163.86,164.75,58284408
2022-10-16T10:00:00Z,164.75,165.34,163.29,163.87,62058300
2022-10-16T11:00:00Z,163.87,164.76,161.42,162.31,65433117
2022-10-16T12:00:00Z,162.31,163.26,159.64,160.59,68308469
2022-10-16T13:00:00Z,160.59,161.31,158.62,159.34,70597200
2022-10-16T14:00:00Z,159.34,160.08,158.23,158.97,72227911
2022-10-16T15:00:00Z,158.97,160.38,158.02,159.43,73147048
2022-10-16T16:00:00Z,159.43,161.15,158.57,160.28,73320471
2022-10-16T17:00:00Z,160.28,161.51,159.70,160.93,72734473
2022-10-16T18:00:00Z,160.93,161.88,160.04,160.99,71396220
2022-10-16T19:00:00Z,160.99,161.94,159.53,160.48,69333592
2022-10-16T20:00:00Z,160.48,161.20,159.12,159.83,66594431
2022-10-16T21:00:00Z,159.83,160.58,158.84,159.59,63245221
2022-10-16T22:00:00Z,159.59,161.03,158.63,160.08,59369238
2022-10-16T23:00:00Z,160.08,162.08,159.21,161.22,55064218
2022-10-17T00:00:00Z,161.22,163.14,160.63,162.54,50439609
2022-10-17T01:00:00Z,162.54,164.37,161.64,163.46,45613498
2022-10-17T02:00:00Z,163.46,164.57,162.50,163.61,44949579
2022-10-17T03:00:00Z,163.61,164.33,162.31,163.03,48451106
2022-10-17T04:00:00Z,163.03,163.80,161.43,162.20,51760870
2022-10-17T05:00:00Z,162.20,163.17,160.72,161.68,54767226
2022-10-17T06:00:00Z,161.68,162.70,160.82,161.84,57367084
2022-10-17T07:00:00Z,161.84,163.19,161.24,162.59,60730895
2022-10-17T08:00:00Z,162.59,164.39,161.68,163.48,63650603
2022-10-17T09:00:00Z,163.48,164.87,162.51,163.90,65921613
2022-10-17T10:00:00Z,163.90,164.62,162.77,163.49,67495061
2022-10-17T11:00:00Z,163.49,164.27,161.53,162.30,68341918
2022-10-17T12:00:00Z,162.30,163.26,159.82,160.78,68453740
2022-10-17T13:00:00Z,160.78,161.63,158.68,159.52,67842834
2022-10-17T14:00:00Z,159.52,160.12,158.34,158.93,66541833
2022-10-17T15:00:00Z,158.93,159.85,158.04,158.96,64602675
2022-10-17T16:00:00Z,158.96,160.15,158.03,159.22,62095047
2022-10-17T17:00:00Z,159.22,159.91,158.47,159.16,59104304
2022-10-17T18:00:00Z,159.16,159.93,157.73,158.49,55728954
2022-10-17T19:00:00Z,158.49,159.43,156.36,157.31,52077761
2022-10-17T20:00:00Z,157.31,158.13,155.27,156.09,48266559
2022-10-17T21:00:00Z,156.09,156.68,154.87,155.45,52864908
2022-10-17T22:00:00Z,155.45,156.62,154.58,155.75,57299394
2022-10-17T23:00:00Z,155.75,157.82,154.83,156.90,61450344
2022-10-18T00:00:00Z,156.90,159.08,156.21,158.40,65205196
2022-10-18T01:00:00Z,158.40,160.39,157.63,159.62,68461700
2022-10-18T02:00:00Z,159.62,161.07,158.66,160.11,71130831
2022-10-18T03:00:00Z,160.11,160.95,159.03,159.87,73139330
2022-10-18T04:00:00Z,159.87,160.48,158.68,159.28,74431791
2022-10-18T05:00:00Z,159.28,160.18,157.96,158.86,74972244
2022-10-18T06:00:00Z,158.86,159.85,157.93,158.92,74745186
2022-10-18T07:00:00Z,158.92,160.07,158.24,159.39,73756026
2022-10-18T08:00:00Z,159.39,160.59,158.61,159.81,72030931
2022-10-18T09:00:00Z,159.81,160.76,158.68,159.63,69616092
2022-10-18T10:00:00Z,159.63,160.46,157.72,158.54,66576404
2022-10-18T11:00:00Z,158.54,159.15,156.08,156.68,62993627
2022-10-18T12:00:00Z,156.68,157.55,153.69,154.57,58964060
2022-10-18T13:00:00Z,154.57,155.46,151.98,152.87,54595803
2022-10-18T14:00:00Z,152.87,153.52,151.39,152.03,50005687
2022-10-18T15:00:00Z,152.03,152.80,151.29,152.06,49556251
2022-10-18T16:00:00Z,152.06,153.44,151.14,152.53,53249696
2022-10-18T17:00:00Z,152.53,153.69,151.73,152.89,56727875
2022-10-18T18:00:00Z,152.89,153.49,152.18,152.78,59878317
2022-10-18T19:00:00Z,152.78,153.64,151.36,152.23,62597228
2022-10-18T20:00:00Z,152.23,153.11,150.76,151.65,64792540
2022-10-18T21:00:00Z,151.65,152.28,150.92,151.56,66386629
2022-10-18T22:00:00Z,151.56,153.02,150.81,152.27,67318619
2022-10-18T23:00:00Z,152.27,154.58,151.35,153.66,67546205
2022-10-19T00:00:00Z,153.66,156.00,152.85,155.20,67046949
2022-10-19T01:00:00Z,155.20,156.89,154.58,156.28,65819001
2022-10-19T02:00:00Z,156.28,157.39,155.39,156.50,63881230
2022-10-19T03:00:00Z,156.50,157.40,154.99,155.90,61303688
2022-10-19T04:00:00Z,155.90,156.54,154.29,154.94,59481657
2022-10-19T05:00:00Z,154.94,155.71,153.44,154.21,57116238
2022-10-19T06:00:00Z,154.21,155.14,153.18,154.10,54292090
2022-10-19T07:00:00Z,154.10,155.37,153.31,154.58,51106906
2022-10-19T08:00:00Z,154.58,155.82,153.96,155.20,47668517
2022-10-19T09:00:00Z,155.20,156.32,154.31,155.43,44091716
2022-10-19T10:00:00Z,155.43,156.33,154.02,154.92,48944914
2022-10-19T11:00:00Z,154.92,155.55,153.10,153.74,53653449
2022-10-19T12:00:00Z,153.74,154.50,151.59,152.35,58096306
2022-10-19T13:00:00Z,152.35,153.26,150.44,151.35,62159493
2022-10-19T14:00:00Z,151.35,152.12,150.32,151.09,65739250
2022-10-19T15:00:00Z,151.09,152.12,150.48,151.51,68744969
2022-10-19T16:00:00Z,151.51,153.05,150.64,152.18,71101742
2022-10-19T17:00:00Z,152.18,153.39,151.30,152.51,72752456
2022-10-19T18:00:00Z,152.51,153.14,151.54,152.17,73659388
2022-10-19T19:00:00Z,152.17,152.93,150.45,151.21,73805240
2022-10-19T20:00:00Z,151.21,152.12,149.23,150.13,73193592
2022-10-19T21:00:00Z,150.13,150.89,148.77,149.52,71848766
2022-10-19T22:00:00Z,149.52,150.37,148.92,149.76,69815087
2022-10-19T23:00:00Z,149.76,151.66,148.89,150.79,67155585
2022-10-20T00:00:00Z,150.79,153.03,149.92,152.16,63950156
2022-10-20T01:00:00Z,152.16,153.88,151.54,153.26,60293253
2022-10-20T02:00:00Z,153.26,154.47,152.48,153.69,56291149
2022-10-20T03:00:00Z,153.69,154.61,152.56,153.49,52058883
2022-10-20T04:00:00Z,153.49,154.26,152.27,153.04,51957240
2022-10-20T05:00:00Z,153.04,153.66,152.24,152.87,55986718
2022-10-20T06:00:00Z,152.87,154.18,151.98,153.30,59787524
2022-10-20T07:00:00Z,153.30,155.10,152.41,154.21,63245607
2022-10-20T08:00:00Z,154.21,155.75,153.59,155.13,66255665
2022-10-20T09:00:00Z,155.13,156.26,154.34,155.47,68724206
2022-10-20T10:00:00Z,155.47,156.40,153.93,154.86,70572267
2022-10-20T11:00:00Z,154.86,155.63,152.64,153.40,71737727
2022-10-20T12:00:00Z,153.40,154.03,150.98,151.61,72177139
2022-10-20T13:00:00Z,151.61,152.48,149.25,150.12,71867026
2022-10-20T14:00:00Z,150.12,150.97,148.53,149.38,70804612
2022-10-20T15:00:00Z,149.38,150.00,148.79,149.41,69007956
2022-10-20T16:00:00Z,149.41,150.59,148.64,149.82,66515498
2022-10-20T17:00:00Z,149.82,151.00,148.92,150.10,63385012
2022-10-20T18:00:00Z,150.10,150.84,149.17,149.91,59692020
2022-10-20T19:00:00Z,149.91,150.53,148.71,149.34,55527683
2022-10-20T20:00:00Z,149.34,150.20,147.96,148.82,50996258
2022-10-20T21:00:00Z,148.82,149.75,147.97,148.90,46212170
2022-10-20T22:00:00Z,148.90,150.48,148.32,149.89,41296803
2022-10-20T23:00:00Z,149.89,152.44,149.11,151.66,44825125
2022-10-21T00:00:00Z,151.66,154.58,150.73,153.66,48428027
2022-10-21T01:00:00Z,153.66,156.00,152.89,155.23,52991055
2022-10-21T02:00:00Z,155.23,156.61,154.58,155.95,57199420
2022-10-21T03:00:00Z,155.95,156.86,154.91,155.82,60948648
2022-10-21T04:00:00Z,155.82,156.70,154.37,155.25,64147304
2022-10-21T05:00:00Z,155.25,155.85,154.21,154.81,66719531
2022-10-21T06:00:00Z,154.81,155.67,154.00,154.87,68607165
2022-10-21T07:00:00Z,154.87,156.32,153.94,155.39,69771320
2022-10-21T08:00:00Z,155.39,156.74,154.63,155.98,70193438
2022-10-21T09:00:00Z,155.98,156.76,155.31,156.09,69875748
2022-10-21T10:00:00Z,156.09,157.00,154.53,155.43,68841130
2022-10-21T11:00:00Z,155.43,156.30,153.25,154.12,67132391
2022-10-21T12:00:00Z,154.12,154.70,152.05,152.64,64810968
2022-10-21T13:00:00Z,152.64,153.43,150.83,151.62,61955103
2022-10-21T14:00:00Z,151.62,152.53,150.54,151.45,58657535
2022-10-21T15:00:00Z,151.45,152.81,150.71,152.07,55022778
2022-10-21T16:00:00Z,152.07,153.68,151.41,153.02,51164071
2022-10-21T17:00:00Z,153.02,154.61,152.12,153.72,51440370
2022-10-21T18:00:00Z,153.72,154.63,152.85,153.76,55850321
2022-10-21T19:00:00Z,153.76,154.34,152.62,153.20,60032269
2022-10-21T20:00:00Z,153.20,154.01,151.67,152.47,63870296
2022-10-21T21:00:00Z,152.47,153.38,151.22,152.13,67257237
2022-10-21T22:00:00Z,152.13,153.27,151.39,152.53,70097756
2022-10-21T23:00:00Z,152.53,154.27,151.86,153.60,72311066
2022-10-22T00:00:00Z,153.60,155.80,152.69,154.89,73833260
2022-10-22T01:00:00Z,154.89,156.68,154.01,155.81,74619141
2022-10-22T02:00:00Z,155.81,156.58,155.22,155.99,74643537
2022-10-22T03:00:00Z,155.99,156.82,154.68,155.50,73902032
2022-10-22T04:00:00Z,155.50,156.42,153.84,154.77,72411114
2022-10-22T05:00:00Z,154.77,155.51,153.63,154.37,70207725
2022-10-22T06:00:00Z,154.37,155.31,153.69,154.63,67348225
2022-10-22T07:00:00Z,154.63,156.40,153.72,155.49,63906806
2022-10-22T08:00:00Z,155.49,157.32,154.62,156.45,59973398
2022-10-22T09:00:00Z,156.45,157.50,155.87,156.92,55651126
2022-10-22T10:00:00Z,156.92,157.75,155.68,156.51,51053393
2022-10-22T11:00:00Z,156.51,157.44,154.36,155.29,46300668
2022-10-22T12:00:00Z,155.29,156.02,153.00,153.73,49967123
2022-10-22T13:00:00Z,153.73,154.40,151.75,152.43,53483908
2022-10-22T14:00:00Z,152.43,153.32,150.90,151.79,56735845
2022-10-22T15:00:00Z,151.79,152.66,150.95,151.81,59614776
2022-10-22T16:00:00Z,151.81,152.66,151.26,152.10,62022741
2022-10-22T17:00:00Z,152.10,152.95,151.29,152.14,63874872
2022-10-22T18:00:00Z,152.14,153.04,150.70,151.61,65101909
2022-10-22T19:00:00Z,151.61,152.32,149.91,150.62,65652276
2022-10-22T20:00:00Z,150.62,151.29,148.99,149.65,65493637
2022-10-22T21:00:00Z,149.65,150.54,148.42,149.30,64981107
2022-10-22T22:00:00Z,149.30,150.72,148.47,149.89,64786626
2022-10-22T23:00:00Z,149.89,151.89,149.34,151.34,63900143
2022-10-23T00:00:00Z,151.34,153.95,150.52,153.12,62363739
2022-10-23T01:00:00Z,153.12,155.51,152.20,154.59,60238009
2022-10-23T02:00:00Z,154.59,156.02,153.86,155.29,57600235
2022-10-23T03:00:00Z,155.29,155.99,154.51,155.21,54542088
2022-10-23T04:00:00Z,155.21,156.12,153.81,154.73,51166910
2022-10-23T05:00:00Z,154.73,155.58,153.52,154.38,47586668
2022-10-23T06:00:00Z,154.38,155.03,153.82,154.48,48158954
2022-10-23T07:00:00Z,154.48,155.81,153.64,154.97,52880965
2022-10-23T08:00:00Z,154.97,156.34,154.05,155.42,57389516
2022-10-23T09:00:00Z,155.42,156.14,154.55,155.28,61567089
2022-10-23T10:00:00Z,155.28,155.97,153.55,154.24,65304860
2022-10-23T11:00:00Z,154.24,155.15,151.55,152.46,68505769
2022-10-23T12:00:00Z,152.46,153.28,149.62,150.45,71087269
2022-10-23T13:00:00Z,150.45,150.98,148.34,148.87,72983645
2022-10-23T14:00:00Z,148.87,149.67,147.34,148.15,74147871
2022-10-23T15:00:00Z,148.15,149.15,147.27,148.27,74552919
2022-10-23T16:00:00Z,148.27,149.50,147.58,148.81,74192511
2022-10-23T17:00:00Z,148.81,149.88,148.13,149.20,73081267
2022-10-23T18:00:00Z,149.20,150.08,148.16,149.04,71254269
2022-10-23T19:00:00Z,149.04,149.85,147.58,148.39,68766034
2022-10-23T20:00:00Z,148.39,148.90,147.12,147.63,65688936
2022-10-23T21:00:00Z,147.63,148.44,146.51,147.31,62111120
2022-10-23T22:00:00Z,147.31,148.61,146.44,147.73,58133970
2022-10-23T23:00:00Z,147.73,149.47,147.06,148.79,53869197
2022-10-24T00:00:00Z,148.79,150.68,148.10,149.99,49435641
2022-10-24T01:00:00Z,149.99,151.62,149.09,150.72,53405910
2022-10-24T02:00:00Z,150.72,151.54,149.79,150.61,57209664
2022-10-24T03:00:00Z,150.61,151.14,149.18,149.71,60730324
2022-10-24T04:00:00Z,149.71,150.52,147.67,148.48,63858412
2022-10-24T05:00:00Z,148.48,149.36,146.65,147.53,66494748
2022-10-24T06:00:00Z,147.53,148.19,146.55,147.22,68553346
2022-10-24T07:00:00Z,147.22,148.21,146.54,147.52,69963936
2022-10-24T08:00:00Z,147.52,148.87,146.64,147.99,70674040
2022-10-24T09:00:00Z,147.99,148.85,147.19,148.05,70650543
2022-10-24T10:00:00Z,148.05,148.58,146.83,147.35,69880703
2022-10-24T11:00:00Z,147.35,148.16,145.16,145.96,68372585
2022-10-24T12:00:00Z,145.96,146.82,143.48,144.33,66154903
2022-10-24T13:00:00Z,144.33,144.97,142.40,143.04,63276255
2022-10-24T14:00:00Z,143.04,143.71,141.80,142.47,59803812
2022-10-24T15:00:00Z,142.47,143.41,141.62,142.56,55821453
2022-10-24T16:00:00Z,142.56,143.66,141.80,142.89,51427432
2022-10-24T17:00:00Z,142.89,143.41,142.37,142.90,46731636
2022-10-24T18:00:00Z,142.90,143.68,141.46,142.25,42387796
2022-10-24T19:00:00Z,142.25,143.08,140.20,141.03,43086319
2022-10-24T20:00:00Z,141.03,141.65,139.12,139.74,47959412
2022-10-24T21:00:00Z,139.74,140.40,138.32,138.97,52643152
2022-10-24T22:00:00Z,138.97,139.94,138.14,139.11,57019161
2022-10-24T23:00:00Z,139.11,140.83,138.36,140.08,60977643
2022-10-25T00:00:00Z,140.08,141.93,139.56,141.41,64420459
2022-10-25T01:00:00Z,141.41,143.29,140.62,142.50,67263874
2022-10-25T02:00:00Z,142.50,143.76,141.66,142.92,69440894
2022-10-25T03:00:00Z,142.92,143.55,142.04,142.67,70903115
2022-10-25T04:00:00Z,142.67,143.34,141.47,142.14,71622052
2022-10-25T05:00:00Z,142.14,142.99,141.01,141.85,71589887
2022-10-25T06:00:00Z,141.85,142.87,141.10,142.11,70819634
2022-10-25T07:00:00Z,142.11,143.34,141.58,142.81,69344705
2022-10-25T08:00:00Z,142.81,144.27,142.01,143.47,67217892
2022-10-25T09:00:00Z,143.47,144.36,142.63,143.52,64509799
2022-10-25T10:00:00Z,143.52,144.14,141.99,142.62,61306763
2022-10-25T11:00:00Z,142.62,143.29,140.19,140.87,57708333
2022-10-25T12:00:00Z,140.87,141.70,137.96,138.79,53824364
2022-10-25T13:00:00Z,138.79,139.52,136.33,137.05,49771832
2022-10-25T14:00:00Z,137.05,137.56,135.58,136.09,54121479
2022-10-25T15:00:00Z,136.09,136.86,135.17,135.93,58301106
2022-10-25T16:00:00Z,135.93,136.97,135.13,136.17,62192292
2022-10-25T17:00:00Z,136.17,136.88,135.58,136.29,65683746
2022-10-25T18:00:00Z,136.29,136.95,135.29,135.95,68674508
2022-10-25T19:00:00Z,135.95,136.75,134.38,135.19,71076855
2022-10-25T20:00:00Z,135.19,135.90,133.76,134.46,72818834
2022-10-25T21:00:00Z,134.46,134.97,133.78,134.29,73846344
2022-10-25T22:00:00Z,134.29,135.73,133.53,134.97,74124715
2022-10-25T23:00:00Z,134.97,137.18,134.17,136.38,73639725
2022-10-26T00:00:00Z,136.38,138.57,135.79,137.98,72398048
2022-10-26T01:00:00Z,137.98,139.80,137.30,139.12,70427088
2022-10-26T02:00:00Z,139.12,140.23,138.29,139.40,67774238
2022-10-26T03:00:00Z,139.40,140.12,138.09,138.82,64505562
2022-10-26T04:00:00Z,138.82,139.35,137.30,137.83,60703939
2022-10-26T05:00:00Z,137.83,138.60,136.23,137.00,56466741
2022-10-26T06:00:00Z,137.00,137.80,135.94,136.73,51903086
2022-10-26T07:00:00Z,136.73,137.57,136.15,136.99,47130760
2022-10-26T08:00:00Z,136.99,138.04,136.32,137.37,46513195
2022-10-26T09:00:00Z,137.37,138.19,136.51,137.33,50053417
2022-10-26T10:00:00Z,137.33,138.04,135.85,136.56,53394027
2022-10-26T11:00:00Z,136.56,137.08,134.64,135.16,56423230
2022-10-26T12:00:00Z,135.16,135.92,132.87,133.63,59037825
2022-10-26T13:00:00Z,133.63,134.40,131.78,132.56,61146255
2022-10-26T14:00:00Z,132.56,133.11,131.76,132.32,62671321
2022-10-26T15:00:00Z,132.32,133.52,131.66,132.86,64255850
2022-10-26T16:00:00Z,132.86,134.52,132.06,133.72,65847327
2022-10-26T17:00:00Z,133.72,135.00,133.02,134.30,66720282
2022-10-26T18:00:00Z,134.30,134.83,133.71,134.24,66866146
2022-10-26T19:00:00Z,134.24,135.00,132.82,133.58,66297058
2022-10-26T20:00:00Z,133.58,134.35,132.01,132.78,65045445
2022-10-26T21:00:00Z,132.78,133.33,131.85,132.40,63163006
2022-10-26T22:00:00Z,132.40,133.49,131.74,132.83,60719147
2022-10-26T23:00:00Z,132.83,134.79,132.02,133.99,57798913
2022-10-27T00:00:00Z,133.99,136.12,133.29,135.43,54500466
2022-10-27T01:00:00Z,135.43,137.10,134.88,136.56,50932193
2022-10-27T02:00:00Z,136.56,137.80,135.78,137.02,47209522
2022-10-27T03:00:00Z,137.02,137.81,136.04,136.83,51901579
2022-10-27T04:00:00Z,136.83,137.40,135.87,136.43,56434491
2022-10-27T05:00:00Z,136.43,137.12,135.69,136.37,60688104
2022-10-27T06:00:00Z,136.37,137.78,135.55,136.96,64549353
2022-10-27T07:00:00Z,136.96,138.81,136.25,138.11,67915465
2022-10-27T08:00:00Z,138.11,139.88,137.55,139.32,70696881
2022-10-27T09:00:00Z,139.32,140.80,138.52,140.00,72819789
2022-10-27T10:00:00Z,140.00,140.81,138.96,139.77,74228224
2022-10-27T11:00:00Z,139.77,140.34,138.12,138.69,74885649
2022-10-27T12:00:00Z,138.69,139.38,136.56,137.25,74775988
2022-10-27T13:00:00Z,137.25,138.07,135.26,136.07,73904072
2022-10-27T14:00:00Z,136.07,136.76,134.88,135.57,72295497
2022-10-27T15:00:00Z,135.57,136.30,135.02,135.75,69995882
2022-10-27T16:00:00Z,135.75,137.02,134.97,136.24,67069558
2022-10-27T17:00:00Z,136.24,137.29,135.45,136.51,63597730
2022-10-27T18:00:00Z,136.51,137.06,135.70,136.25,59676152
2022-10-27T19:00:00Z,136.25,136.94,134.88,135.57,55412397
2022-10-27T20:00:00Z,135.57,136.38,134.12,134.93,50922782
2022-10-27T21:00:00Z,134.93,135.61,134.22,134.90,50569356
2022-10-27T22:00:00Z,134.90,136.37,134.34,135.82,54353849
2022-10-27T23:00:00Z,135.82,138.36,135.02,137.56,57917668
2022-10-28T00:00:00Z,137.56,140.41,136.76,139.61,61147923
2022-10-28T01:00:00Z,139.61,141.87,139.04,141.30,63940427
2022-10-28T02:00:00Z,141.30,142.91,140.58,142.19,66202753
2022-10-28T03:00:00Z,142.19,143.11,141.33,142.26,67856950
2022-10-28T04:00:00Z,142.26,142.97,141.20,141.91,68841845
2022-10-28T05:00:00Z,141.91,142.50,141.10,141.68,69114877
2022-10-28T06:00:00Z,141.68,142.75,140.86,141.93,68653383
2022-10-28T07:00:00Z,141.93,143.40,141.11,142.59,67455327
2022-10-28T08:00:00Z,142.59,143.82,142.02,143.25,65539435
2022-10-28T09:00:00Z,143.25,144.12,142.51,143.38,62944729
2022-10-28T10:00:00Z,143.38,144.24,141.84,142.69,59729486
2022-10-28T11:00:00Z,142.69,143.39,140.61,141.31,55969641
2022-10-28T12:00:00Z,141.31,141.89,139.18,139.76,52628063
2022-10-28T13:00:00Z,139.76,140.56,137.88,138.69,49461881
2022-10-28T14:00:00Z,138.69,139.47,137.71,138.50,46050553
2022-10-28T15:00:00Z,138.50,139.72,137.95,139.18,42508737
2022-10-28T16:00:00Z,139.18,140.99,138.45,140.27,47404674
2022-10-28T17:00:00Z,140.27,142.03,139.42,141.19,52163491
2022-10-28T18:00:00Z,141.19,142.25,140.49,141.55,56663929
2022-10-28T19:00:00Z,141.55,142.14,140.79,141.38,60791713
2022-10-28T20:00:00Z,141.38,142.20,140.28,141.10,64442765
2022-10-28T21:00:00Z,141.10,142.03,140.29,141.23,67526130
2022-10-28T22:00:00Z,141.23,142.66,140.68,142.11,69966519
2022-10-28T23:00:00Z,142.11,144.38,141.36,143.63,71706409
2022-10-29T00:00:00Z,143.63,146.19,142.76,145.32,72707641
2022-10-29T01:00:00Z,145.32,147.31,144.60,146.59,72952454
2022-10-29T02:00:00Z,146.59,147.68,145.97,147.06,72443944
2022-10-29T03:00:00Z,147.06,147.91,145.93,146.79,71205928
2022-10-29T04:00:00Z,146.79,147.61,145.41,146.24,69282207
2022-10-29T05:00:00Z,146.24,146.80,145.42,145.98,66735274
2022-10-29T06:00:00Z,145.98,147.17,145.22,146.40,63644473
2022-10-29T07:00:00Z,146.40,148.31,145.52,147.43,60103694
2022-10-29T08:00:00Z,147.43,149.32,146.70,148.60,56218644
2022-10-29T09:00:00Z,148.60,149.98,147.96,149.34,52103785
2022-10-29T10:00:00Z,149.34,150.21,148.39,149.26,52119330
2022-10-29T11:00:00Z,149.26,150.09,147.59,148.43,56265203
2022-10-29T12:00:00Z,148.43,148.99,146.73,147.29,60181039
2022-10-29T13:00:00Z,147.29,148.06,145.67,146.44,63752225
2022-10-29T14:00:00Z,146.44,147.32,145.38,146.26,66872905
2022-10-29T15:00:00Z,146.26,147.41,145.55,146.70,69449044
2022-10-29T16:00:00Z,146.70,148.00,146.07,147.36,71401152
2022-10-29T17:00:00Z,147.36,148.56,146.50,147.69,72666601
2022-10-29T18:00:00Z,147.69,148.52,146.55,147.37,73201451
2022-10-29T19:00:00Z,147.37,147.92,145.96,146.51,72981760
2022-10-29T20:00:00Z,146.51,147.28,144.82,145.59,72004307
2022-10-29T21:00:00Z,145.59,146.46,144.35,145.22,70286736
2022-10-29T22:00:00Z,145.22,146.47,144.52,145.77,67867100
2022-10-29T23:00:00Z,145.77,147.80,145.12,147.15,64802816
2022-10-30T00:00:00Z,147.15,149.77,146.28,148.89,61169081
2022-10-30T01:00:00Z,148.89,151.20,148.05,150.36,57056767
2022-10-30T02:00:00Z,150.36,151.69,149.80,151.12,52569875
2022-10-30T03:00:00Z,151.12,151.98,150.32,151.17,47822613
2022-10-30T04:00:00Z,151.17,152.07,149.99,150.89,42936183
2022-10-30T05:00:00Z,150.89,151.61,150.08,150.79,46485414
2022-10-30T06:00:00Z,150.79,151.86,150.13,151.20,49902026
2022-10-30T07:00:00Z,151.20,152.90,150.30,152.01,53071336
2022-10-30T08:00:00Z,152.01,153.61,151.16,152.77,55885589
2022-10-30T09:00:00Z,152.77,153.47,152.20,152.91,59286474
2022-10-30T10:00:00Z,152.91,153.72,151.31,152.12,62505106
2022-10-30T11:00:00Z,152.12,153.02,149.62,150.52,65105353
2022-10-30T12:00:00Z,150.52,151.22,147.93,148.64,67028913
2022-10-30T13:00:00Z,148.64,149.29,146.48,147.14,68236725
2022-10-30T14:00:00Z,147.14,148.00,145.60,146.47,68710016
2022-10-30T15:00:00Z,146.47,147.44,145.65,146.63,68450765
2022-10-30T16:00:00Z,146.63,147.77,146.10,147.23,67481565
2022-10-30T17:00:00Z,147.23,148.52,146.44,147.72,65844903
2022-10-30T18:00:00Z,147.72,148.62,146.84,147.74,63601864
2022-10-30T19:00:00Z,147.74,148.43,146.65,147.34,60830305
2022-10-30T20:00:00Z,147.34,147.99,146.26,146.92,57622552
2022-10-30T21:00:00Z,146.92,147.89,146.05,147.02,54082679
2022-10-30T22:00:00Z,147.02,148.74,146.20,147.93,50323461
2022-10-30T23:00:00Z,147.93,150.06,147.39,149.52,50703366
2022-10-31T00:00:00Z,149.52,152.09,148.70,151.27,55220534
2022-10-31T01:00:00Z,151.27,153.46,150.36,152.55,59512783
2022-10-31T02:00:00Z,152.55,153.66,151.84,152.95,63463654
2022-10-31T03:00:00Z,152.95,153.64,151.82,152.51,66965433
2022-10-31T04:00:00Z,152.51,153.41,150.78,151.68,69922218
2022-10-31T05:00:00Z,151.68,152.50,150.21,151.03,72252654
2022-10-31T06:00:00Z,151.03,151.57,150.44,150.98,73892260
2022-10-31T07:00:00Z,150.98,152.29,150.16,151.47,74795265
2022-10-31T08:00:00Z,151.47,153.00,150.57,152.10,74935921
2022-10-31T09:00:00Z,152.10,153.02,151.40,152.32,74309244
2022-10-31T10:00:00Z,152.32,153.01,151.09,151.78,72931161
2022-10-31T11:00:00Z,151.78,152.68,149.70,150.59,70838058
2022-10-31T12:00:00Z,150.59,151.41,148.40,149.21,68085757
2022-10-31T13:00:00Z,149.21,149.73,147.71,148.23,64747925
2022-10-31T14:00:00Z,148.23,149.04,147.21,148.01,60913984
2022-10-31T15:00:00Z,148.01,149.39,147.13,148.50,56686573
2022-10-31T16:00:00Z,148.50,149.93,147.82,149.24,52178628
2022-10-31T17:00:00Z,149.24,150.34,148.56,149.66,47510180
2022-10-31T18:00:00Z,149.66,150.54,148.49,149.38,51254988
2022-10-31T19:00:00Z,149.38,150.19,147.68,148.48,54843817
2022-10-31T20:00:00Z,148.48,149.00,146.91,147.43,58161139
2022-10-31T21:00:00Z,147.43,148.24,146.02,146.83,61098473
2022-10-31T22:00:00Z,146.83,147.91,145.95,147.03,63557574
2022-10-31T23:00:00Z,147.03,148.68,146.36,148.00,65453323
2022-11-01T00:00:00Z,148.00,149.97,147.31,149.28,66716247
2022-11-01T01:00:00Z,149.28,151.17,148.39,150.28,67294594
2022-11-01T02:00:00Z,150.28,151.41,149.46,150.60,67155891
2022-11-01T03:00:00Z,150.60,151.14,149.74,150.28,66287962
2022-11-01T04:00:00Z,150.28,151.11,148.91,149.73,64699353
2022-11-01T05:00:00Z,149.73,150.62,148.60,149.49,62419170
2022-11-01T06:00:00Z,149.49,150.53,148.81,149.86,60703535
2022-11-01T07:00:00Z,149.86,151.45,149.15,150.74,58598754
2022-11-01T08:00:00Z,150.74,152.56,149.84,151.66,55989958
2022-11-01T09:00:00Z,151.66,152.82,150.84,152.00,52968676
2022-11-01T10:00:00Z,152.00,152.55,150.86,151.41,49638069
2022-11-01T11:00:00Z,151.41,152.24,149.14,149.97,46109886
2022-11-01T12:00:00Z,149.97,150.85,147.31,148.18,46741464
2022-11-01T13:00:00Z,148.18,148.84,146.03,146.68,51529711
2022-11-01T14:00:00Z,146.68,147.37,145.22,145.91,56111117
2022-11-01T15:00:00Z,145.91,146.78,145.01,145.88,60367806
2022-11-01T16:00:00Z,145.88,146.98,145.09,146.20,64190566
2022-11-01T17:00:00Z,146.20,146.91,145.67,146.37,67481923
2022-11-01T18:00:00Z,146.37,147.18,145.25,146.06,70158885
2022-11-01T19:00:00Z,146.06,146.92,144.51,145.37,72155271
2022-11-01T20:00:00Z,145.37,146.01,144.10,144.74,73423564
2022-11-01T21:00:00Z,144.74,145.43,144.04,144.73,73936227
2022-11-01T22:00:00Z,144.73,146.51,143.86,145.64,73686454
2022-11-01T23:00:00Z,145.64,148.15,144.86,147.36,72688324
2022-11-02T00:00:00Z,147.36,149.91,146.81,149.35,70976365
2022-11-02T01:00:00Z,149.35,151.79,148.51,150.95,68604529
2022-11-02T02:00:00Z,150.95,152.60,150.06,151.71,65644622
2022-11-02T03:00:00Z,151.71,152.37,150.97,151.63,62184214
2022-11-02T04:00:00Z,151.63,152.35,150.40,151.12,58324114
2022-11-02T05:00:00Z,151.12,152.02,149.83,150.73,54175459
2022-11-02T06:00:00Z,150.73,151.63,149.93,150.83,49856521
2022-11-02T07:00:00Z,150.83,151.95,150.27,151.38,53939347
2022-11-02T08:00:00Z,151.38,152.82,150.53,151.97,57853046
2022-11-02T09:00:00Z,151.97,152.96,151.08,152.07,61480498
2022-11-02T10:00:00Z,152.07,152.72,150.72,151.37,64711705
2022-11-02T11:00:00Z,151.37,152.10,149.29,150.01,67446980
2022-11-02T12:00:00Z,150.01,150.90,147.61,148.50,69599853
2022-11-02T13:00:00Z,148.50,149.28,146.68,147.46,71099592
2022-11-02T14:00:00Z,147.46,148.02,146.73,147.29,71893284
2022-11-02T15:00:00Z,147.29,148.77,146.45,147.93,71947401
2022-11-02T16:00:00Z,147.93,149.82,147.06,148.95,71248824
2022-11-02T17:00:00Z,148.95,150.39,148.31,149.74,69805269
2022-11-02T18:00:00Z,149.74,150.65,149.01,149.92,67645130
2022-11-02T19:00:00Z,149.92,150.82,148.63,149.52,64816729
2022-11-02T20:00:00Z,149.52,150.30,148.19,148.97,61386986
2022-11-02T21:00:00Z,148.97,149.54,148.25,148.82,57439572
2022-11-02T22:00:00Z,148.82,150.24,147.97,149.40,53072572
2022-11-02T23:00:00Z,149.40,151.53,148.52,150.65,48395738
2022-11-03T00:00:00Z,150.65,152.75,150.00,152.10,43527413
2022-11-03T01:00:00Z,152.10,153.91,151.35,153.16,42831498
2022-11-03T02:00:00Z,153.16,154.39,152.24,153.48,46311403
2022-11-03T03:00:00Z,153.48,154.27,152.30,153.10,50985036
2022-11-03T04:00:00Z,153.10,153.69,151.89,152.48,55382964
2022-11-03T05:00:00Z,152.48,153.34,151.33,152.20,59371379
2022-11-03T06:00:00Z,152.20,153.49,151.31,152.60,62851996
2022-11-03T07:00:00Z,152.60,154.26,151.95,153.61,65740894
2022-11-03T08:00:00Z,153.61,155.53,152.85,154.76,67970856
2022-11-03T09:00:00Z,154.76,156.39,153.83,155.46,69493220
2022-11-03T10:00:00Z,155.46,156.26,154.51,155.32,70279206
2022-11-03T11:00:00Z,155.32,155.92,153.79,154.40,70320666
2022-11-03T12:00:00Z,154.40,155.27,152.29,153.16,69630256
2022-11-03T13:00:00Z,153.16,154.04,151.32,152.20,68240995
2022-11-03T14:00:00Z,152.20,152.84,151.28,151.92,66205256
2022-11-03T15:00:00Z,151.92,153.05,151.17,152.30,63593196
2022-11-03T16:00:00Z,152.30,153.84,151.38,152.93,60490683
2022-11-03T17:00:00Z,152.93,154.08,152.14,153.29,56996774
2022-11-03T18:00:00Z,153.29,153.89,152.46,153.07,53220811
2022-11-03T19:00:00Z,153.07,153.93,151.50,152.37,49279241
2022-11-03T20:00:00Z,152.37,153.25,150.80,151.68,53742262
2022-11-03T21:00:00Z,151.68,152.31,150.96,151.59,58037121
2022-11-03T22:00:00Z,151.59,153.22,150.83,152.46,62044832
2022-11-03T23:00:00Z,152.46,155.12,151.54,154.20,65653533
2022-11-04T00:00:00Z,154.20,157.09,153.40,156.29,68761690
2022-11-04T01:00:00Z,156.29,158.73,155.66,158.09,71281006
2022-11-04T02:00:00Z,158.09,160.08,157.18,159.17,73138953
2022-11-04T03:00:00Z,159.17,160.42,158.25,159.49,74280863
2022-11-04T04:00:00Z,159.49,160.15,158.80,159.45,74671506
2022-11-04T05:00:00Z,159.45,160.36,158.65,159.56,74296110
2022-11-04T06:00:00Z,159.56,161.09,158.59,160.13,73160812
2022-11-04T07:00:00Z,160.13,161.92,159.31,161.10,71292494
2022-11-04T08:00:00Z,161.10,162.67,160.45,162.02,68738049
2022-11-04T09:00:00Z,162.02,163.27,161.09,162.34,65563056
2022-11-04T10:00:00Z,162.34,163.27,160.81,161.74,61849937
2022-11-04T11:00:00Z,161.74,162.39,159.72,160.37,57695630
2022-11-04T12:00:00Z,160.37,161.17,157.95,158.75,53208846
2022-11-04T13:00:00Z,158.75,159.69,156.60,157.54,48506996
2022-11-04T14:00:00Z,157.54,158.33,156.39,157.18,47953166
2022-11-04T15:00:00Z,157.18,158.30,156.54,157.66,51550070
2022-11-04T16:00:00Z,157.66,159.48,156.75,158.57,54940033
2022-11-04T17:00:00Z,158.57,160.25,157.66,159.34,58011015
2022-11-04T18:00:00Z,159.34,160.24,158.70,159.60,60659612
2022-11-04T19:00:00Z,159.60,160.41,158.56,159.37,62794100
2022-11-04T20:00:00Z,159.37,160.33,158.13,159.08,64337154
2022-11-04T21:00:00Z,159.08,160.05,158.28,159.25,65228147
2022-11-04T22:00:00Z,159.25,160.83,158.59,160.17,65424976
2022-11-04T23:00:00Z,160.17,162.68,159.24,161.74,65049595
2022-11-05T00:00:00Z,161.74,164.38,160.81,163.45,65210235
2022-11-05T01:00:00Z,163.45,165.33,162.79,164.68,64664035
2022-11-05T02:00:00Z,164.68,165.88,163.83,165.04,63443309
2022-11-05T03:00:00Z,165.04,166.03,163.60,164.59,61599604
2022-11-05T04:00:00Z,164.59,165.40,162.96,163.78,59202137
2022-11-05T05:00:00Z,163.78,164.46,162.53,163.21,56335724
2022-11-05T06:00:00Z,163.21,164.21,162.26,163.27,53098266
2022-11-05T07:00:00Z,163.27,164.84,162.33,163.91,49597849
2022-11-05T08:00:00Z,163.91,165.36,163.26,164.71,45949570
2022-11-05T09:00:00Z,164.71,165.96,163.86,165.11,50722190
2022-11-05T10:00:00Z,165.11,166.10,163.78,164.76,55341442
2022-11-05T11:00:00Z,164.76,165.57,162.92,163.73,59686749
2022-11-05T12:00:00Z,163.73,164.42,161.80,162.49,63644595
2022-11-05T13:00:00Z,162.49,163.42,160.66,161.60,67111738
2022-11-05T14:00:00Z,161.60,162.52,160.53,161.45,69998120
2022-11-05T15:00:00Z,161.45,162.60,160.82,161.97,72229417
2022-11-05T16:00:00Z,161.97,163.57,161.13,162.73,73749133
2022-11-05T17:00:00Z,162.73,164.13,161.75,163.16,74520185
2022-11-05T18:00:00Z,163.16,163.96,162.11,162.91,74525941
2022-11-05T19:00:00Z,162.91,163.59,161.38,162.06,73770667
2022-11-05T20:00:00Z,162.06,163.00,160.17,161.11,72279388
2022-11-05T21:00:00Z,161.11,162.02,159.73,160.64,70097147
2022-11-05T22:00:00Z,160.64,161.66,160.02,161.04,67287701
2022-11-05T23:00:00Z,161.04,163.09,160.19,162.24,63931682
2022-11-06T00:00:00Z,162.24,164.76,161.26,163.78,60124279
2022-11-06T01:00:00Z,163.78,165.86,162.97,165.06,55972503
2022-11-06T02:00:00Z,165.06,166.37,164.35,165.66,51592125
2022-11-06T03:00:00Z,165.66,166.63,164.63,165.60,51344656
2022-11-06T04:00:00Z,165.60,166.53,164.34,165.27,55231309
2022-11-06T05:00:00Z,165.27,165.90,164.57,165.20,58892990
2022-11-06T06:00:00Z,165.20,166.55,164.33,165.68,62216329
2022-11-06T07:00:00Z,165.68,167.62,164.68,166.62,65096685
2022-11-06T08:00:00Z,166.62,168.33,165.81,167.52,67441200
2022-11-06T09:00:00Z,167.52,168.53,166.80,167.81,69171520
2022-11-06T10:00:00Z,167.81,168.79,166.15,167.13,70226099
2022-11-06T11:00:00Z,167.13,168.06,164.65,165.58,70562035
2022-11-06T12:00:00Z,165.58,166.19,163.05,163.67,70156356
2022-11-06T13:00:00Z,163.67,164.52,161.20,162.05,69006755
2022-11-06T14:00:00Z,162.05,163.02,160.21,161.18,67131718
2022-11-06T15:00:00Z,161.18,161.95,160.28,161.05,64570068
2022-11-06T16:00:00Z,161.05,162.01,160.35,161.31,61379921
2022-11-06T17:00:00Z,161.31,162.35,160.36,161.41,57637087
2022-11-06T18:00:00Z,161.41,162.31,160.12,161.02,53432973
2022-11-06T19:00:00Z,161.02,161.62,159.63,160.22,48872031
2022-11-06T20:00:00Z,160.22,161.07,158.61,159.45,44381209
2022-11-06T21:00:00Z,159.45,160.40,158.29,159.24,40855149
2022-11-06T22:00:00Z,159.24,160.67,158.48,159.90,45774941
2022-11-06T23:00:00Z,159.90,162.01,159.20,161.30,50565596
2022-11-07T00:00:00Z,161.30,163.86,160.34,162.90,55105698
2022-11-07T01:00:00Z,162.90,164.96,161.99,164.05,59280779
2022-11-07T02:00:00Z,164.05,164.93,163.44,164.32,62986528
2022-11-07T03:00:00Z,164.32,165.19,162.85,163.73,66131723
2022-11-07T04:00:00Z,163.73,164.70,161.72,162.69,68640771
2022-11-07T05:00:00Z,162.69,163.46,161.03,161.79,70455814
2022-11-07T06:00:00Z,161.79,162.51,160.69,161.41,71538324
2022-11-07T07:00:00Z,161.41,162.46,160.46,161.51,71870143
2022-11-07T08:00:00Z,161.51,162.59,160.61,161.69,71453941
2022-11-07T09:00:00Z,161.69,162.28,160.83,161.42,70313080
2022-11-07T10:00:00Z,161.42,162.28,159.54,160.40,68490889
2022-11-07T11:00:00Z,160.40,161.35,157.79,158.73,66049360
2022-11-07T12:00:00Z,158.73,159.47,156.18,156.92,63067324
2022-11-07T13:00:00Z,156.92,157.62,154.88,155.57,59638137
2022-11-07T14:00:00Z,155.57,156.49,154.16,155.08,55866958
2022-11-07T15:00:00Z,155.08,156.23,154.22,155.37,51867694
2022-11-07T16:00:00Z,155.37,156.56,154.81,155.99,51999990
2022-11-07T17:00:00Z,155.99,157.20,155.15,156.36,56263198
2022-11-07T18:00:00Z,156.36,157.29,155.15,156.08,60296379
2022-11-07T19:00:00Z,156.08,156.81,154.49,155.21,63984345
2022-11-07T20:00:00Z,155.21,155.90,153.48,154.18,67220668
2022-11-07T21:00:00Z,154.18,155.08,152.64,153.55,69910747
2022-11-07T22:00:00Z,153.55,154.54,152.71,153.69,71974534
2022-11-07T23:00:00Z,153.69,155.09,153.14,154.54,73348852
2022-11-08T00:00:00Z,154.54,156.47,153.69,155.63,73989231
2022-11-08T01:00:00Z,155.63,157.31,154.70,156.38,73871209
2022-11-08T02:00:00Z,156.38,157.14,155.65,156.41,72991070
2022-11-08T03:00:00Z,156.41,157.12,155.08,155.79,71365980
2022-11-08T04:00:00Z,155.79,156.71,154.03,154.95,69033537
2022-11-08T05:00:00Z,154.95,155.79,153.59,154.43,66050734
2022-11-08T06:00:00Z,154.43,155.13,153.89,154.58,62492368
2022-11-08T07:00:00Z,154.58,156.15,153.74,155.30,58448941
2022-11-08T08:00:00Z,155.30,157.04,154.38,156.12,54024117
2022-11-08T09:00:00Z,156.12,157.13,155.40,156.42,49331800
2022-11-08T10:00:00Z,156.42,157.13,155.10,155.82,44492924
2022-11-08T11:00:00Z,155.82,156.74,153.48,154.39,48082082
2022-11-08T12:00:00Z,154.39,155.22,151.78,152.61,51530803
2022-11-08T13:00:00Z,152.61,153.14,150.54,151.07,54724243
2022-11-08T14:00:00Z,151.07,151.89,149.38,150.20,57554529
2022-11-08T15:00:00Z,150.20,151.09,149.10,149.99,59923941
2022-11-08T16:00:00Z,149.99,150.74,149.31,150.06,61747798
2022-11-08T17:00:00Z,150.06,150.75,149.18,149.88,63437471
2022-11-08T18:00:00Z,149.88,150.76,148.26,149.14,65377764
2022-11-08T19:00:00Z,149.14,149.95,147.16,147.96,66610397
2022-11-08T20:00:00Z,147.96,148.49,146.29,146.81,67116475
2022-11-08T21:00:00Z,146.81,147.61,145.46,146.27,66897816
2022-11-08T22:00:00Z,146.27,147.55,145.40,146.68,65976814
2022-11-08T23:00:00Z,146.68,148.60,146.01,147.93,64395721
2022-11-09T00:00:00Z,147.93,150.21,147.24,149.52,62215348
2022-11-09T01:00:00Z,149.52,151.67,148.62,150.77,59513247
2022-11-09T02:00:00Z,150.77,152.06,149.95,151.25,56381403
2022-11-09T03:00:00Z,151.25,151.79,150.39,150.93,52923518
2022-11-09T04:00:00Z,150.93,151.76,149.39,150.22,49251965
2022-11-09T05:00:00Z,150.22,151.11,148.76,149.64,49724784
2022-11-09T06:00:00Z,149.64,150.31,148.86,149.53,54339659
2022-11-09T07:00:00Z,149.53,150.54,148.83,149.83,58733929
2022-11-09T08:00:00Z,149.83,151.02,148.94,150.12,62790637
2022-11-09T09:00:00Z,150.12,150.92,149.05,149.86,66401548
2022-11-09T10:00:00Z,149.86,150.40,148.21,148.75,69470227
2022-11-09T11:00:00Z,148.75,149.56,146.11,146.93,71914772
2022-11-09T12:00:00Z,146.93,147.78,144.07,144.92,73670141
2022-11-09T13:00:00Z,144.92,145.56,142.75,143.39,74689997
2022-11-09T14:00:00Z,143.39,144.06,142.07,142.74,74948020
2022-11-09T15:00:00Z,142.74,143.83,141.89,142.97,74438651
2022-11-09T16:00:00Z,142.97,144.41,142.21,143.64,73177241
2022-11-09T17:00:00Z,143.64,144.70,143.11,144.17,71199607
2022-11-09T18:00:00Z,144.17,144.98,143.37,144.18,68561004
2022-11-09T19:00:00Z,144.18,145.02,142.84,143.69,65334541
2022-11-09T20:00:00Z,143.69,144.32,142.48,143.11,61609097
2022-11-09T21:00:00Z,143.11,143.79,142.29,142.97,57486778
2022-11-09T22:00:00Z,142.97,144.46,142.12,143.60,53080005
2022-11-09T23:00:00Z,143.60,145.65,142.83,144.88,48508315
2022-11-10T00:00:00Z,144.88,146.86,144.33,146.32,52344992
2022-11-10T01:00:00Z,146.32,148.15,145.49,147.32,56020351
2022-11-10T02:00:00Z,147.32,148.38,146.46,147.51,59418440
2022-11-10T03:00:00Z,147.51,148.15,146.30,146.94,62430383
2022-11-10T04:00:00Z,146.94,147.64,145.37,146.07,64957569
2022-11-10T05:00:00Z,146.07,146.94,144.63,145.50,66914546
2022-11-10T06:00:00Z,145.50,146.35,144.73,145.58,68231541
2022-11-10T07:00:00Z,145.58,146.84,145.03,146.29,68856537
2022-11-10T08:00:00Z,146.29,147.98,145.46,147.15,68756832
2022-11-10T09:00:00Z,147.15,148.47,146.29,147.60,67920060
2022-11-10T10:00:00Z,147.60,148.24,146.64,147.28,66354615
2022-11-10T11:00:00Z,147.28,147.99,145.53,146.23,64089488
2022-11-10T12:00:00Z,146.23,147.10,144.06,144.92,61173513
2022-11-10T13:00:00Z,144.92,145.68,143.17,143.93,57674041
2022-11-10T14:00:00Z,143.93,144.48,143.08,143.63,54323654
2022-11-10T15:00:00Z,143.63,144.78,142.82,143.97,51320082
2022-11-10T16:00:00Z,143.97,145.38,143.13,144.53,48015261
2022-11-10T17:00:00Z,144.53,145.38,143.92,144.77,44520811
2022-11-10T18:00:00Z,144.77,145.47,143.63,144.34,45193907
2022-11-10T19:00:00Z,144.34,145.20,142.49,143.35,50031250
2022-11-10T20:00:00Z,143.35,144.09,141.55,142.29,54669092
2022-11-10T21:00:00Z,142.29,142.84,141.21,141.76,58989280
2022-11-10T22:00:00Z,141.76,142.94,140.95,142.13,62882292
2022-11-10T23:00:00Z,142.13,144.18,141.30,143.34,66250308
2022-11-11T00:00:00Z,143.34,145.53,142.73,144.92,69009962
2022-11-11T01:00:00Z,144.92,146.95,144.20,146.23,71094667
2022-11-11T02:00:00Z,146.23,147.75,145.35,146.87,72456473
2022-11-11T03:00:00Z,146.87,147.63,146.06,146.82,73067387
2022-11-11T04:00:00Z,146.82,147.39,145.90,146.47,72920120
2022-11-11T05:00:00Z,146.47,147.31,145.52,146.35,72028250
2022-11-11T06:00:00Z,146.35,147.61,145.50,146.76,70425784
2022-11-11T07:00:00Z,146.76,148.21,146.14,147.59,68166138
2022-11-11T08:00:00Z,147.59,149.13,146.86,148.39,65320567
2022-11-11T09:00:00Z,148.39,149.47,147.50,148.58,61976083
2022-11-11T10:00:00Z,148.58,149.35,147.07,147.83,58232927
2022-11-11T11:00:00Z,147.83,148.41,145.68,146.25,54201662
2022-11-11T12:00:00Z,146.25,147.08,143.55,144.38,49999986
2022-11-11T13:00:00Z,144.38,145.20,142.03,142.86,54199371
2022-11-11T14:00:00Z,142.86,143.45,141.56,142.15,58228356
2022-11-11T15:00:00Z,142.15,142.97,141.44,142.26,61969255
2022-11-11T16:00:00Z,142.26,143.66,141.40,142.80,65311515
2022-11-11T17:00:00Z,142.80,143.96,142.07,143.23,68154905
2022-11-11T18:00:00Z,143.23,143.80,142.63,143.20,70412427
2022-11-11T19:00:00Z,143.20,144.02,141.95,142.76,72012834
2022-11-11T20:00:00Z,142.76,143.59,141.52,142.34,72902720
2022-11-11T21:00:00Z,142.34,143.05,141.76,142.47,73048088
2022-11-11T22:00:00Z,142.47,144.15,141.75,143.43,72435371
2022-11-11T23:00:00Z,143.43,145.98,142.56,145.11,71071863
2022-11-12T00:00:00Z,145.11,147.70,144.36,146.96,68985569
2022-11-12T01:00:00Z,146.96,148.94,146.36,148.34,66224446
2022-11-12T02:00:00Z,148.34,149.70,147.49,148.85,62855087
2022-11-12T03:00:00Z,148.85,149.70,147.64,148.50,58960866
2022-11-12T04:00:00Z,148.50,149.10,147.13,147.73,54639607
2022-11-12T05:00:00Z,147.73,148.47,146.39,147.13,50000839
2022-11-12T06:00:00Z,147.13,148.02,146.21,147.09,45162719
2022-11-12T07:00:00Z,147.09,148.32,146.34,147.57,44488999
2022-11-12T08:00:00Z,147.57,148.77,146.97,148.17,47982980
2022-11-12T09:00:00Z,148.17,149.19,147.31,148.34,51287491
2022-11-12T10:00:00Z,148.34,149.19,146.91,147.76,54290912
2022-11-12T11:00:00Z,147.76,148.35,145.93,146.52,57706773
2022-11-12T12:00:00Z,146.52,147.26,144.37,145.11,61206075
2022-11-12T13:00:00Z,145.11,145.97,143.25,144.11,64121721
2022-11-12T14:00:00Z,144.11,144.83,143.18,143.91,66386360
2022-11-12T15:00:00Z,143.91,145.02,143.32,144.43,67951163
2022-11-12T16:00:00Z,144.43,146.06,143.59,145.23,68787140
2022-11-12T17:00:00Z,145.23,146.54,144.39,145.70,68885901
2022-11-12T18:00:00Z,145.70,146.28,144.91,145.49,68259818
2022-11-12T19:00:00Z,145.49,146.23,143.92,144.66,66941596
2022-11-12T20:00:00Z,144.66,145.52,142.79,143.65,64983261
2022-11-12T21:00:00Z,143.65,144.37,142.34,143.06,62454591
2022-11-12T22:00:00Z,143.06,143.84,142.46,143.25,59441045
2022-11-12T23:00:00Z,143.25,145.01,142.42,144.17,56041242
2022-11-13T00:00:00Z,144.17,146.20,143.34,145.37,52364067
2022-11-13T01:00:00Z,145.37,146.83,144.79,146.26,48525481
2022-11-13T02:00:00Z,146.26,147.21,145.50,146.45,53095178
2022-11-13T03:00:00Z,146.45,147.33,145.13,146.00,57499883
2022-11-13T04:00:00Z,146.00,146.72,144.60,145.32,61620071
2022-11-13T05:00:00Z,145.32,145.93,144.34,144.95,65343329
2022-11-13T06:00:00Z,144.95,146.06,144.11,145.22,68567563
2022-11-13T07:00:00Z,145.22,146.84,144.39,146.01,71203905
2022-11-13T08:00:00Z,146.01,147.43,145.44,146.86,73179258
2022-11-13T09:00:00Z,146.86,147.91,146.10,147.15,74438376
2022-11-13T10:00:00Z,147.15,148.03,145.64,146.51,74945455
2022-11-13T11:00:00Z,146.51,147.23,144.32,145.03,74685154
2022-11-13T12:00:00Z,145.03,145.64,142.58,143.18,73663044
2022-11-13T13:00:00Z,143.18,144.01,140.78,141.60,71905455
2022-11-13T14:00:00Z,141.60,142.40,139.92,140.72,69458737
2022-11-13T15:00:00Z,140.72,141.26,140.00,140.54,66387940
2022-11-13T16:00:00Z,140.54,141.42,139.81,140.69,62774978
2022-11-13T17:00:00Z,140.69,141.53,139.80,140.64,58716296
2022-11-13T18:00:00Z,140.64,141.33,139.41,140.10,54320139
2022-11-13T19:00:00Z,140.10,140.69,138.54,139.14,49703472
2022-11-13T20:00:00Z,139.14,139.95,137.43,138.23,49228965
2022-11-13T21:00:00Z,138.23,139.01,137.17,137.95,52898943
2022-11-13T22:00:00Z,137.95,139.13,137.42,138.60,56355373
2022-11-13T23:00:00Z,138.60,140.80,137.87,140.07,59485890
2022-11-14T00:00:00Z,140.07,142.68,139.22,141.83,62186798
2022-11-14T01:00:00Z,141.83,143.91,141.13,143.21,64366117
2022-11-14T02:00:00Z,143.21,144.39,142.59,143.77,65946302
2022-11-14T03:00:00Z,143.77,144.61,142.66,143.50,66866545
2022-11-14T04:00:00Z,143.50,144.30,141.99,142.79,67084598
2022-11-14T05:00:00Z,142.79,143.33,141.66,142.20,66578070
2022-11-14T06:00:00Z,142.20,142.95,141.33,142.07,65345146
2022-11-14T07:00:00Z,142.07,143.22,141.22,142.37,63404721
2022-11-14T08:00:00Z,142.37,143.35,141.68,142.66,61780518
2022-11-14T09:00:00Z,142.66,143.28,141.82,142.44,59956472
2022-11-14T10:00:00Z,142.44,143.27,140.56,141.39,57586712
2022-11-14T11:00:00Z,141.39,142.17,138.86,139.65,54755919
2022-11-14T12:00:00Z,139.65,140.16,137.22,137.73,51561818
2022-11-14T13:00:00Z,137.73,138.45,135.56,136.28,48112284
2022-11-14T14:00:00Z,136.28,137.09,134.89,135.70,44522164
2022-11-14T15:00:00Z,135.70,136.61,135.05,135.96,49359936
2022-11-14T16:00:00Z,135.96,137.20,135.36,136.60,54051011
2022-11-14T17:00:00Z,136.60,137.84,135.79,137.04,58474461
2022-11-14T18:00:00Z,137.04,137.80,136.12,136.88,62516389
2022-11-14T19:00:00Z,136.88,137.39,135.67,136.17,66073139
2022-11-14T20:00:00Z,136.17,136.89,134.59,135.31,69054216
2022-11-14T21:00:00Z,135.31,136.12,134.05,134.86,71384831
2022-11-14T22:00:00Z,134.86,135.78,134.22,135.14,73008001
2022-11-14T23:00:00Z,135.14,136.67,134.54,136.07,73886138
2022-11-15T00:00:00Z,136.07,137.98,135.26,137.17,74002083
2022-11-15T01:00:00Z,137.17,138.62,136.40,137.86,73359566
2022-11-15T02:00:00Z,137.86,138.36,137.26,137.77,71983056
2022-11-15T03:00:00Z,137.77,138.50,136.22,136.96,69917036
2022-11-15T04:00:00Z,136.96,137.77,135.08,135.89,67224693
2022-11-15T05:00:00Z,135.89,136.53,134.51,135.14,63986086
2022-11-15T06:00:00Z,135.14,135.75,134.48,135.08,60295828
2022-11-15T07:00:00Z,135.08,136.44,134.28,135.64,56260357
2022-11-15T08:00:00Z,135.64,137.11,134.89,136.35,51994874
2022-11-15T09:00:00Z,136.35,137.13,135.86,136.64,51860328
2022-11-15T10:00:00Z,136.64,137.37,135.38,136.11,55857377
2022-11-15T11:00:00Z,136.11,136.92,134.04,134.84,59626389
2022-11-15T12:00:00Z,134.84,135.46,132.65,133.27,63053466
2022-11-15T13:00:00Z,133.27,133.87,131.41,132.00,66033460
2022-11-15T14:00:00Z,132.00,132.78,130.64,131.42,68473025
2022-11-15T15:00:00Z,131.42,132.21,130.69,131.49,70293339
2022-11-15T16:00:00Z,131.49,132.28,131.02,131.81,71432420
2022-11-15T17:00:00Z,131.81,132.55,131.10,131.84,71846947
2022-11-15T18:00:00Z,131.84,132.62,130.48,131.27,71513568
2022-11-15T19:00:00Z,131.27,131.87,129.59,130.19,70429618
2022-11-15T20:00:00Z,130.19,130.78,128.53,129.11,68613263
2022-11-15T21:00:00Z,129.11,129.87,127.85,128.62,66103039
2022-11-15T22:00:00Z,128.62,129.78,127.91,129.08,62956808
2022-11-15T23:00:00Z,129.08,130.86,128.61,130.40,59250167
2022-11-16T00:00:00Z,130.40,132.82,129.68,132.11,55074346
2022-11-16T01:00:00Z,132.11,134.34,131.31,133.54,50533657
2022-11-16T02:00:00Z,133.54,134.90,132.93,134.28,45742572
2022-11-16T03:00:00Z,134.28,134.93,133.67,134.31,40822507
2022-11-16T04:00:00Z,134.31,135.11,133.21,134.00,44348455
2022-11-16T05:00:00Z,134.00,134.73,133.14,133.87,48904737
2022-11-16T06:00:00Z,133.87,134.71,133.40,134.24,53465471
2022-11-16T07:00:00Z,134.24,135.76,133.51,135.02,57669217
2022-11-16T08:00:00Z,135.02,136.56,134.22,135.75,61411526
2022-11-16T09:00:00Z,135.75,136.50,135.13,135.88,64600994
2022-11-16T10:00:00Z,135.88,136.50,134.46,135.08,67161812
2022-11-16T11:00:00Z,135.08,135.87,132.70,133.49,69035870
2022-11-16T12:00:00Z,133.49,134.20,130.92,131.64,70184350
2022-11-16T13:00:00Z,131.64,132.10,129.72,130.18,70588771
2022-11-16T14:00:00Z,130.18,130.89,128.85,129.56,70251446
2022-11-16T15:00:00Z,129.56,130.56,128.80,129.79,69195353
2022-11-16T16:00:00Z,129.79,131.05,129.20,130.46,67463404
2022-11-16T17:00:00Z,130.46,131.62,129.85,131.01,65117150
2022-11-16T18:00:00Z,131.01,131.86,130.23,131.07,62234954
2022-11-16T19:00:00Z,131.07,131.78,129.99,130.70,58909685
2022-11-16T20:00:00Z,130.70,131.17,129.83,130.30,55245991
2022-11-16T21:00:00Z,130.30,131.11,129.58,130.39,51357254
2022-11-16T22:00:00Z,130.39,132.06,129.61,131.28,51602577
2022-11-16T23:00:00Z,131.28,133.44,130.68,132.84,55980759
2022-11-17T00:00:00Z,132.84,135.19,132.21,134.56,60130297
2022-11-17T01:00:00Z,134.56,136.62,133.75,135.81,63935434
2022-11-17T02:00:00Z,135.81,136.93,135.08,136.20,67289167
2022-11-17T03:00:00Z,136.20,136.69,135.27,135.76,70096321
2022-11-17T04:00:00Z,135.76,136.51,134.21,134.96,72276273
2022-11-17T05:00:00Z,134.96,135.75,133.59,134.38,73765279
2022-11-17T06:00:00Z,134.38,135.02,133.78,134.42,74518306
2022-11-17T07:00:00Z,134.42,135.68,133.78,135.04,74510342
2022-11-17T08:00:00Z,135.04,136.63,134.23,135.82,73737128
2022-11-17T09:00:00Z,135.82,136.95,135.10,136.22,72215310
2022-11-17T10:00:00Z,136.22,136.72,135.39,135.89,69981979
2022-11-17T11:00:00Z,135.89,136.64,134.16,134.91,67093643
2022-11-17T12:00:00Z,134.91,135.70,132.96,133.75,63624635
2022-11-17T13:00:00Z,133.75,134.33,132.41,132.99,59665021
2022-11-17T14:00:00Z,132.99,133.65,132.36,133.01,55318053
2022-11-17T15:00:00Z,133.01,134.54,132.21,133.75,50697254
2022-11-17T16:00:00Z,133.75,135.45,133.03,134.74,45923209
2022-11-17T17:00:00Z,134.74,135.92,134.23,135.42,49570192
2022-11-17T18:00:00Z,135.42,136.19,134.66,135.43,53069449
2022-11-17T19:00:00Z,135.43,136.23,134.06,134.86,56305889
2022-11-17T20:00:00Z,134.86,135.44,133.57,134.16,59171428
2022-11-17T21:00:00Z,134.16,134.80,133.29,133.93,61568173
2022-11-17T22:00:00Z,133.93,135.36,133.12,134.55,63411310
2022-11-17T23:00:00Z,134.55,136.69,133.83,135.97,64631624
2022-11-18T00:00:00Z,135.97,138.24,135.45,137.72,65177571
2022-11-18T01:00:00Z,137.72,139.98,136.94,139.20,65016838
2022-11-18T02:00:00Z,139.20,140.85,138.38,140.03,65457666
2022-11-18T03:00:00Z,140.03,140.81,139.42,140.21,65260609
2022-11-18T04:00:00Z,140.21,140.89,139.47,140.15,64369230
2022-11-18T05:00:00Z,140.15,141.22,139.31,140.38,62825632
2022-11-18T06:00:00Z,140.38,141.95,139.64,141.21,60690445
2022-11-18T07:00:00Z,141.21,143.07,140.67,142.53,58040999
2022-11-18T08:00:00Z,142.53,144.65,141.72,143.84,54969021
2022-11-18T09:00:00Z,143.84,145.41,143.00,144.56,51577920
2022-11-18T10:00:00Z,144.56,145.18,143.71,144.33,47979742
2022-11-18T11:00:00Z,144.33,145.03,142.54,143.24,48532167
2022-11-18T12:00:00Z,143.24,144.09,140.93,141.78,53232490
2022-11-18T13:00:00Z,141.78,142.51,139.86,140.60,57717630
2022-11-18T14:00:00Z,140.60,141.13,139.60,140.14,61870186
2022-11-18T15:00:00Z,140.14,141.21,139.34,140.41,65581454
2022-11-18T16:00:00Z,140.41,141.87,139.59,141.04,68754506
2022-11-18T17:00:00Z,141.04,142.11,140.44,141.51,71306930
2022-11-18T18:00:00Z,141.51,142.20,140.80,141.49,73173156
2022-11-18T19:00:00Z,141.49,142.33,140.22,141.06,74306302
2022-11-18T20:00:00Z,141.06,141.79,139.94,140.67,74679495
2022-11-18T21:00:00Z,140.67,141.42,140.12,140.87,74286611
2022-11-18T22:00:00Z,140.87,142.77,140.06,141.97,73142431
2022-11-18T23:00:00Z,141.97,144.67,141.13,143.83,71282197
2022-11-19T00:00:00Z,143.83,146.54,143.22,145.93,68760589
2022-11-19T01:00:00Z,145.93,148.33,145.20,147.60,65650145
2022-11-19T02:00:00Z,147.60,149.31,146.71,148.42,62039173
2022-11-19T03:00:00Z,148.42,149.18,147.60,148.37,58029219
2022-11-19T04:00:00Z,148.37,148.95,147.30,147.88,53732155
2022-11-19T05:00:00Z,147.88,148.72,146.68,147.52,49266980
2022-11-19T06:00:00Z,147.52,148.50,146.66,147.64,53206455
2022-11-19T07:00:00Z,147.64,148.85,147.03,148.23,56980394
2022-11-19T08:00:00Z,148.23,149.61,147.49,148.87,60472360
2022-11-19T09:00:00Z,148.87,149.93,147.98,149.04,63573018
2022-11-19T10:00:00Z,149.04,149.80,147.67,148.43,66183322
2022-11-19T11:00:00Z,148.43,149.02,146.59,147.17,68217414
2022-11-19T12:00:00Z,147.17,148.01,144.93,145.76,69605142
2022-11-19T13:00:00Z,145.76,146.60,143.99,144.83,70294143
2022-11-19T14:00:00Z,144.83,145.43,144.16,144.76,70251402
2022-11-19T15:00:00Z,144.76,146.23,144.03,145.50,69464274
2022-11-19T16:00:00Z,145.50,147.48,144.62,146.60,67940908
2022-11-19T17:00:00Z,146.60,148.21,145.85,147.46,65710091
2022-11-19T18:00:00Z,147.46,148.29,146.87,147.69,62820489
2022-11-19T19:00:00Z,147.69,148.54,146.50,147.34,59339322
2022-11-19T20:00:00Z,147.34,148.19,145.99,146.83,55350515
2022-11-19T21:00:00Z,146.83,147.43,146.12,146.72,50952353
2022-11-19T22:00:00Z,146.72,148.10,145.98,147.36,46344160
2022-11-19T23:00:00Z,147.36,149.56,146.46,148.66,42864169
2022-11-20T00:00:00Z,148.66,150.94,147.90,150.18,43559837
2022-11-20T01:00:00Z,150.18,151.94,149.57,151.33,48427756
2022-11-20T02:00:00Z,151.33,152.61,150.46,151.73,53104028
2022-11-20T03:00:00Z,151.73,152.60,150.58,151.45,57470312
2022-11-20T04:00:00Z,151.45,152.06,150.32,150.93,61416858
2022-11-20T05:00:00Z,150.93,151.69,149.96,150.72,64845588
2022-11-20T06:00:00Z,150.72,152.10,149.82,151.19,67672835
2022-11-20T07:00:00Z,151.19,153.01,150.43,152.24,69831683
2022-11-20T08:00:00Z,152.24,154.02,151.61,153.39,71273818
2022-11-20T09:00:00Z,153.39,154.94,152.50,154.05,71970854
2022-11-20T10:00:00Z,154.05,154.93,152.95,153.83,71915079
2022-11-20T11:00:00Z,153.83,154.44,152.18,152.80,71119624
2022-11-20T12:00:00Z,152.80,153.57,150.63,151.40,69618023
2022-11-20T13:00:00Z,151.40,152.30,149.36,150.26,67463199
2022-11-20T14:00:00Z,150.26,151.01,149.01,149.76,64725893
2022-11-20T15:00:00Z,149.76,150.52,149.14,149.90,61492587
2022-11-20T16:00:00Z,149.90,151.15,149.03,150.28,57862975
2022-11-20T17:00:00Z,150.28,151.24,149.43,150.38,53947069
2022-11-20T18:00:00Z,150.38,150.98,149.30,149.89,49861997
2022-11-20T19:00:00Z,149.89,150.66,148.16,148.92,54178663
2022-11-20T20:00:00Z,148.92,149.81,147.06,147.95,58325029
2022-11-20T21:00:00Z,147.95,148.68,146.84,147.57,62182837
2022-11-20T22:00:00Z,147.57,148.75,146.95,148.13,65640959
2022-11-20T23:00:00Z,148.13,150.40,147.26,149.54,68598599
2022-11-21T00:00:00Z,149.54,152.14,148.67,151.27,70968196
2022-11-21T01:00:00Z,151.27,153.30,150.68,152.70,72677956
2022-11-21T02:00:00Z,152.70,154.16,151.91,153.37,73673938
2022-11-21T03:00:00Z,153.37,154.29,152.34,153.26,73921625
2022-11-21T04:00:00Z,153.26,154.02,152.01,152.77,73406947
2022-11-21T05:00:00Z,152.77,153.41,151.77,152.41,72136720
2022-11-21T06:00:00Z,152.41,153.40,151.52,152.52,70138491
2022-11-21T07:00:00Z,152.52,153.89,151.65,153.02,67459786
2022-11-21T08:00:00Z,153.02,154.08,152.42,153.48,64166794
2022-11-21T09:00:00Z,153.48,154.28,152.57,153.36,60342516
2022-11-21T10:00:00Z,153.36,154.28,151.45,152.36,56084433
2022-11-21T11:00:00Z,152.36,153.10,149.87,150.61,51501764
2022-11-21T12:00:00Z,150.61,151.24,148.01,148.64,46712390
2022-11-21T13:00:00Z,148.64,149.50,146.26,147.12,46079827
2022-11-21T14:00:00Z,147.12,147.95,145.64,146.47,49607173
2022-11-21T15:00:00Z,146.47,147.25,145.91,146.68,52937094
2022-11-21T16:00:00Z,146.68,148.11,145.91,147.34,55957845
2022-11-21T17:00:00Z,147.34,148.75,146.45,147.86,58566267
2022-11-21T18:00:00Z,147.86,148.60,147.14,147.88,60670834
2022-11-21T19:00:00Z,147.88,148.51,146.79,147.42,62451925
2022-11-21T20:00:00Z,147.42,148.28,146.03,146.89,64732002
2022-11-21T21:00:00Z,146.89,147.72,145.99,146.82,66320345
2022-11-21T22:00:00Z,146.82,148.07,146.26,147.52,67187850
2022-11-21T23:00:00Z,147.52,149.64,146.73,148.86,67325972
2022-11-22T00:00:00Z,148.86,151.26,147.96,150.36,66746891
2022-11-22T01:00:00Z,150.36,152.13,149.63,151.40,65483081
2022-11-22T02:00:00Z,151.40,152.25,150.74,151.59,63586302
2022-11-22T03:00:00Z,151.59,152.47,150.11,150.99,61126030
2022-11-22T04:00:00Z,150.99,151.83,149.22,150.06,58187389
2022-11-22T05:00:00Z,150.06,150.63,148.84,149.40,54868633
2022-11-22T06:00:00Z,149.40,150.19,148.58,149.37,51278247
2022-11-22T07:00:00Z,149.37,150.85,148.48,149.95,47531769
2022-11-22T08:00:00Z,149.95,151.41,149.23,150.68,52198440
2022-11-22T09:00:00Z,150.68,151.67,150.02,151.01,56704512
2022-11-22T10:00:00Z,151.01,151.90,149.70,150.58,60929963
2022-11-22T11:00:00Z,150.58,151.41,148.62,149.45,64761864
2022-11-22T12:00:00Z,149.45,150.00,147.53,148.08,68097589
2022-11-22T13:00:00Z,148.08,148.86,146.26,147.05,70847725
2022-11-22T14:00:00Z,147.05,147.92,145.85,146.73,72938614
2022-11-22T15:00:00Z,146.73,147.77,146.03,147.07,74314449
2022-11-22T16:00:00Z,147.07,148.28,146.41,147.63,74938851
2022-11-22T17:00:00Z,147.63,148.72,146.75,147.85,74795905
2022-11-22T18:00:00Z,147.85,148.67,146.58,147.40,73890608
2022-11-22T19:00:00Z,147.40,147.93,145.83,146.36,72248718
2022-11-22T20:00:00Z,146.36,147.14,144.45,145.23,69916017
2022-11-22T21:00:00Z,145.23,146.09,143.74,144.60,66956998
2022-11-22T22:00:00Z,144.60,145.53,143.92,144.85,63453026
2022-11-22T23:00:00Z,144.85,146.58,144.20,145.93,59500013
2022-11-23T00:00:00Z,145.93,148.22,145.06,147.35,55205686
2022-11-23T01:00:00Z,147.35,149.35,146.53,148.53,50686512
2022-11-23T02:00:00Z,148.53,149.57,147.99,149.03,50304683
2022-11-23T03:00:00Z,149.03,149.83,148.08,148.88,54062070
2022-11-23T04:00:00Z,148.88,149.76,147.57,148.46,57600212
2022-11-23T05:00:00Z,148.46,149.15,147.59,148.29,60806344
2022-11-23T06:00:00Z,148.29,149.34,147.62,148.68,63576400
2022-11-23T07:00:00Z,148.68,150.41,147.79,149.52,65818060
2022-11-23T08:00:00Z,149.52,151.18,148.69,150.35,67453475
2022-11-23T09:00:00Z,150.35,151.11,149.81,150.57,68421565
2022-11-23T10:00:00Z,150.57,151.38,149.05,149.86,68679849
2022-11-23T11:00:00Z,149.86,150.74,147.42,148.30,68205739
2022-11-23T12:00:00Z,148.30,148.98,145.75,146.43,66997260
2022-11-23T13:00:00Z,146.43,147.09,144.25,144.90,65073188
2022-11-23T14:00:00Z,144.90,145.76,143.31,144.16,62472585
2022-11-23T15:00:00Z,144.16,145.01,143.37,144.22,59253758
2022-11-23T16:00:00Z,144.22,145.21,143.71,144.70,55918340
2022-11-23T17:00:00Z,144.70,145.85,143.91,145.06,53103962
2022-11-23T18:00:00Z,145.06,145.92,144.11,144.97,49934367
2022-11-23T19:00:00Z,144.97,145.64,143.83,144.50,46517311
2022-11-23T20:00:00Z,144.50,145.15,143.40,144.06,42967481
2022-11-23T21:00:00Z,144.06,145.06,143.21,144.20,47853158
2022-11-23T22:00:00Z,144.20,146.01,143.41,145.22,52599517
2022-11-23T23:00:00Z,145.22,147.49,144.71,146.98,57085362
2022-11-24T00:00:00Z,146.98,149.76,146.17,148.95,61196488
2022-11-24T01:00:00Z,148.95,151.36,148.05,150.47,64828901
2022-11-24T02:00:00Z,150.47,151.81,149.78,151.12,67891735
2022-11-24T03:00:00Z,151.12,151.81,150.22,150.92,70309801
2022-11-24T04:00:00Z,150.92,151.81,149.40,150.29,72025688
2022-11-24T05:00:00Z,150.29,151.10,149.01,149.82,73001352
2022-11-24T06:00:00Z,149.82,150.41,149.29,149.88,73219160
2022-11-24T07:00:00Z,149.88,151.28,149.06,150.45,72682338
2022-11-24T08:00:00Z,150.45,152.02,149.56,151.12,71414842
2022-11-24T09:00:00Z,151.12,152.04,150.43,151.35,69460619
2022-11-24T10:00:00Z,151.35,152.05,150.13,150.83,66882308
2022-11-24T11:00:00Z,150.83,151.72,148.77,149.66,63759410
2022-11-24T12:00:00Z,149.66,150.46,147.54,148.34,60185971
2022-11-24T13:00:00Z,148.34,148.87,146.93,147.46,56267858
2022-11-24T14:00:00Z,147.46,148.27,146.59,147.40,52119695
2022-11-24T15:00:00Z,147.40,148.99,146.53,148.11,52101858
2022-11-24T16:00:00Z,148.11,149.79,147.44,149.12,56214434
2022-11-24T17:00:00Z,149.12,150.54,148.42,149.84,60097223
2022-11-24T18:00:00Z,149.84,150.79,148.95,149.90,63635772
2022-11-24T19:00:00Z,149.90,150.70,148.54,149.34,66724385
2022-11-24T20:00:00Z,149.34,149.88,148.07,148.61,69269185
2022-11-24T21:00:00Z,148.61,149.43,147.46,148.29,71190835
2022-11-24T22:00:00Z,148.29,149.61,147.41,148.73,72426855
2022-11-24T23:00:00Z,148.73,150.55,148.06,149.88,72933451
2022-11-25T00:00:00Z,149.88,152.00,149.17,151.29,72686818
2022-11-25T01:00:00Z,151.29,153.28,150.38,152.37,71683869
2022-11-25T02:00:00Z,152.37,153.57,151.55,152.75,69942371
2022-11-25T03:00:00Z,152.75,153.31,151.92,152.47,67500494
2022-11-25T04:00:00Z,152.47,153.32,151.13,151.98,64415766
2022-11-25T05:00:00Z,151.98,152.87,150.91,151.81,60763482
2022-11-25T06:00:00Z,151.81,152.97,151.14,152.30,56634605
2022-11-25T07:00:00Z,152.30,154.08,151.57,153.35,52133218
2022-11-25T08:00:00Z,153.35,155.41,152.43,154.48,47373600
2022-11-25T09:00:00Z,154.48,155.91,153.66,155.09,42477014
2022-11-25T10:00:00Z,155.09,155.66,154.22,154.79,46018336
2022-11-25T11:00:00Z,154.79,155.65,152.81,153.66,49429329
2022-11-25T12:00:00Z,153.66,154.56,151.28,152.18,52595334
2022-11-25T13:00:00Z,152.18,152.84,150.30,150.96,56002385
2022-11-25T14:00:00Z,150.96,151.68,149.70,150.42,59762086
2022-11-25T15:00:00Z,150.42,151.46,149.52,150.56,62977025
2022-11-25T16:00:00Z,150.56,151.80,149.76,151.00,65571269
2022-11-25T17:00:00Z,151.00,151.79,150.43,151.23,67486543
2022-11-25T18:00:00Z,151.23,152.07,150.08,150.92,68683827
2022-11-25T19:00:00Z,150.92,151.81,149.31,150.20,69144401
2022-11-25T20:00:00Z,150.20,150.84,148.86,149.51,68870305
2022-11-25T21:00:00Z,149.51,150.23,148.72,149.44,67884205
2022-11-25T22:00:00Z,149.44,151.22,148.54,150.32,66228670
2022-11-25T23:00:00Z,150.32,152.84,149.52,152.04,63964879
2022-11-26T00:00:00Z,152.04,154.65,151.45,154.07,61170791
2022-11-26T01:00:00Z,154.07,156.62,153.19,155.74,57938840
2022-11-26T02:00:00Z,155.74,157.53,154.83,156.62,54373221
2022-11-26T03:00:00Z,156.62,157.35,155.95,156.68,50586833
2022-11-26T04:00:00Z,156.68,157.44,155.56,156.32,50938278
2022-11-26T05:00:00Z,156.32,157.25,155.13,156.06,55425836
2022-11-26T06:00:00Z,156.06,157.09,155.25,156.27,59687469
2022-11-26T07:00:00Z,156.27,157.47,155.67,156.87,63606868
2022-11-26T08:00:00Z,156.87,158.34,155.98,157.45,67076474
2022-11-26T09:00:00Z,157.45,158.39,156.53,157.47,70000542
2022-11-26T10:00:00Z,157.47,158.13,155.96,156.63,72297878
2022-11-26T11:00:00Z,156.63,157.39,154.31,155.07,73904162
2022-11-26T12:00:00Z,155.07,155.99,152.40,153.32,74773786
2022-11-26T13:00:00Z,153.32,154.11,151.22,152.01,74881167
2022-11-26T14:00:00Z,152.01,152.59,150.98,151.56,74221484
2022-11-26T15:00:00Z,151.56,152.82,150.70,151.96,72810823
2022-11-26T16:00:00Z,151.96,153.64,151.07,152.75,70685733
2022-11-26T17:00:00Z,152.75,154.00,152.10,153.35,67902190
2022-11-26T18:00:00Z,153.35,154.14,152.60,153.39,64534015
2022-11-26T19:00:00Z,153.39,154.30,151.96,152.88,60670780
2022-11-26T20:00:00Z,152.88,153.66,151.45,152.24,56415265
2022-11-26T21:00:00Z,152.24,152.83,151.40,152.00,51880545
2022-11-26T22:00:00Z,152.00,153.35,151.13,152.48,47186783
2022-11-26T23:00:00Z,152.48,154.49,151.59,153.60,50907860
2022-11-27T00:00:00Z,153.60,155.52,152.96,154.87,54474659
2022-11-27T01:00:00Z,154.87,156.46,154.10,155.69,57771759
2022-11-27T02:00:00Z,155.69,156.62,154.76,155.69,60690778
2022-11-27T03:00:00Z,155.69,156.49,154.14,154.94,63133560
2022-11-27T04:00:00Z,154.94,155.55,153.28,153.89,65015068
2022-11-27T05:00:00Z,153.89,154.76,152.26,153.13,66265897
2022-11-27T06:00:00Z,153.13,154.02,152.15,153.04,66834355
2022-11-27T07:00:00Z,153.04,154.19,152.40,153.55,66688017
2022-11-27T08:00:00Z,153.55,155.00,152.78,154.23,65814745
2022-11-27T09:00:00Z,154.23,155.40,153.30,154.47,64223111
2022-11-27T10:00:00Z,154.47,155.26,153.14,153.93,62704057
2022-11-27T11:00:00Z,153.93,154.54,152.03,152.64,61178827
2022-11-27T12:00:00Z,152.64,153.51,150.21,151.08,59070074
2022-11-27T13:00:00Z,151.08,151.95,148.96,149.82,56454998
2022-11-27T14:00:00Z,149.82,150.43,148.64,149.25,53425158
2022-11-27T15:00:00Z,149.25,150.07,148.50,149.32,50083758
2022-11-27T16:00:00Z,149.32,150.52,148.42,149.62,46542599
2022-11-27T17:00:00Z,149.62,150.38,148.84,149.60,47159081
2022-11-27T18:00:00Z,149.60,150.20,148.33,148.94,51930187
2022-11-27T19:00:00Z,148.94,149.79,146.89,147.74,56492489
2022-11-27T20:00:00Z,147.74,148.58,145.64,146.48,60728208
2022-11-27T21:00:00Z,146.48,147.07,145.19,145.78,64528232
2022-11-27T22:00:00Z,145.78,146.74,145.04,146.00,67795199
2022-11-27T23:00:00Z,146.00,147.95,145.12,147.07,70446236
2022-11-28T00:00:00Z,147.07,149.25,146.32,148.50,72415290
2022-11-28T01:00:00Z,148.50,150.28,147.89,149.67,73654978
2022-11-28T02:00:00Z,149.67,151.00,148.80,150.14,74137902
2022-11-28T03:00:00Z,150.14,151.00,149.05,149.91,73857402
2022-11-28T04:00:00Z,149.91,150.51,148.76,149.36,72827708
2022-11-28T05:00:00Z,149.36,150.12,148.24,149.00,71083502
2022-11-28T06:00:00Z,149.00,150.04,148.11,149.15,68678895
2022-11-28T07:00:00Z,149.15,150.46,148.40,149.71,65685852
2022-11-28T08:00:00Z,149.71,150.82,149.09,150.20,62192106
2022-11-28T09:00:00Z,150.20,151.07,149.21,150.08,58298630
2022-11-28T10:00:00Z,150.08,150.93,148.15,149.00,54116724
2022-11-28T11:00:00Z,149.00,149.58,146.51,147.09,49764822
2022-11-28T12:00:00Z,147.09,147.84,144.14,144.89,53815133
2022-11-28T13:00:00Z,144.89,145.74,142.18,143.04,57696926
2022-11-28T14:00:00Z,143.04,143.74,141.29,142.00,61293236
2022-11-28T15:00:00Z,142.00,142.59,141.18,141.77,64494219
2022-11-28T16:00:00Z,141.77,142.79,140.95,141.96,67200335
2022-11-28T17:00:00Z,141.96,142.84,141.15,142.03,69325257
2022-11-28T18:00:00Z,142.03,142.59,141.06,141.62,70798390
2022-11-28T19:00:00Z,141.62,142.35,140.05,140.78,71566950
2022-11-28T20:00:00Z,140.78,141.62,139.08,139.92,71597536
2022-11-28T21:00:00Z,139.92,140.61,138.89,139.58,70877139
2022-11-28T22:00:00Z,139.58,140.65,138.99,140.06,69413586
2022-11-28T23:00:00Z,140.06,142.04,139.24,141.22,67235368
2022-11-29T00:00:00Z,141.22,143.35,140.41,142.54,64390893
2022-11-29T01:00:00Z,142.54,143.94,141.98,143.39,60947163
2022-11-29T02:00:00Z,143.39,144.13,142.61,143.36,56987917
2022-11-29T03:00:00Z,143.36,144.21,141.63,142.48,52611296
2022-11-29T04:00:00Z,142.48,143.17,140.52,141.21,47927101
2022-11-29T05:00:00Z,141.21,141.80,139.53,140.13,43053710
2022-11-29T06:00:00Z,140.13,140.94,138.82,139.63,42355049
2022-11-29T07:00:00Z,139.63,140.48,138.84,139.69,46764360
2022-11-29T08:00:00Z,139.69,140.43,139.16,139.90,51459973
2022-11-29T09:00:00Z,139.90,140.63,138.97,139.70,55853652
2022-11-29T10:00:00Z,139.70,140.53,137.94,138.77,59835512
2022-11-29T11:00:00Z,138.77,139.44,136.54,137.21,63307299
2022-11-29T12:00:00Z,137.21,137.79,134.90,135.48,66185139
2022-11-29T13:00:00Z,135.48,136.27,133.40,134.18,68401867
2022-11-29T14:00:00Z,134.18,134.94,132.93,133.68,69908885
2022-11-29T15:00:00Z,133.68,134.43,133.18,133.92,70677488
2022-11-29T16:00:00Z,133.92,135.15,133.22,134.44,70699617
2022-11-29T17:00:00Z,134.44,135.47,133.64,134.66,69988018
2022-11-29T18:00:00Z,134.66,135.31,133.57,134.22,68575816
2022-11-29T19:00:00Z,134.22,134.79,132.60,133.17,66515496
2022-11-29T20:00:00Z,133.17,133.94,131.22,131.99,63877336
2022-11-29T21:00:00Z,131.99,132.73,130.52,131.26,60747332
2022-11-29T22:00:00Z,131.26,131.85,130.76,131.35,57224673
2022-11-29T23:00:00Z,131.35,132.91,130.65,132.21,53418844
2022-11-30T00:00:00Z,132.21,134.18,131.41,133.39,49446439
2022-11-30T01:00:00Z,133.39,134.93,132.74,134.28,53877806
2022-11-30T02:00:00Z,134.28,135.10,133.69,134.51,58140347
2022-11-30T03:00:00Z,134.51,135.30,133.32,134.11,62115234
2022-11-30T04:00:00Z,134.11,134.85,132.73,133.48,65690767
2022-11-30T05:00:00Z,133.48,133.98,132.67,133.16,68765573
2022-11-30T06:00:00Z,133.16,134.19,132.46,133.48,71251518
2022-11-30T07:00:00Z,133.48,135.11,132.67,134.31,73076240
2022-11-30T08:00:00Z,134.31,135.82,133.67,135.18,74185232
2022-11-30T09:00:00Z,135.18,136.07,134.58,135.48,74543425
2022-11-30T10:00:00Z,135.48,136.27,134.04,134.84,74136207
2022-11-30T11:00:00Z,134.84,135.58,132.60,133.35,72969868
2022-11-30T12:00:00Z,133.35,133.83,131.00,131.49,71071447
2022-11-30T13:00:00Z,131.49,132.18,129.21,129.90,68487980
2022-11-30T14:00:00Z,129.90,130.67,128.25,129.02,65285190
2022-11-30T15:00:00Z,129.02,129.63,128.25,128.86,61545636
2022-11-30T16:00:00Z,128.86,129.60,128.28,129.03,57366384
2022-11-30T17:00:00Z,129.03,129.79,128.26,129.03,52856267
2022-11-30T18:00:00Z,129.03,129.74,127.81,128.52,48132811
2022-11-30T19:00:00Z,128.52,128.99,127.15,127.62,47559209
2022-11-30T20:00:00Z,127.62,128.30,126.09,126.77,51138269
2022-11-30T21:00:00Z,126.77,127.52,125.77,126.52,54512405
2022-11-30T22:00:00Z,126.52,127.81,125.93,127.21,57569656
2022-11-30T23:00:00Z,127.21,129.28,126.63,128.70,60206683
2022-12-01T00:00:00Z,128.70,131.23,127.93,130.46,62331820
2022-12-01T01:00:00Z,130.46,132.56,129.73,131.83,63867787
2022-12-01T02:00:00Z,131.83,132.85,131.36,132.38,64753992
2022-12-01T03:00:00Z,132.38,133.09,131.37,132.09,64948355
2022-12-01T04:00:00Z,132.09,132.87,130.58,131.37,65526348
2022-12-01T05:00:00Z,131.37,131.98,130.16,130.77,65684785
2022-12-01T06:00:00Z,130.77,131.36,130.08,130.67,65134057
2022-12-01T07:00:00Z,130.67,131.79,129.89,131.01,63906500
2022-12-01T08:00:00Z,131.01,132.11,130.29,131.39,62053696
2022-12-01T09:00:00Z,131.39,131.86,130.82,131.28,59644906
2022-12-01T10:00:00Z,131.28,131.99,129.68,130.39,56765002
2022-12-01T11:00:00Z,130.39,131.15,128.07,128.84,53511948
2022-12-01T12:00:00Z,128.84,129.42,126.55,127.14,49993911
2022-12-01T13:00:00Z,127.14,127.71,125.36,125.93,46326071
2022-12-01T14:00:00Z,125.93,126.68,124.87,125.61,51077288
2022-12-01T15:00:00Z,125.61,126.83,124.92,126.14,55673395
2022-12-01T16:00:00Z,126.14,127.51,125.69,127.06,59993932
2022-12-01T17:00:00Z,127.06,128.48,126.36,127.78,63925505
2022-12-01T18:00:00Z,127.78,128.68,127.02,127.92,67364997
2022-12-01T19:00:00Z,127.92,128.50,126.91,127.49,70222488
2022-12-01T20:00:00Z,127.49,128.08,126.35,126.94,72423796
2022-12-01T21:00:00Z,126.94,127.69,126.04,126.79,73912570
2022-12-01T22:00:00Z,126.79,128.08,126.10,127.39,74651880
2022-12-01T23:00:00Z,127.39,129.11,126.94,128.66,74625248
2022-12-02T00:00:00Z,128.66,130.84,127.95,130.13,73837101
2022-12-02T01:00:00Z,130.13,131.98,129.35,131.20,72312622
2022-12-02T02:00:00Z,131.20,132.12,130.61,131.52,70097019
2022-12-02T03:00:00Z,131.52,132.13,130.53,131.14,67254212
2022-12-02T04:00:00Z,131.14,131.91,129.73,130.51,63864996
2022-12-02T05:00:00Z,130.51,131.21,129.50,130.20,60024722
2022-12-02T06:00:00Z,130.20,131.04,129.74,130.58,55840563
2022-12-02T07:00:00Z,130.58,132.28,129.85,131.56,51428448
2022-12-02T08:00:00Z,131.56,133.46,130.77,132.67,51150044
2022-12-02T09:00:00Z,132.67,133.92,132.07,133.32,55006716
2022-12-02T10:00:00Z,133.32,133.94,132.51,133.13,58639515
2022-12-02T11:00:00Z,133.13,133.92,131.37,132.16,61935214
2022-12-02T12:00:00Z,132.16,132.86,130.15,130.86,64789307
2022-12-02T13:00:00Z,130.86,131.33,129.35,129.82,67109064
2022-12-02T14:00:00Z,129.82,130.54,128.73,129.44,68816252
2022-12-02T15:00:00Z,129.44,130.47,128.68,129.70,69849441
2022-12-02T16:00:00Z,129.70,130.77,129.12,130.19,70165830
2022-12-02T17:00:00Z,130.19,130.99,129.57,130.37,69742546
2022-12-02T18:00:00Z,130.37,131.15,129.18,129.95,68577366
2022-12-02T19:00:00Z,129.95,130.64,128.33,129.02,66688854
2022-12-02T20:00:00Z,129.02,129.49,127.61,128.08,64115898
2022-12-02T21:00:00Z,128.08,128.79,127.01,127.71,60916669
2022-12-02T22:00:00Z,127.71,129.05,126.96,128.29,57167022
2022-12-02T23:00:00Z,128.29,130.29,127.72,129.72,52958398
2022-12-03T00:00:00Z,129.72,132.12,129.09,131.49,48395270
2022-12-03T01:00:00Z,131.49,133.78,130.70,132.98,44857820
2022-12-03T02:00:00Z,132.98,134.45,132.27,133.74,41329277
2022-12-03T03:00:00Z,133.74,134.25,133.25,133.76,46244264
2022-12-03T04:00:00Z,133.76,134.50,132.67,133.41,51027814
2022-12-03T05:00:00Z,133.41,134.20,132.44,133.22,55558547
2022-12-03T06:00:00Z,133.22,134.10,132.64,133.51,59722041
2022-12-03T07:00:00Z,133.51,134.84,132.87,134.20,63414042
2022-12-03T08:00:00Z,134.20,135.65,133.40,134.84,66543395
2022-12-03T09:00:00Z,134.84,135.60,134.13,134.89,69034585
2022-12-03T10:00:00Z,134.89,135.39,133.52,134.02,70829841
2022-12-03T11:00:00Z,134.02,134.77,131.64,132.38,71890732
2022-12-03T12:00:00Z,132.38,133.15,129.73,130.50,72199205
2022-12-03T13:00:00Z,130.50,131.06,128.47,129.03,71758046
2022-12-03T14:00:00Z,129.03,129.65,127.81,128.42,70590739
2022-12-03T15:00:00Z,128.42,129.44,127.65,128.67,68740741
2022-12-03T16:00:00Z,128.67,130.04,127.99,129.36,66270182
2022-12-03T17:00:00Z,129.36,130.42,128.87,129.93,63258034
2022-12-03T18:00:00Z,129.93,130.74,129.20,130.01,59797801
2022-12-03T19:00:00Z,130.01,130.77,128.88,129.64,55994794
2022-12-03T20:00:00Z,129.64,130.19,128.66,129.22,51963075
2022-12-03T21:00:00Z,129.22,129.90,128.59,129.28,52062450
2022-12-03T22:00:00Z,129.28,130.89,128.50,130.12,56292430
2022-12-03T23:00:00Z,130.12,132.30,129.43,131.61,60292241
2022-12-04T00:00:00Z,131.61,133.77,131.10,133.26,63946857
2022-12-04T01:00:00Z,133.26,135.19,132.50,134.43,67150014
2022-12-04T02:00:00Z,134.43,135.52,133.64,134.74,69807272
2022-12-04T03:00:00Z,134.74,135.31,133.65,134.22,71838745
2022-12-04T04:00:00Z,134.22,134.87,132.69,133.34,73181415
2022-12-04T05:00:00Z,133.34,134.14,131.90,132.69,73790965
2022-12-04T06:00:00Z,132.69,133.38,131.96,132.66,73643086
2022-12-04T07:00:00Z,132.66,133.71,132.14,133.20,72734207
2022-12-04T08:00:00Z,133.20,134.64,132.44,133.88,71081635
2022-12-04T09:00:00Z,133.88,134.94,133.10,134.16,68723103
2022-12-04T10:00:00Z,134.16,134.73,133.12,133.68,65715731
2022-12-04T11:00:00Z,133.68,134.34,131.87,132.52,62134437
2022-12-04T12:00:00Z,132.52,133.31,130.35,131.14,58069835
2022-12-04T13:00:00Z,131.14,131.81,129.44,130.12,53625693
2022-12-04T14:00:00Z,130.12,130.62,129.32,129.82,48916010
2022-12-04T15:00:00Z,129.82,130.94,129.08,130.20,44061804
2022-12-04T16:00:00Z,130.20,131.56,129.44,130.80,47637745
2022-12-04T17:00:00Z,130.80,131.61,130.25,131.06,51075423
2022-12-04T18:00:00Z,131.06,131.71,129.98,130.63,54260052
2022-12-04T19:00:00Z,130.63,131.41,128.81,129.59,57083801
2022-12-04T20:00:00Z,129.59,130.25,127.76,128.42,59448980
2022-12-04T21:00:00Z,128.42,128.92,127.21,127.72,61305525
2022-12-04T22:00:00Z,127.72,128.59,126.99,127.86,63913907
2022-12-04T23:00:00Z,127.86,129.55,127.12,128.80,65851437
2022-12-05T00:00:00Z,128.80,130.61,128.26,130.07,67078987
2022-12-05T01:00:00Z,130.07,131.73,129.42,131.07,67577686
2022-12-05T02:00:00Z,131.07,132.19,130.29,131.41,67349389
2022-12-05T03:00:00Z,131.41,132.08,130.41,131.08,66416538
2022-12-05T04:00:00Z,131.08,131.61,129.99,130.51,64821441
2022-12-05T05:00:00Z,130.51,131.26,129.46,130.21,62624980
2022-12-05T06:00:00Z,130.21,131.24,129.45,130.48,59904784
2022-12-05T07:00:00Z,130.48,131.77,129.94,131.23,56752927
2022-12-05T08:00:00Z,131.23,132.64,130.57,131.98,53273211
2022-12-05T09:00:00Z,131.98,132.92,131.18,132.13,49578113
2022-12-05T10:00:00Z,132.13,132.79,130.66,131.33,50025789
2022-12-05T11:00:00Z,131.33,131.85,129.15,129.68,54614047
2022-12-05T12:00:00Z,129.68,130.41,126.95,127.69,58980356
2022-12-05T13:00:00Z,127.69,128.41,125.28,126.01,63007896
2022-12-05T14:00:00Z,126.01,126.52,124.57,125.08,66588576
2022-12-05T15:00:00Z,125.08,125.71,124.30,124.93,69626107
2022-12-05T16:00:00Z,124.93,125.91,124.18,125.16,72038740
2022-12-05T17:00:00Z,125.16,125.90,124.53,125.27,73761590
2022-12-05T18:00:00Z,125.27,125.77,124.40,124.91,74748480
2022-12-05T19:00:00Z,124.91,125.62,123.44,124.16,74973250
2022-12-05T20:00:00Z,124.16,124.87,122.76,123.46,74430504
2022-12-05T21:00:00Z,123.46,123.96,122.87,123.36,73135757
2022-12-05T22:00:00Z,123.36,124.79,122.73,124.16,71124990
2022-12-05T23:00:00Z,124.16,126.48,123.41,125.72,68453618
2022-12-06T00:00:00Z,125.72,128.15,125.08,127.51,65194913
2022-12-06T01:00:00Z,127.51,129.41,126.98,128.88,61437911
2022-12-06T02:00:00Z,128.88,130.13,128.13,129.38,57284872
2022-12-06T03:00:00Z,129.38,130.12,128.29,129.03,52848368
2022-12-06T04:00:00Z,129.03,129.54,127.73,128.25,48248082
2022-12-06T05:00:00Z,128.25,128.90,126.94,127.60,52057437
2022-12-06T06:00:00Z,127.60,128.36,126.69,127.46,55706883
2022-12-06T07:00:00Z,127.46,128.44,126.82,127.80,59080594
2022-12-06T08:00:00Z,127.80,128.74,127.27,128.21,62069814
2022-12-06T09:00:00Z,128.21,128.95,127.42,128.16,64576043
2022-12-06T10:00:00Z,128.16,128.89,126.62,127.35,66513932
2022-12-06T11:00:00Z,127.35,127.85,125.39,125.89,67813801
2022-12-06T12:00:00Z,125.89,126.53,123.63,124.27,68423717
2022-12-06T13:00:00Z,124.27,125.01,122.38,123.12,68311053
2022-12-06T14:00:00Z,123.12,123.73,122.21,122.82,67463504
2022-12-06T15:00:00Z,122.82,123.82,122.30,123.30,65889518
2022-12-06T16:00:00Z,123.30,124.85,122.58,124.13,63618128
2022-12-06T17:00:00Z,124.13,125.40,123.42,124.69,60698200
2022-12-06T18:00:00Z,124.69,125.17,124.12,124.61,57399840
2022-12-06T19:00:00Z,124.61,125.25,123.29,123.93,54799882
2022-12-06T20:00:00Z,123.93,124.67,122.35,123.09,51793267
2022-12-06T21:00:00Z,123.09,123.69,122.04,122.64,48483085
2022-12-06T22:00:00Z,122.64,123.48,122.12,122.96,44980983
2022-12-06T23:00:00Z,122.96,124.69,122.24,123.96,45644173
2022-12-07T00:00:00Z,123.96,125.91,123.25,125.20,50469405
2022-12-07T01:00:00Z,125.20,126.58,124.72,126.10,55092989
2022-12-07T02:00:00Z,126.10,126.93,125.44,126.27,59396843
2022-12-07T03:00:00Z,126.27,127.03,125.04,125.79,63271525
2022-12-07T04:00:00Z,125.79,126.40,124.48,125.09,66619305
2022-12-07T05:00:00Z,125.09,125.62,124.19,124.73,69356914
2022-12-07T06:00:00Z,124.73,125.78,123.99,125.05,71417876
2022-12-07T07:00:00Z,125.05,126.67,124.34,125.96,72754357
2022-12-07T08:00:00Z,125.96,127.47,125.48,126.99,73338485
2022-12-07T09:00:00Z,126.99,128.20,126.32,127.53,73163105
2022-12-07T10:00:00Z,127.53,128.29,126.44,127.20,72241932
2022-12-07T11:00:00Z,127.20,127.81,125.46,126.07,70609115
2022-12-07T12:00:00Z,126.07,126.61,124.07,124.61,68318222
2022-12-07T13:00:00Z,124.61,125.33,122.69,123.42,65440658
2022-12-07T14:00:00Z,123.42,124.11,122.22,122.91,62063593
2022-12-07T15:00:00Z,122.91,123.54,122.44,123.08,58287427
2022-12-07T16:00:00Z,123.08,124.18,122.43,123.53,54222886
2022-12-07T17:00:00Z,123.53,124.49,122.79,123.75,49987829
2022-12-07T18:00:00Z,123.75,124.35,122.84,123.43,54153893
2022-12-07T19:00:00Z,123.43,123.97,122.14,122.68,58149780
2022-12-07T20:00:00Z,122.68,123.39,121.24,121.96,61857966
2022-12-07T21:00:00Z,121.96,122.64,121.19,121.87,65168057
2022-12-07T22:00:00Z,121.87,123.20,121.41,122.74,67979982
2022-12-07T23:00:00Z,122.74,125.14,122.08,124.48,70206895
2022-12-08T00:00:00Z,124.48,127.32,123.72,126.56,71777700
2022-12-08T01:00:00Z,126.56,128.94,125.95,128.33,72639136
2022-12-08T02:00:00Z,128.33,129.91,127.76,129.34,72757345
2022-12-08T03:00:00Z,129.34,130.33,128.58,129.57,72118891
2022-12-08T04:00:00Z,129.57,130.29,128.69,129.41,70731199
2022-12-08T05:00:00Z,129.41,129.89,128.90,129.38,68622388
2022-12-08T06:00:00Z,129.38,130.51,128.69,129.82,65840527
2022-12-08T07:00:00Z,129.82,131.45,129.04,130.67,62452311
2022-12-08T08:00:00Z,130.67,132.10,130.04,131.48,58541205
2022-12-08T09:00:00Z,131.48,132.31,130.89,131.72,54205117
2022-12-08T10:00:00Z,131.72,132.49,130.32,131.09,49553649
2022-12-08T11:00:00Z,131.09,131.81,129.01,129.73,44705017
2022-12-08T12:00:00Z,129.73,130.20,127.69,128.16,44023029
2022-12-08T13:00:00Z,128.16,128.84,126.36,127.04,47511023
2022-12-08T14:00:00Z,127.04,127.79,126.03,126.79,50811860
2022-12-08T15:00:00Z,126.79,127.99,126.19,127.39,54184802
2022-12-08T16:00:00Z,127.39,128.99,126.81,128.41,58182759
2022-12-08T17:00:00Z,128.41,130.05,127.65,129.29,61678738
2022-12-08T18:00:00Z,129.29,130.35,128.57,129.63,64588746
2022-12-08T19:00:00Z,129.63,130.10,129.00,129.47,66845461
2022-12-08T20:00:00Z,129.47,130.17,128.51,129.21,68400090
2022-12-08T21:00:00Z,129.21,130.16,128.44,129.39,69223694
2022-12-08T22:00:00Z,129.39,130.92,128.78,130.31,69307944
2022-12-08T23:00:00Z,130.31,132.47,129.72,131.87,68665283
2022-12-09T00:00:00Z,131.87,134.38,131.08,133.59,67328498
2022-12-09T01:00:00Z,133.59,135.59,132.85,134.85,65349704
2022-12-09T02:00:00Z,134.85,135.76,134.37,135.28,62798779
2022-12-09T03:00:00Z,135.28,136.01,134.20,134.93,59761294
2022-12-09T04:00:00Z,134.93,135.73,133.47,134.27,56335983
2022-12-09T05:00:00Z,134.27,134.89,133.27,133.89,52631856
2022-12-09T06:00:00Z,133.89,134.79,133.28,134.18,48765007
2022-12-09T07:00:00Z,134.18,135.87,133.38,135.07,53305267
2022-12-09T08:00:00Z,135.07,136.88,134.33,136.13,57679506
2022-12-09T09:00:00Z,136.13,137.28,135.65,136.80,61768348
2022-12-09T10:00:00Z,136.80,137.54,135.95,136.69,65459535
2022-12-09T11:00:00Z,136.69,137.50,135.08,135.89,68651128
2022-12-09T12:00:00Z,135.89,136.51,134.22,134.83,71254420
2022-12-09T13:00:00Z,134.83,135.45,133.50,134.12,73196475
2022-12-09T14:00:00Z,134.12,134.92,133.32,134.11,74422211
2022-12-09T15:00:00Z,134.11,135.50,133.38,134.77,74895987
2022-12-09T16:00:00Z,134.77,136.13,134.29,135.65,74602625
2022-12-09T17:00:00Z,135.65,136.96,134.91,136.21,73547859
2022-12-09T18:00:00Z,136.21,137.02,135.31,136.12,71758179
2022-12-09T19:00:00Z,136.12,136.73,134.85,135.46,69280089
2022-12-09T20:00:00Z,135.46,136.09,134.11,134.73,66178797
2022-12-09T21:00:00Z,134.73,135.53,133.73,134.53,62536363
2022-12-09T22:00:00Z,134.53,135.96,133.80,135.23,58449379
2022-12-09T23:00:00Z,135.23,137.25,134.74,136.76,54026226
2022-12-10T00:00:00Z,136.76,139.42,136.00,138.66,49384003
2022-12-10T01:00:00Z,138.66,141.12,137.82,140.29,48885506
2022-12-10T02:00:00Z,140.29,141.88,139.65,141.25,52533175
2022-12-10T03:00:00Z,141.25,142.18,140.59,141.52,55969088
2022-12-10T04:00:00Z,141.52,142.37,140.66,141.51,59080980
2022-12-10T05:00:00Z,141.51,142.47,140.74,141.71,61765246
2022-12-10T06:00:00Z,141.71,142.95,141.19,142.44,63929988
2022-12-10T07:00:00Z,142.44,144.38,141.64,143.59,65497732
2022-12-10T08:00:00Z,143.59,145.55,142.73,144.69,66407731
2022-12-10T09:00:00Z,144.69,145.82,144.04,145.17,66617788
2022-12-10T10:00:00Z,145.17,145.85,144.00,144.68,66105550
2022-12-10T11:00:00Z,144.68,145.53,142.48,143.34,64869230
2022-12-10T12:00:00Z,143.34,144.10,140.91,141.67,63466710
2022-12-10T13:00:00Z,141.67,142.18,139.82,140.33,62256227
2022-12-10T14:00:00Z,140.33,141.10,138.99,139.76,60428580
2022-12-10T15:00:00Z,139.76,140.81,138.93,139.98,58052906
2022-12-10T16:00:00Z,139.98,141.23,139.36,140.60,55213916
2022-12-10T17:00:00Z,140.60,141.76,139.94,141.09,52009374
2022-12-10T18:00:00Z,141.09,141.94,140.25,141.09,48547207
2022-12-10T19:00:00Z,141.09,141.85,139.93,140.68,44942324
2022-12-10T20:00:00Z,140.68,141.19,139.75,140.26,49763275
2022-12-10T21:00:00Z,140.26,141.16,139.48,140.38,54435553
2022-12-10T22:00:00Z,140.38,142.17,139.55,141.34,58838324
2022-12-10T23:00:00Z,141.34,143.62,140.71,142.99,62857790
2022-12-11T00:00:00Z,142.99,145.51,142.30,144.82,66390405
2022-12-11T01:00:00Z,144.82,147.05,143.94,146.17,69345793
2022-12-11T02:00:00Z,146.17,147.42,145.40,146.64,71649292
2022-12-11T03:00:00Z,146.64,147.18,145.70,146.24,73244050
2022-12-11T04:00:00Z,146.24,147.05,144.60,145.42,74092619
2022-12-11T05:00:00Z,145.42,146.27,143.90,144.75,74177985
2022-12-11T06:00:00Z,144.75,145.38,144.00,144.63,73504027
2022-12-11T07:00:00Z,144.63,145.73,143.94,145.03,72095368
2022-12-11T08:00:00Z,145.03,146.41,144.16,145.54,69996650
2022-12-11T09:00:00Z,145.54,146.40,144.77,145.63,67271218
2022-12-11T10:00:00Z,145.63,146.18,144.42,144.97,63999295
2022-12-11T11:00:00Z,144.97,145.78,142.86,143.67,60275656
2022-12-11T12:00:00Z,143.67,144.50,141.37,142.21,56206903
2022-12-11T13:00:00Z,142.21,142.82,140.57,141.18,51908399
2022-12-11T14:00:00Z,141.18,141.87,140.29,140.98,51741256
2022-12-11T15:00:00Z,140.98,142.37,140.13,141.52,55706292
2022-12-11T16:00:00Z,141.52,143.10,140.77,142.36,59444029
2022-12-11T17:00:00Z,142.36,143.44,141.81,142.90,62840726
2022-12-11T18:00:00Z,142.90,143.70,141.97,142.77,65791382
2022-12-11T19:00:00Z,142.77,143.60,141.20,142.03,68202793
2022-12-11T20:00:00Z,142.03,142.64,140.53,141.13,69996279
2022-12-11T21:00:00Z,141.13,141.82,139.97,140.65,71109985
2022-12-11T22:00:00Z,140.65,141.80,139.81,140.96,71500718
2022-12-11T23:00:00Z,140.96,142.74,140.22,141.99,71145239
2022-12-12T00:00:00Z,141.99,143.85,141.44,143.30,70040994
2022-12-12T01:00:00Z,143.30,145.11,142.48,144.30,68206248
2022-12-12T02:00:00Z,144.30,145.44,143.45,144.60,65679625
2022-12-12T03:00:00Z,144.60,145.21,143.64,144.25,62519070
2022-12-12T04:00:00Z,144.25,144.96,142.97,143.67,58800250
2022-12-12T05:00:00Z,143.67,144.53,142.55,143.41,54614453
2022-12-12T06:00:00Z,143.41,144.53,142.66,143.78,50066040
2022-12-12T07:00:00Z,143.78,145.25,143.22,144.69,45269521
2022-12-12T08:00:00Z,144.69,146.47,143.86,145.65,40346339
2022-12-12T09:00:00Z,145.65,146.90,144.80,146.05,44578537
2022-12-12T10:00:00Z,146.05,146.66,144.91,145.52,49380137
2022-12-12T11:00:00Z,145.52,146.23,143.42,144.13,53936990
2022-12-12T12:00:00Z,144.13,144.98,141.51,142.36,58134546
2022-12-12T13:00:00Z,142.36,143.09,140.12,140.85,61868386
2022-12-12T14:00:00Z,140.85,141.40,139.46,140.01,65047147
2022-12-12T15:00:00Z,140.01,140.80,139.05,139.85,67595074
2022-12-12T16:00:00Z,139.85,140.80,139.03,139.98,69454117
2022-12-12T17:00:00Z,139.98,140.57,139.33,139.91,70585535
2022-12-12T18:00:00Z,139.91,140.60,138.61,139.30,70970927
2022-12-12T19:00:00Z,139.30,140.13,137.44,138.27,70612703
2022-12-12T20:00:00Z,138.27,138.98,136.58,137.28,69533941
2022-12-12T21:00:00Z,137.28,137.83,136.35,136.89,67777664
2022-12-12T22:00:00Z,136.89,138.23,136.11,137.44,65405543
2022-12-12T23:00:00Z,137.44,139.61,136.64,138.81,62496069
2022-12-13T00:00:00Z,138.81,141.05,138.23,140.47,59142241
2022-12-13T01:00:00Z,140.47,142.47,139.76,141.76,55448850
2022-12-13T02:00:00Z,141.76,143.09,140.90,142.23,51529423
2022-12-13T03:00:00Z,142.23,142.95,141.16,141.88,51743211
2022-12-13T04:00:00Z,141.88,142.45,140.54,141.11,56089170
2022-12-13T05:00:00Z,141.11,141.91,139.64,140.45,60205955
2022-12-13T06:00:00Z,140.45,141.26,139.45,140.26,63977967
2022-12-13T07:00:00Z,140.26,141.07,139.69,140.50,67298367
2022-12-13T08:00:00Z,140.50,141.45,139.79,140.74,70072143
2022-12-13T09:00:00Z,140.74,141.59,139.62,140.47,72218836
2022-12-13T10:00:00Z,140.47,141.17,138.67,139.37,73674864
2022-12-13T11:00:00Z,139.37,139.93,137.03,137.59,74395355
2022-12-13T12:00:00Z,137.59,138.37,134.87,135.66,74355457
2022-12-13T13:00:00Z,135.66,136.43,133.43,134.20,73551070
2022-12-13T14:00:00Z,134.20,134.74,133.09,133.63,71998988
2022-12-13T15:00:00Z,133.63,134.60,132.95,133.92,69736454
2022-12-13T16:00:00Z,133.92,135.43,133.11,134.62,66820117
2022-12-13T17:00:00Z,134.62,135.83,133.94,135.15,63324448
2022-12-13T18:00:00Z,135.15,135.71,134.57,135.12,59339642
2022-12-13T19:00:00Z,135.12,135.90,133.78,134.55,54969077
2022-12-13T20:00:00Z,134.55,135.32,133.10,133.87,50326391
2022-12-13T21:00:00Z,133.87,134.40,133.07,133.60,45532274
2022-12-13T22:00:00Z,133.60,134.77,132.92,134.08,49161100
2022-12-13T23:00:00Z,134.08,136.03,133.27,135.22,52644204
2022-12-14T00:00:00Z,135.22,137.21,134.54,136.53,55866574
2022-12-14T01:00:00Z,136.53,138.00,135.96,137.43,58720195
2022-12-14T02:00:00Z,137.43,138.34,136.63,137.55,61107232
2022-12-14T03:00:00Z,137.55,138.33,136.15,136.94,62942918
2022-12-14T04:00:00Z,136.94,137.47,135.52,136.06,64158076
2022-12-14T05:00:00Z,136.06,136.75,134.80,135.49,64701186
2022-12-14T06:00:00Z,135.49,136.42,134.68,135.61,65414998
2022-12-14T07:00:00Z,135.61,137.01,134.93,136.33,65932722
2022-12-14T08:00:00Z,136.33,137.79,135.76,137.21,65731507
2022-12-14T09:00:00Z,137.21,138.46,136.42,137.66,64833661
2022-12-14T10:00:00Z,137.66,138.44,136.51,137.29,63281323
2022-12-14T11:00:00Z,137.29,137.83,135.64,136.17,61135164
2022-12-14T12:00:00Z,136.17,136.87,134.06,134.75,58472568
2022-12-14T13:00:00Z,134.75,135.55,132.82,133.62,55385325
2022-12-14T14:00:00Z,133.62,134.28,132.50,133.16,51976921
2022-12-14T15:00:00Z,133.16,133.90,132.60,133.34,48359485
2022-12-14T16:00:00Z,133.34,134.52,132.56,133.74,48890793
2022-12-14T17:00:00Z,133.74,134.59,132.98,133.83,53568241
2022-12-14T18:00:00Z,133.83,134.35,132.77,133.29,58028863
2022-12-14T19:00:00Z,133.29,133.98,131.53,132.22,62155375
2022-12-14T20:00:00Z,132.22,133.01,130.33,131.12,65839203
2022-12-14T21:00:00Z,131.12,131.76,129.94,130.58,68983553
2022-12-14T22:00:00Z,130.58,131.53,130.02,130.98,71506153
2022-12-14T23:00:00Z,130.98,133.00,130.20,132.23,73341578
2022-12-15T00:00:00Z,132.23,134.60,131.47,133.84,74443099
2022-12-15T01:00:00Z,133.84,135.71,133.32,135.19,74783997
2022-12-15T02:00:00Z,135.19,136.55,134.48,135.84,74358306
2022-12-15T03:00:00Z,135.84,136.65,134.97,135.78,73180968
2022-12-15T04:00:00Z,135.78,136.44,134.74,135.39,71287387
2022-12-15T05:00:00Z,135.39,135.98,134.61,135.20,68732407
2022-12-15T06:00:00Z,135.20,136.30,134.40,135.50,65588728
2022-12-15T07:00:00Z,135.50,136.99,134.74,136.23,61944823
2022-12-15T08:00:00Z,136.23,137.42,135.71,136.90,57902398
2022-12-15T09:00:00Z,136.90,137.70,136.18,136.98,53573484
2022-12-15T10:00:00Z,136.98,137.80,135.33,136.14,49077235
2022-12-15T11:00:00Z,136.14,136.79,133.86,134.50,52986567
2022-12-15T12:00:00Z,134.50,135.08,132.03,132.60,56731439
2022-12-15T13:00:00Z,132.60,133.37,130.34,131.10,60195558
2022-12-15T14:00:00Z,131.10,131.84,129.72,130.45,63269725
2022-12-15T15:00:00Z,130.45,131.13,129.96,130.64,65855023
2022-12-15T16:00:00Z,130.64,131.98,129.95,131.28,67865717
2022-12-15T17:00:00Z,131.28,132.60,130.49,131.82,69231770
2022-12-15T18:00:00Z,131.82,132.51,131.19,131.88,69900924
2022-12-15T19:00:00Z,131.88,132.46,130.95,131.53,69840263
2022-12-15T20:00:00Z,131.53,132.30,130.39,131.16,69037228
2022-12-15T21:00:00Z,131.16,132.03,130.43,131.30,67500047
2022-12-15T22:00:00Z,131.30,132.74,130.81,132.25,65257574
2022-12-15T23:00:00Z,132.25,134.60,131.54,133.89,62358532
2022-12-16T00:00:00Z,133.89,136.50,133.08,135.68,58870189
2022-12-16T01:00:00Z,135.68,137.66,135.03,137.01,54876503
2022-12-16T02:00:00Z,137.01,138.07,136.40,137.46,50475783
2022-12-16T03:00:00Z,137.46,138.27,136.28,137.08,46820952
2022-12-16T04:00:00Z,137.08,137.84,135.56,136.32,43338848
2022-12-16T05:00:00Z,136.32,136.81,135.26,135.76,44030079
2022-12-16T06:00:00Z,135.76,136.51,135.03,135.79,48891258
2022-12-16T07:00:00Z,135.79,137.19,134.97,136.38,53558518
2022-12-16T08:00:00Z,136.38,137.76,135.73,137.11,57913565
2022-12-16T09:00:00Z,137.11,138.04,136.50,137.43,61846704
2022-12-16T10:00:00Z,137.43,138.24,136.20,137.01,65259920
2022-12-16T11:00:00Z,137.01,137.76,135.17,135.92,68069624
2022-12-16T12:00:00Z,135.92,136.40,134.14,134.63,70208986
2022-12-16T13:00:00Z,134.63,135.35,133.02,133.74,71629787
2022-12-16T14:00:00Z,133.74,134.53,132.80,133.60,72303745
2022-12-16T15:00:00Z,133.60,134.78,132.97,134.16,72223262
2022-12-16T16:00:00Z,134.16,135.57,133.55,134.96,71401589
2022-12-16T17:00:00Z,134.96,136.23,134.16,135.43,69872389
2022-12-16T18:00:00Z,135.43,136.17,134.46,135.20,67688720
2022-12-16T19:00:00Z,135.20,135.68,133.88,134.36,64921465
2022-12-16T20:00:00Z,134.36,135.08,132.64,133.36,61657251
2022-12-16T21:00:00Z,133.36,134.15,132.02,132.81,57995926
2022-12-16T22:00:00Z,132.81,133.70,132.19,133.08,54047654
2022-12-16T23:00:00Z,133.08,134.72,132.47,134.12,49929725
2022-12-17T00:00:00Z,134.12,136.26,133.31,135.46,54213202
2022-12-17T01:00:00Z,135.46,137.27,134.71,136.52,58326209
2022-12-17T02:00:00Z,136.52,137.39,136.04,136.91,62150653
2022-12-17T03:00:00Z,136.91,137.65,135.90,136.64,65575568
2022-12-17T04:00:00Z,136.64,137.45,135.33,136.14,68500322
2022-12-17T05:00:00Z,136.14,136.77,135.31,135.93,70837513
2022-12-17T06:00:00Z,135.93,136.95,135.31,136.32,72515509
2022-12-17T07:00:00Z,136.32,138.03,135.51,137.21,73480521
2022-12-17T08:00:00Z,137.21,138.87,136.46,138.11,73698186
2022-12-17T09:00:00Z,138.11,138.92,137.63,138.43,73154580
2022-12-17T10:00:00Z,138.43,139.19,137.05,137.81,71856662
2022-12-17T11:00:00Z,137.81,138.62,135.51,136.32,69832113
2022-12-17T12:00:00Z,136.32,136.94,133.87,134.48,67128589
2022-12-17T13:00:00Z,134.48,135.09,132.31,132.92,63812401
2022-12-17T14:00:00Z,132.92,133.71,131.30,132.08,59966661
2022-12-17T15:00:00Z,132.08,132.80,131.27,131.98,55688958
2022-12-17T16:00:00Z,131.98,132.71,131.51,132.24,51088606
2022-12-17T17:00:00Z,132.24,133.06,131.51,132.34,46283573
2022-12-17T18:00:00Z,132.34,133.12,131.17,131.95,45637451
2022-12-17T19:00:00Z,131.95,132.54,130.57,131.16,49153404
2022-12-17T20:00:00Z,131.16,131.77,129.82,130.43,52474155
2022-12-17T21:00:00Z,130.43,131.20,129.52,130.29,55488004
2022-12-17T22:00:00Z,130.29,131.78,129.59,131.07,58091825
2022-12-17T23:00:00Z,131.07,133.11,130.60,132.63,60194115
2022-12-18T00:00:00Z,132.63,135.18,131.89,134.44,62928587
2022-12-18T01:00:00Z,134.44,136.64,133.64,135.83,65206271
2022-12-18T02:00:00Z,135.83,136.98,135.22,136.37,66789899
2022-12-18T03:00:00Z,136.37,137.01,135.41,136.05,67650388
2022-12-18T04:00:00Z,136.05,136.86,134.48,135.29,67779229
2022-12-18T05:00:00Z,135.29,136.01,133.91,134.63,67188647
2022-12-18T06:00:00Z,134.63,135.12,133.97,134.46,65911173
2022-12-18T07:00:00Z,134.46,135.47,133.71,134.73,63998633
2022-12-18T08:00:00Z,134.73,135.82,133.93,135.03,61520580
2022-12-18T09:00:00Z,135.03,135.63,134.23,134.83,58562226
2022-12-18T10:00:00Z,134.83,135.46,133.20,133.84,55221920
2022-12-18T11:00:00Z,133.84,134.63,131.38,132.17,51608254
2022-12-18T12:00:00Z,132.17,132.87,129.64,130.34,47836880
2022-12-18T13:00:00Z,130.34,130.81,128.49,128.96,52477161
2022-12-18T14:00:00Z,128.96,129.67,127.72,128.44,56955477
2022-12-18T15:00:00Z,128.44,129.47,127.68,128.72,61151942
2022-12-18T16:00:00Z,128.72,129.92,128.15,129.35,64953772
2022-12-18T17:00:00Z,129.35,130.35,128.73,129.73,68258484
2022-12-18T18:00:00Z,129.73,130.50,128.71,129.48,70976820
2022-12-18T19:00:00Z,129.48,130.17,127.96,128.64,73035277
2022-12-18T20:00:00Z,128.64,129.12,127.16,127.63,74378205
2022-12-18T21:00:00Z,127.63,128.34,126.30,127.01,74969388
2022-12-18T22:00:00Z,127.01,127.87,126.26,127.12,74793075
2022-12-18T23:00:00Z,127.12,128.45,126.56,127.89,73854424
2022-12-19T00:00:00Z,127.89,129.47,127.27,128.85,72179357
2022-12-19T01:00:00Z,128.85,130.21,128.08,129.43,69813819
2022-12-19T02:00:00Z,129.43,130.12,128.58,129.26,66822463
2022-12-19T03:00:00Z,129.26,129.75,127.92,128.40,63286814
2022-12-19T04:00:00Z,128.40,129.11,126.58,127.29,59302938
2022-12-19T05:00:00Z,127.29,128.03,125.77,126.51,54978712
2022-12-19T06:00:00Z,126.51,127.06,125.87,126.41,50430752
2022-12-19T07:00:00Z,126.41,127.53,125.80,126.91,50021389
2022-12-19T08:00:00Z,126.91,128.30,126.15,127.54,53752630
2022-12-19T09:00:00Z,127.54,128.37,126.87,127.70,57266141
2022-12-19T10:00:00Z,127.70,128.18,126.52,127.00,60449279
2022-12-19T11:00:00Z,127.00,127.71,124.81,125.52,63198089
2022-12-19T12:00:00Z,125.52,126.24,122.98,123.71,65420357
2022-12-19T13:00:00Z,123.71,124.23,121.64,122.17,67038327
2022-12-19T14:00:00Z,122.17,122.76,120.71,121.30,67991006
2022-12-19T15:00:00Z,121.30,122.02,120.36,121.09,68235989
2022-12-19T16:00:00Z,121.09,121.76,120.45,121.13,67750750
2022-12-19T17:00:00Z,121.13,121.60,120.44,120.91,66533371
2022-12-19T18:00:00Z,120.91,121.59,119.43,120.11,64602672
2022-12-19T19:00:00Z,120.11,120.80,118.15,118.84,61997747
2022-12-19T20:00:00Z,118.84,119.34,117.08,117.58,58776922
2022-12-19T21:00:00Z,117.58,118.16,116.36,116.93,56394837
2022-12-19T22:00:00Z,116.93,117.94,116.23,117.24,53577787
2022-12-19T23:00:00Z,117.24,119.03,116.63,118.41,50403199
2022-12-20T00:00:00Z,118.41,120.40,117.95,119.94,46978854
2022-12-20T01:00:00Z,119.94,121.86,119.25,121.17,43419474
2022-12-20T02:00:00Z,121.17,122.37,120.46,121.66,48293386
2022-12-20T03:00:00Z,121.66,122.18,120.89,121.40,53025826
2022-12-20T04:00:00Z,121.40,122.00,120.17,120.77,57495662
2022-12-20T05:00:00Z,120.77,121.49,119.56,120.28,61588771
2022-12-20T06:00:00Z,120.28,120.90,119.65,120.27,65201244
2022-12-20T07:00:00Z,120.27,121.12,119.79,120.65,68242315
2022-12-20T08:00:00Z,120.65,121.67,119.96,120.98,70636901
2022-12-20T09:00:00Z,120.98,121.68,120.02,120.73,72327706
2022-12-20T10:00:00Z,120.73,121.22,119.07,119.57,73276809
2022-12-20T11:00:00Z,119.57,120.16,117.07,117.65,73466705
2022-12-20T12:00:00Z,117.65,118.34,114.81,115.50,72900761
2022-12-20T13:00:00Z,115.50,116.08,113.19,113.77,71603071
2022-12-20T14:00:00Z,113.77,114.22,112.46,112.91,69617733
2022-12-20T15:00:00Z,112.91,113.56,112.25,112.90,67007538
2022-12-20T16:00:00Z,112.90,113.98,112.24,113.32,63852142
2022-12-20T17:00:00Z,113.32,114.08,112.85,113.61,60245751
2022-12-20T18:00:00Z,113.61,114.18,112.83,113.39,56294393
2022-12-20T19:00:00Z,113.39,114.07,112.02,112.70,52112855
2022-12-20T20:00:00Z,112.70,113.27,111.37,111.94,52061677
2022-12-20T21:00:00Z,111.94,112.39,111.20,111.65,56141108
2022-12-20T22:00:00Z,111.65,112.76,111.00,112.12,59991112
2022-12-20T23:00:00Z,112.12,113.89,111.46,113.24,63497395
2022-12-21T00:00:00Z,113.24,114.99,112.77,114.52,66554420
2022-12-21T01:00:00Z,114.52,115.91,113.94,115.33,69068464
2022-12-21T02:00:00Z,115.33,116.02,114.61,115.30,70960342
2022-12-21T03:00:00Z,115.30,115.88,113.89,114.47,72167718
2022-12-21T04:00:00Z,114.47,114.93,112.86,113.32,72646941
2022-12-21T05:00:00Z,113.32,113.96,111.77,112.42,72374337
2022-12-21T06:00:00Z,112.42,113.07,111.53,112.17,71346948
2022-12-21T07:00:00Z,112.17,112.99,111.72,112.53,69582660
2022-12-21T08:00:00Z,112.53,113.64,111.96,113.07,67119755
2022-12-21T09:00:00Z,113.07,113.90,112.39,113.22,64015863
2022-12-21T10:00:00Z,113.22,113.79,112.07,112.63,60346374
2022-12-21T11:00:00Z,112.63,113.09,110.92,111.38,56202336
2022-12-21T12:00:00Z,111.38,112.01,109.28,109.91,51687905
2022-12-21T13:00:00Z,109.91,110.53,108.19,108.82,46917424
2022-12-21T14:00:00Z,108.82,109.25,108.03,108.47,42012209
2022-12-21T15:00:00Z,108.47,109.36,107.91,108.80,45547179
2022-12-21T16:00:00Z,108.80,110.04,108.15,109.39,48954127
2022-12-21T17:00:00Z,109.39,110.21,108.84,109.66,52266331
2022-12-21T18:00:00Z,109.66,110.11,108.82,109.27,56478685
2022-12-21T19:00:00Z,109.27,109.90,107.68,108.31,60235434
2022-12-21T20:00:00Z,108.31,108.92,106.65,107.26,63445103
2022-12-21T21:00:00Z,107.26,107.69,106.30,106.73,66031783
2022-12-21T22:00:00Z,106.73,107.63,106.18,107.08,67937238
2022-12-21T23:00:00Z,107.08,108.91,106.43,108.26,69122496
2022-12-22T00:00:00Z,108.26,110.35,107.72,109.80,69568896
2022-12-22T01:00:00Z,109.80,111.56,109.34,111.10,69278545
2022-12-22T02:00:00Z,111.10,112.38,110.45,111.73,68274192
2022-12-22T03:00:00Z,111.73,112.37,111.08,111.72,66598494
2022-12-22T04:00:00Z,111.72,112.16,111.01,111.45,64312728
2022-12-22T05:00:00Z,111.45,112.02,110.86,111.43,61494961
2022-12-22T06:00:00Z,111.43,112.66,110.76,111.99,58237743
2022-12-22T07:00:00Z,111.99,113.56,111.43,113.01,54645394
2022-12-22T08:00:00Z,113.01,114.48,112.53,114.00,50830942
2022-12-22T09:00:00Z,114.00,115.05,113.33,114.39,51153128
2022-12-22T10:00:00Z,114.39,115.03,113.18,113.82,55610374
2022-12-22T11:00:00Z,113.82,114.26,111.97,112.40,59840791
2022-12-22T12:00:00Z,112.40,112.98,110.07,110.65,63728224
2022-12-22T13:00:00Z,110.65,111.30,108.55,109.21,67165269
2022-12-22T14:00:00Z,109.21,109.74,108.00,108.53,70056341
2022-12-22T15:00:00Z,108.53,109.09,108.07,108.63,72320408
2022-12-22T16:00:00Z,108.63,109.76,107.99,109.12,73893312
2022-12-22T17:00:00Z,109.12,110.10,108.50,109.48,74729610
2022-12-22T18:00:00Z,109.48,109.90,108.95,109.37,74803881
2022-12-22T19:00:00Z,109.37,109.94,108.29,108.86,74111466
2022-12-22T20:00:00Z,108.86,109.51,107.73,108.38,72668613
2022-12-22T21:00:00Z,108.38,109.00,107.85,108.47,70512027
2022-12-22T22:00:00Z,108.47,109.91,108.00,109.44,67697839
2022-12-22T23:00:00Z,109.44,111.80,108.79,111.15,64300020
2022-12-23T00:00:00Z,111.15,113.70,110.51,113.06,60408286
2022-12-23T01:00:00Z,113.06,114.97,112.63,114.53,56125559
2022-12-23T02:00:00Z,114.53,115.74,113.93,115.13,51565046
2022-12-23T03:00:00Z,115.13,115.82,114.19,114.88,46847035
2022-12-23T04:00:00Z,114.88,115.43,113.64,114.20,50545528
2022-12-23T05:00:00Z,114.20,114.69,113.17,113.66,54091518
2022-12-23T06:00:00Z,113.66,114.33,112.99,113.66,57369684
2022-12-23T07:00:00Z,113.66,114.80,113.02,114.16,60271740
2022-12-23T08:00:00Z,114.16,115.19,113.73,114.76,62699612
2022-12-23T09:00:00Z,114.76,115.52,114.15,114.92,64568333
2022-12-23T10:00:00Z,114.92,115.60,113.65,114.33,65808566
2022-12-23T11:00:00Z,114.33,114.87,112.57,113.11,66368666
2022-12-23T12:00:00Z,113.11,113.60,111.26,111.75,66216252
2022-12-23T13:00:00Z,111.75,112.41,110.21,110.86,65339213
2022-12-23T14:00:00Z,110.86,111.48,110.19,110.81,64062193
2022-12-23T15:00:00Z,110.81,111.96,110.40,111.55,63180125
2022-12-23T16:00:00Z,111.55,113.21,110.95,112.62,61651664
2022-12-23T17:00:00Z,112.62,114.09,111.94,113.42,59537363
2022-12-23T18:00:00Z,113.42,114.11,112.88,113.57,56914451
2022-12-23T19:00:00Z,113.57,114.07,112.63,113.13,53874525
2022-12-23T20:00:00Z,113.13,113.79,111.86,112.53,50520837
2022-12-23T21:00:00Z,112.53,113.15,111.71,112.33,46965250
2022-12-23T22:00:00Z,112.33,113.33,111.92,112.91,47565234
2022-12-23T23:00:00Z,112.91,114.81,112.30,114.20,52317852
2022-12-24T00:00:00Z,114.20,116.43,113.51,115.74,56859767
2022-12-24T01:00:00Z,115.74,117.49,115.18,116.94,61073300
2022-12-24T02:00:00Z,116.94,117.96,116.42,117.43,64849448
2022-12-24T03:00:00Z,117.43,118.13,116.58,117.27,68090967
2022-12-24T04:00:00Z,117.27,117.92,116.23,116.88,70715106
2022-12-24T05:00:00Z,116.88,117.30,116.39,116.81,72655946
2022-12-24T06:00:00Z,116.81,118.03,116.18,117.40,73866240
2022-12-24T07:00:00Z,117.40,119.26,116.69,118.55,74318736
2022-12-24T08:00:00Z,118.55,120.34,117.99,119.78,74006922
2022-12-24T09:00:00Z,119.78,121.02,119.24,120.48,72945182
2022-12-24T10:00:00Z,120.48,121.19,119.56,120.27,71168354
2022-12-24T11:00:00Z,120.27,120.93,118.56,119.22,68730710
2022-12-24T12:00:00Z,119.22,119.64,117.37,117.80,65704375
2022-12-24T13:00:00Z,117.80,118.43,115.99,116.62,62177248
2022-12-24T14:00:00Z,116.62,117.31,115.41,116.10,58250463
2022-12-24T15:00:00Z,116.10,116.78,115.56,116.24,54035483
2022-12-24T16:00:00Z,116.24,117.18,115.71,116.65,49650907
2022-12-24T17:00:00Z,116.65,117.51,115.96,116.82,53669101
2022-12-24T18:00:00Z,116.82,117.46,115.79,116.43,57519491
2022-12-24T19:00:00Z,116.43,116.84,115.19,115.60,61085269
2022-12-24T20:00:00Z,115.60,116.22,114.16,114.79,64256737
2022-12-24T21:00:00Z,114.79,115.47,113.90,114.58,66934502
2022-12-24T22:00:00Z,114.58,115.84,114.04,115.31,69032375
2022-12-24T23:00:00Z,115.31,117.41,114.78,116.87,70479894
2022-12-25T00:00:00Z,116.87,119.45,116.17,118.75,71224400
2022-12-25T01:00:00Z,118.75,120.93,118.09,120.28,71232608
2022-12-25T02:00:00Z,120.28,121.44,119.85,121.01,70491623
2022-12-25T03:00:00Z,121.01,121.67,120.28,120.94,69009368
2022-12-25T04:00:00Z,120.94,121.66,119.74,120.45,66814429
2022-12-25T05:00:00Z,120.45,121.00,119.54,120.09,63955295
2022-12-25T06:00:00Z,120.09,120.73,119.53,120.18,60499040
2022-12-25T07:00:00Z,120.18,121.39,119.46,120.68,56529462
2022-12-25T08:00:00Z,120.68,121.81,120.02,121.15,52144756
2022-12-25T09:00:00Z,121.15,121.58,120.65,121.08,47454760
2022-12-25T10:00:00Z,121.08,121.74,119.49,120.15,42577883
2022-12-25T11:00:00Z,120.15,120.85,117.80,118.50,42362229
2022-12-25T12:00:00Z,118.50,119.03,116.15,116.68,47240163
2022-12-25T13:00:00Z,116.68,117.21,114.77,115.31,51932266
2022-12-25T14:00:00Z,115.31,115.99,114.14,114.82,56320120
2022-12-25T15:00:00Z,114.82,115.82,114.20,115.20,60293872
2022-12-25T16:00:00Z,115.20,116.41,114.78,116.00,63755306
2022-12-25T17:00:00Z,116.00,117.28,115.36,116.64,66620597
2022-12-25T18:00:00Z,116.64,117.43,115.95,116.74,68822644
2022-12-25T19:00:00Z,116.74,117.26,115.80,116.32,70312920
2022-12-25T20:00:00Z,116.32,116.86,115.26,115.80,71062803
2022-12-25T21:00:00Z,115.80,116.49,115.02,115.71,71064324
2022-12-25T22:00:00Z,115.71,116.98,115.08,116.36,70330330
2022-12-25T23:00:00Z,116.36,118.07,115.93,117.65,68894057
2022-12-26T00:00:00Z,117.65,119.76,116.99,119.10,66808107
2022-12-26T01:00:00Z,119.10,120.81,118.39,120.10,64142884
2022-12-26T02:00:00Z,120.10,120.82,119.57,120.29,60984516
2022-12-26T03:00:00Z,120.29,120.85,119.15,119.71,57432332
2022-12-26T04:00:00Z,119.71,120.42,118.13,118.84,53595961
2022-12-26T05:00:00Z,118.84,119.47,117.62,118.25,49592145
2022-12-26T06:00:00Z,118.25,118.76,117.82,118.32,53991388
2022-12-26T07:00:00Z,118.32,119.66,117.66,119.00,58221250
2022-12-26T08:00:00Z,119.00,120.54,118.30,119.84,62163060
2022-12-26T09:00:00Z,119.84,120.77,119.30,120.24,65705283
2022-12-26T10:00:00Z,120.24,120.81,119.29,119.86,68746707
2022-12-26T11:00:00Z,119.86,120.57,118.03,118.74,71199363
2022-12-26T12:00:00Z,118.74,119.37,116.72,117.34,72991051
2022-12-26T13:00:00Z,117.34,117.77,115.82,116.25,74067427
2022-12-26T14:00:00Z,116.25,116.89,115.19,115.83,74393580
2022-12-26T15:00:00Z,115.83,116.74,115.15,116.06,73955056
2022-12-26T16:00:00Z,116.06,117.00,115.55,116.49,72758299
2022-12-26T17:00:00Z,116.49,117.16,115.94,116.60,70830496
2022-12-26T18:00:00Z,116.60,117.29,115.35,116.05,68218827
2022-12-26T19:00:00Z,116.05,116.66,114.33,114.94,64989154
2022-12-26T20:00:00Z,114.94,115.37,113.34,113.76,61224166
2022-12-26T21:00:00Z,113.76,114.40,112.49,113.12,57021055
2022-12-26T22:00:00Z,113.12,114.06,112.46,113.39,52488770
2022-12-26T23:00:00Z,113.39,115.00,112.90,114.51,47744947
2022-12-27T00:00:00Z,114.51,116.54,113.95,115.98,47152877
2022-12-27T01:00:00Z,115.98,117.89,115.28,117.19,50715460
2022-12-27T02:00:00Z,117.19,118.34,116.57,117.72,54075189
2022-12-27T03:00:00Z,117.72,118.17,117.12,117.57,57120174
2022-12-27T04:00:00Z,117.57,118.23,116.45,117.11,59747138
2022-12-27T05:00:00Z,117.11,117.79,116.18,116.86,61864462
2022-12-27T06:00:00Z,116.86,117.65,116.36,117.15,63394905
2022-12-27T07:00:00Z,117.15,118.43,116.57,117.85,64277902
2022-12-27T08:00:00Z,117.85,119.24,117.14,118.53,65123631
2022-12-27T09:00:00Z,118.53,119.21,117.91,118.59,66001852
2022-12-27T10:00:00Z,118.59,119.04,117.27,117.72,66156499
2022-12-27T11:00:00Z,117.72,118.38,115.38,116.04,65599672
2022-12-27T12:00:00Z,116.04,116.71,113.40,114.07,64363735
2022-12-27T13:00:00Z,114.07,114.55,111.99,112.47,62500310
2022-12-27T14:00:00Z,112.47,113.02,111.14,111.69,60078712
2022-12-27T15:00:00Z,111.69,112.41,111.02,111.74,57183876
2022-12-27T16:00:00Z,111.74,112.82,111.16,112.24,53913838
2022-12-27T17:00:00Z,112.24,113.06,111.80,112.63,50376848
2022-12-27T18:00:00Z,112.63,113.26,111.92,112.56,46688181
2022-12-27T19:00:00Z,112.56,113.21,111.44,112.09,51416795
2022-12-27T20:00:00Z,112.09,112.57,111.17,111.64,55988638
2022-12-27T21:00:00Z,111.64,112.29,111.09,111.73,60283366
2022-12-27T22:00:00Z,111.73,113.34,111.06,112.67,64187712
2022-12-27T23:00:00Z,112.67,114.90,112.08,114.31,67598694
2022-12-28T00:00:00Z,114.31,116.58,113.85,116.13,70426530
2022-12-28T01:00:00Z,116.13,118.16,115.46,117.49,72597183
2022-12-28T02:00:00Z,117.49,118.67,116.81,117.98,74054453
2022-12-28T03:00:00Z,117.98,118.47,117.14,117.63,74761564
2022-12-28T04:00:00Z,117.63,118.21,116.29,116.87,74702196
2022-12-28T05:00:00Z,116.87,117.57,115.61,116.30,73880935
2022-12-28T06:00:00Z,116.30,116.90,115.71,116.31,72323129
2022-12-28T07:00:00Z,116.31,117.31,115.84,116.85,70074147
2022-12-28T08:00:00Z,116.85,118.20,116.18,117.53,67198073
2022-12-28T09:00:00Z,117.53,118.47,116.84,117.79,63775865
2022-12-28T10:00:00Z,117.79,118.27,116.83,117.31,59903035
2022-12-28T11:00:00Z,117.31,117.89,115.61,116.19,55686917
2022-12-28T12:00:00Z,116.19,116.88,114.21,114.90,51243594
2022-12-28T13:00:00Z,114.90,115.48,113.45,114.03,50934889
2022-12-28T14:00:00Z,114.03,114.48,113.50,113.95,54762312
2022-12-28T15:00:00Z,113.95,115.27,113.30,114.61,58367061
2022-12-28T16:00:00Z,114.61,116.21,113.95,115.54,61636044
2022-12-28T17:00:00Z,115.54,116.64,115.07,116.17,64464886
2022-12-28T18:00:00Z,116.17,116.75,115.53,116.11,66760981
2022-12-28T19:00:00Z,116.11,116.81,114.75,115.44,68446212
2022-12-28T20:00:00Z,115.44,116.03,114.04,114.62,69459256
2022-12-28T21:00:00Z,114.62,115.08,113.77,114.23,69757412
2022-12-28T22:00:00Z,114.23,115.30,113.57,114.64,69317895
2022-12-28T23:00:00Z,114.64,116.47,113.97,115.80,68138563
2022-12-29T00:00:00Z,115.80,117.74,115.33,117.26,66238047
2022-12-29T01:00:00Z,117.26,119.03,116.66,118.43,63655295
2022-12-29T02:00:00Z,118.43,119.63,117.71,118.92,60448525
2022-12-29T03:00:00Z,118.92,119.52,118.18,118.78,56693632
2022-12-29T04:00:00Z,118.78,119.26,117.93,118.41,52482081
2022-12-29T05:00:00Z,118.41,119.10,117.69,118.37,48738631
2022-12-29T06:00:00Z,118.37,119.65,117.69,118.97,45332993
2022-12-29T07:00:00Z,118.97,120.59,118.49,120.10,41800381
2022-12-29T08:00:00Z,120.10,121.90,119.49,121.29,46708992
2022-12-29T09:00:00Z,121.29,122.65,120.56,121.92,51483890
2022-12-29T10:00:00Z,121.92,122.53,121.02,121.63,56003737
2022-12-29T11:00:00Z,121.63,122.13,120.01,120.50,60154165
2022-12-29T12:00:00Z,120.50,121.19,118.33,119.02,63830983
2022-12-29T13:00:00Z,119.02,119.70,117.15,117.82,66943111
2022-12-29T14:00:00Z,117.82,118.29,116.86,117.33,69415118
2022-12-29T15:00:00Z,117.33,118.16,116.72,117.55,71189327
2022-12-29T16:00:00Z,117.55,118.83,116.85,118.12,72227410
2022-12-29T17:00:00Z,118.12,119.10,117.53,118.51,72511427
2022-12-29T18:00:00Z,118.51,119.01,117.92,118.42,72044282
2022-12-29T19:00:00Z,118.42,119.10,117.23,117.92,70849587
2022-12-29T20:00:00Z,117.92,118.59,116.81,117.48,68970934
2022-12-29T21:00:00Z,117.48,118.13,117.02,117.66,66470592
2022-12-29T22:00:00Z,117.66,119.40,117.05,118.79,63427679
2022-12-29T23:00:00Z,118.79,121.45,118.06,120.72,59935850
2022-12-30T00:00:00Z,120.72,123.55,120.12,122.95,56100571
2022-12-30T01:00:00Z,122.95,125.31,122.42,124.79,52036063
2022-12-30T02:00:00Z,124.79,126.53,124.05,125.80,52102290
2022-12-30T03:00:00Z,125.80,126.70,125.09,125.98,56298928
2022-12-30T04:00:00Z,125.98,126.47,125.24,125.73,60265365
2022-12-30T05:00:00Z,125.73,126.38,124.93,125.58,63886738
2022-12-30T06:00:00Z,125.58,126.67,124.83,125.91,67056946
2022-12-30T07:00:00Z,125.91,127.29,125.29,126.67,69681712
2022-12-30T08:00:00Z,126.67,127.97,126.13,127.43,71681308
2022-12-30T09:00:00Z,127.43,128.43,126.69,127.68,72992871
2022-12-30T10:00:00Z,127.68,128.40,126.39,127.11,73572238
2022-12-30T11:00:00Z,127.11,127.60,125.37,125.86,73395248
2022-12-30T12:00:00Z,125.86,126.51,123.78,124.43,72458471
2022-12-30T13:00:00Z,124.43,125.17,122.72,123.46,70779352
2022-12-30T14:00:00Z,123.46,124.07,122.76,123.37,68395753
2022-12-30T15:00:00Z,123.37,124.62,122.83,124.09,65364919
2022-12-30T16:00:00Z,124.09,125.93,123.36,125.20,61761880
2022-12-30T17:00:00Z,125.20,126.80,124.49,126.09,57677358
2022-12-30T18:00:00Z,126.09,126.85,125.61,126.37,53215218
2022-12-30T19:00:00Z,126.37,127.04,125.43,126.09,48489548
2022-12-30T20:00:00Z,126.09,126.84,124.90,125.65,43621444
2022-12-30T21:00:00Z,125.65,126.26,124.99,125.60,47185643
2022-12-30T22:00:00Z,125.60,126.83,125.06,126.28,50613794
2022-12-30T23:00:00Z,126.28,128.36,125.54,127.61,53791157
2022-12-31T00:00:00Z,127.61,129.83,126.89,129.11,56609936
2022-12-31T01:00:00Z,129.11,130.69,128.62,130.20,58972467
2022-12-31T02:00:00Z,130.20,131.19,129.51,130.50,61782352
2022-12-31T03:00:00Z,130.50,131.28,129.31,130.09,64388713
2022-12-31T04:00:00Z,130.09,130.71,128.79,129.41,66321897
2022-12-31T05:00:00Z,129.41,129.98,128.49,129.06,67542795
2022-12-31T06:00:00Z,129.06,130.13,128.30,129.37,68032572
2022-12-31T07:00:00Z,129.37,131.03,128.65,130.30,67793124
2022-12-31T08:00:00Z,130.30,131.85,129.81,131.36,66846949
2022-12-31T09:00:00Z,131.36,132.68,130.66,131.98,65236420
2022-12-31T10:00:00Z,131.98,132.77,130.98,131.77,63022494
2022-12-31T11:00:00Z,131.77,132.39,130.17,130.79,60282886
2022-12-31T12:00:00Z,130.79,131.36,128.93,129.50,57109765
2022-12-31T13:00:00Z,129.50,130.25,127.73,128.48,53607037
2022-12-31T14:00:00Z,128.48,129.20,127.42,128.14,49887292
2022-12-31T15:00:00Z,128.14,128.91,127.67,128.44,50308808
2022-12-31T16:00:00Z,128.44,129.66,127.75,128.97,54869518
2022-12-31T17:00:00Z,128.97,129.98,128.20,129.20,59207029
2022-12-31T18:00:00Z,129.20,129.81,128.22,128.83,63204660
2022-12-31T19:00:00Z,128.83,129.39,127.37,127.94,66754467
2022-12-31T20:00:00Z,127.94,128.69,126.29,127.04,69760313
2022-12-31T21:00:00Z,127.04,127.74,126.01,126.71,72140604
2022-12-31T22:00:00Z,126.71,127.79,126.25,127.33,73830612
2022-12-31T23:00:00Z,127.33,129.49,126.64,128.80,74784322
