time,open,high,low,close,volume
2021-01-04T00:00:00Z,150.38,153.92,149.55,153.09,220375096
2021-01-04T04:00:00Z,153.09,153.88,151.57,153.34,278149048
2021-01-04T08:00:00Z,153.34,155.01,151.27,151.98,297818822
2021-01-04T12:00:00Z,151.98,152.87,148.21,149.63,270838947
2021-01-04T16:00:00Z,149.63,152.48,148.73,151.21,212481461
2021-01-04T20:00:00Z,151.21,153.34,149.74,152.45,231600420
2021-01-05T00:00:00Z,152.45,156.00,151.76,154.56,265045356
2021-01-05T04:00:00Z,154.56,155.12,152.42,154.41,257521223
2021-01-05T08:00:00Z,154.41,156.95,153.67,154.84,223048752
2021-01-05T12:00:00Z,154.84,155.70,151.55,152.59,195313596
2021-01-05T16:00:00Z,152.59,154.12,150.99,151.84,255523772
2021-01-05T20:00:00Z,151.84,152.82,149.54,151.91,291870286
2021-01-06T00:00:00Z,151.91,156.36,151.10,155.36,282289245
2021-01-06T04:00:00Z,155.36,156.54,153.79,155.72,232572898
2021-01-06T08:00:00Z,155.72,157.39,153.37,154.02,230661386
2021-01-06T12:00:00Z,154.02,154.77,149.23,150.20,276703594
2021-01-06T16:00:00Z,150.20,152.24,149.35,151.03,283045556
2021-01-06T20:00:00Z,151.03,154.13,149.72,153.26,244147314
2021-01-07T00:00:00Z,153.26,157.76,152.36,156.47,182271512
2021-01-07T04:00:00Z,156.47,157.27,154.39,156.16,220629467
2021-01-07T08:00:00Z,156.16,158.52,155.51,156.53,270228366
2021-01-07T12:00:00Z,156.53,157.15,153.99,155.88,276869914
2021-01-07T16:00:00Z,155.88,158.68,155.09,157.24,241053322
2021-01-07T20:00:00Z,157.24,158.88,155.34,158.08,218826425
2021-01-08T00:00:00Z,158.08,162.61,157.12,161.68,273581771
2021-01-08T04:00:00Z,161.68,164.45,160.54,163.47,296745870
2021-01-08T08:00:00Z,163.47,166.33,162.64,163.98,273343890
2021-01-08T12:00:00Z,163.98,164.62,159.86,161.07,212212003
2021-01-08T16:00:00Z,161.07,163.03,160.40,161.54,218858180
2021-01-08T20:00:00Z,161.54,164.84,160.13,164.15,255604919
2021-01-09T00:00:00Z,164.15,169.61,163.18,168.72,259693439
2021-01-09T04:00:00Z,168.72,169.74,167.12,168.76,235751436
2021-01-09T08:00:00Z,168.76,170.52,166.80,167.80,200661021
2021-01-09T12:00:00Z,167.80,168.61,164.36,166.02,253427347
2021-01-09T16:00:00Z,166.02,168.93,165.38,167.42,293172990
2021-01-09T20:00:00Z,167.42,168.47,165.44,167.84,287405283
2021-01-10T00:00:00Z,167.84,170.89,166.94,169.29,239615680
2021-01-10T04:00:00Z,169.29,170.28,166.90,168.68,220309858
2021-01-10T08:00:00Z,168.68,170.70,167.15,168.14,268151363
2021-01-10T12:00:00Z,168.14,169.07,163.47,164.45,278667405
2021-01-10T16:00:00Z,164.45,165.51,161.77,162.67,244025481
2021-01-10T20:00:00Z,162.67,163.26,159.93,162.46,183632792
2021-01-11T00:00:00Z,162.46,166.75,161.73,165.63,219627233
2021-01-11T04:00:00Z,165.63,166.52,163.68,165.24,272932893
2021-01-11T08:00:00Z,165.24,166.69,161.99,162.88,284087063
2021-01-11T12:00:00Z,162.88,163.83,157.74,158.85,251204441
2021-01-11T16:00:00Z,158.85,160.77,157.98,159.26,216195348
2021-01-11T20:00:00Z,159.26,161.06,157.48,160.18,267505127
2021-01-12T00:00:00Z,160.18,163.40,159.61,161.67,294018028
2021-01-12T04:00:00Z,161.67,162.42,158.72,160.02,274436087
2021-01-12T08:00:00Z,160.02,161.84,158.50,159.24,215330516
2021-01-12T12:00:00Z,159.24,160.18,155.73,157.01,205372772
2021-01-12T16:00:00Z,157.01,158.71,155.74,156.67,246578397
2021-01-12T20:00:00Z,156.67,157.51,154.22,156.58,266775279
2021-01-13T00:00:00Z,156.58,160.94,155.88,159.97,247664661
2021-01-13T04:00:00Z,159.97,162.09,158.78,161.39,205302520
2021-01-13T08:00:00Z,161.39,163.90,160.54,161.14,250107686
2021-01-13T12:00:00Z,161.14,162.03,156.82,157.76,292871808
2021-01-13T16:00:00Z,157.76,159.58,156.81,158.17,290914899
2021-01-13T20:00:00Z,158.17,161.25,156.76,160.29,245405898
2021-01-14T00:00:00Z,160.29,164.94,159.45,163.61,213147575
2021-01-14T04:00:00Z,163.61,164.30,161.02,162.36,258313815
2021-01-14T08:00:00Z,162.36,163.77,160.02,160.70,273078017
2021-01-14T12:00:00Z,160.70,161.49,157.02,158.35,243128489
2021-01-14T16:00:00Z,158.35,160.63,157.44,158.81,191706340
2021-01-14T20:00:00Z,158.81,159.75,156.51,158.44,217991995
2021-01-15T00:00:00Z,158.44,161.46,157.51,159.94,274445683
2021-01-15T04:00:00Z,159.94,160.76,157.83,159.79,289886886
2021-01-15T08:00:00Z,159.79,162.04,158.40,159.21,260070692
2021-01-15T12:00:00Z,159.21,159.85,154.32,155.05,216716369
2021-01-15T16:00:00Z,155.05,156.08,152.44,153.06,259968252
2021-01-15T20:00:00Z,153.06,153.94,150.41,152.75,289689985
2021-01-16T00:00:00Z,152.75,156.52,151.83,155.13,274169658
2021-01-16T04:00:00Z,155.13,156.01,152.22,153.25,217658346
2021-01-16T08:00:00Z,153.25,154.11,148.77,149.63,191341053
2021-01-16T12:00:00Z,149.63,150.21,144.04,144.94,243488081
2021-01-16T16:00:00Z,144.94,146.53,144.08,144.64,273420975
2021-01-16T20:00:00Z,144.64,145.39,142.44,144.52,258604546
2021-01-17T00:00:00Z,144.52,147.14,143.68,145.33,213363435
2021-01-17T04:00:00Z,145.33,146.20,142.43,143.78,245530070
2021-01-17T08:00:00Z,143.78,145.55,142.30,143.16,290937715
2021-01-17T12:00:00Z,143.16,143.85,139.38,140.42,292791490
2021-01-17T16:00:00Z,140.42,141.81,138.64,139.31,249930491
2021-01-17T20:00:00Z,139.31,139.91,136.66,138.80,205042249
2021-01-18T00:00:00Z,138.80,142.64,138.06,141.80,247341585
2021-01-18T04:00:00Z,141.80,142.91,140.32,142.15,266414560
2021-01-18T08:00:00Z,142.15,143.72,139.73,140.56,246763055
2021-01-18T12:00:00Z,140.56,141.33,135.58,136.49,205723739
2021-01-18T16:00:00Z,136.49,138.24,135.85,136.89,215634850
2021-01-18T20:00:00Z,136.89,139.58,135.65,138.94,274670085
2021-01-19T00:00:00Z,138.94,143.22,138.30,142.03,294163464
2021-01-19T04:00:00Z,142.03,142.80,139.80,141.16,267550675
2021-01-19T08:00:00Z,141.16,142.88,139.77,140.54,216137458
2021-01-19T12:00:00Z,140.54,141.37,137.50,138.96,251047622
2021-01-19T16:00:00Z,138.96,141.18,138.20,139.49,283843531
2021-01-19T20:00:00Z,139.49,140.12,137.13,139.11,272621617
2021-01-20T00:00:00Z,139.11,142.26,138.61,140.99,219272454
2021-01-20T04:00:00Z,140.99,141.64,139.12,141.03,183633155
2021-01-20T08:00:00Z,141.03,143.00,139.37,140.03,244383124
2021-01-20T12:00:00Z,140.03,140.85,134.69,135.45,278984187
2021-01-20T16:00:00Z,135.45,136.35,133.02,133.82,268402614
2021-01-20T20:00:00Z,133.82,135.12,131.71,134.33,220476007
2021-01-21T00:00:00Z,134.33,138.43,133.73,137.20,239683784
2021-01-21T04:00:00Z,137.20,137.71,134.66,135.69,287370040
2021-01-21T08:00:00Z,135.69,136.76,132.45,132.95,293037142
2021-01-21T12:00:00Z,132.95,133.68,128.50,129.41,253201478
2021-01-21T16:00:00Z,129.41,131.20,128.63,129.60,200362722
2021-01-21T20:00:00Z,129.60,130.35,127.55,129.23,235403944
2021-01-22T00:00:00Z,129.23,131.60,128.55,129.85,259509643
2021-01-22T04:00:00Z,129.85,130.39,127.12,128.44,255967881
2021-01-22T08:00:00Z,128.44,130.19,127.12,127.65,219186211
2021-01-22T12:00:00Z,127.65,128.28,123.58,124.27,212479554
2021-01-22T16:00:00Z,124.27,125.30,122.27,122.88,273530118
2021-01-22T20:00:00Z,122.88,123.68,120.63,122.98,296836274
2021-01-23T00:00:00Z,122.98,127.58,122.26,126.82,273569308
2021-01-23T04:00:00Z,126.82,128.37,125.68,127.64,218712065
2021-01-23T08:00:00Z,127.64,129.43,125.90,126.54,240845972
2021-01-23T12:00:00Z,126.54,127.04,122.41,123.52,276585726
2021-01-23T16:00:00Z,123.52,125.88,122.88,125.00,269889474
2021-01-23T20:00:00Z,125.00,128.02,123.96,127.37,220262268
2021-01-24T00:00:00Z,127.37,131.52,126.60,130.34,182638418
2021-01-24T04:00:00Z,130.34,131.08,128.29,129.74,244485349
2021-01-24T08:00:00Z,129.74,131.77,129.04,129.78,283328391
2021-01-24T12:00:00Z,129.78,130.28,127.13,128.58,276909196
2021-01-24T16:00:00Z,128.58,130.86,128.03,129.29,230773746
2021-01-24T20:00:00Z,129.29,130.32,127.30,129.77,232583262
2021-01-25T00:00:00Z,129.77,134.02,129.00,133.32,282196806
2021-01-25T04:00:00Z,133.32,135.76,132.29,134.97,291682244
2021-01-25T08:00:00Z,134.97,137.41,134.20,135.07,255254772
2021-01-25T12:00:00Z,135.07,135.71,130.77,131.68,194984590
2021-01-25T16:00:00Z,131.68,133.25,130.99,131.62,222685370
2021-01-25T20:00:00Z,131.62,133.86,130.19,133.36,257704826
2021-01-26T00:00:00Z,133.36,137.62,132.64,136.58,265392112
2021-01-26T04:00:00Z,136.58,137.38,134.15,135.15,231897467
2021-01-26T08:00:00Z,135.15,136.31,132.21,133.00,212705661
2021-01-26T12:00:00Z,133.00,133.72,129.01,130.25,270972838
2021-01-26T16:00:00Z,130.25,132.37,129.63,130.81,297851975
2021-01-26T20:00:00Z,130.81,131.35,128.71,130.74,278078879
2021-01-27T00:00:00Z,130.74,133.65,130.15,132.39,220207074
2021-01-27T04:00:00Z,132.39,133.11,130.48,132.49,229490600
2021-01-27T08:00:00Z,132.49,134.84,131.70,132.75,268046542
2021-01-27T12:00:00Z,132.75,133.53,128.91,129.84,266088423
2021-01-27T16:00:00Z,129.84,131.11,128.29,129.05,224490474
2021-01-27T20:00:00Z,129.05,130.67,127.07,129.96,188787369
2021-01-28T00:00:00Z,129.96,134.86,129.49,134.07,243692259
2021-01-28T04:00:00Z,134.07,134.90,132.67,134.41,286334721
2021-01-28T08:00:00Z,134.41,135.99,132.35,132.97,283996463
2021-01-28T12:00:00Z,132.97,133.76,129.04,130.31,239901819
2021-01-28T16:00:00Z,130.31,133.24,129.53,132.29,224268667
2021-01-28T20:00:00Z,132.29,135.66,131.35,134.86,275474494
2021-01-29T00:00:00Z,134.86,139.34,134.27,138.27,288784465
2021-01-29T04:00:00Z,138.27,139.51,136.65,138.91,256148462
2021-01-29T08:00:00Z,138.91,141.81,138.23,140.43,193279080
2021-01-29T12:00:00Z,140.43,141.21,138.24,140.08,210734822
2021-01-29T16:00:00Z,140.08,142.61,139.23,141.21,260708422
2021-01-29T20:00:00Z,141.21,143.26,139.60,142.41,273809658
2021-01-30T00:00:00Z,142.41,147.65,141.66,146.79,243674603
2021-01-30T04:00:00Z,146.79,149.43,145.95,148.66,211999569
2021-01-30T08:00:00Z,148.66,151.13,147.89,148.51,266970213
2021-01-30T12:00:00Z,148.51,149.24,144.33,145.35,297185642
2021-01-30T16:00:00Z,145.35,147.38,144.51,146.21,281059507
2021-01-30T20:00:00Z,146.21,149.66,144.98,148.81,224893848
2021-01-31T00:00:00Z,148.81,153.73,147.94,152.56,217131140
2021-01-31T04:00:00Z,152.56,153.33,150.50,151.97,258376009
2021-01-31T08:00:00Z,151.97,153.79,150.47,151.23,261470357
2021-01-31T12:00:00Z,151.23,151.84,148.12,149.64,235135730
2021-01-31T16:00:00Z,149.64,152.14,148.87,150.49,194521779
2021-01-31T20:00:00Z,150.49,151.35,148.26,150.35,241914836
2021-02-01T00:00:00Z,150.35,153.53,149.44,152.19,287904982
2021-02-01T04:00:00Z,152.19,153.26,150.37,152.35,289560961
2021-02-01T08:00:00Z,152.35,154.63,151.12,151.98,247770303
2021-02-01T12:00:00Z,151.98,152.56,147.35,148.23,219046164
2021-02-01T16:00:00Z,148.23,149.46,146.70,147.26,267287151
2021-02-01T20:00:00Z,147.26,149.17,145.34,148.54,284427174
2021-02-02T00:00:00Z,148.54,153.55,147.66,152.72,255960609
2021-02-02T04:00:00Z,152.72,153.76,151.28,152.86,191118108
2021-02-02T08:00:00Z,152.86,154.47,150.72,151.62,205206121
2021-02-02T12:00:00Z,151.62,152.34,147.98,149.53,263202488
2021-02-02T16:00:00Z,149.53,152.70,148.97,151.56,281062093
2021-02-02T20:00:00Z,151.56,153.92,150.29,153.36,254351656
2021-02-03T00:00:00Z,153.36,157.11,152.53,155.97,214548542
2021-02-03T04:00:00Z,155.97,157.08,154.08,156.24,261520483
2021-02-03T08:00:00Z,156.24,158.98,155.31,157.27,294841373
2021-02-03T12:00:00Z,157.27,158.13,154.45,155.95,282518965
2021-02-03T16:00:00Z,155.95,158.15,155.22,156.35,228555252
2021-02-03T20:00:00Z,156.35,158.44,154.47,157.71,203936808
2021-02-04T00:00:00Z,157.71,163.23,156.98,162.65,247740971
2021-02-04T04:00:00Z,162.65,165.44,161.67,164.69,261367800
2021-02-04T08:00:00Z,164.69,167.17,163.65,164.55,246941539
2021-02-04T12:00:00Z,164.55,165.52,160.47,161.86,203940168
2021-02-04T16:00:00Z,161.86,164.55,160.98,163.31,239080515
2021-02-04T20:00:00Z,163.31,166.64,162.19,165.74,287964221
2021-02-05T00:00:00Z,165.74,170.13,165.14,168.66,293525660
2021-02-05T04:00:00Z,168.66,169.45,166.10,167.45,254315143
2021-02-05T08:00:00Z,167.45,169.23,165.71,166.50,212735864
2021-02-05T12:00:00Z,166.50,167.49,163.02,164.43,257744915
2021-02-05T16:00:00Z,164.43,166.39,163.44,164.42,278717300
2021-02-05T20:00:00Z,164.42,165.28,161.81,163.85,254786605
2021-02-06T00:00:00Z,163.85,167.36,163.13,166.02,195512480
2021-02-06T04:00:00Z,166.02,167.22,164.25,166.50,203596261
2021-02-06T08:00:00Z,166.50,168.81,165.19,165.82,264684082
2021-02-06T12:00:00Z,165.82,166.75,160.82,161.61,287007848
2021-02-06T16:00:00Z,161.61,162.81,159.60,160.51,263782791
2021-02-06T20:00:00Z,160.51,162.39,158.58,161.42,216050782
2021-02-07T00:00:00Z,161.42,165.73,160.58,164.36,254648908
2021-02-07T04:00:00Z,164.36,165.04,161.61,162.83,290852275
2021-02-07T08:00:00Z,162.83,164.06,159.75,160.41,282491916
2021-02-07T12:00:00Z,160.41,161.20,156.24,157.51,231235520
2021-02-07T16:00:00Z,157.51,159.89,156.60,158.43,194333522
2021-02-07T20:00:00Z,158.43,159.93,156.64,159.01,237116079
2021-02-08T00:00:00Z,159.01,162.50,158.09,161.08,266615670
2021-02-08T04:00:00Z,161.08,162.40,159.16,161.47,257891744
2021-02-08T08:00:00Z,161.47,164.33,160.82,162.35,212641467
2021-02-08T12:00:00Z,162.35,163.01,159.02,160.29,235135799
2021-02-08T16:00:00Z,160.29,162.15,159.38,160.05,286462847
2021-02-08T20:00:00Z,160.05,161.95,158.03,161.11,295841404
2021-02-09T00:00:00Z,161.11,166.39,160.14,165.43,259498772
2021-02-09T04:00:00Z,165.43,167.14,164.16,166.15,209662559
2021-02-09T08:00:00Z,166.15,167.98,163.80,164.74,246981965
2021-02-09T12:00:00Z,164.74,165.36,160.19,161.52,271782713
2021-02-09T16:00:00Z,161.52,164.03,160.82,162.78,252736182
2021-02-09T20:00:00Z,162.78,165.46,161.42,164.75,206534675
2021-02-10T00:00:00Z,164.75,168.69,163.78,167.29,201483680
2021-02-10T04:00:00Z,167.29,168.29,164.86,166.46,265046368
2021-02-10T08:00:00Z,166.46,168.51,165.22,166.21,291525436
2021-02-10T12:00:00Z,166.21,167.00,162.85,164.26,271845038
2021-02-10T16:00:00Z,164.26,166.19,162.98,163.76,220708668
2021-02-10T20:00:00Z,163.76,164.48,160.90,162.86,246407934
2021-02-11T00:00:00Z,162.86,166.06,161.98,164.88,285279829
2021-02-11T04:00:00Z,164.88,165.85,162.93,164.67,281038543
2021-02-11T08:00:00Z,164.67,166.30,161.74,162.70,232997911
2021-02-11T12:00:00Z,162.70,163.58,156.58,157.52,184248900
2021-02-11T16:00:00Z,157.52,158.53,155.34,156.19,231867680
2021-02-11T20:00:00Z,156.19,157.66,154.10,156.95,271889215
2021-02-12T00:00:00Z,156.95,160.79,156.22,159.35,267808409
2021-02-12T04:00:00Z,159.35,160.22,156.52,157.47,224720196
2021-02-12T08:00:00Z,157.47,158.73,154.46,155.31,230048457
2021-02-12T12:00:00Z,155.31,156.22,151.26,152.62,283378179
2021-02-12T16:00:00Z,152.62,154.74,151.79,152.95,296487778
2021-02-12T20:00:00Z,152.95,153.63,150.53,152.50,263310171
2021-02-13T00:00:00Z,152.50,155.37,151.94,153.87,205662425
2021-02-13T04:00:00Z,153.87,154.60,151.71,153.70,235153952
2021-02-13T08:00:00Z,153.70,156.03,152.78,153.51,263769167
2021-02-13T12:00:00Z,153.51,154.42,149.26,150.18,253919497
2021-02-13T16:00:00Z,150.18,151.42,148.47,149.37,220058371
2021-02-13T20:00:00Z,149.37,151.53,147.48,150.65,203022349
2021-02-14T00:00:00Z,150.65,155.98,149.99,155.14,264199532
2021-02-14T04:00:00Z,155.14,156.41,153.77,155.75,294516245
2021-02-14T08:00:00Z,155.75,157.61,154.02,154.62,278440540
2021-02-14T12:00:00Z,154.62,155.49,150.89,152.22,224237957
2021-02-14T16:00:00Z,152.22,155.15,151.30,154.00,236876744
2021-02-14T20:00:00Z,154.00,156.62,152.70,155.68,278212647
2021-02-15T00:00:00Z,155.68,159.31,154.87,157.82,278242658
2021-02-15T04:00:00Z,157.82,158.47,155.39,157.08,233922231
2021-02-15T08:00:00Z,157.08,159.28,156.34,156.98,179633799
2021-02-15T12:00:00Z,156.98,157.76,153.59,154.72,231498143
2021-02-15T16:00:00Z,154.72,156.37,153.21,153.99,276105610
2021-02-15T20:00:00Z,153.99,154.91,151.50,153.70,276529092
2021-02-16T00:00:00Z,153.70,157.92,152.81,156.85,235777815
2021-02-16T04:00:00Z,156.85,158.30,155.35,157.40,223809247
2021-02-16T08:00:00Z,157.40,159.24,155.07,155.85,278715440
2021-02-16T12:00:00Z,155.85,156.49,150.59,151.42,295473344
2021-02-16T16:00:00Z,151.42,152.91,150.40,151.03,265764282
2021-02-16T20:00:00Z,151.03,152.84,149.26,152.05,205072873
2021-02-17T00:00:00Z,152.05,155.55,151.13,153.93,222434958
2021-02-17T04:00:00Z,153.93,154.79,150.55,151.61,255072428
2021-02-17T08:00:00Z,151.61,152.68,148.66,149.50,261306769
2021-02-17T12:00:00Z,149.50,150.07,145.49,146.75,232938486
2021-02-17T16:00:00Z,146.75,148.68,146.08,146.63,203866452
2021-02-17T20:00:00Z,146.63,147.40,144.08,146.06,262073576
2021-02-18T00:00:00Z,146.06,149.28,145.19,148.14,295906882
2021-02-18T04:00:00Z,148.14,149.77,146.69,148.89,283498224
2021-02-18T08:00:00Z,148.89,151.37,148.05,149.06,230860093
2021-02-18T12:00:00Z,149.06,149.76,144.87,145.87,226160207
2021-02-18T16:00:00Z,145.87,147.44,144.91,145.59,269764632
2021-02-18T20:00:00Z,145.59,147.96,144.02,147.43,274209284
2021-02-19T00:00:00Z,147.43,152.49,146.62,151.74,234101979
2021-02-19T04:00:00Z,151.74,152.64,150.13,151.74,181757530
2021-02-19T08:00:00Z,151.74,153.27,149.59,150.48,230712429
2021-02-19T12:00:00Z,150.48,151.30,146.95,148.55,279136961
2021-02-19T16:00:00Z,148.55,151.80,147.86,150.68,283910261
2021-02-19T20:00:00Z,150.68,153.25,149.46,152.56,245677053
2021-02-20T00:00:00Z,152.56,156.62,151.84,155.48,220673404
2021-02-20T04:00:00Z,155.48,157.02,153.80,156.29,272508135
2021-02-20T08:00:00Z,156.29,159.24,155.35,157.62,292835247
2021-02-20T12:00:00Z,157.62,158.54,154.70,156.12,266900873
2021-02-20T16:00:00Z,156.12,158.05,155.14,156.06,203738435
2021-02-20T20:00:00Z,156.06,157.62,153.89,156.79,209014055
2021-02-21T00:00:00Z,156.79,161.66,156.20,160.72,251053232
2021-02-21T04:00:00Z,160.72,161.87,159.25,161.27,269435880
2021-02-21T08:00:00Z,161.27,162.99,158.79,159.55,244981987
2021-02-21T12:00:00Z,159.55,160.50,154.57,155.60,208165210
2021-02-21T16:00:00Z,155.60,157.52,154.68,156.09,258620681
2021-02-21T20:00:00Z,156.09,158.59,154.63,157.67,295650963
2021-02-22T00:00:00Z,157.67,161.53,156.99,159.97,286974891
2021-02-22T04:00:00Z,159.97,160.59,157.26,158.66,236310444
2021-02-22T08:00:00Z,158.66,160.50,157.31,157.93,214387220
2021-02-22T12:00:00Z,157.93,158.82,154.71,155.99,260072632
2021-02-22T16:00:00Z,155.99,157.94,155.02,155.91,269061825
2021-02-22T20:00:00Z,155.91,156.81,153.44,155.37,236516908
2021-02-23T00:00:00Z,155.37,158.94,154.57,157.75,191934241
2021-02-23T04:00:00Z,157.75,159.17,156.09,158.37,229144730
2021-02-23T08:00:00Z,158.37,160.62,157.13,157.77,280872465
2021-02-23T12:00:00Z,157.77,158.56,153.16,154.00,289830303
2021-02-23T16:00:00Z,154.00,155.61,153.11,153.95,254304012
2021-02-23T20:00:00Z,153.95,157.18,152.50,156.28,216409830
2021-02-24T00:00:00Z,156.28,161.73,155.37,160.74,264817813
2021-02-24T04:00:00Z,160.74,161.86,159.08,160.94,288638229
2021-02-24T08:00:00Z,160.94,163.02,159.74,160.53,266782833
2021-02-24T12:00:00Z,160.53,161.20,157.64,159.58,205999912
2021-02-24T16:00:00Z,159.58,163.01,158.75,161.97,195999372
2021-02-24T20:00:00Z,161.97,164.40,160.59,163.55,252343975
2021-02-25T00:00:00Z,163.55,167.68,162.56,166.47,276543628
2021-02-25T04:00:00Z,166.47,168.54,164.97,167.54,256009504
2021-02-25T08:00:00Z,167.54,170.61,166.72,168.72,211573885
2021-02-25T12:00:00Z,168.72,169.35,165.35,166.73,253817100
2021-02-25T16:00:00Z,166.73,168.68,166.00,166.73,293730348
2021-02-25T20:00:00Z,166.73,169.08,164.88,168.34,288855697
2021-02-26T00:00:00Z,168.34,174.08,167.34,173.16,240589341
2021-02-26T04:00:00Z,173.16,175.20,171.93,174.17,205948823
2021-02-26T08:00:00Z,174.17,176.10,172.01,173.04,249293569
2021-02-26T12:00:00Z,173.04,173.85,168.70,170.13,262938858
2021-02-26T16:00:00Z,170.13,172.78,169.51,171.38,245264255
2021-02-26T20:00:00Z,171.38,173.41,169.81,172.79,201688496
2021-02-27T00:00:00Z,172.79,176.20,171.85,174.52,226710463
2021-02-27T04:00:00Z,174.52,175.55,171.60,173.00,281221389
2021-02-27T08:00:00Z,173.00,174.67,171.13,172.16,294192075
2021-02-27T12:00:00Z,172.16,173.09,168.28,169.58,261570037
2021-02-27T16:00:00Z,169.58,171.30,167.80,168.72,215293090
2021-02-27T20:00:00Z,168.72,169.31,165.87,168.09,255733205
2021-02-28T00:00:00Z,168.09,172.01,167.30,170.92,282973034
2021-02-28T04:00:00Z,170.92,172.47,169.34,171.66,265493980
2021-02-28T08:00:00Z,171.66,173.76,169.75,170.69,207699682
2021-02-28T12:00:00Z,170.69,171.69,165.68,166.74,188772290
2021-02-28T16:00:00Z,166.74,168.44,165.79,166.77,253646185
2021-02-28T20:00:00Z,166.77,169.53,165.20,168.63,282480002
2021-03-01T00:00:00Z,168.63,173.20,168.00,171.80,265858896
2021-03-01T04:00:00Z,171.80,172.62,169.33,170.69,218248072
2021-03-01T08:00:00Z,170.69,172.37,168.73,169.55,247664536
2021-03-01T12:00:00Z,169.55,170.55,166.28,167.95,290155757
2021-03-01T16:00:00Z,167.95,170.85,166.96,169.33,289154011
2021-03-01T20:00:00Z,169.33,171.12,167.43,170.13,243720816
2021-03-02T00:00:00Z,170.13,174.32,169.40,173.13,196744041
2021-03-02T04:00:00Z,173.13,175.39,171.75,174.66,237601185
2021-03-02T08:00:00Z,174.66,177.86,173.79,175.80,260217871
2021-03-02T12:00:00Z,175.80,176.80,172.27,173.42,256004250
2021-03-02T16:00:00Z,173.42,175.20,172.37,173.36,215088970
2021-03-02T20:00:00Z,173.36,176.08,171.67,175.03,223340333
2021-03-03T00:00:00Z,175.03,180.34,174.13,179.26,280115646
2021-03-03T04:00:00Z,179.26,179.99,177.37,179.08,296924954
2021-03-03T08:00:00Z,179.08,180.62,176.38,177.10,267413001
2021-03-03T12:00:00Z,177.10,177.99,172.68,173.95,213111346
2021-03-03T16:00:00Z,173.95,176.37,172.95,174.92,245368773
2021-03-03T20:00:00Z,174.92,176.74,173.20,175.72,275954264
2021-03-04T00:00:00Z,175.72,178.98,174.71,177.22,263136421
2021-03-04T04:00:00Z,177.22,178.10,174.53,176.16,210689880
2021-03-04T08:00:00Z,176.16,178.36,174.84,175.71,190858980
2021-03-04T12:00:00Z,175.71,176.44,171.64,172.75,254019040
2021-03-04T16:00:00Z,172.75,174.13,170.45,171.17,287111580
2021-03-04T20:00:00Z,171.17,172.17,168.10,170.09,274388447
2021-03-05T00:00:00Z,170.09,173.72,169.06,172.34,223854046
2021-03-05T04:00:00Z,172.34,173.31,170.22,171.73,240190919
2021-03-05T08:00:00Z,171.73,173.03,168.12,169.07,284966769
2021-03-05T12:00:00Z,169.07,169.69,163.16,164.00,287910656
2021-03-05T16:00:00Z,164.00,165.44,162.86,163.47,245751072
2021-03-05T20:00:00Z,163.47,165.30,161.61,164.57,191168704
2021-03-06T00:00:00Z,164.57,168.27,163.59,166.76,225531256
2021-03-06T04:00:00Z,166.76,167.75,163.83,165.20,263629161
2021-03-06T08:00:00Z,165.20,166.79,163.17,164.14,265837942
2021-03-06T12:00:00Z,164.14,164.91,160.74,162.27,227704690
2021-03-06T16:00:00Z,162.27,164.58,161.68,162.62,218982956
2021-03-06T20:00:00Z,162.62,163.35,160.15,162.35,277511897
2021-03-07T00:00:00Z,162.35,165.74,161.46,164.68,297986293
2021-03-07T04:00:00Z,164.68,166.28,163.06,165.37,271797993
2021-03-07T08:00:00Z,165.37,167.64,164.15,165.13,214157384
2021-03-07T12:00:00Z,165.13,166.01,160.48,161.49,233862682
2021-03-07T16:00:00Z,161.49,163.04,160.19,161.06,267717752
2021-03-07T20:00:00Z,161.06,163.58,159.37,162.85,259827533
2021-03-08T00:00:00Z,162.85,167.94,162.08,166.92,220196272
2021-03-08T04:00:00Z,166.92,167.84,164.98,166.55,192705191
2021-03-08T08:00:00Z,166.55,168.10,164.05,164.97,253362611
2021-03-08T12:00:00Z,164.97,165.93,161.00,162.50,290324698
2021-03-08T16:00:00Z,162.50,165.03,161.63,163.50,281479617
2021-03-08T20:00:00Z,163.50,164.52,161.39,163.65,232562288
2021-03-09T00:00:00Z,163.65,166.47,163.03,164.65,231450622
2021-03-09T04:00:00Z,164.65,165.44,161.93,163.45,278231202
2021-03-09T08:00:00Z,163.45,165.40,161.74,162.53,285192554
2021-03-09T12:00:00Z,162.53,163.49,157.77,158.66,246746472
2021-03-09T16:00:00Z,158.66,159.72,155.62,156.56,185120385
2021-03-09T20:00:00Z,156.56,157.36,153.63,155.78,218467480
2021-03-10T00:00:00Z,155.78,159.71,155.11,158.46,267547919
2021-03-10T04:00:00Z,158.46,159.08,156.42,157.79,274594490
2021-03-10T08:00:00Z,157.79,159.14,154.43,155.05,239360148
2021-03-10T12:00:00Z,155.05,155.92,149.59,150.35,217847386
2021-03-10T16:00:00Z,150.35,151.79,149.21,150.07,273393120
2021-03-10T20:00:00Z,150.07,151.48,148.24,150.57,297362303
2021-03-11T00:00:00Z,150.57,153.50,149.80,151.68,274717393
2021-03-11T04:00:00Z,151.68,152.29,148.25,149.41,214235595
2021-03-11T08:00:00Z,149.41,150.80,147.39,147.98,221374244
2021-03-11T12:00:00Z,147.98,148.73,144.32,145.40,258417483
2021-03-11T16:00:00Z,145.40,147.11,144.14,144.89,258798217
2021-03-11T20:00:00Z,144.89,145.75,142.45,144.45,233009110
2021-03-12T00:00:00Z,144.45,148.41,143.62,147.41,198279960
2021-03-12T04:00:00Z,147.41,149.49,146.16,148.64,251593011
2021-03-12T08:00:00Z,148.64,151.11,147.75,148.48,292028252
2021-03-12T12:00:00Z,148.48,149.10,144.11,145.09,287039307
2021-03-12T16:00:00Z,145.09,146.87,144.33,145.34,240056972
2021-03-12T20:00:00Z,145.34,148.31,143.99,147.53,221524046
2021-03-13T00:00:00Z,147.53,152.39,146.64,151.25,270043873
2021-03-13T04:00:00Z,151.25,152.09,149.08,150.43,281090831
2021-03-13T08:00:00Z,150.43,151.93,148.23,149.06,246791067
2021-03-13T12:00:00Z,149.06,149.61,145.59,147.11,184007754
2021-03-13T16:00:00Z,147.11,149.69,146.46,148.32,216833428
2021-03-13T20:00:00Z,148.32,149.44,146.39,148.78,270455228
2021-03-14T00:00:00Z,148.78,152.13,147.89,150.90,282118519
2021-03-14T04:00:00Z,150.90,152.21,149.26,151.32,249898347
2021-03-14T08:00:00Z,151.32,153.80,150.47,151.57,215653435
2021-03-14T12:00:00Z,151.57,152.27,147.41,148.34,267769604
2021-03-14T16:00:00Z,148.34,149.55,146.38,147.06,295068296
2021-03-14T20:00:00Z,147.06,147.81,144.68,147.29,276190340
2021-03-15T00:00:00Z,147.29,151.38,146.48,150.41,217652116
2021-03-15T04:00:00Z,150.41,151.30,148.30,149.46,208080895
2021-03-15T08:00:00Z,149.46,150.67,145.73,146.60,248222167
2021-03-15T12:00:00Z,146.60,147.38,141.45,142.45,263940590
2021-03-15T16:00:00Z,142.45,144.33,141.80,142.79,245099786
2021-03-15T20:00:00Z,142.79,144.19,141.03,143.55,203207236
2021-03-16T00:00:00Z,143.55,146.62,142.86,145.12,248645191
2021-03-16T04:00:00Z,145.12,145.92,142.59,144.05,292156013
2021-03-16T08:00:00Z,144.05,146.05,143.11,143.91,291001560
2021-03-16T12:00:00Z,143.91,144.75,140.64,141.92,246288261
2021-03-16T16:00:00Z,141.92,143.67,140.73,141.56,214756918
2021-03-16T20:00:00Z,141.56,142.32,139.16,141.57,260524784
2021-03-17T00:00:00Z,141.57,145.93,141.03,145.06,275718403
2021-03-17T04:00:00Z,145.06,146.78,143.86,146.22,245983752
2021-03-17T08:00:00Z,146.22,148.41,144.89,145.60,188883789
2021-03-17T12:00:00Z,145.60,146.47,141.26,142.35,215349640
2021-03-17T16:00:00Z,142.35,144.63,141.52,143.49,272231603
2021-03-17T20:00:00Z,143.49,147.41,142.50,146.56,288273533
2021-03-18T00:00:00Z,146.56,151.91,145.94,150.92,259183730
2021-03-18T04:00:00Z,150.92,151.81,149.25,151.19,216624882
2021-03-18T08:00:00Z,151.19,153.54,150.43,151.55,260679366
2021-03-18T12:00:00Z,151.55,152.41,149.08,151.12,291148313
2021-03-18T16:00:00Z,151.12,154.37,150.21,153.08,276261610
2021-03-18T20:00:00Z,153.08,155.01,151.50,154.09,220220984
2021-03-19T00:00:00Z,154.09,158.20,153.30,157.14,194174773
2021-03-19T04:00:00Z,157.14,159.24,155.76,158.45,241877253
2021-03-19T08:00:00Z,158.45,161.25,157.79,158.99,270711159
2021-03-19T12:00:00Z,158.99,159.80,155.05,155.99,256280067
2021-03-19T16:00:00Z,155.99,157.58,154.88,155.68,211605345
2021-03-19T20:00:00Z,155.68,158.34,154.06,157.42,244475307
2021-03-20T00:00:00Z,157.42,162.74,156.52,161.75,290668430
2021-03-20T04:00:00Z,161.75,162.63,160.04,161.72,293328657
2021-03-20T08:00:00Z,161.72,163.34,159.38,160.16,251232274
2021-03-20T12:00:00Z,160.16,160.84,156.18,157.59,207007251
2021-03-20T16:00:00Z,157.59,160.17,156.76,158.88,249816754
2021-03-20T20:00:00Z,158.88,160.55,157.18,159.71,269207110
2021-03-21T00:00:00Z,159.71,162.91,158.75,161.31,246421137
2021-03-21T04:00:00Z,161.31,162.21,158.94,160.62,202956740
2021-03-21T08:00:00Z,160.62,162.95,159.75,160.65,213208789
2021-03-21T12:00:00Z,160.65,161.24,157.02,158.28,272773926
2021-03-21T16:00:00Z,158.28,160.01,157.20,157.77,292944896
2021-03-21T20:00:00Z,157.77,159.17,155.53,158.46,267104611
2021-03-22T00:00:00Z,158.46,163.79,157.52,162.91,216498643
2021-03-22T04:00:00Z,162.91,165.53,161.82,164.56,252187923
2021-03-22T08:00:00Z,164.56,166.92,163.29,164.27,285674130
2021-03-22T12:00:00Z,164.27,165.02,160.30,161.77,274999932
2021-03-22T16:00:00Z,161.77,164.82,161.20,163.72,222013239
2021-03-22T20:00:00Z,163.72,167.43,162.60,166.84,184561393
2021-03-23T00:00:00Z,166.84,171.68,165.92,170.67,241569434
2021-03-23T04:00:00Z,170.67,171.68,168.77,170.73,276465743
2021-03-23T08:00:00Z,170.73,173.15,169.71,171.35,266375575
2021-03-23T12:00:00Z,171.35,172.27,168.89,170.97,219098257
2021-03-23T16:00:00Z,170.97,174.20,170.20,172.72,239062634
2021-03-23T20:00:00Z,172.72,174.85,170.95,174.07,287553869
2021-03-24T00:00:00Z,174.07,179.07,173.24,178.29,294011637
2021-03-24T04:00:00Z,178.29,181.61,177.19,180.75,254890733
2021-03-24T08:00:00Z,180.75,183.94,179.66,181.86,202635163
2021-03-24T12:00:00Z,181.86,182.92,177.95,179.35,238082571
2021-03-24T16:00:00Z,179.35,181.46,178.40,179.88,261704488
2021-03-24T20:00:00Z,179.88,183.18,178.42,182.23,253118173
2021-03-25T00:00:00Z,182.23,187.53,181.53,186.27,216584936
2021-03-25T04:00:00Z,186.27,187.18,184.06,185.61,210329323
2021-03-25T08:00:00Z,185.61,187.20,183.01,183.91,271998411
2021-03-25T12:00:00Z,183.91,185.00,179.93,181.52,296042393
2021-03-25T16:00:00Z,181.52,184.25,180.46,182.61,273575087
2021-03-25T20:00:00Z,182.61,184.15,180.55,183.09,219517058
2021-03-26T00:00:00Z,183.09,186.56,182.32,184.93,242387476
2021-03-26T04:00:00Z,184.93,185.74,182.72,184.98,278743675
2021-03-26T08:00:00Z,184.98,187.73,184.05,185.30,272495787
2021-03-26T12:00:00Z,185.30,186.36,181.42,182.52,223113940
2021-03-26T16:00:00Z,182.52,184.03,180.53,181.58,180364943
2021-03-26T20:00:00Z,181.58,183.15,179.25,182.06,241811107
2021-03-27T00:00:00Z,182.06,186.96,181.14,185.83,281063123
2021-03-27T04:00:00Z,185.83,186.95,184.03,186.02,275229342
2021-03-27T08:00:00Z,186.02,187.78,183.57,184.30,229810144
2021-03-27T12:00:00Z,184.30,185.24,179.80,181.08,232410971
2021-03-27T16:00:00Z,181.08,183.78,180.03,182.57,282829243
2021-03-27T20:00:00Z,182.57,185.97,181.16,184.89,293070150
2021-03-28T00:00:00Z,184.89,189.49,183.84,188.03,257290043
2021-03-28T04:00:00Z,188.03,189.18,185.88,188.12,197508704
2021-03-28T08:00:00Z,188.12,191.00,187.40,189.06,225501722
2021-03-28T12:00:00Z,189.06,189.86,186.39,188.38,256697559
2021-03-28T16:00:00Z,188.38,191.14,187.38,189.28,262655047
2021-03-28T20:00:00Z,189.28,191.02,187.10,190.01,229525753
2021-03-29T00:00:00Z,190.01,194.98,188.87,193.84,210884029
2021-03-29T04:00:00Z,193.84,196.57,192.56,195.41,269843172
2021-03-29T08:00:00Z,195.41,198.11,194.07,195.15,297502263
2021-03-29T12:00:00Z,195.15,195.86,190.39,191.71,278536362
2021-03-29T16:00:00Z,191.71,193.80,190.85,192.10,221436119
2021-03-29T20:00:00Z,192.10,195.25,190.49,194.38,231395477
2021-03-30T00:00:00Z,194.38,199.36,193.22,198.00,270478881
2021-03-30T04:00:00Z,198.00,199.17,195.50,197.12,268858772
2021-03-30T08:00:00Z,197.12,198.83,194.63,195.79,224753277
2021-03-30T12:00:00Z,195.79,196.68,191.92,193.61,185997860
2021-03-30T16:00:00Z,193.61,196.14,192.93,194.06,241223093
2021-03-30T20:00:00Z,194.06,194.95,191.33,193.43,284378220
2021-03-31T00:00:00Z,193.43,196.32,192.36,194.45,282705015
2021-03-31T04:00:00Z,194.45,195.60,191.92,193.72,239376015
2021-03-31T08:00:00Z,193.72,195.65,191.50,192.65,224549462
2021-03-31T12:00:00Z,192.65,193.68,187.11,188.23,276540017
2021-03-31T16:00:00Z,188.23,189.26,185.28,186.28,290551722
2021-03-31T20:00:00Z,186.28,187.22,183.56,186.39,258479806
2021-04-01T00:00:00Z,186.39,190.85,185.50,189.58,195992921
2021-04-01T04:00:00Z,189.58,190.64,187.32,188.82,212266758
2021-04-01T08:00:00Z,188.82,190.35,185.38,186.43,257877049
2021-04-01T12:00:00Z,186.43,187.51,181.53,182.94,271252407
2021-04-01T16:00:00Z,182.94,185.32,181.98,183.72,241590654
2021-04-01T20:00:00Z,183.72,185.46,181.75,184.49,210551239
2021-04-02T00:00:00Z,184.49,187.76,183.78,185.96,266270311
2021-04-02T04:00:00Z,185.96,186.87,183.17,184.90,297288683
2021-04-02T08:00:00Z,184.90,187.20,183.80,184.71,281957467
2021-04-02T12:00:00Z,184.71,185.81,181.08,182.49,226516784
2021-04-02T16:00:00Z,182.49,184.26,180.93,182.02,219352642
2021-04-02T20:00:00Z,182.02,183.36,179.52,182.31,261023049
2021-04-03T00:00:00Z,182.31,187.25,181.55,186.20,264214555
2021-04-03T04:00:00Z,186.20,188.26,184.90,187.49,232273229
2021-04-03T08:00:00Z,187.49,189.90,185.97,186.72,191886137
2021-04-03T12:00:00Z,186.72,187.79,182.05,183.18,239711341
2021-04-03T16:00:00Z,183.18,185.25,182.07,183.70,286305261
2021-04-03T20:00:00Z,183.70,186.59,182.15,185.48,288689615
2021-04-04T00:00:00Z,185.48,189.62,184.54,187.93,247695202
2021-04-04T04:00:00Z,187.93,188.67,184.71,186.10,219773155
2021-04-04T08:00:00Z,186.10,187.59,183.65,184.37,268759611
2021-04-04T12:00:00Z,184.37,185.32,180.44,181.72,286530414
2021-04-04T16:00:00Z,181.72,183.73,180.40,181.34,258530810
2021-04-04T20:00:00Z,181.34,182.42,178.43,180.27,193955078
2021-04-05T00:00:00Z,180.27,183.30,179.24,181.67,203483499
2021-04-05T04:00:00Z,181.67,182.55,179.42,181.42,260498452
2021-04-05T08:00:00Z,181.42,183.53,179.34,180.21,278747409
2021-04-05T12:00:00Z,180.21,180.98,174.68,175.38,252606611
2021-04-05T16:00:00Z,175.38,176.45,172.60,173.36,213509057
2021-04-05T20:00:00Z,173.36,174.37,170.76,173.30,261267522
2021-04-06T00:00:00Z,173.30,177.12,172.26,175.51,295394637
2021-04-06T04:00:00Z,175.51,176.48,172.21,173.30,283835364
2021-04-06T08:00:00Z,173.30,174.22,169.01,169.95,230532252
2021-04-06T12:00:00Z,169.95,170.56,164.81,166.02,206420420
2021-04-06T16:00:00Z,166.02,168.04,165.27,166.16,250537752
2021-04-06T20:00:00Z,166.16,167.05,163.87,166.11,260913735
2021-04-07T00:00:00Z,166.11,168.95,165.12,167.36,244179363
2021-04-07T04:00:00Z,167.36,168.35,165.01,166.77,201523071
2021-04-07T08:00:00Z,166.77,169.13,165.85,166.86,237196764
2021-04-07T12:00:00Z,166.86,167.62,163.06,164.28,286760538
2021-04-07T16:00:00Z,164.28,165.86,162.68,163.42,293095798
2021-04-07T20:00:00Z,163.42,164.29,160.96,163.71,254692583
2021-04-08T00:00:00Z,163.71,168.24,162.80,167.42,213891209
2021-04-08T04:00:00Z,167.42,168.81,165.96,167.89,259588176
2021-04-08T08:00:00Z,167.89,169.57,165.29,166.28,281104907
2021-04-08T12:00:00Z,166.28,167.16,161.49,162.71,257532588
2021-04-08T16:00:00Z,162.71,165.06,161.99,163.71,196328654
2021-04-08T20:00:00Z,163.71,166.47,162.39,165.74,200786423
2021-04-09T00:00:00Z,165.74,169.84,164.94,168.47,262173742
2021-04-09T04:00:00Z,168.47,169.40,166.03,167.60,284992535
2021-04-09T08:00:00Z,167.60,169.60,166.33,167.27,262419474
2021-04-09T12:00:00Z,167.27,168.24,163.97,165.48,215445651
2021-04-09T16:00:00Z,165.48,167.54,164.34,165.31,254849094
2021-04-09T20:00:00Z,165.31,166.00,162.52,164.54,291842187
2021-04-10T00:00:00Z,164.54,167.90,163.90,166.53,284194448
2021-04-10T04:00:00Z,166.53,167.35,164.53,166.48,233518067
2021-04-10T08:00:00Z,166.48,168.32,164.07,164.89,197018297
2021-04-10T12:00:00Z,164.89,165.87,159.03,159.94,239199384
2021-04-10T16:00:00Z,159.94,161.00,157.65,158.60,263768826
2021-04-10T20:00:00Z,158.60,160.34,156.53,159.42,255297681
2021-04-11T00:00:00Z,159.42,163.56,158.76,162.09,210502235
2021-04-11T04:00:00Z,162.09,162.74,159.23,160.39,233618020
2021-04-11T08:00:00Z,160.39,161.66,157.45,158.10,285684741
2021-04-11T12:00:00Z,158.10,159.00,154.01,155.23,295863575
2021-04-11T16:00:00Z,155.23,157.29,154.30,155.63,260319495
2021-04-11T20:00:00Z,155.63,156.51,153.39,155.28,211217907
2021-04-12T00:00:00Z,155.28,158.06,154.50,156.50,249150794
2021-04-12T04:00:00Z,156.50,157.12,154.20,156.12,274396094
2021-04-12T08:00:00Z,156.12,158.45,155.39,156.00,255590562
2021-04-12T12:00:00Z,156.00,156.80,152.02,152.91,204149785
2021-04-12T16:00:00Z,152.91,154.33,151.38,152.17,198815731
2021-04-12T20:00:00Z,152.17,154.30,150.35,153.41,262791328
2021-04-13T00:00:00Z,153.41,159.02,152.53,158.08,289858951
2021-04-13T04:00:00Z,158.08,160.02,156.89,159.12,270896908
2021-04-13T08:00:00Z,159.12,161.20,157.57,158.33,220552740
2021-04-13T12:00:00Z,158.33,159.01,154.59,156.08,247056354
2021-04-13T16:00:00Z,156.08,159.09,155.25,158.17,286682095
2021-04-13T20:00:00Z,158.17,161.34,156.97,160.48,283085431
2021-04-14T00:00:00Z,160.48,164.66,159.51,163.26,235529991
2021-04-14T04:00:00Z,163.26,164.16,161.14,162.96,187068949
2021-04-14T08:00:00Z,162.96,165.45,162.19,163.39,230748404
2021-04-14T12:00:00Z,163.39,163.98,160.44,161.97,269157499
2021-04-14T16:00:00Z,161.97,164.18,161.24,162.16,265446116
2021-04-14T20:00:00Z,162.16,163.29,159.86,162.55,222911325
2021-04-15T00:00:00Z,162.55,167.19,161.58,166.29,228933898
2021-04-15T04:00:00Z,166.29,168.63,165.07,167.63,283044745
2021-04-15T08:00:00Z,167.63,169.91,165.99,166.98,296961440
2021-04-15T12:00:00Z,166.98,167.73,162.12,163.18,264554034
2021-04-15T16:00:00Z,163.18,164.94,162.46,163.20,207579607
2021-04-15T20:00:00Z,163.20,165.36,161.56,164.77,237595125
2021-04-16T00:00:00Z,164.77,168.70,163.85,167.35,266544191
2021-04-16T04:00:00Z,167.35,168.35,164.38,165.55,254070134
2021-04-16T08:00:00Z,165.55,166.90,162.71,163.69,217273249
2021-04-16T12:00:00Z,163.69,164.55,159.81,161.25,200561762
2021-04-16T16:00:00Z,161.25,163.53,160.54,161.64,262255135
2021-04-16T20:00:00Z,161.64,162.24,159.26,161.47,293239486
2021-04-17T00:00:00Z,161.47,164.85,160.68,163.64,277930863
2021-04-17T04:00:00Z,163.64,165.23,161.94,164.43,224535062
2021-04-17T08:00:00Z,164.43,167.09,163.44,164.87,237957489
2021-04-17T12:00:00Z,164.87,165.83,160.79,161.94,279992851
2021-04-17T16:00:00Z,161.94,163.58,160.70,161.64,280583667
2021-04-17T20:00:00Z,161.64,164.23,159.88,163.38,236641704
2021-04-18T00:00:00Z,163.38,168.80,162.73,167.86,181002705
2021-04-18T04:00:00Z,167.86,168.84,166.25,168.18,228670173
2021-04-18T08:00:00Z,168.18,170.02,166.24,167.07,273556061
2021-04-18T12:00:00Z,167.07,168.06,163.49,165.17,274456543
2021-04-18T16:00:00Z,165.17,168.70,164.21,167.57,234343696
2021-04-18T20:00:00Z,167.57,170.93,166.47,169.95,223125260
2021-04-19T00:00:00Z,169.95,174.53,169.26,173.26,278834861
2021-04-19T04:00:00Z,173.26,174.95,171.60,174.24,296386869
2021-04-19T08:00:00Z,174.24,177.49,173.35,175.88,267400760
2021-04-19T12:00:00Z,175.88,176.89,173.29,174.94,207304840
2021-04-19T16:00:00Z,174.94,177.16,173.89,175.38,225088565
2021-04-19T20:00:00Z,175.38,177.41,173.39,176.36,257705471
2021-04-20T00:00:00Z,176.36,181.59,175.47,180.57,258446680
2021-04-20T04:00:00Z,180.57,182.56,179.22,181.67,230309642
2021-04-20T08:00:00Z,181.67,183.81,179.82,180.52,201673610
2021-04-20T12:00:00Z,180.52,181.45,175.79,176.86,260487538
2021-04-20T16:00:00Z,176.86,178.97,175.82,177.54,295051180
2021-04-20T20:00:00Z,177.54,180.55,176.02,179.50,283439508
2021-04-21T00:00:00Z,179.50,183.82,178.48,182.23,231602937
2021-04-21T04:00:00Z,182.23,183.10,179.50,181.03,227646751
2021-04-21T08:00:00Z,181.03,182.94,179.31,180.17,271879092
2021-04-21T12:00:00Z,180.17,180.95,176.69,178.20,276786966
2021-04-21T16:00:00Z,178.20,180.46,177.25,178.21,236942109
2021-04-21T20:00:00Z,178.21,179.25,175.50,177.52,179923167
2021-04-22T00:00:00Z,177.52,180.92,176.45,179.46,228014260
2021-04-22T04:00:00Z,179.46,180.79,177.57,179.72,276832145
2021-04-22T08:00:00Z,179.72,182.03,177.98,178.97,282178317
2021-04-22T12:00:00Z,178.97,179.60,173.92,174.94,244652879
2021-04-22T16:00:00Z,174.94,176.45,173.73,174.34,220436774
2021-04-22T20:00:00Z,174.34,176.93,172.56,176.13,273077480
2021-04-23T00:00:00Z,176.13,181.36,175.07,180.29,294166219
2021-04-23T04:00:00Z,180.29,181.35,178.51,180.19,268889806
2021-04-23T08:00:00Z,180.19,182.04,178.15,179.21,206230412
2021-04-23T12:00:00Z,179.21,180.02,175.80,177.63,211814980
2021-04-23T16:00:00Z,177.63,181.01,176.98,179.64,250487028
2021-04-23T20:00:00Z,179.64,181.65,178.01,181.00,266678620
2021-04-24T00:00:00Z,181.00,184.74,179.98,183.50,242573935
2021-04-24T04:00:00Z,183.50,185.09,181.64,184.06,206293927
2021-04-24T08:00:00Z,184.06,186.98,182.97,185.00,257431921
2021-04-24T12:00:00Z,185.00,185.98,181.55,183.01,295237317
2021-04-24T16:00:00Z,183.01,185.06,181.93,182.90,287368576
2021-04-24T20:00:00Z,182.90,185.00,180.82,184.20,237480797
2021-04-25T00:00:00Z,184.20,189.68,183.30,188.86,216243085
2021-04-25T04:00:00Z,188.86,190.88,187.54,189.95,262469455
2021-04-25T08:00:00Z,189.95,191.97,187.74,188.81,271812921
2021-04-25T12:00:00Z,188.81,189.90,184.15,185.60,237220992
2021-04-25T16:00:00Z,185.60,188.10,184.63,186.58,189128346
2021-04-25T20:00:00Z,186.58,188.93,184.87,187.96,226642575
2021-04-26T00:00:00Z,187.96,191.50,187.21,189.65,278868943
2021-04-26T04:00:00Z,189.65,190.59,186.48,187.80,288481464
2021-04-26T08:00:00Z,187.80,189.53,185.61,186.54,253714920
2021-04-26T12:00:00Z,186.54,187.65,182.45,183.77,216626364
2021-04-26T16:00:00Z,183.77,185.36,181.67,182.77,265823109
2021-04-26T20:00:00Z,182.77,183.69,179.70,181.71,290353987
2021-04-27T00:00:00Z,181.71,185.34,180.97,183.91,269075413
2021-04-27T04:00:00Z,183.91,184.89,182.00,184.16,208690746
2021-04-27T08:00:00Z,184.16,186.26,182.06,182.81,197971072
2021-04-27T12:00:00Z,182.81,183.86,177.33,178.25,249500085
2021-04-27T16:00:00Z,178.25,179.57,176.39,177.42,273956860
2021-04-27T20:00:00Z,177.42,179.61,175.53,178.54,253881339
2021-04-28T00:00:00Z,178.54,182.77,177.65,181.20,210070084
2021-04-28T04:00:00Z,181.20,181.90,178.18,179.52,253054794
2021-04-28T08:00:00Z,179.52,180.93,176.89,177.57,293768910
2021-04-28T12:00:00Z,177.57,178.49,173.84,175.26,289692123
2021-04-28T16:00:00Z,175.26,177.81,174.23,176.24,242158484
2021-04-28T20:00:00Z,176.24,177.72,174.30,176.69,208128463
2021-04-29T00:00:00Z,176.69,180.50,175.69,179.12,251913938
2021-04-29T04:00:00Z,179.12,181.08,177.38,180.07,265795855
2021-04-29T08:00:00Z,180.07,183.13,179.40,180.95,242768026
2021-04-29T12:00:00Z,180.95,181.74,177.20,178.44,199026924
2021-04-29T16:00:00Z,178.44,180.27,177.29,178.08,224465728
2021-04-29T20:00:00Z,178.08,180.35,176.11,179.38,279568328
2021-04-30T00:00:00Z,179.38,184.64,178.30,183.52,293259445
2021-04-30T04:00:00Z,183.52,184.60,181.79,183.51,261430480
2021-04-30T08:00:00Z,183.51,185.14,180.59,181.59,215957475
2021-04-30T12:00:00Z,181.59,182.22,176.92,178.35,257149783
2021-04-30T16:00:00Z,178.35,180.84,177.54,179.41,285031470
2021-04-30T20:00:00Z,179.41,181.40,177.67,180.57,268033945
2021-05-01T00:00:00Z,180.57,183.99,179.49,182.33,210523339
2021-05-01T04:00:00Z,182.33,183.40,179.59,181.26,187541037
2021-05-01T08:00:00Z,181.26,183.39,179.76,180.83,250919906
2021-05-01T12:00:00Z,180.83,181.64,176.86,178.13,280127208
2021-05-01T16:00:00Z,178.13,179.66,175.99,176.77,264062846
2021-05-01T20:00:00Z,176.77,177.60,173.61,175.62,217148657
2021-05-02T00:00:00Z,175.62,178.97,174.63,177.73,247347389
2021-05-02T04:00:00Z,177.73,178.79,175.67,177.23,290645580
2021-05-02T08:00:00Z,177.23,178.78,173.70,174.75,290412653
2021-05-02T12:00:00Z,174.75,175.66,168.62,169.62,245650240
2021-05-02T16:00:00Z,169.62,170.99,167.99,168.87,199193970
2021-05-02T20:00:00Z,168.87,170.69,166.95,169.96,240380792
2021-05-03T00:00:00Z,169.96,173.78,169.13,172.29,260243781
2021-05-03T04:00:00Z,172.29,173.26,169.49,170.67,253223601
2021-05-03T08:00:00Z,170.67,172.18,168.39,169.35,212637042
2021-05-03T12:00:00Z,169.35,170.32,165.78,167.35,221408103
2021-05-03T16:00:00Z,167.35,169.71,166.48,167.84,278853616
2021-05-03T20:00:00Z,167.84,168.54,165.39,167.65,296431418
2021-05-04T00:00:00Z,167.65,171.18,166.98,169.86,267726404
2021-05-04T04:00:00Z,169.86,171.27,168.10,170.59,214207275
2021-05-04T08:00:00Z,170.59,173.23,169.60,170.71,247161870
2021-05-04T12:00:00Z,170.71,171.73,166.41,167.53,278304864
2021-05-04T16:00:00Z,167.53,169.12,166.37,167.37,265861438
2021-05-04T20:00:00Z,167.37,170.44,165.80,169.47,211946859
2021-05-05T00:00:00Z,169.47,175.16,168.79,174.19,188034506
2021-05-05T04:00:00Z,174.19,175.29,172.62,174.60,251477276
2021-05-05T08:00:00Z,174.60,176.57,172.88,173.60,285050499
2021-05-05T12:00:00Z,173.60,174.60,170.08,171.64,272968583
2021-05-05T16:00:00Z,171.64,174.76,170.61,173.40,223185996
2021-05-05T20:00:00Z,173.40,175.58,171.85,174.54,240326714
2021-05-06T00:00:00Z,174.54,177.99,173.67,176.36,285895832
2021-05-06T04:00:00Z,176.36,177.04,173.89,175.82,289560625
2021-05-06T08:00:00Z,175.82,178.22,175.06,175.74,247993430
2021-05-06T12:00:00Z,175.74,176.66,171.94,172.96,193828795
2021-05-06T16:00:00Z,172.96,174.42,170.91,171.82,228053060
2021-05-06T20:00:00Z,171.82,172.84,169.33,171.74,260771575
2021-05-07T00:00:00Z,171.74,176.29,170.77,175.14,263215982
2021-05-07T04:00:00Z,175.14,176.38,173.44,175.40,225522574
2021-05-07T08:00:00Z,175.40,177.12,172.68,173.50,217410649
2021-05-07T12:00:00Z,173.50,174.26,168.30,169.33,276671866
2021-05-07T16:00:00Z,169.33,171.22,168.41,169.50,297943966
2021-05-07T20:00:00Z,169.50,171.58,167.79,170.66,272556665
2021-05-08T00:00:00Z,170.66,174.20,169.63,172.46,215657964
2021-05-08T04:00:00Z,172.46,173.40,169.27,170.64,235988293
2021-05-08T08:00:00Z,170.64,172.32,168.60,169.53,270302830
2021-05-08T12:00:00Z,169.53,170.12,165.98,167.49,262670730
2021-05-08T16:00:00Z,167.49,169.72,166.71,167.68,218250227
2021-05-08T20:00:00Z,167.68,168.59,165.25,167.75,190012976
2021-05-09T00:00:00Z,167.75,172.00,166.75,171.02,251067736
2021-05-09T04:00:00Z,171.02,173.77,169.76,172.74,288605910
2021-05-09T08:00:00Z,172.74,175.61,171.80,173.28,280470788
2021-05-09T12:00:00Z,173.28,174.05,169.20,170.51,232341998
2021-05-09T16:00:00Z,170.51,172.64,169.89,171.17,232036027
2021-05-09T20:00:00Z,171.17,174.52,169.75,173.88,279576707
2021-05-10T00:00:00Z,173.88,179.31,172.90,178.43,287193358
2021-05-10T04:00:00Z,178.43,179.50,176.71,178.50,249246735
2021-05-10T08:00:00Z,178.50,180.33,176.74,177.80,187925362
2021-05-10T12:00:00Z,177.80,178.73,174.68,176.56,217789159
2021-05-10T16:00:00Z,176.56,180.13,175.80,178.79,264795660
2021-05-10T20:00:00Z,178.79,181.13,177.26,180.36,272195558
2021-05-11T00:00:00Z,180.36,184.53,179.47,183.35,237501396
2021-05-11T04:00:00Z,183.35,185.42,181.71,184.51,216673587
2021-05-11T08:00:00Z,184.51,187.63,183.40,185.72,272995703
2021-05-11T12:00:00Z,185.72,186.79,182.14,183.56,297772221
2021-05-11T16:00:00Z,183.56,185.40,182.05,183.11,275902718
2021-05-11T20:00:00Z,183.11,184.89,180.80,183.95,216104004
2021-05-12T00:00:00Z,183.95,188.95,183.21,187.79,223780206
2021-05-12T04:00:00Z,187.79,188.73,185.89,187.74,261173601
2021-05-12T08:00:00Z,187.74,189.35,184.66,185.60,259390186
2021-05-12T12:00:00Z,185.60,186.70,180.57,181.87,230207248
2021-05-12T16:00:00Z,181.87,184.21,180.83,182.65,195786072
2021-05-12T20:00:00Z,182.65,185.07,180.97,184.02,249601344
2021-05-13T00:00:00Z,184.02,187.81,183.28,186.08,290693937
2021-05-13T04:00:00Z,186.08,186.85,183.44,185.14,286466271
2021-05-13T08:00:00Z,185.14,187.49,184.18,185.04,240289848
2021-05-13T12:00:00Z,185.04,186.10,181.80,183.24,222544695
2021-05-13T16:00:00Z,183.24,185.23,182.02,183.08,271772800
2021-05-13T20:00:00Z,183.08,184.11,180.57,182.99,283393371
2021-05-14T00:00:00Z,182.99,187.40,182.09,186.24,249487876
2021-05-14T04:00:00Z,186.24,188.29,184.75,187.38,185867787
2021-05-14T08:00:00Z,187.38,189.88,186.19,186.89,213992586
2021-05-14T12:00:00Z,186.89,187.87,182.45,183.57,267875839
2021-05-14T16:00:00Z,183.57,185.78,182.49,184.47,280001491
2021-05-14T20:00:00Z,184.47,188.56,183.06,187.46,248408574
2021-05-15T00:00:00Z,187.46,193.16,186.40,191.96,214906951
2021-05-15T04:00:00Z,191.96,193.32,190.09,192.25,267824555
2021-05-15T08:00:00Z,192.25,194.75,191.49,192.39,295920400
2021-05-15T12:00:00Z,192.39,193.25,189.56,191.84,277773228
2021-05-15T16:00:00Z,191.84,195.20,190.80,193.93,219842499
2021-05-15T20:00:00Z,193.93,196.10,192.14,195.04,210708165
2021-05-16T00:00:00Z,195.04,199.34,193.87,197.96,251081691
2021-05-16T04:00:00Z,197.96,200.32,196.36,199.14,261333104
2021-05-16T08:00:00Z,199.14,202.26,198.22,199.84,242444680
2021-05-16T12:00:00Z,199.84,200.53,195.67,197.03,200972875
2021-05-16T16:00:00Z,197.03,198.91,195.95,196.65,247005607
2021-05-16T20:00:00Z,196.65,199.11,194.61,198.19,291238913
2021-05-17T00:00:00Z,198.19,203.61,197.00,202.48,290878376
2021-05-17T04:00:00Z,202.48,203.69,200.70,202.48,246968587
2021-05-17T08:00:00Z,202.48,204.18,199.48,200.66,216187764
2021-05-17T12:00:00Z,200.66,201.54,195.99,197.56,262594705
2021-05-17T16:00:00Z,197.56,200.11,196.83,198.40,278266170
2021-05-17T20:00:00Z,198.40,199.65,196.25,198.91,248810927
2021-05-18T00:00:00Z,198.91,202.04,197.79,199.97,187540602
2021-05-18T04:00:00Z,199.97,201.16,196.82,198.44,212628885
2021-05-18T08:00:00Z,198.44,200.34,196.46,197.64,269888383
2021-05-18T12:00:00Z,197.64,198.67,193.35,194.65,286490360
2021-05-18T16:00:00Z,194.65,196.27,192.39,193.40,258099493
2021-05-18T20:00:00Z,193.40,194.14,190.47,193.02,216324032
2021-05-19T00:00:00Z,193.02,197.42,192.06,196.33,261185336
2021-05-19T04:00:00Z,196.33,198.02,194.68,197.04,292421692
2021-05-19T08:00:00Z,197.04,199.08,194.69,195.80,278203217
2021-05-19T12:00:00Z,195.80,196.93,190.74,192.07,222679587
2021-05-19T16:00:00Z,192.07,194.24,191.09,192.68,196958877
2021-05-19T20:00:00Z,192.68,195.68,191.11,194.69,241752394
2021-05-20T00:00:00Z,194.69,199.16,193.89,197.56,267935074
2021-05-20T04:00:00Z,197.56,198.55,194.87,196.49,253836876
2021-05-20T08:00:00Z,196.49,198.53,194.85,195.84,209685343
2021-05-20T12:00:00Z,195.84,197.01,192.61,194.44,243228043
2021-05-20T16:00:00Z,194.44,197.22,193.32,195.41,290191054
2021-05-20T20:00:00Z,195.41,196.99,193.11,195.87,293658351
2021-05-21T00:00:00Z,195.87,200.29,195.09,199.00,252343355
2021-05-21T04:00:00Z,199.00,201.26,197.52,200.48,208813181
2021-05-21T08:00:00Z,200.48,203.54,199.43,200.88,252176870
2021-05-21T12:00:00Z,200.88,202.04,196.46,197.60,271937584
2021-05-21T16:00:00Z,197.60,199.20,195.97,197.12,247566151
2021-05-21T20:00:00Z,197.12,199.64,195.17,198.46,200135853
2021-05-22T00:00:00Z,198.46,203.28,197.48,201.77,210674890
2021-05-22T04:00:00Z,201.77,202.53,198.96,200.42,270724378
2021-05-22T08:00:00Z,200.42,201.88,197.03,197.77,291539338
2021-05-22T12:00:00Z,197.77,198.81,193.09,194.32,266452519
2021-05-22T16:00:00Z,194.32,196.55,193.18,194.58,216650808
2021-05-22T20:00:00Z,194.58,195.74,192.28,194.30,253132493
2021-05-23T00:00:00Z,194.30,197.08,193.22,195.11,287337535
2021-05-23T04:00:00Z,195.11,196.03,192.17,193.90,277252608
2021-05-23T08:00:00Z,193.90,196.08,192.17,193.07,224679731
2021-05-23T12:00:00Z,193.07,193.93,188.31,189.27,186971876
2021-05-23T16:00:00Z,189.27,190.54,186.26,187.11,238714443
2021-05-23T20:00:00Z,187.11,188.21,183.96,186.10,273850748
2021-05-24T00:00:00Z,186.10,189.97,184.99,188.46,264204253
2021-05-24T04:00:00Z,188.46,189.48,186.01,187.49,217539734
2021-05-24T08:00:00Z,187.49,188.69,183.54,184.54,238238300
2021-05-24T12:00:00Z,184.54,185.19,178.78,179.85,287527933
2021-05-24T16:00:00Z,179.85,181.72,179.02,179.90,294786115
2021-05-24T20:00:00Z,179.90,181.92,178.06,181.07,256405305
2021-05-25T00:00:00Z,181.07,184.75,179.98,183.10,204771858
2021-05-25T04:00:00Z,183.10,184.18,180.26,181.87,240674965
2021-05-25T08:00:00Z,181.87,183.92,180.37,181.44,264550661
2021-05-25T12:00:00Z,181.44,182.23,178.07,179.68,251060510
2021-05-25T16:00:00Z,179.68,181.92,178.90,179.69,213898760
2021-05-25T20:00:00Z,179.69,180.54,177.01,179.38,208044464
2021-05-26T00:00:00Z,179.38,183.18,178.37,182.10,270292834
2021-05-26T04:00:00Z,182.10,183.87,180.53,182.84,295048943
2021-05-26T08:00:00Z,182.84,185.00,180.97,182.06,273371144
2021-05-26T12:00:00Z,182.06,183.00,176.98,178.02,220118505
2021-05-26T16:00:00Z,178.02,179.68,176.75,177.68,243747468
2021-05-26T20:00:00Z,177.68,180.14,175.95,179.39,280756285
2021-05-27T00:00:00Z,179.39,184.03,178.49,182.74,275004252
2021-05-27T04:00:00Z,182.74,183.77,180.27,181.55,225922880
2021-05-27T08:00:00Z,181.55,183.06,178.64,179.66,179574527
2021-05-27T12:00:00Z,179.66,180.69,175.47,176.97,239063941
2021-05-27T16:00:00Z,176.97,179.21,176.06,177.16,278673390
2021-05-27T20:00:00Z,177.16,177.88,174.44,176.32,273383179
2021-05-28T00:00:00Z,176.32,178.88,175.60,176.88,228651347
2021-05-28T04:00:00Z,176.88,177.77,174.05,175.61,232029795
2021-05-28T08:00:00Z,175.61,177.47,173.38,174.27,283255380
2021-05-28T12:00:00Z,174.27,175.31,168.70,169.69,294270408
2021-05-28T16:00:00Z,169.69,170.66,166.34,167.35,259170936
2021-05-28T20:00:00Z,167.35,168.17,164.48,166.89,199923727
2021-05-29T00:00:00Z,166.89,171.04,166.24,169.69,228262775
2021-05-29T04:00:00Z,169.69,170.40,167.40,168.70,257177398
2021-05-29T08:00:00Z,168.70,170.04,165.19,165.90,259857307
2021-05-29T12:00:00Z,165.90,166.85,160.77,161.77,227040210
2021-05-29T16:00:00Z,161.77,163.61,160.80,162.04,208904281
2021-05-29T20:00:00Z,162.04,163.55,160.18,162.57,268523418
2021-05-30T00:00:00Z,162.57,165.58,161.78,163.78,296945301
2021-05-30T04:00:00Z,163.78,164.39,160.78,162.25,278785572
2021-05-30T08:00:00Z,162.25,164.22,161.11,161.71,222472089
2021-05-30T12:00:00Z,161.71,162.57,158.34,159.49,233137518
2021-05-30T16:00:00Z,159.49,161.30,158.27,159.12,272791306
2021-05-30T20:00:00Z,159.12,160.27,156.89,159.33,271561468
2021-05-31T00:00:00Z,159.33,164.12,158.43,163.15,226501582
2021-05-31T04:00:00Z,163.15,165.61,162.05,164.71,183160156
2021-05-31T08:00:00Z,164.71,167.19,163.62,164.38,238651166
2021-05-31T12:00:00Z,164.38,165.12,160.00,161.13,282272396
2021-05-31T16:00:00Z,161.13,163.24,160.25,161.88,281229315
2021-05-31T20:00:00Z,161.88,165.06,160.50,164.16,238645379
2021-06-01T00:00:00Z,164.16,168.79,163.18,167.40,224620799
2021-06-01T04:00:00Z,167.40,168.30,164.86,166.27,277407770
2021-06-01T08:00:00Z,166.27,167.94,164.21,165.10,292148305
2021-06-01T12:00:00Z,165.10,165.69,161.64,163.20,260680859
2021-06-01T16:00:00Z,163.20,165.65,162.43,163.85,198627008
2021-06-01T20:00:00Z,163.85,164.76,161.51,163.76,215128713
2021-06-02T00:00:00Z,163.76,167.18,162.77,165.88,255158387
2021-06-02T04:00:00Z,165.88,167.36,164.24,166.37,268603850
2021-06-02T08:00:00Z,166.37,168.80,165.16,166.14,239366738
2021-06-02T12:00:00Z,166.14,166.86,161.37,162.27,208925186
2021-06-02T16:00:00Z,162.27,163.42,160.22,160.92,265368773
2021-06-02T20:00:00Z,160.92,162.05,158.59,161.44,297181877
2021-06-03T00:00:00Z,161.44,165.61,160.52,164.46,282653713
2021-06-03T04:00:00Z,164.46,165.44,161.97,163.16,227961854
2021-06-03T08:00:00Z,163.16,164.40,159.51,160.47,221433979
2021-06-03T12:00:00Z,160.47,161.30,155.79,157.05,263578540
2021-06-03T16:00:00Z,157.05,159.37,156.39,157.90,267045153
2021-06-03T20:00:00Z,157.90,159.40,156.12,158.73,230766999
2021-06-04T00:00:00Z,158.73,162.04,157.94,160.68,189170993
2021-06-04T04:00:00Z,160.68,161.59,158.51,160.56,237377769
2021-06-04T08:00:00Z,160.56,163.09,159.59,161.25,284535022
2021-06-04T12:00:00Z,161.25,162.17,158.10,159.51,287620591
2021-06-04T16:00:00Z,159.51,161.47,158.52,159.44,247410658
2021-06-04T20:00:00Z,159.44,161.11,157.30,160.30,220295254
2021-06-05T00:00:00Z,160.30,165.48,159.64,164.70,270047686
2021-06-05T04:00:00Z,164.70,166.86,163.56,166.17,288484139
2021-06-05T08:00:00Z,166.17,168.48,164.82,165.67,260998011
2021-06-05T12:00:00Z,165.67,166.65,161.58,163.00,196743587
2021-06-05T16:00:00Z,163.00,166.03,162.07,164.93,203246472
2021-06-05T20:00:00Z,164.93,169.15,163.98,168.20,257727021
2021-06-06T00:00:00Z,168.20,173.48,167.54,172.30,276313032
2021-06-06T04:00:00Z,172.30,173.27,170.46,172.60,250698901
2021-06-06T08:00:00Z,172.60,175.27,171.70,173.32,212276602
2021-06-06T12:00:00Z,173.32,174.33,170.80,172.80,260806320
2021-06-06T16:00:00Z,172.80,175.71,171.76,174.09,295740610
2021-06-06T20:00:00Z,174.09,175.65,172.05,174.61,284961561
2021-06-07T00:00:00Z,174.61,178.86,173.77,177.69,232350958
2021-06-07T04:00:00Z,177.69,179.71,176.19,178.86,208789978
2021-06-07T08:00:00Z,178.86,181.50,178.05,178.71,253273596
2021-06-07T12:00:00Z,178.71,179.66,174.20,175.09,261946743
2021-06-07T16:00:00Z,175.09,176.70,173.84,174.78,241362153
2021-06-07T20:00:00Z,174.78,177.65,173.10,176.61,198997121
2021-06-08T00:00:00Z,176.61,181.74,175.62,180.48,235158817
2021-06-08T04:00:00Z,180.48,181.32,178.33,179.90,285369329
2021-06-08T08:00:00Z,179.90,181.55,177.54,178.36,292459686
2021-06-08T12:00:00Z,178.36,179.17,174.58,176.13,254861115
2021-06-08T16:00:00Z,176.13,178.84,175.17,177.34,214851257
2021-06-08T20:00:00Z,177.34,178.80,175.37,177.82,261264963
2021-06-09T00:00:00Z,177.82,181.20,176.76,179.60,283367831
2021-06-09T04:00:00Z,179.60,180.66,177.43,179.60,260205392
2021-06-09T08:00:00Z,179.60,182.34,178.78,180.05,198627738
2021-06-09T12:00:00Z,180.05,180.69,176.32,177.68,197934119
2021-06-09T16:00:00Z,177.68,179.60,176.83,177.48,259565798
2021-06-09T20:00:00Z,177.48,179.87,175.51,179.02,282832080
2021-06-10T00:00:00Z,179.02,185.16,177.94,184.13,260874785
2021-06-10T04:00:00Z,184.13,186.95,183.00,185.84,214637042
2021-06-10T08:00:00Z,185.84,188.32,184.51,185.59,254839547
2021-06-10T12:00:00Z,185.59,186.40,181.87,183.65,292632445
2021-06-10T16:00:00Z,183.65,187.25,182.95,186.11,285722959
2021-06-10T20:00:00Z,186.11,189.81,184.87,189.09,235665776
2021-06-11T00:00:00Z,189.09,193.78,188.01,192.55,199617921
2021-06-11T04:00:00Z,192.55,193.82,190.57,192.72,242048441
2021-06-11T08:00:00Z,192.72,195.53,191.60,193.62,261599610
2021-06-11T12:00:00Z,193.62,194.62,190.95,192.94,252617634
2021-06-11T16:00:00Z,192.94,195.78,192.13,193.97,208227465
2021-06-11T20:00:00Z,193.97,195.77,191.84,194.96,231925710
2021-06-12T00:00:00Z,194.96,200.00,193.98,199.14,284706701
2021-06-12T04:00:00Z,199.14,202.12,197.89,201.11,295675986
2021-06-12T08:00:00Z,201.11,203.87,199.89,201.18,260936966
2021-06-12T12:00:00Z,201.18,202.33,196.50,197.86,212592345
2021-06-12T16:00:00Z,197.86,199.92,196.86,198.10,251175145
2021-06-12T20:00:00Z,198.10,200.97,196.36,199.97,276912682
2021-06-13T00:00:00Z,199.97,204.62,199.14,203.02,258403374
2021-06-13T04:00:00Z,203.02,204.05,200.21,201.51,203247297
2021-06-13T08:00:00Z,201.51,203.06,198.59,199.62,196073744
2021-06-13T12:00:00Z,199.62,200.81,195.50,197.15,260410871
2021-06-13T16:00:00Z,197.15,199.59,196.02,197.69,288025435
2021-06-13T20:00:00Z,197.69,198.67,195.16,197.55,269753146
2021-06-14T00:00:00Z,197.55,201.06,196.79,199.41,220187821
2021-06-14T04:00:00Z,199.41,200.53,197.28,199.77,247498697
2021-06-14T08:00:00Z,199.77,202.60,198.72,199.94,287897247
2021-06-14T12:00:00Z,199.94,201.11,195.61,196.75,284978744
2021-06-14T16:00:00Z,196.75,198.29,194.74,195.89,237953999
2021-06-14T20:00:00Z,195.89,198.08,193.70,196.91,189834848
2021-06-15T00:00:00Z,196.91,202.13,195.96,200.88,231116095
2021-06-15T04:00:00Z,200.88,201.80,198.90,200.84,266363970
2021-06-15T08:00:00Z,200.84,202.67,198.49,199.21,262969000
2021-06-15T12:00:00Z,199.21,200.27,195.13,196.61,220943559
2021-06-15T16:00:00Z,196.61,199.79,195.45,198.49,227628753
2021-06-15T20:00:00Z,198.49,201.79,196.98,200.60,282503876
2021-06-16T00:00:00Z,200.60,205.09,199.49,203.53,297226975
2021-06-16T04:00:00Z,203.53,205.02,201.37,203.91,265605290
2021-06-16T08:00:00Z,203.91,207.03,203.19,205.02,209334705
2021-06-16T12:00:00Z,205.02,205.95,202.07,203.83,239917360
2021-06-16T16:00:00Z,203.83,206.28,202.71,204.01,269252687
2021-06-16T20:00:00Z,204.01,205.62,201.60,204.49,255706656
2021-06-17T00:00:00Z,204.49,209.46,203.27,208.21,214438772
2021-06-17T04:00:00Z,208.21,210.34,206.66,209.11,197997379
2021-06-17T08:00:00Z,209.11,211.39,206.73,207.84,260160583
2021-06-17T12:00:00Z,207.84,208.59,202.53,203.82,291777907
2021-06-17T16:00:00Z,203.82,205.90,202.85,204.01,277216098
2021-06-17T20:00:00Z,204.01,206.65,202.22,205.67,224622784
2021-06-18T00:00:00Z,205.67,209.94,204.43,208.21,238840865
2021-06-18T04:00:00Z,208.21,209.43,205.00,206.56,281603077
2021-06-18T08:00:00Z,206.56,208.20,203.78,204.98,282795321
2021-06-18T12:00:00Z,204.98,205.86,200.80,202.39,239282525
2021-06-18T16:00:00Z,202.39,204.53,201.06,201.92,183850771
2021-06-18T20:00:00Z,201.92,202.90,198.70,200.57,225840425
2021-06-19T00:00:00Z,200.57,203.40,199.43,201.56,270914138
2021-06-19T04:00:00Z,201.56,202.76,199.11,200.90,272243147
2021-06-19T08:00:00Z,200.90,202.79,198.27,199.46,232731225
2021-06-19T12:00:00Z,199.46,200.48,193.55,194.68,222239309
2021-06-19T16:00:00Z,194.68,195.83,192.05,193.04,278744436
2021-06-19T20:00:00Z,193.04,194.53,190.62,193.74,297099014
2021-06-20T00:00:00Z,193.74,198.33,192.76,197.04,268860006
2021-06-20T04:00:00Z,197.04,198.17,194.67,196.13,209397526
2021-06-20T08:00:00Z,196.13,197.74,192.97,194.08,227651695
2021-06-20T12:00:00Z,194.08,195.19,189.68,191.32,260539405
2021-06-20T16:00:00Z,191.32,194.04,190.36,192.42,256828604
2021-06-20T20:00:00Z,192.42,194.01,190.33,193.04,227600198
2021-06-21T00:00:00Z,193.04,196.40,192.24,194.68,199349764
2021-06-21T04:00:00Z,194.68,195.68,192.14,194.26,258730291
2021-06-21T08:00:00Z,194.26,196.88,193.13,194.47,293997403
2021-06-21T12:00:00Z,194.47,195.63,190.64,192.05,283171279
2021-06-21T16:00:00Z,192.05,193.78,190.29,191.44,232141149
2021-06-21T20:00:00Z,191.44,193.16,188.99,192.07,228949483
2021-06-22T00:00:00Z,192.07,197.30,191.33,196.20,273844875
2021-06-22T04:00:00Z,196.20,197.79,194.69,197.05,279262684
2021-06-22T08:00:00Z,197.05,199.16,194.80,195.65,239734935
2021-06-22T12:00:00Z,195.65,196.79,190.74,191.96,179573980
2021-06-22T16:00:00Z,191.96,194.12,190.81,192.46,225247571
2021-06-22T20:00:00Z,192.46,194.80,190.71,193.65,274406661
2021-06-23T00:00:00Z,193.65,197.17,192.72,195.22,280282959
2021-06-23T04:00:00Z,195.22,195.93,191.63,193.02,243435274
2021-06-23T08:00:00Z,193.02,194.58,190.63,191.33,219991759
2021-06-23T12:00:00Z,191.33,192.35,187.22,188.35,273439718
2021-06-23T16:00:00Z,188.35,190.01,186.25,187.26,295307498
2021-06-23T20:00:00Z,187.26,188.37,184.00,185.88,270721228
2021-06-24T00:00:00Z,185.88,189.11,184.86,187.53,208609332
2021-06-24T04:00:00Z,187.53,188.39,185.33,187.36,214556105
2021-06-24T08:00:00Z,187.36,189.33,184.91,185.75,251408003
2021-06-24T12:00:00Z,185.75,186.60,180.03,180.75,263865178
2021-06-24T16:00:00Z,180.75,181.91,178.37,179.21,240056014
2021-06-24T20:00:00Z,179.21,180.68,176.92,179.69,204267646
2021-06-25T00:00:00Z,179.69,183.64,178.62,181.97,256055105
2021-06-25T04:00:00Z,181.97,182.94,178.67,179.87,294617204
2021-06-25T08:00:00Z,179.87,180.94,176.33,177.28,287553468
2021-06-25T12:00:00Z,177.28,177.92,172.89,174.36,238456292
2021-06-25T16:00:00Z,174.36,176.77,173.52,175.02,217933202
2021-06-25T20:00:00Z,175.02,176.09,172.81,175.25,264742554
2021-06-26T00:00:00Z,175.25,178.67,174.19,177.24,274491950
2021-06-26T04:00:00Z,177.24,178.77,175.44,177.71,239408605
2021-06-26T08:00:00Z,177.71,180.54,176.77,178.38,186278821
2021-06-26T12:00:00Z,178.38,179.14,174.56,175.86,224041765
2021-06-26T16:00:00Z,175.86,177.61,174.61,175.35,276719423
2021-06-26T20:00:00Z,175.35,177.09,173.18,176.41,286950658
2021-06-27T00:00:00Z,176.41,181.46,175.39,180.57,252922059
2021-06-27T04:00:00Z,180.57,181.90,179.03,180.87,216633207
2021-06-27T08:00:00Z,180.87,182.55,178.13,179.21,266629123
2021-06-27T12:00:00Z,179.21,180.12,174.66,176.08,291896389
2021-06-27T16:00:00Z,176.08,178.81,175.35,177.40,271234068
2021-06-27T20:00:00Z,177.40,179.84,175.94,179.11,211297519
2021-06-28T00:00:00Z,179.11,182.86,178.20,181.38,200822924
2021-06-28T04:00:00Z,181.38,182.42,178.86,180.58,247219385
2021-06-28T08:00:00Z,180.58,182.72,179.36,180.40,271283024
2021-06-28T12:00:00Z,180.40,181.43,176.78,178.21,251616733
2021-06-28T16:00:00Z,178.21,180.00,176.35,177.37,208391094
2021-06-28T20:00:00Z,177.37,178.06,174.35,176.46,252092195
2021-06-29T00:00:00Z,176.46,180.08,175.72,178.72,293597679
2021-06-29T04:00:00Z,178.72,179.64,176.67,178.57,290325598
2021-06-29T08:00:00Z,178.57,180.24,175.64,176.56,243547323
2021-06-29T12:00:00Z,176.56,177.61,170.65,171.65,210164490
2021-06-29T16:00:00Z,171.65,172.92,169.91,170.93,254438569
2021-06-29T20:00:00Z,170.93,173.15,169.05,172.18,268612449
2021-06-30T00:00:00Z,172.18,176.39,171.52,174.83,241753498
2021-06-30T04:00:00Z,174.83,175.58,172.02,173.33,196290204
2021-06-30T08:00:00Z,173.33,174.89,171.11,171.86,222094622
2021-06-30T12:00:00Z,171.86,172.86,168.31,169.80,277747521
2021-06-30T16:00:00Z,169.80,172.17,168.78,170.45,292130758
2021-06-30T20:00:00Z,170.45,171.40,168.18,170.37,261081826
2021-07-01T00:00:00Z,170.37,173.86,169.56,172.47,216416007
2021-07-01T04:00:00Z,172.47,173.94,170.63,173.13,258379790
2021-07-01T08:00:00Z,173.13,175.90,172.34,173.50,286937147
2021-07-01T12:00:00Z,173.50,174.43,169.64,170.66,270466859
2021-07-01T16:00:00Z,170.66,172.43,169.64,170.63,213293994
2021-07-01T20:00:00Z,170.63,173.87,169.03,172.84,187796568
2021-07-02T00:00:00Z,172.84,179.00,171.89,177.95,248130678
2021-07-02T04:00:00Z,177.95,179.87,176.60,178.90,277658596
2021-07-02T08:00:00Z,178.90,181.10,177.46,178.27,262107126
2021-07-02T12:00:00Z,178.27,179.09,174.84,176.53,215858159
2021-07-02T16:00:00Z,176.53,179.79,175.56,178.75,246822631
2021-07-02T20:00:00Z,178.75,181.56,177.33,180.56,290927433
2021-07-03T00:00:00Z,180.56,184.53,179.49,182.95,291479163
2021-07-03T04:00:00Z,182.95,183.93,180.72,182.78,247418339
2021-07-03T08:00:00Z,182.78,185.47,181.97,183.21,201525941
2021-07-03T12:00:00Z,183.21,183.89,179.73,181.18,243095002
2021-07-03T16:00:00Z,181.18,183.13,180.04,180.71,261768466
2021-07-03T20:00:00Z,180.71,181.88,178.20,181.01,250392445
2021-07-04T00:00:00Z,181.01,185.79,179.91,184.75,210080285
2021-07-04T04:00:00Z,184.75,186.66,183.36,185.55,219324891
2021-07-04T08:00:00Z,185.55,187.55,183.06,184.14,277406204
2021-07-04T12:00:00Z,184.14,184.91,178.93,180.11,295732548
2021-07-04T16:00:00Z,180.11,182.03,179.41,180.28,267830509
2021-07-04T20:00:00Z,180.28,182.32,178.48,181.61,215106246
2021-07-05T00:00:00Z,181.61,185.24,180.57,183.65,248785684
2021-07-05T04:00:00Z,183.65,184.74,180.44,181.79,280527049
2021-07-05T08:00:00Z,181.79,183.31,179.35,180.44,268508908
2021-07-05T12:00:00Z,180.44,181.35,176.76,178.31,214683854
2021-07-05T16:00:00Z,178.31,180.65,177.57,178.56,185172160
2021-07-05T20:00:00Z,178.56,179.28,176.08,178.51,248842072
2021-07-06T00:00:00Z,178.51,182.44,177.59,181.38,282847691
2021-07-06T04:00:00Z,181.38,183.71,179.97,182.78,271369748
2021-07-06T08:00:00Z,182.78,185.56,181.68,183.23,222315664
2021-07-06T12:00:00Z,183.23,184.27,178.98,180.28,240252675
2021-07-06T16:00:00Z,180.28,182.25,179.38,180.50,286623852
2021-07-06T20:00:00Z,180.50,183.73,178.98,182.83,291033999
2021-07-07T00:00:00Z,182.83,188.39,182.05,187.30,250097400
2021-07-07T04:00:00Z,187.30,188.27,185.42,187.35,196399484
2021-07-07T08:00:00Z,187.35,189.31,185.46,186.44,230890238
2021-07-07T12:00:00Z,186.44,187.54,183.06,184.96,259041708
2021-07-07T16:00:00Z,184.96,188.57,183.91,187.23,260512324
2021-07-07T20:00:00Z,187.23,190.04,185.75,188.98,223208527
2021-07-08T00:00:00Z,188.98,193.35,188.27,191.94,215666451
2021-07-08T04:00:00Z,191.94,193.64,190.15,192.92,275633372
2021-07-08T08:00:00Z,192.92,196.15,191.89,194.12,297692061
2021-07-08T12:00:00Z,194.12,195.26,190.76,192.15,273110975
2021-07-08T16:00:00Z,192.15,193.88,190.55,191.68,216975310
2021-07-08T20:00:00Z,191.68,193.42,189.34,192.28,237966069
2021-07-09T00:00:00Z,192.28,197.21,191.36,195.97,272786989
2021-07-09T04:00:00Z,195.97,196.91,194.06,195.99,265467783
2021-07-09T08:00:00Z,195.99,197.70,193.12,193.81,217788890
2021-07-09T12:00:00Z,193.81,194.85,188.72,189.74,187251118
2021-07-09T16:00:00Z,189.74,191.80,188.61,190.15,248651224
2021-07-09T20:00:00Z,190.15,192.48,188.43,191.34,286722965
2021-07-10T00:00:00Z,191.34,194.99,190.29,193.15,279268071
2021-07-10T04:00:00Z,193.15,194.03,190.03,191.62,231913187
2021-07-10T08:00:00Z,191.62,193.60,189.91,190.77,232414521
2021-07-10T12:00:00Z,190.77,191.65,187.02,188.40,280733027
2021-07-10T16:00:00Z,188.40,190.35,186.82,187.71,289037438
2021-07-10T20:00:00Z,187.71,188.82,184.78,186.81,251634943
2021-07-11T00:00:00Z,186.81,190.51,185.70,189.07,190671682
2021-07-11T04:00:00Z,189.07,190.53,187.21,189.42,218598067
2021-07-11T08:00:00Z,189.42,191.64,187.32,188.32,261986076
2021-07-11T12:00:00Z,188.32,189.02,183.13,184.23,269685748
2021-07-11T16:00:00Z,184.23,186.02,183.34,184.14,235486844
2021-07-11T20:00:00Z,184.14,187.21,182.53,186.31,215311209
2021-07-12T00:00:00Z,186.31,191.49,185.18,190.24,272391611
2021-07-12T04:00:00Z,190.24,191.35,188.15,189.88,297973466
2021-07-12T08:00:00Z,189.88,191.88,188.04,189.14,276893627
2021-07-12T12:00:00Z,189.14,189.94,185.88,187.79,217807395
2021-07-12T16:00:00Z,187.79,190.96,187.05,189.38,226063405
2021-07-12T20:00:00Z,189.38,190.81,187.32,190.06,263858771
2021-07-13T00:00:00Z,190.06,193.69,188.97,192.35,261466258
2021-07-13T04:00:00Z,192.35,194.02,190.51,192.91,227360592
2021-07-13T08:00:00Z,192.91,195.62,191.79,193.30,193192480
2021-07-13T12:00:00Z,193.30,194.28,189.10,190.34,247462827
2021-07-13T16:00:00Z,190.34,192.05,188.65,189.61,289177061
2021-07-13T20:00:00Z,189.61,191.44,187.40,190.67,285689187
2021-07-14T00:00:00Z,190.67,195.72,189.69,194.69,240313081
2021-07-14T04:00:00Z,194.69,195.81,192.79,194.59,223366436
2021-07-14T08:00:00Z,194.59,196.27,191.34,192.46,273329044
2021-07-14T12:00:00Z,192.46,193.54,187.42,188.80,285562903
2021-07-14T16:00:00Z,188.80,191.02,187.86,189.19,252101713
2021-07-14T20:00:00Z,189.19,190.39,186.96,189.46,188722340
2021-07-15T00:00:00Z,189.46,192.38,188.66,190.16,211600475
2021-07-15T04:00:00Z,190.16,191.15,186.75,187.99,265208301
2021-07-15T08:00:00Z,187.99,189.67,185.61,186.59,277747118
2021-07-15T12:00:00Z,186.59,187.70,182.07,183.22,246742956
2021-07-15T16:00:00Z,183.22,184.56,180.48,181.56,213959824
2021-07-15T20:00:00Z,181.56,182.43,178.38,180.48,267669689
2021-07-16T00:00:00Z,180.48,184.36,179.80,183.00,296569856
2021-07-16T04:00:00Z,183.00,183.83,181.11,183.15,279176423
2021-07-16T08:00:00Z,183.15,185.03,180.61,181.41,221890138
2021-07-16T12:00:00Z,181.41,182.47,175.99,176.94,213240758
2021-07-16T16:00:00Z,176.94,178.39,175.63,176.67,253901976
2021-07-16T20:00:00Z,176.67,179.11,174.95,178.05,260206566
2021-07-17T00:00:00Z,178.05,182.16,177.21,180.52,239713315
2021-07-17T04:00:00Z,180.52,181.16,177.52,178.94,198611196
2021-07-17T08:00:00Z,178.94,180.59,177.02,177.65,245197566
2021-07-17T12:00:00Z,177.65,178.61,174.28,175.83,290125335
2021-07-17T16:00:00Z,175.83,178.35,174.78,176.69,290545997
2021-07-17T20:00:00Z,176.69,178.08,174.67,177.03,247443297
2021-07-18T00:00:00Z,177.03,181.09,176.06,179.84,217432586
2021-07-18T04:00:00Z,179.84,182.11,178.32,181.13,264512681
2021-07-18T08:00:00Z,181.13,184.09,180.48,181.67,280707914
2021-07-18T12:00:00Z,181.67,182.51,177.48,178.58,251586250
2021-07-18T16:00:00Z,178.58,180.26,177.24,178.08,187683966
2021-07-18T20:00:00Z,178.08,180.44,176.20,179.44,209844049
2021-07-19T00:00:00Z,179.44,184.40,178.37,183.09,267428355
2021-07-19T04:00:00Z,183.09,184.05,180.78,182.22,284546750
2021-07-19T08:00:00Z,182.22,183.55,178.92,179.87,256823687
2021-07-19T12:00:00Z,179.87,180.54,175.23,176.63,215815401
2021-07-19T16:00:00Z,176.63,179.02,175.77,177.33,261483497
2021-07-19T20:00:00Z,177.33,178.52,175.22,177.66,293503421
2021-07-20T00:00:00Z,177.66,180.62,176.59,178.88,279984261
2021-07-20T04:00:00Z,178.88,179.91,176.14,177.83,225021220
2021-07-20T08:00:00Z,177.83,179.98,176.26,177.29,199678711
2021-07-20T12:00:00Z,177.29,178.03,172.89,173.97,243114044
2021-07-20T16:00:00Z,173.97,175.21,171.43,172.15,265107330
2021-07-20T20:00:00Z,172.15,173.00,169.04,171.21,251287827
2021-07-21T00:00:00Z,171.21,174.89,170.22,173.69,207613536
2021-07-21T04:00:00Z,173.69,174.73,171.63,173.10,241794846
2021-07-21T08:00:00Z,173.10,174.55,169.50,170.53,289508099
2021-07-21T12:00:00Z,170.53,171.38,164.98,165.96,293778832
2021-07-21T16:00:00Z,165.96,167.78,165.28,166.11,253257890
2021-07-21T20:00:00Z,166.11,168.32,164.52,167.65,210450535
2021-07-22T00:00:00Z,167.65,171.52,166.78,170.15,254409513
2021-07-22T04:00:00Z,170.15,171.13,167.65,169.15,274591615
2021-07-22T08:00:00Z,169.15,171.09,167.88,168.86,250191983
2021-07-22T12:00:00Z,168.86,169.81,165.83,167.50,197275922
2021-07-22T16:00:00Z,167.50,169.97,166.67,168.13,208046490
2021-07-22T20:00:00Z,168.13,169.16,165.80,168.33,268532231
2021-07-23T00:00:00Z,168.33,172.51,167.61,171.44,289954187
2021-07-23T04:00:00Z,171.44,173.57,170.08,172.82,265597832
2021-07-23T08:00:00Z,172.82,175.53,171.80,173.00,216593154
2021-07-23T12:00:00Z,173.00,174.03,168.69,169.90,253876364
2021-07-23T16:00:00Z,169.90,171.83,168.95,170.33,288824991
2021-07-23T20:00:00Z,170.33,173.91,169.04,172.95,279367793
2021-07-24T00:00:00Z,172.95,178.59,172.30,177.50,227257894
2021-07-24T04:00:00Z,177.50,178.29,175.68,177.53,189812207
2021-07-24T08:00:00Z,177.53,179.50,175.83,176.62,236872839
2021-07-24T12:00:00Z,176.62,177.66,173.25,174.89,271152963
2021-07-24T16:00:00Z,174.89,177.85,173.84,176.31,261900079
2021-07-24T20:00:00Z,176.31,177.83,174.37,176.78,215808639
2021-07-25T00:00:00Z,176.78,180.05,175.95,178.40,237215122
2021-07-25T04:00:00Z,178.40,179.03,176.04,178.09,287292362
2021-07-25T08:00:00Z,178.09,180.55,177.27,177.91,295356502
2021-07-25T12:00:00Z,177.91,178.88,173.76,174.62,257737221
2021-07-25T16:00:00Z,174.62,175.97,172.40,173.35,206761564
2021-07-25T20:00:00Z,173.35,174.75,171.06,173.72,243167482
2021-07-26T00:00:00Z,173.72,178.56,172.77,177.43,267351849
2021-07-26T04:00:00Z,177.43,178.46,175.64,177.51,250487037
2021-07-26T08:00:00Z,177.51,179.14,174.81,175.59,211141821
2021-07-26T12:00:00Z,175.59,176.41,170.84,172.04,205637000
2021-07-26T16:00:00Z,172.04,174.34,171.08,172.92,268422362
2021-07-26T20:00:00Z,172.92,175.26,171.35,174.28,293861151
2021-07-27T00:00:00Z,174.28,177.96,173.25,176.28,272958549
2021-07-27T04:00:00Z,176.28,177.21,173.64,175.28,220513244
2021-07-27T08:00:00Z,175.28,177.58,174.34,175.27,244918794
2021-07-27T12:00:00Z,175.27,175.93,172.21,173.84,282612965
2021-07-27T16:00:00Z,173.84,176.27,172.99,174.36,277401671
2021-07-27T20:00:00Z,174.36,176.07,172.22,175.21,228674304
2021-07-28T00:00:00Z,175.21,180.61,174.15,179.59,180271342
2021-07-28T04:00:00Z,179.59,183.03,178.52,181.94,236258304
2021-07-28T08:00:00Z,181.94,184.97,180.99,182.58,276171770
2021-07-28T12:00:00Z,182.58,183.34,178.62,180.12,271380423
2021-07-28T16:00:00Z,180.12,182.80,179.40,181.50,227303449
2021-07-28T20:00:00Z,181.50,185.36,180.17,184.62,231441742
2021-07-29T00:00:00Z,184.62,190.02,183.55,188.96,283472974
2021-07-29T04:00:00Z,188.96,190.09,187.08,188.85,295276701
2021-07-29T08:00:00Z,188.85,190.91,187.36,188.49,260887548
2021-07-29T12:00:00Z,188.49,189.43,185.47,187.50,202216955
2021-07-29T16:00:00Z,187.50,190.88,186.74,189.32,230953999
2021-07-29T20:00:00Z,189.32,191.10,187.44,190.34,259141861
2021-07-30T00:00:00Z,190.34,194.43,189.36,193.28,257013611
2021-07-30T04:00:00Z,193.28,195.52,191.68,194.51,224453919
2021-07-30T08:00:00Z,194.51,197.42,193.34,195.22,206776835
2021-07-30T12:00:00Z,195.22,196.32,190.98,192.27,267020525
2021-07-30T16:00:00Z,192.27,193.94,190.42,191.50,296184020
2021-07-30T20:00:00Z,191.50,193.38,189.20,192.44,278825196
2021-07-31T00:00:00Z,192.44,197.34,191.61,196.04,223309532
2021-07-31T04:00:00Z,196.04,197.07,193.80,195.39,234707553
2021-07-31T08:00:00Z,195.39,196.96,192.06,193.08,274971645
2021-07-31T12:00:00Z,193.08,194.22,188.29,189.78,274182287
2021-07-31T16:00:00Z,189.78,192.42,188.71,190.84,229358747
2021-07-31T20:00:00Z,190.84,193.08,189.02,192.01,180656711
2021-08-01T00:00:00Z,192.01,195.78,191.30,194.07,235990012
2021-08-01T04:00:00Z,194.07,194.93,191.61,193.75,280028331
2021-08-01T08:00:00Z,193.75,196.50,192.70,194.26,279577127
2021-08-01T12:00:00Z,194.26,195.40,191.02,192.52,237713754
2021-08-01T16:00:00Z,192.52,194.45,191.23,192.37,224482302
2021-08-01T20:00:00Z,192.37,194.02,189.98,192.87,278073189
2021-08-02T00:00:00Z,192.87,197.97,191.97,196.89,293565809
2021-08-02T04:00:00Z,196.89,199.17,195.54,198.27,262740042
2021-08-02T08:00:00Z,198.27,200.81,197.03,197.73,201167481
2021-08-02T12:00:00Z,197.73,198.81,193.51,194.81,217952600
2021-08-02T16:00:00Z,194.81,197.66,193.64,196.39,253919877
2021-08-02T20:00:00Z,196.39,200.76,195.05,199.57,265877925
2021-08-03T00:00:00Z,199.57,205.07,198.49,203.72,237014564
2021-08-03T04:00:00Z,203.72,204.96,201.62,203.86,207129968
2021-08-03T08:00:00Z,203.86,206.52,203.11,204.23,264270339
2021-08-03T12:00:00Z,204.23,205.20,201.34,203.54,296865787
2021-08-03T16:00:00Z,203.54,206.59,202.39,204.84,283144583
2021-08-03T20:00:00Z,204.84,206.39,202.62,205.24,229221451
2021-08-04T00:00:00Z,205.24,209.43,204.03,207.96,223364196
2021-08-04T04:00:00Z,207.96,210.07,206.18,208.85,266029033
2021-08-04T08:00:00Z,208.85,211.65,207.56,208.65,269825055
2021-08-04T12:00:00Z,208.65,209.45,203.70,204.90,230778291
2021-08-04T16:00:00Z,204.90,206.57,203.34,204.13,186390639
2021-08-04T20:00:00Z,204.13,206.46,201.99,205.44,234926405
2021-08-05T00:00:00Z,205.44,210.42,204.20,208.98,282603583
2021-08-05T04:00:00Z,208.98,210.19,206.39,207.99,286359516
2021-08-05T08:00:00Z,207.99,209.44,204.51,205.70,246918170
2021-08-05T12:00:00Z,205.70,206.54,200.94,202.52,220609714
2021-08-05T16:00:00Z,202.52,204.92,201.71,202.92,271144600
2021-08-05T20:00:00Z,202.92,203.94,200.35,202.66,290278070
2021-08-06T00:00:00Z,202.66,205.53,201.49,203.41,263349230
2021-08-06T04:00:00Z,203.41,204.62,200.40,202.15,199468961
2021-08-06T08:00:00Z,202.15,204.26,200.27,201.48,204496193
2021-08-06T12:00:00Z,201.48,202.49,196.95,198.17,254902777
2021-08-06T16:00:00Z,198.17,199.69,195.85,196.83,273771773
2021-08-06T20:00:00Z,196.83,197.75,194.10,196.98,248638566
2021-08-07T00:00:00Z,196.98,201.76,195.95,200.76,210857667
2021-08-07T04:00:00Z,200.76,202.41,199.12,201.36,260139303
2021-08-07T08:00:00Z,201.36,203.31,198.78,199.95,295877467
2021-08-07T12:00:00Z,199.95,201.07,195.08,196.57,285891632
2021-08-07T16:00:00Z,196.57,199.16,195.61,197.63,234001797
2021-08-07T20:00:00Z,197.63,200.47,196.05,199.51,211033005
2021-08-08T00:00:00Z,199.51,203.64,198.64,201.95,255934106
2021-08-08T04:00:00Z,201.95,203.01,199.18,200.91,264461333
2021-08-08T08:00:00Z,200.91,203.12,199.50,200.57,238504734
2021-08-08T12:00:00Z,200.57,201.76,197.20,198.95,196375609
2021-08-08T16:00:00Z,198.95,201.31,197.84,199.22,232977399
2021-08-08T20:00:00Z,199.22,200.35,196.60,199.25,283797914
2021-08-09T00:00:00Z,199.25,203.65,198.52,202.33,291620671
2021-08-09T04:00:00Z,202.33,204.11,200.69,203.38,254819850
2021-08-09T08:00:00Z,203.38,205.97,201.82,202.74,215610957
2021-08-09T12:00:00Z,202.74,203.93,197.46,198.54,262766455
2021-08-09T16:00:00Z,198.54,199.99,196.48,197.66,285494163
2021-08-09T20:00:00Z,197.66,199.69,195.49,198.51,262790947
2021-08-10T00:00:00Z,198.51,202.60,197.59,200.78,201471132
2021-08-10T04:00:00Z,200.78,201.48,197.18,198.41,195980835
2021-08-10T08:00:00Z,198.41,199.71,194.68,195.38,256873973
2021-08-10T12:00:00Z,195.38,196.45,190.63,191.76,280537852
2021-08-10T16:00:00Z,191.76,193.69,190.32,191.38,259156850
2021-08-10T20:00:00Z,191.38,192.50,188.45,190.30,213629210
2021-08-11T00:00:00Z,190.30,192.89,189.28,190.90,254620315
2021-08-11T04:00:00Z,190.90,191.74,188.10,189.87,293218892
2021-08-11T08:00:00Z,189.87,191.99,188.01,188.84,287069405
2021-08-11T12:00:00Z,188.84,189.74,183.74,184.52,237667347
2021-08-11T16:00:00Z,184.52,185.66,181.42,182.30,202118719
2021-08-11T20:00:00Z,182.30,183.38,179.43,181.79,244853678
2021-08-12T00:00:00Z,181.79,185.91,180.71,184.43,260914021
2021-08-12T04:00:00Z,184.43,185.40,181.92,183.31,249865703
2021-08-12T08:00:00Z,183.31,184.51,179.54,180.48,205829128
2021-08-12T12:00:00Z,180.48,181.17,175.26,176.50,230067771
2021-08-12T16:00:00Z,176.50,178.74,175.63,177.18,283533874
2021-08-12T20:00:00Z,177.18,179.27,175.45,178.39,295279622
2021-08-13T00:00:00Z,178.39,182.02,177.31,180.40,261347936
2021-08-13T04:00:00Z,180.40,181.44,177.89,179.66,213778638
2021-08-13T08:00:00Z,179.66,182.04,178.70,179.74,253044364
2021-08-13T12:00:00Z,179.74,180.47,176.35,177.86,279319235
2021-08-13T16:00:00Z,177.86,179.84,176.72,177.45,261159816
2021-08-13T20:00:00Z,177.45,178.34,174.72,177.16,203831999
2021-08-14T00:00:00Z,177.16,181.22,176.14,180.14,193272145
2021-08-14T04:00:00Z,180.14,181.68,178.59,180.63,257917521
2021-08-14T08:00:00Z,180.63,182.49,178.08,179.16,286034539
2021-08-14T12:00:00Z,179.16,180.04,173.78,174.78,268419774
2021-08-14T16:00:00Z,174.78,176.45,173.64,174.51,219615824
2021-08-14T20:00:00Z,174.51,176.63,172.75,175.95,247732631
2021-08-15T00:00:00Z,175.95,179.91,175.02,178.46,288918890
2021-08-15T04:00:00Z,178.46,179.50,175.46,176.63,286708523
2021-08-15T08:00:00Z,176.63,178.04,173.62,174.64,240257180
2021-08-15T12:00:00Z,174.64,175.61,170.37,171.74,192532039
2021-08-15T16:00:00Z,171.74,173.65,170.23,171.19,232968887
2021-08-15T20:00:00Z,171.19,171.84,168.04,169.69,263523328
2021-08-16T00:00:00Z,169.69,172.15,168.94,170.25,260390092
2021-08-16T04:00:00Z,170.25,171.15,167.61,169.21,218827255
2021-08-16T08:00:00Z,169.21,170.95,166.75,167.64,226139889
2021-08-16T12:00:00Z,167.64,168.63,161.79,162.75,281758419
2021-08-16T16:00:00Z,162.75,163.67,159.78,160.74,297282987
2021-08-16T20:00:00Z,160.74,161.88,158.25,160.99,266458410
2021-08-17T00:00:00Z,160.99,165.38,160.41,164.10,210918481
2021-08-17T04:00:00Z,164.10,164.83,161.84,163.09,242108436
2021-08-17T08:00:00Z,163.09,164.43,159.99,160.72,271880400
2021-08-17T12:00:00Z,160.72,161.66,156.26,157.51,258566338
2021-08-17T16:00:00Z,157.51,159.86,156.57,158.39,211824076
2021-08-17T20:00:00Z,158.39,160.00,156.61,159.06,195342695
2021-08-18T00:00:00Z,159.06,162.24,158.33,160.64,257926898
2021-08-18T04:00:00Z,160.64,161.21,158.22,160.05,290139198
2021-08-18T08:00:00Z,160.05,162.48,159.30,160.30,276300008
2021-08-18T12:00:00Z,160.30,161.18,157.12,158.26,224500661
2021-08-18T16:00:00Z,158.26,160.06,157.17,158.05,239522223
2021-08-18T20:00:00Z,158.05,159.85,156.09,158.90,283034847
2021-08-19T00:00:00Z,158.90,164.32,158.04,163.36,284865983
2021-08-19T04:00:00Z,163.36,165.75,162.31,164.87,241830796
2021-08-19T08:00:00Z,164.87,167.15,163.49,164.20,186678169
2021-08-19T12:00:00Z,164.20,164.98,159.87,161.04,224489982
2021-08-19T16:00:00Z,161.04,163.30,160.13,162.06,268193745
2021-08-19T20:00:00Z,162.06,165.01,160.68,164.08,269900551
2021-08-20T00:00:00Z,164.08,168.20,163.11,166.65,230948889
2021-08-20T04:00:00Z,166.65,167.51,163.86,165.24,221156057
2021-08-20T08:00:00Z,165.24,166.98,163.38,164.24,278444643
2021-08-20T12:00:00Z,164.24,164.87,160.73,162.17,297606029
2021-08-20T16:00:00Z,162.17,164.32,161.37,162.18,270134339
2021-08-20T20:00:00Z,162.18,163.10,159.59,161.70,211339920
2021-08-21T00:00:00Z,161.70,165.24,160.72,164.00,230110859
2021-08-21T04:00:00Z,164.00,165.55,162.43,164.56,263323795
2021-08-21T08:00:00Z,164.56,166.82,162.93,163.88,256696474
2021-08-21T12:00:00Z,163.88,164.54,158.79,159.65,224824412
2021-08-21T16:00:00Z,159.65,160.85,157.95,158.59,196907142
2021-08-21T20:00:00Z,158.59,160.22,156.54,159.56,256811086
2021-08-22T00:00:00Z,159.56,163.80,158.63,162.58,292751099
2021-08-22T04:00:00Z,162.58,163.55,159.98,161.21,282694952
2021-08-22T08:00:00Z,161.21,162.50,158.14,159.09,232471899
2021-08-22T12:00:00Z,159.09,159.87,155.12,156.59,230061547
2021-08-22T16:00:00Z,156.59,159.33,155.97,157.93,275651634
2021-08-22T20:00:00Z,157.93,159.54,156.22,158.93,281623416
2021-08-23T00:00:00Z,158.93,162.58,158.09,161.46,242465759
2021-08-23T04:00:00Z,161.46,163.19,159.80,162.34,180711731
2021-08-23T08:00:00Z,162.34,165.39,161.36,163.65,222426919
2021-08-23T12:00:00Z,163.65,164.56,160.54,161.97,271873276
2021-08-23T16:00:00Z,161.97,164.03,161.19,162.16,278234162
2021-08-23T20:00:00Z,162.16,164.56,160.34,163.77,242030645
2021-08-24T00:00:00Z,163.77,169.40,163.05,168.69,219340705
2021-08-24T04:00:00Z,168.69,170.81,167.55,170.06,273592946
2021-08-24T08:00:00Z,170.06,172.25,168.52,169.43,296253073
2021-08-24T12:00:00Z,169.43,170.43,165.54,167.14,272385504
2021-08-24T16:00:00Z,167.14,170.48,166.21,169.39,210862675
2021-08-24T20:00:00Z,169.39,173.27,168.45,172.33,217223007
2021-08-25T00:00:00Z,172.33,177.15,171.70,175.83,253811265
2021-08-25T04:00:00Z,175.83,176.62,173.81,175.98,261010358
2021-08-25T08:00:00Z,175.98,178.69,175.02,176.70,237441473
2021-08-25T12:00:00Z,176.70,177.74,174.00,175.62,202097028
2021-08-25T16:00:00Z,175.62,177.84,174.58,175.97,254497476
2021-08-25T20:00:00Z,175.97,177.01,173.54,175.97,293793890
2021-08-26T00:00:00Z,175.97,180.19,175.17,178.97,287528592
2021-08-26T04:00:00Z,178.97,180.56,177.36,179.75,239231794
2021-08-26T08:00:00Z,179.75,182.02,178.14,178.79,219448678
2021-08-26T12:00:00Z,178.79,179.77,173.86,174.70,266879964
2021-08-26T16:00:00Z,174.70,176.29,173.54,174.51,277084815
2021-08-26T20:00:00Z,174.51,177.42,172.90,176.37,242254969
2021-08-27T00:00:00Z,176.37,181.15,175.42,179.76,184213923
2021-08-27T04:00:00Z,179.76,180.54,177.30,178.82,221355985
2021-08-27T08:00:00Z,178.82,180.52,176.79,177.56,274435215
2021-08-27T12:00:00Z,177.56,178.41,174.13,175.70,285245940
2021-08-27T16:00:00Z,175.70,178.38,174.71,176.77,251929608
2021-08-27T20:00:00Z,176.77,178.04,174.69,177.04,216430325
2021-08-28T00:00:00Z,177.04,180.66,176.00,179.21,267231609
2021-08-28T04:00:00Z,179.21,180.94,177.37,179.90,293257320
2021-08-28T08:00:00Z,179.90,182.83,179.13,180.57,273247442
2021-08-28T12:00:00Z,180.57,181.27,176.77,178.11,213806513
2021-08-28T16:00:00Z,178.11,180.13,177.22,178.24,203632118
2021-08-28T20:00:00Z,178.24,181.39,176.62,180.48,246421703
2021-08-29T00:00:00Z,180.48,186.91,179.39,185.85,268536191
2021-08-29T04:00:00Z,185.85,188.36,184.68,187.24,249227599
2021-08-29T08:00:00Z,187.24,189.62,185.78,186.86,206545748
2021-08-29T12:00:00Z,186.86,187.61,183.33,185.20,250934371
2021-08-29T16:00:00Z,185.20,188.84,184.43,187.65,293217557
2021-08-29T20:00:00Z,187.65,190.75,186.28,189.97,290752786
2021-08-30T00:00:00Z,189.97,194.16,188.86,192.77,244748548
2021-08-30T04:00:00Z,192.77,193.93,190.71,192.80,212046189
2021-08-30T08:00:00Z,192.80,195.52,191.70,193.51,256854178
2021-08-30T12:00:00Z,193.51,194.46,190.38,192.02,271373818
2021-08-30T16:00:00Z,192.02,194.33,191.13,192.07,242226066
2021-08-30T20:00:00Z,192.07,193.31,189.64,192.57,193492733
2021-08-31T00:00:00Z,192.57,197.36,191.56,196.45,219609623
2021-08-31T04:00:00Z,196.45,198.61,195.05,197.57,275768548
2021-08-31T08:00:00Z,197.57,199.67,195.32,196.48,290811951
2021-08-31T12:00:00Z,196.48,197.57,191.23,192.44,260525906
2021-08-31T16:00:00Z,192.44,194.35,191.33,192.41,216666275
2021-08-31T20:00:00Z,192.41,194.61,190.49,193.69,259416752
2021-09-01T00:00:00Z,193.69,197.55,192.83,195.78,288680035
2021-09-01T04:00:00Z,195.78,196.82,192.56,193.70,272779921
2021-09-01T08:00:00Z,193.70,195.22,190.86,191.89,215997069
2021-09-01T12:00:00Z,191.89,193.02,187.83,189.40,189537630
2021-09-01T16:00:00Z,189.40,191.58,188.32,189.45,245293180
2021-09-01T20:00:00Z,189.45,190.33,186.73,189.01,275087156
2021-09-02T00:00:00Z,189.01,192.67,188.34,191.20,260002030
2021-09-02T04:00:00Z,191.20,192.60,189.33,191.93,214383373
2021-09-02T08:00:00Z,191.93,194.68,190.88,191.93,246093023
2021-09-02T12:00:00Z,191.93,193.06,187.37,188.47,290999831
2021-09-02T16:00:00Z,188.47,189.97,186.79,187.91,292347931
2021-09-02T20:00:00Z,187.91,190.58,186.02,189.46,249015808
2021-09-03T00:00:00Z,189.46,194.71,188.59,193.43,203727684
2021-09-03T04:00:00Z,193.43,194.13,191.35,193.10,245729529
2021-09-03T08:00:00Z,193.10,194.89,190.91,191.61,264630576
2021-09-03T12:00:00Z,191.61,192.67,187.89,189.50,247666579
2021-09-03T16:00:00Z,189.50,192.76,188.36,191.41,207432156
2021-09-03T20:00:00Z,191.41,194.15,189.85,193.00,217101655
2021-09-04T00:00:00Z,193.00,197.14,191.97,195.62,275781029
2021-09-04T04:00:00Z,195.62,197.13,193.53,196.09,294832019
2021-09-04T08:00:00Z,196.09,199.12,195.35,196.97,267724765
2021-09-04T12:00:00Z,196.97,197.93,193.55,194.91,215803524
2021-09-04T16:00:00Z,194.91,196.81,193.30,194.25,250231675
2021-09-04T20:00:00Z,194.25,195.53,191.73,194.42,282609122
2021-09-05T00:00:00Z,194.42,199.12,193.28,197.80,271064895
2021-09-05T04:00:00Z,197.80,198.91,195.88,197.76,217514671
2021-09-05T08:00:00Z,197.76,199.43,194.49,195.49,183658676
2021-09-05T12:00:00Z,195.49,196.26,189.91,191.06,246127295
2021-09-05T16:00:00Z,191.06,193.00,190.10,191.06,280514748
2021-09-05T20:00:00Z,191.06,193.02,189.10,192.05,269600351
2021-09-06T00:00:00Z,192.05,195.55,190.89,193.67,221247626
2021-09-06T04:00:00Z,193.67,194.78,190.18,191.62,239969188
2021-09-06T08:00:00Z,191.62,193.22,188.99,190.08,287146996
2021-09-06T12:00:00Z,190.08,190.84,185.82,187.20,292323025
2021-09-06T16:00:00Z,187.20,188.92,185.35,186.09,252051909
2021-09-06T20:00:00Z,186.09,187.03,182.76,184.53,198867240
2021-09-07T00:00:00Z,184.53,187.41,183.45,185.93,233679030
2021-09-07T04:00:00Z,185.93,187.04,183.81,185.57,258797409
2021-09-07T08:00:00Z,185.57,187.37,182.88,183.99,257741197
2021-09-07T12:00:00Z,183.99,184.88,178.27,179.29,220774725
2021-09-07T16:00:00Z,179.29,180.64,177.50,178.37,213759540
2021-09-07T20:00:00Z,178.37,180.48,176.44,179.80,274401880
2021-09-08T00:00:00Z,179.80,184.43,178.84,183.26,297231908
2021-09-08T04:00:00Z,183.26,184.33,180.99,182.42,273457999
2021-09-08T08:00:00Z,182.42,184.03,179.90,180.97,218102486
2021-09-08T12:00:00Z,180.97,181.97,177.23,178.94,239785600
2021-09-08T16:00:00Z,178.94,181.78,178.08,180.18,275157154
2021-09-08T20:00:00Z,180.18,181.49,178.08,180.64,268203972
2021-09-09T00:00:00Z,180.64,184.04,179.83,182.53,218814637
2021-09-09T04:00:00Z,182.53,183.51,180.37,182.69,184434149
2021-09-09T08:00:00Z,182.69,185.35,181.61,183.00,246125792
2021-09-09T12:00:00Z,183.00,184.09,178.94,180.19,284685772
2021-09-09T16:00:00Z,180.19,181.76,178.39,179.45,277877794
2021-09-09T20:00:00Z,179.45,181.36,177.19,180.38,231278111
2021-09-10T00:00:00Z,180.38,185.57,179.74,184.47,232584114
2021-09-10T04:00:00Z,184.47,185.31,182.73,184.66,281694077
2021-09-10T08:00:00Z,184.66,186.34,181.85,182.70,290715091
2021-09-10T12:00:00Z,182.70,183.78,177.76,178.97,253898528
2021-09-10T16:00:00Z,178.97,181.05,177.91,179.38,193344890
2021-09-10T20:00:00Z,179.38,180.99,177.41,179.93,220889927
2021-09-11T00:00:00Z,179.93,182.96,179.12,180.85,259133949
2021-09-11T04:00:00Z,180.85,181.51,177.28,178.64,267078262
2021-09-11T08:00:00Z,178.64,180.26,176.52,177.18,233327097
2021-09-11T12:00:00Z,177.18,178.16,173.02,173.99,213767418
2021-09-11T16:00:00Z,173.99,175.41,171.57,172.54,271584021
2021-09-11T20:00:00Z,172.54,173.54,169.44,171.36,297964982
2021-09-12T00:00:00Z,171.36,174.98,170.45,173.65,277684907
2021-09-12T04:00:00Z,173.65,174.67,171.74,173.76,219336809
2021-09-12T08:00:00Z,173.76,175.59,171.34,172.07,228211828
2021-09-12T12:00:00Z,172.07,172.90,166.65,167.41,266458862
2021-09-12T16:00:00Z,167.41,168.83,165.96,166.78,264315501
2021-09-12T20:00:00Z,166.78,168.94,165.02,167.98,225184146
2021-09-13T00:00:00Z,167.98,172.08,167.00,170.51,190512831
2021-09-13T04:00:00Z,170.51,171.39,167.59,168.89,245188714
2021-09-13T08:00:00Z,168.89,170.38,166.53,167.38,287485612
2021-09-13T12:00:00Z,167.38,168.04,163.90,165.50,284712147
2021-09-13T16:00:00Z,165.50,168.16,164.66,166.61,240126551
2021-09-13T20:00:00Z,166.61,168.04,164.60,167.19,223984946
2021-09-14T00:00:00Z,167.19,171.21,166.18,170.04,274704417
2021-09-14T04:00:00Z,170.04,172.45,168.67,171.42,287588012
2021-09-14T08:00:00Z,171.42,174.47,170.55,172.36,254618825
2021-09-14T12:00:00Z,172.36,173.04,168.50,169.77,191535400
2021-09-14T16:00:00Z,169.77,171.56,168.90,169.57,210690724
2021-09-14T20:00:00Z,169.57,171.92,167.74,171.21,262466653
2021-09-15T00:00:00Z,171.21,176.39,170.20,175.44,275367265
2021-09-15T04:00:00Z,175.44,176.49,173.76,175.34,244910264
2021-09-15T08:00:00Z,175.34,176.89,172.55,173.59,212817040
2021-09-15T12:00:00Z,173.59,174.43,169.33,170.82,267305822
2021-09-15T16:00:00Z,170.82,173.61,170.16,172.18,297013248
2021-09-15T20:00:00Z,172.18,174.02,170.52,173.37,280392538
2021-09-16T00:00:00Z,173.37,176.76,172.44,175.26,223784254
2021-09-16T04:00:00Z,175.26,176.28,172.83,174.62,215665346
2021-09-16T08:00:00Z,174.62,176.80,173.51,174.54,256668185
2021-09-16T12:00:00Z,174.54,175.50,170.63,171.87,260566986
2021-09-16T16:00:00Z,171.87,173.35,169.63,170.58,236920061
2021-09-16T20:00:00Z,170.58,171.20,167.63,169.87,196134628
2021-09-17T00:00:00Z,169.87,173.76,169.10,172.54,243230580
2021-09-17T04:00:00Z,172.54,173.47,170.59,172.38,288821139
2021-09-17T08:00:00Z,172.38,173.97,169.31,170.23,290006171
2021-09-17T12:00:00Z,170.23,171.23,164.78,165.79,247709891
2021-09-17T16:00:00Z,165.79,167.51,164.88,165.94,218484833
2021-09-17T20:00:00Z,165.94,168.60,164.39,167.69,266268625
2021-09-18T00:00:00Z,167.69,171.95,167.09,170.47,283030783
2021-09-18T04:00:00Z,170.47,171.25,167.98,169.50,254295117
2021-09-18T08:00:00Z,169.50,171.52,168.25,169.04,189313241
2021-09-18T12:00:00Z,169.04,170.04,166.07,167.70,207009786
2021-09-18T16:00:00Z,167.70,170.24,166.70,168.55,264864464
2021-09-18T20:00:00Z,168.55,169.83,166.36,168.84,282452930
2021-09-19T00:00:00Z,168.84,173.00,168.08,171.85,255363025
2021-09-19T04:00:00Z,171.85,174.06,170.49,173.30,215101665
2021-09-19T08:00:00Z,173.30,176.23,172.47,173.85,261572281
2021-09-19T12:00:00Z,173.85,174.81,169.99,171.10,294387808
2021-09-19T16:00:00Z,171.10,173.08,170.07,171.66,281595368
2021-09-19T20:00:00Z,171.66,175.51,170.25,174.46,227233559
2021-09-20T00:00:00Z,174.46,180.54,173.54,179.49,202319964
2021-09-20T04:00:00Z,179.49,180.96,177.91,180.02,245954914
2021-09-20T08:00:00Z,180.02,182.13,178.59,179.35,262270382
2021-09-20T12:00:00Z,179.35,180.23,176.03,177.79,248646338
2021-09-20T16:00:00Z,177.79,180.89,176.78,179.63,205400823
2021-09-20T20:00:00Z,179.63,181.65,177.99,180.62,240183258
2021-09-21T00:00:00Z,180.62,184.17,179.57,182.54,288623160
2021-09-21T04:00:00Z,182.54,183.47,180.25,182.35,293689469
2021-09-21T08:00:00Z,182.35,184.95,181.53,182.46,253971063
2021-09-21T12:00:00Z,182.46,183.19,178.41,179.61,211910698
2021-09-21T16:00:00Z,179.61,181.18,177.83,178.56,256502932
2021-09-21T20:00:00Z,178.56,179.75,176.03,178.84,277155238
2021-09-22T00:00:00Z,178.84,183.63,177.76,182.51,253026131
2021-09-22T04:00:00Z,182.51,183.78,180.89,182.68,195650599
2021-09-22T08:00:00Z,182.68,184.33,179.66,180.69,205337417
2021-09-22T12:00:00Z,180.69,181.40,175.50,176.72,266209017
2021-09-22T16:00:00Z,176.72,178.77,175.98,177.12,288197786
2021-09-22T20:00:00Z,177.12,178.96,175.28,178.21,264545046
2021-09-23T00:00:00Z,178.21,181.57,177.16,179.90,216325985
2021-09-23T04:00:00Z,179.90,180.97,176.82,178.30,254415622
2021-09-23T08:00:00Z,178.30,180.12,176.53,177.59,290128671
2021-09-23T12:00:00Z,177.59,178.45,174.15,175.69,281334355
2021-09-23T16:00:00Z,175.69,177.95,174.98,175.83,229734162
2021-09-23T20:00:00Z,175.83,176.72,173.41,176.06,192605309
2021-09-24T00:00:00Z,176.06,180.47,175.12,179.64,236516379
2021-09-24T04:00:00Z,179.64,182.36,178.39,181.39,268386583
2021-09-24T08:00:00Z,181.39,184.03,180.30,181.61,259475175
2021-09-24T12:00:00Z,181.61,182.61,177.26,178.58,213914085
2021-09-24T16:00:00Z,178.58,180.72,177.73,179.19,235998481
2021-09-24T20:00:00Z,179.19,182.56,177.81,181.71,286848398
2021-09-25T00:00:00Z,181.71,186.93,180.89,185.73,295719795
2021-09-25T04:00:00Z,185.73,186.73,183.56,185.27,258879474
2021-09-25T08:00:00Z,185.27,187.12,183.35,184.35,208593807
2021-09-25T12:00:00Z,184.35,185.44,181.02,182.87,245547006
2021-09-25T16:00:00Z,182.87,186.03,181.86,184.49,270093314
2021-09-25T20:00:00Z,184.49,186.32,182.53,185.31,251400746
2021-09-26T00:00:00Z,185.31,189.23,184.65,187.78,208328628
2021-09-26T04:00:00Z,187.78,189.13,185.88,188.46,203119603
2021-09-26T08:00:00Z,188.46,191.32,187.41,188.82,266396839
2021-09-26T12:00:00Z,188.82,189.94,184.51,185.58,292485271
2021-09-26T16:00:00Z,185.58,186.97,183.16,184.26,272339476
2021-09-26T20:00:00Z,184.26,185.54,181.71,184.46,220699196
2021-09-27T00:00:00Z,184.46,188.90,183.63,187.47,245895289
2021-09-27T04:00:00Z,187.47,188.16,184.98,186.38,284303943
2021-09-27T08:00:00Z,186.38,187.78,182.72,183.41,279675426
2021-09-27T12:00:00Z,183.41,184.42,178.17,179.18,231353734
2021-09-27T16:00:00Z,179.18,181.09,178.10,179.38,182451727
2021-09-27T20:00:00Z,179.38,180.94,177.47,179.86,233408962
2021-09-28T00:00:00Z,179.86,182.92,178.91,181.07,273571425
2021-09-28T04:00:00Z,181.07,181.84,178.00,179.58,269231615
2021-09-28T08:00:00Z,179.58,181.59,178.14,178.89,225773545
2021-09-28T12:00:00Z,178.89,179.77,175.04,176.19,230649905
2021-09-28T16:00:00Z,176.19,177.78,174.18,175.04,283480879
2021-09-28T20:00:00Z,175.04,176.09,172.21,174.29,296083734
2021-09-29T00:00:00Z,174.29,178.29,173.27,177.02,262430850
2021-09-29T04:00:00Z,177.02,178.41,175.28,177.39,204376318
2021-09-29T08:00:00Z,177.39,179.38,175.09,175.99,233561232
2021-09-29T12:00:00Z,175.99,176.69,170.91,172.01,261993891
2021-09-29T16:00:00Z,172.01,174.00,171.14,172.45,254725688
2021-09-29T20:00:00Z,172.45,175.64,171.02,174.75,221780489
2021-09-30T00:00:00Z,174.75,179.57,173.69,178.23,204512890
2021-09-30T04:00:00Z,178.23,179.24,175.94,177.58,265342400
2021-09-30T08:00:00Z,177.58,179.58,175.97,176.98,295222424
2021-09-30T12:00:00Z,176.98,177.67,173.78,175.51,278655025
2021-09-30T16:00:00Z,175.51,178.13,174.77,176.34,223944044
2021-09-30T20:00:00Z,176.34,177.25,173.91,176.22,236097323
2021-10-01T00:00:00Z,176.22,179.58,175.19,178.23,277008426
2021-10-01T04:00:00Z,178.23,179.57,176.43,178.53,276707435
2021-10-01T08:00:00Z,178.53,180.84,176.99,178.05,232175583
2021-10-01T12:00:00Z,178.05,178.90,173.07,174.04,179634921
2021-10-01T16:00:00Z,174.04,175.30,171.95,172.78,233253636
2021-10-01T20:00:00Z,172.78,174.19,170.52,173.55,277657835
2021-10-02T00:00:00Z,173.55,177.93,172.61,176.77,277757144
2021-10-02T04:00:00Z,176.77,177.80,174.32,175.53,236586045
2021-10-02T08:00:00Z,175.53,176.85,171.69,172.71,224134702
2021-10-02T12:00:00Z,172.71,173.65,167.63,168.83,278532771
2021-10-02T16:00:00Z,168.83,170.77,167.79,168.72,294796778
2021-10-02T20:00:00Z,168.72,169.32,166.18,168.09,264646518
2021-10-03T00:00:00Z,168.09,170.55,167.33,168.27,203600971
2021-10-03T04:00:00Z,168.27,169.18,165.09,166.25,220723562
2021-10-03T08:00:00Z,166.25,167.87,164.04,164.94,254168138
2021-10-03T12:00:00Z,164.94,165.91,160.27,161.23,263088980
2021-10-03T16:00:00Z,161.23,162.31,158.44,159.38,234546505
2021-10-03T20:00:00Z,159.38,160.10,156.48,158.77,205175032
2021-10-04T00:00:00Z,158.77,162.97,158.19,161.85,262980794
2021-10-04T04:00:00Z,161.85,162.61,160.15,162.03,296342074
2021-10-04T08:00:00Z,162.03,163.68,159.44,160.19,283427494
2021-10-04T12:00:00Z,160.19,161.13,155.17,156.17,230288950
2021-10-04T16:00:00Z,156.17,158.05,155.25,156.61,225133136
2021-10-04T20:00:00Z,156.61,159.12,155.15,158.19,268361632
2021-10-05T00:00:00Z,158.19,162.07,157.49,160.52,272539631
2021-10-05T04:00:00Z,160.52,161.12,157.81,159.22,232295725
2021-10-05T08:00:00Z,159.22,161.10,158.00,158.60,183559701
2021-10-05T12:00:00Z,158.60,159.49,155.57,157.03,232370147
2021-10-05T16:00:00Z,157.03,159.30,156.09,157.60,280521106
2021-10-05T20:00:00Z,157.60,158.78,155.51,157.83,284913024
2021-10-06T00:00:00Z,157.83,162.01,157.01,160.98,246220330
2021-10-06T04:00:00Z,160.98,163.15,159.66,162.31,220714879
2021-10-06T08:00:00Z,162.31,164.89,161.55,162.23,272044580
2021-10-06T12:00:00Z,162.23,163.03,157.68,158.53,291902764
2021-10-06T16:00:00Z,158.53,159.98,157.15,157.94,265572095
2021-10-06T20:00:00Z,157.94,160.12,156.21,159.20,202116858
2021-10-07T00:00:00Z,159.20,163.59,158.28,162.19,207225984
2021-10-07T04:00:00Z,162.19,163.01,159.41,160.55,252040586
2021-10-07T08:00:00Z,160.55,161.63,157.22,158.02,271137008
2021-10-07T12:00:00Z,158.02,158.65,153.61,154.87,246436448
2021-10-07T16:00:00Z,154.87,157.03,154.08,155.21,209259717
2021-10-07T20:00:00Z,155.21,156.11,152.92,154.92,259269983
2021-10-08T00:00:00Z,154.92,157.62,153.98,156.02,295804489
2021-10-08T04:00:00Z,156.02,156.91,153.69,155.33,286620679
2021-10-08T08:00:00Z,155.33,157.47,153.95,154.83,235476088
2021-10-08T12:00:00Z,154.83,155.43,150.30,151.16,213137704
2021-10-08T16:00:00Z,151.16,152.24,148.81,149.38,258505280
2021-10-08T20:00:00Z,149.38,150.15,146.70,149.11,267298717
2021-10-09T00:00:00Z,149.11,153.21,148.23,152.17,236767621
2021-10-09T04:00:00Z,152.17,153.08,150.33,151.71,193672330
2021-10-09T08:00:00Z,151.71,153.04,148.56,149.45,230663989
2021-10-09T12:00:00Z,149.45,150.16,144.69,145.85,282054565
2021-10-09T16:00:00Z,145.85,148.23,145.30,147.00,290583167
2021-10-09T20:00:00Z,147.00,149.53,145.73,148.98,254569005
2021-10-10T00:00:00Z,148.98,152.92,148.18,151.78,216166308
2021-10-10T04:00:00Z,151.78,152.67,149.75,151.61,264084745
2021-10-10T08:00:00Z,151.61,153.99,150.70,152.28,287472714
2021-10-10T12:00:00Z,152.28,153.12,149.71,151.31,265275651
2021-10-10T16:00:00Z,151.31,153.70,150.60,151.95,204268454
2021-10-10T20:00:00Z,151.95,153.26,149.84,152.55,195512230
2021-10-11T00:00:00Z,152.55,157.17,151.85,156.39,254112430
2021-10-11T04:00:00Z,156.39,158.77,155.27,158.05,278121924
2021-10-11T08:00:00Z,158.05,160.54,157.10,157.98,257274713
2021-10-11T12:00:00Z,157.98,158.91,153.68,154.87,212427459
2021-10-11T16:00:00Z,154.87,157.02,154.03,155.73,254192555
2021-10-11T20:00:00Z,155.73,159.33,154.66,158.48,293598440
2021-10-12T00:00:00Z,158.48,163.68,157.90,162.54,288226699
2021-10-12T04:00:00Z,162.54,163.30,160.51,162.12,239512246
2021-10-12T08:00:00Z,162.12,163.96,160.52,161.28,204507525
2021-10-12T12:00:00Z,161.28,162.23,158.04,159.58,247600331
2021-10-12T16:00:00Z,159.58,162.10,158.64,160.47,261715663
2021-10-12T20:00:00Z,160.47,161.32,158.23,160.34,247056371
2021-10-13T00:00:00Z,160.34,163.47,159.63,161.98,203319845
2021-10-13T04:00:00Z,161.98,162.67,159.90,161.97,228053982
2021-10-13T08:00:00Z,161.97,164.34,161.04,161.65,282172432
2021-10-13T12:00:00Z,161.65,162.56,157.25,158.03,294676568
2021-10-13T16:00:00Z,158.03,159.27,156.09,156.98,261550241
2021-10-13T20:00:00Z,156.98,158.98,155.06,158.03,214770547
2021-10-14T00:00:00Z,158.03,163.07,157.20,162.08,254748615
2021-10-14T04:00:00Z,162.08,162.95,160.36,162.11,281603087
2021-10-14T08:00:00Z,162.11,163.71,159.85,160.51,263845380
2021-10-14T12:00:00Z,160.51,161.30,156.51,157.84,205900837
2021-10-14T16:00:00Z,157.84,160.54,156.93,159.41,190425679
2021-10-14T20:00:00Z,159.41,161.89,158.01,160.97,255324400
2021-10-15T00:00:00Z,160.97,164.78,160.03,163.32,283896737
2021-10-15T04:00:00Z,163.32,164.22,161.20,163.28,266903804
2021-10-15T08:00:00Z,163.28,166.04,162.62,164.20,218839765
2021-10-15T12:00:00Z,164.20,164.87,161.53,163.12,247756928
2021-10-15T16:00:00Z,163.12,165.55,162.28,163.85,289741650
2021-10-15T20:00:00Z,163.85,166.26,162.08,165.40,288265664
2021-10-16T00:00:00Z,165.40,171.56,164.40,170.57,242427416
2021-10-16T04:00:00Z,170.57,174.10,169.60,173.06,195146333
2021-10-16T08:00:00Z,173.06,175.93,172.20,173.44,235823611
2021-10-16T12:00:00Z,173.44,174.11,169.56,171.08,261123998
2021-10-16T16:00:00Z,171.08,173.98,170.35,172.83,257722967
2021-10-16T20:00:00Z,172.83,176.58,171.59,175.82,216573548
2021-10-17T00:00:00Z,175.82,180.74,174.78,179.51,224475141
2021-10-17T04:00:00Z,179.51,180.58,177.36,179.04,280812297
2021-10-17T08:00:00Z,179.04,181.12,177.71,178.78,297129183
2021-10-17T12:00:00Z,178.78,179.63,175.79,177.61,267108902
2021-10-17T16:00:00Z,177.61,180.38,176.95,178.68,212322604
2021-10-17T20:00:00Z,178.68,179.72,176.46,179.07,244156825
2021-10-18T00:00:00Z,179.07,182.96,178.10,181.92,274413506
2021-10-18T04:00:00Z,181.92,184.01,180.42,183.03,261386861
2021-10-18T08:00:00Z,183.03,185.54,181.93,183.04,210690279
2021-10-18T12:00:00Z,183.04,184.04,178.30,179.37,192611678
2021-10-18T16:00:00Z,179.37,180.84,177.53,178.50,255565832
2021-10-18T20:00:00Z,178.50,180.42,176.38,179.59,288331987
2021-10-19T00:00:00Z,179.59,184.21,178.76,182.90,275187410
2021-10-19T04:00:00Z,182.90,183.90,180.50,181.81,224169337
2021-10-19T08:00:00Z,181.81,183.27,178.65,179.64,239997981
2021-10-19T12:00:00Z,179.64,180.69,175.36,176.93,284280628
2021-10-19T16:00:00Z,176.93,179.73,175.97,178.23,286784756
2021-10-19T20:00:00Z,178.23,180.22,176.41,179.26,244273108
2021-10-20T00:00:00Z,179.26,183.05,178.60,181.55,189453792
2021-10-20T04:00:00Z,181.55,182.62,179.49,181.95,224626075
2021-10-20T08:00:00Z,181.95,184.94,180.94,182.92,265409195
2021-10-20T12:00:00Z,182.92,184.01,179.66,181.09,267441082
2021-10-20T16:00:00Z,181.09,182.94,179.89,180.97,229006066
2021-10-20T20:00:00Z,180.97,183.10,178.85,182.04,219881205
2021-10-21T00:00:00Z,182.04,187.52,181.24,186.54,277937057
2021-10-21T04:00:00Z,186.54,188.58,185.26,187.77,297905247
2021-10-21T08:00:00Z,187.77,190.09,186.27,186.99,271217054
2021-10-21T12:00:00Z,186.99,188.04,182.91,184.31,213121801
2021-10-21T16:00:00Z,184.31,187.41,183.20,186.21,232453116
2021-10-21T20:00:00Z,186.21,190.18,184.93,189.04,266043993
2021-10-22T00:00:00Z,189.04,193.91,188.06,192.48,258050868
2021-10-22T04:00:00Z,192.48,193.29,190.22,192.30,221996891
2021-10-22T08:00:00Z,192.30,194.85,191.54,192.58,194358596
2021-10-22T12:00:00Z,192.58,193.53,189.54,191.27,254740018
2021-10-22T16:00:00Z,191.27,193.69,190.16,191.48,291318826
2021-10-22T20:00:00Z,191.48,192.62,188.90,191.11,282013030
2021-10-23T00:00:00Z,191.11,194.99,190.00,193.53,232593441
2021-10-23T04:00:00Z,193.53,194.99,191.62,193.88,230977089
2021-10-23T08:00:00Z,193.88,196.10,191.69,192.65,277289865
2021-10-23T12:00:00Z,192.65,193.44,187.14,188.07,283856733
2021-10-23T16:00:00Z,188.07,189.49,186.32,187.10,245120213
2021-10-23T20:00:00Z,187.10,189.17,185.03,188.19,183330356
2021-10-24T00:00:00Z,188.19,192.57,187.05,190.98,219567150
2021-10-24T04:00:00Z,190.98,192.05,187.90,189.26,269245320
2021-10-24T08:00:00Z,189.26,190.49,185.82,186.88,276042707
2021-10-24T12:00:00Z,186.88,187.59,182.36,183.82,240446384
2021-10-24T16:00:00Z,183.82,186.03,183.03,183.88,218487031
2021-10-24T20:00:00Z,183.88,184.85,181.15,183.14,273536355
2021-10-25T00:00:00Z,183.14,185.84,182.06,184.00,296997970
2021-10-25T04:00:00Z,184.00,185.10,181.49,183.29,273873870
2021-10-25T08:00:00Z,183.29,185.50,181.70,182.79,212978585
2021-10-25T12:00:00Z,182.79,183.65,178.20,179.29,219801652
2021-10-25T16:00:00Z,179.29,180.71,177.32,178.16,256651798
2021-10-25T20:00:00Z,178.16,179.63,175.83,178.98,259161513
2021-10-26T00:00:00Z,178.98,183.97,178.01,183.13,234744071
2021-10-26T04:00:00Z,183.13,184.50,181.54,183.50,199793497
2021-10-26T08:00:00Z,183.50,185.26,180.90,181.98,252767234
2021-10-26T12:00:00Z,181.98,182.97,177.49,178.98,292771704
2021-10-26T16:00:00Z,178.98,181.71,178.15,180.26,287294081
2021-10-26T20:00:00Z,180.26,182.53,178.65,181.70,239803223
2021-10-27T00:00:00Z,181.70,185.28,180.86,183.64,220781539
2021-10-27T04:00:00Z,183.64,184.64,180.93,182.60,268870442
2021-10-27T08:00:00Z,182.60,184.75,181.31,182.32,279577871
2021-10-27T12:00:00Z,182.32,183.39,178.70,180.16,245056423
2021-10-27T16:00:00Z,180.16,182.01,178.52,179.58,183633183
2021-10-27T20:00:00Z,179.58,180.38,176.80,179.23,218599368
2021-10-28T00:00:00Z,179.23,183.41,178.56,182.16,272028342
2021-10-28T04:00:00Z,182.16,183.24,180.40,182.57,283376278
2021-10-28T08:00:00Z,182.57,184.48,179.98,180.85,250742787
2021-10-28T12:00:00Z,180.85,181.92,174.96,175.94,216018781
2021-10-28T16:00:00Z,175.94,177.17,173.80,174.85,267627401
2021-10-28T20:00:00Z,174.85,176.27,172.62,175.25,294429618
2021-10-29T00:00:00Z,175.25,178.54,174.49,176.62,275104936
2021-10-29T04:00:00Z,176.62,177.29,172.67,173.66,216204526
2021-10-29T08:00:00Z,173.66,174.79,170.04,170.70,206383869
2021-10-29T12:00:00Z,170.70,171.66,166.13,167.17,247111251
2021-10-29T16:00:00Z,167.17,168.77,165.44,166.39,265730813
2021-10-29T20:00:00Z,166.39,167.35,163.32,165.00,246726511
2021-10-30T00:00:00Z,165.00,167.58,164.15,165.95,204543760
2021-10-30T04:00:00Z,165.95,166.63,163.58,165.44,249587413
2021-10-30T08:00:00Z,165.44,167.47,163.76,164.43,292630543
2021-10-30T12:00:00Z,164.43,165.25,159.34,159.99,290971439
2021-10-30T16:00:00Z,159.99,161.00,157.40,158.20,245755837
2021-10-30T20:00:00Z,158.20,159.40,155.90,158.49,213763655
2021-10-31T00:00:00Z,158.49,162.81,157.57,161.52,259148053
2021-10-31T04:00:00Z,161.52,162.32,159.16,160.42,274065432
2021-10-31T08:00:00Z,160.42,161.60,157.23,158.01,244183291
2021-10-31T12:00:00Z,158.01,158.66,153.60,154.91,190649234
2021-10-31T16:00:00Z,154.91,157.37,154.11,156.12,217023807
2021-10-31T20:00:00Z,156.12,158.08,154.54,157.26,273641823
2021-11-01T00:00:00Z,157.26,160.80,156.31,159.35,289309967
2021-11-01T04:00:00Z,159.35,160.25,157.26,159.13,259765648
2021-11-01T08:00:00Z,159.13,161.64,158.35,159.51,216706962
2021-11-01T12:00:00Z,159.51,160.11,156.01,157.26,260255213
2021-11-01T16:00:00Z,157.26,158.86,155.81,156.40,290250964
2021-11-01T20:00:00Z,156.40,157.22,153.78,156.19,274960959
2021-11-02T00:00:00Z,156.19,160.31,155.26,159.28,218618336
2021-11-02T04:00:00Z,159.28,160.24,157.72,159.30,192394959
2021-11-02T08:00:00Z,159.30,160.78,156.22,157.15,242782522
2021-11-02T12:00:00Z,157.15,157.89,151.72,152.61,272426419
2021-11-02T16:00:00Z,152.61,154.22,151.75,152.47,257758637
2021-11-02T20:00:00Z,152.47,154.11,150.73,153.56,212732058
2021-11-03T00:00:00Z,153.56,156.92,152.72,155.36,245162404
2021-11-03T04:00:00Z,155.36,156.27,152.17,153.24,290862397
2021-11-03T08:00:00Z,153.24,154.54,150.55,151.45,293014384
2021-11-03T12:00:00Z,151.45,152.26,147.33,148.48,250434239
2021-11-03T16:00:00Z,148.48,150.03,146.64,147.44,205787613
2021-11-03T20:00:00Z,147.44,147.96,144.25,145.77,248270509
2021-11-04T00:00:00Z,145.77,148.31,145.09,146.85,267454694
2021-11-04T04:00:00Z,146.85,147.65,144.65,146.29,246420812
2021-11-04T08:00:00Z,146.29,147.93,143.96,144.76,204706589
2021-11-04T12:00:00Z,144.76,145.61,139.20,140.04,214750098
2021-11-04T16:00:00Z,140.04,140.98,138.03,138.85,273986645
2021-11-04T20:00:00Z,138.85,140.80,136.99,140.05,293734569
2021-11-05T00:00:00Z,140.05,144.66,139.53,143.57,267409730
2021-11-05T04:00:00Z,143.57,144.25,141.52,142.80,216295441
2021-11-05T08:00:00Z,142.80,144.18,140.51,141.19,251492229
2021-11-05T12:00:00Z,141.19,142.03,137.59,138.99,284540130
2021-11-05T16:00:00Z,138.99,141.69,138.17,140.39,273515952
2021-11-05T20:00:00Z,140.39,141.99,138.73,141.17,220294868
2021-11-06T00:00:00Z,141.17,144.57,140.56,143.25,183655350
2021-11-06T04:00:00Z,143.25,144.15,141.38,143.54,243347233
2021-11-06T08:00:00Z,143.54,146.23,142.83,144.29,278063948
2021-11-06T12:00:00Z,144.29,145.11,141.12,142.18,267669703
2021-11-06T16:00:00Z,142.18,143.84,141.25,142.06,219987509
2021-11-06T20:00:00Z,142.06,144.29,140.37,143.43,239477748
2021-11-07T00:00:00Z,143.43,149.01,142.69,148.16,287462512
2021-11-07T04:00:00Z,148.16,150.01,147.06,149.26,293420922
2021-11-07T08:00:00Z,149.26,151.14,147.52,148.12,253846672
2021-11-07T12:00:00Z,148.12,148.86,143.90,144.99,201219078
2021-11-07T16:00:00Z,144.99,147.22,144.15,146.06,236404760
2021-11-07T20:00:00Z,146.06,148.39,144.70,147.54,260039872
2021-11-08T00:00:00Z,147.54,150.99,146.69,149.41,254917183
2021-11-08T04:00:00Z,149.41,150.14,146.57,147.87,218233976
2021-11-08T08:00:00Z,147.87,149.61,146.31,147.04,211699951
2021-11-08T12:00:00Z,147.04,147.65,143.51,144.71,272983870
2021-11-08T16:00:00Z,144.71,146.46,143.54,144.15,296565926
2021-11-08T20:00:00Z,144.15,144.99,141.56,143.59,273595918
2021-11-09T00:00:00Z,143.59,147.35,142.72,146.30,219033563
2021-11-09T04:00:00Z,146.30,147.84,144.90,146.96,241437313
2021-11-09T08:00:00Z,146.96,148.99,145.13,145.95,277400854
2021-11-09T12:00:00Z,145.95,146.49,140.90,141.72,270864897
2021-11-09T16:00:00Z,141.72,143.09,140.75,141.28,221322012
2021-11-09T20:00:00Z,141.28,143.42,139.66,142.79,181576895
2021-11-10T00:00:00Z,142.79,147.04,141.94,145.86,243504728
2021-11-10T04:00:00Z,145.86,146.72,143.42,144.67,282505052
2021-11-10T08:00:00Z,144.67,146.05,142.52,143.37,276307270
2021-11-10T12:00:00Z,143.37,144.04,140.18,141.76,230440113
2021-11-10T16:00:00Z,141.76,144.71,141.25,143.43,232543912
2021-11-10T20:00:00Z,143.43,145.09,141.83,144.57,282454801
2021-11-11T00:00:00Z,144.57,148.55,143.78,147.74,292217490
2021-11-11T04:00:00Z,147.74,150.23,146.54,149.42,256025580
2021-11-11T08:00:00Z,149.42,152.63,148.52,150.94,195930923
2021-11-11T12:00:00Z,150.94,151.75,147.75,149.04,223733516
2021-11-11T16:00:00Z,149.04,151.02,148.36,149.35,257173430
2021-11-11T20:00:00Z,149.35,152.09,147.84,151.40,264386826
2021-11-12T00:00:00Z,151.40,157.01,150.69,156.33,231033516
2021-11-12T04:00:00Z,156.33,157.89,155.07,157.15,212050337
2021-11-12T08:00:00Z,157.15,158.99,155.30,156.17,270577184
2021-11-12T12:00:00Z,156.17,157.08,152.42,153.98,297746809
2021-11-12T16:00:00Z,153.98,157.20,153.16,156.09,278272393
2021-11-12T20:00:00Z,156.09,159.08,154.97,158.24,220684195
2021-11-13T00:00:00Z,158.24,162.33,157.64,160.96,230214166
2021-11-13T04:00:00Z,160.96,161.73,158.83,160.84,268960193
2021-11-13T08:00:00Z,160.84,163.37,159.93,161.28,267120995
2021-11-13T12:00:00Z,161.28,162.24,158.05,159.35,224491290
2021-11-13T16:00:00Z,159.35,160.96,157.76,158.71,187761229
2021-11-13T20:00:00Z,158.71,159.53,156.08,158.33,242790972
2021-11-14T00:00:00Z,158.33,162.41,157.65,161.25,285628489
2021-11-14T04:00:00Z,161.25,162.21,159.59,161.54,283540292
2021-11-14T08:00:00Z,161.54,163.31,159.22,159.85,239731239
2021-11-14T12:00:00Z,159.85,160.75,154.76,155.57,224396968
2021-11-14T16:00:00Z,155.57,157.16,154.63,155.69,275891681
2021-11-14T20:00:00Z,155.69,158.48,154.25,157.54,289458042
2021-11-15T00:00:00Z,157.54,161.87,156.73,160.52,257025968
2021-11-15T04:00:00Z,160.52,161.17,158.04,159.49,194292164
2021-11-15T08:00:00Z,159.49,161.27,158.07,158.71,211268156
2021-11-15T12:00:00Z,158.71,159.51,155.61,157.16,259665319
2021-11-15T16:00:00Z,157.16,159.65,156.25,158.01,272874455
2021-11-15T20:00:00Z,158.01,159.09,155.94,158.18,242920139
2021-11-16T00:00:00Z,158.18,162.02,157.27,160.84,211484609
2021-11-16T04:00:00Z,160.84,162.96,159.40,162.04,266734868
2021-11-16T08:00:00Z,162.04,164.90,161.40,162.63,297248243
2021-11-16T12:00:00Z,162.63,163.32,158.76,159.94,281415176
2021-11-16T16:00:00Z,159.94,161.92,159.11,160.33,225514885
2021-11-16T20:00:00Z,160.33,163.81,158.93,162.96,217969171
2021-11-17T00:00:00Z,162.96,169.07,161.97,168.09,259365762
2021-11-17T04:00:00Z,168.09,169.82,166.80,168.81,262412535
2021-11-17T08:00:00Z,168.81,170.86,167.16,168.10,234079621
2021-11-17T12:00:00Z,168.10,168.72,164.67,166.39,193556202
2021-11-17T16:00:00Z,166.39,169.58,165.65,168.32,241115000
2021-11-17T20:00:00Z,168.32,170.33,166.73,169.58,287333186
2021-11-18T00:00:00Z,169.58,173.05,168.58,171.59,289261741
2021-11-18T04:00:00Z,171.59,172.61,169.48,171.31,247766964
2021-11-18T08:00:00Z,171.31,173.73,170.35,171.48,219338968
2021-11-18T12:00:00Z,171.48,172.28,167.67,168.90,267853290
2021-11-18T16:00:00Z,168.90,170.49,167.18,167.95,285222553
2021-11-18T20:00:00Z,167.95,168.71,165.39,168.05,256923277
2021-11-19T00:00:00Z,168.05,172.41,167.13,171.52,192173082
2021-11-19T04:00:00Z,171.52,172.63,169.89,171.69,204387880
2021-11-19T08:00:00Z,171.69,173.30,168.57,169.58,262210202
2021-11-19T12:00:00Z,169.58,170.49,164.15,165.15,280219920
2021-11-19T16:00:00Z,165.15,166.87,164.11,165.00,253725193
2021-11-19T20:00:00Z,165.00,166.50,163.06,165.75,214186581
2021-11-20T00:00:00Z,165.75,168.96,164.97,167.13,261451219
2021-11-20T04:00:00Z,167.13,168.05,163.88,164.93,295070200
2021-11-20T08:00:00Z,164.93,166.36,162.57,163.48,283028060
2021-11-20T12:00:00Z,163.48,164.43,159.68,161.05,229304963
2021-11-20T16:00:00Z,161.05,162.96,159.84,160.79,204868739
2021-11-20T20:00:00Z,160.79,161.48,158.16,160.39,248782535
2021-11-21T00:00:00Z,160.39,164.28,159.78,163.15,260912684
2021-11-21T04:00:00Z,163.15,164.85,161.69,164.23,245926306
2021-11-21T08:00:00Z,164.23,166.74,163.21,164.01,203058850
2021-11-21T12:00:00Z,164.01,164.98,159.43,160.43,238401760
2021-11-21T16:00:00Z,160.43,161.93,159.33,160.29,287540894
2021-11-21T20:00:00Z,160.29,163.15,158.77,162.21,293390734
2021-11-22T00:00:00Z,162.21,167.17,161.52,165.95,254479126
2021-11-22T04:00:00Z,165.95,166.60,163.81,165.25,213185984
2021-11-22T08:00:00Z,165.25,166.88,163.25,163.90,258446114
2021-11-22T12:00:00Z,163.90,164.83,160.53,162.05,279614961
2021-11-22T16:00:00Z,162.05,164.99,161.07,163.61,255810810
2021-11-22T20:00:00Z,163.61,165.47,161.96,164.48,195511197
2021-11-23T00:00:00Z,164.48,168.13,163.64,166.77,202561933
2021-11-23T04:00:00Z,166.77,168.02,164.83,167.18,263766964
2021-11-23T08:00:00Z,167.18,169.84,166.49,167.52,286279375
2021-11-23T12:00:00Z,167.52,168.36,163.51,164.41,263299702
2021-11-23T16:00:00Z,164.41,165.66,162.17,163.01,215850704
2021-11-23T20:00:00Z,163.01,163.98,160.55,162.95,254747424
2021-11-24T00:00:00Z,162.95,167.19,162.02,165.89,291241715
2021-11-24T04:00:00Z,165.89,166.71,163.64,164.93,283141944
2021-11-24T08:00:00Z,164.93,166.10,161.15,161.95,232095507
2021-11-24T12:00:00Z,161.95,162.63,156.50,157.44,195336484
2021-11-24T16:00:00Z,157.44,159.22,156.62,157.43,237646871
2021-11-24T20:00:00Z,157.43,158.73,155.48,157.90,265566169
2021-11-25T00:00:00Z,157.90,160.78,156.94,159.00,256942304
2021-11-25T04:00:00Z,159.00,159.88,155.76,157.07,211866038
2021-11-25T08:00:00Z,157.07,158.71,155.04,155.91,234594779
2021-11-25T12:00:00Z,155.91,156.48,151.85,152.96,286198377
2021-11-25T16:00:00Z,152.96,154.33,151.04,151.60,295874082
2021-11-25T20:00:00Z,151.60,152.40,148.56,150.37,259826054
2021-11-26T00:00:00Z,150.37,153.71,149.48,152.56,210258951
2021-11-26T04:00:00Z,152.56,153.56,150.95,152.66,247801016
2021-11-26T08:00:00Z,152.66,154.37,150.27,151.17,272760628
2021-11-26T12:00:00Z,151.17,151.86,146.04,146.94,253796791
2021-11-26T16:00:00Z,146.94,148.56,146.32,147.00,205473980
2021-11-26T20:00:00Z,147.00,149.65,145.62,149.13,200505518
2021-11-27T00:00:00Z,149.13,153.70,148.31,152.71,264226925
2021-11-27T04:00:00Z,152.71,153.62,150.68,152.08,290928538
2021-11-27T08:00:00Z,152.08,153.68,150.42,151.32,271517179
2021-11-27T12:00:00Z,151.32,152.13,148.24,149.85,220675382
2021-11-27T16:00:00Z,149.85,152.51,149.17,151.00,246671814
2021-11-27T20:00:00Z,151.00,151.92,148.94,151.25,285820326
2021-11-28T00:00:00Z,151.25,154.64,150.53,153.44,281813552
2021-11-28T04:00:00Z,153.44,154.74,151.70,154.00,233947071
2021-11-28T08:00:00Z,154.00,156.46,153.08,154.13,185298279
2021-11-28T12:00:00Z,154.13,155.03,149.84,150.82,231336830
2021-11-28T16:00:00Z,150.82,152.16,149.16,150.04,270886040
2021-11-28T20:00:00Z,150.04,152.01,148.08,151.21,266948059
2021-11-29T00:00:00Z,151.21,156.11,150.63,155.08,224069685
2021-11-29T04:00:00Z,155.08,155.83,153.18,154.59,229658451
2021-11-29T08:00:00Z,154.59,155.93,151.55,152.29,283279056
2021-11-29T12:00:00Z,152.29,153.20,147.61,148.74,296687260
2021-11-29T16:00:00Z,148.74,150.66,147.87,149.10,263792718
2021-11-29T20:00:00Z,149.10,149.99,147.04,149.13,206390453
2021-11-30T00:00:00Z,149.13,151.77,148.50,149.80,236070756
2021-11-30T04:00:00Z,149.80,150.39,146.71,148.02,264803337
2021-11-30T08:00:00Z,148.02,149.75,146.45,147.04,253920740
2021-11-30T12:00:00Z,147.04,147.87,143.02,143.86,219033988
2021-11-30T16:00:00Z,143.86,145.07,141.65,142.47,202124356
2021-11-30T20:00:00Z,142.47,143.28,139.90,142.01,263497875
2021-12-01T00:00:00Z,142.01,146.18,141.29,145.23,294065572
2021-12-01T04:00:00Z,145.23,146.50,143.77,145.77,278275957
2021-12-01T08:00:00Z,145.77,147.52,143.74,144.31,224372282
2021-12-01T12:00:00Z,144.31,145.05,139.58,140.42,237299514
2021-12-01T16:00:00Z,140.42,142.23,139.60,140.91,278890932
2021-12-01T20:00:00Z,140.91,143.66,139.58,142.83,279123629
2021-12-02T00:00:00Z,142.83,147.01,142.01,145.67,234937269
2021-12-02T04:00:00Z,145.67,146.38,143.34,144.73,180100220
2021-12-02T08:00:00Z,144.73,146.64,143.67,144.37,230456436
2021-12-02T12:00:00Z,144.37,144.99,141.63,143.32,275173379
2021-12-02T16:00:00Z,143.32,146.00,142.56,144.65,275778947
2021-12-02T20:00:00Z,144.65,146.32,142.89,145.55,235268185
2021-12-03T00:00:00Z,145.55,150.05,144.67,149.17,223579826
2021-12-03T04:00:00Z,149.17,152.03,148.14,151.12,278784098
2021-12-03T08:00:00Z,151.12,154.08,150.40,151.94,295834732
2021-12-03T12:00:00Z,151.94,152.49,147.99,149.10,266390253
2021-12-03T16:00:00Z,149.10,150.85,148.43,149.14,205914671
2021-12-03T20:00:00Z,149.14,151.76,147.64,151.08,223427013
2021-12-04T00:00:00Z,151.08,156.03,150.18,155.02,255901954
2021-12-04T04:00:00Z,155.02,155.94,153.03,154.39,260251690
2021-12-04T08:00:00Z,154.39,155.73,151.70,152.61,231975552
2021-12-04T12:00:00Z,152.61,153.30,148.68,150.11,203070665
2021-12-04T16:00:00Z,150.11,152.71,149.58,151.31,261506922
2021-12-04T20:00:00Z,151.31,152.47,149.48,151.93,295613494
2021-12-05T00:00:00Z,151.93,155.02,151.09,153.66,283500954
2021-12-05T04:00:00Z,153.66,154.57,151.52,153.35,231158729
2021-12-05T08:00:00Z,153.35,155.52,152.42,153.33,226731489
2021-12-05T12:00:00Z,153.33,154.15,149.29,150.28,270564064
2021-12-05T16:00:00Z,150.28,151.50,148.07,148.87,275174596
2021-12-05T20:00:00Z,148.87,149.41,146.27,148.70,235157987
2021-12-06T00:00:00Z,148.70,152.90,147.99,151.92,180826631
2021-12-06T04:00:00Z,151.92,152.77,150.18,151.83,229722444
2021-12-06T08:00:00Z,151.83,153.30,148.99,149.83,278298553
2021-12-06T12:00:00Z,149.83,150.70,145.04,146.20,283288731
2021-12-06T16:00:00Z,146.20,148.51,145.42,147.32,245320811
2021-12-06T20:00:00Z,147.32,150.28,146.16,149.49,220610196
2021-12-07T00:00:00Z,149.49,153.77,148.91,152.48,272742888
2021-12-07T04:00:00Z,152.48,153.23,150.37,152.21,293349673
2021-12-07T08:00:00Z,152.21,154.62,151.35,152.72,267654906
2021-12-07T12:00:00Z,152.72,153.63,150.21,151.82,204673342
2021-12-07T16:00:00Z,151.82,154.27,150.93,152.67,210057021
2021-12-07T20:00:00Z,152.67,154.18,150.64,153.29,250519849
2021-12-08T00:00:00Z,153.29,157.92,152.65,157.04,268422600
2021-12-08T04:00:00Z,157.04,159.50,155.96,158.85,244104132
2021-12-08T08:00:00Z,158.85,161.62,158.04,159.16,207491160
2021-12-08T12:00:00Z,159.16,160.06,155.20,156.30,258202935
2021-12-08T16:00:00Z,156.30,158.47,155.36,157.20,295522060
2021-12-08T20:00:00Z,157.20,161.09,155.98,160.13,287144869
2021-12-09T00:00:00Z,160.13,165.61,159.31,164.58,236766064
2021-12-09T04:00:00Z,164.58,165.27,162.71,164.45,215092996
2021-12-09T08:00:00Z,164.45,166.31,162.95,163.60,260973590
2021-12-09T12:00:00Z,163.60,164.43,160.34,161.89,270087792
2021-12-09T16:00:00Z,161.89,164.49,160.94,162.98,236516050
2021-12-09T20:00:00Z,162.98,163.97,160.95,163.02,190901508
2021-12-10T00:00:00Z,163.02,166.09,162.09,164.53,228230762
2021-12-10T04:00:00Z,164.53,165.33,162.30,164.27,280148452
2021-12-10T08:00:00Z,164.27,166.59,163.10,163.90,289352637
2021-12-10T12:00:00Z,163.90,164.60,159.37,160.25,254109900
2021-12-10T16:00:00Z,160.25,161.45,158.17,158.86,216514388
2021-12-10T20:00:00Z,158.86,160.16,156.54,159.32,265212900
2021-12-11T00:00:00Z,159.32,164.00,158.36,162.89,289293072
2021-12-11T04:00:00Z,162.89,163.79,161.06,162.52,267646425
2021-12-11T08:00:00Z,162.52,163.85,159.37,160.26,207004988
2021-12-11T12:00:00Z,160.26,160.84,155.43,156.64,196530714
2021-12-11T16:00:00Z,156.64,158.80,155.94,157.33,251295704
2021-12-11T20:00:00Z,157.33,158.92,155.56,158.21,275597011
2021-12-12T00:00:00Z,158.21,161.34,157.26,159.77,255238275
2021-12-12T04:00:00Z,159.77,160.72,157.12,158.68,211038113
2021-12-12T08:00:00Z,158.68,160.79,157.65,158.59,253558517
2021-12-12T12:00:00Z,158.59,159.32,155.36,156.77,293769093
2021-12-12T16:00:00Z,156.77,158.81,156.06,156.77,289188752
2021-12-12T20:00:00Z,156.77,157.90,154.55,157.34,241190765
2021-12-13T00:00:00Z,157.34,162.23,156.47,161.48,206771772
2021-12-13T04:00:00Z,161.48,164.10,160.38,163.20,250273946
2021-12-13T08:00:00Z,163.20,165.50,161.95,162.92,264000299
2021-12-13T12:00:00Z,162.92,163.79,158.50,159.70,244204423
2021-12-13T16:00:00Z,159.70,161.84,158.99,160.47,200712821
2021-12-13T20:00:00Z,160.47,163.45,159.16,162.73,225894942
2021-12-14T00:00:00Z,162.73,167.20,161.95,165.92,280629540
2021-12-14T04:00:00Z,165.92,166.84,163.48,164.80,293869999
2021-12-14T08:00:00Z,164.80,166.39,162.79,163.71,261542819
2021-12-14T12:00:00Z,163.71,164.66,160.28,161.86,215562850
2021-12-14T16:00:00Z,161.86,164.25,161.01,162.49,256278930
2021-12-14T20:00:00Z,162.49,163.18,160.09,162.30,283752221
2021-12-15T00:00:00Z,162.30,165.67,161.67,164.29,266445937
2021-12-15T04:00:00Z,164.29,165.17,162.35,164.52,208750264
2021-12-15T08:00:00Z,164.52,166.79,163.06,163.87,188242003
2021-12-15T12:00:00Z,163.87,164.84,158.56,159.47,252645153
2021-12-15T16:00:00Z,159.47,160.47,156.62,157.56,281623282
2021-12-15T20:00:00Z,157.56,158.42,155.02,157.51,265213217
2021-12-16T00:00:00Z,157.51,161.37,156.86,159.89,217863725
2021-12-16T04:00:00Z,159.89,160.53,156.90,157.92,247571459
2021-12-16T08:00:00Z,157.92,158.99,153.98,154.60,290361198
2021-12-16T12:00:00Z,154.60,155.48,149.61,150.57,289641969
2021-12-16T16:00:00Z,150.57,152.34,149.66,150.71,244453284
2021-12-16T20:00:00Z,150.71,151.61,148.67,150.71,197663969
2021-12-17T00:00:00Z,150.71,153.46,149.95,151.75,238636919
2021-12-17T04:00:00Z,151.75,152.35,149.13,150.67,260206982
2021-12-17T08:00:00Z,150.67,152.73,149.68,150.27,254981655
2021-12-17T12:00:00Z,150.27,151.04,146.44,147.32,214194299
2021-12-17T16:00:00Z,147.32,148.56,145.23,145.99,222643272
2021-12-17T20:00:00Z,145.99,146.86,143.49,145.66,279670487
2021-12-18T00:00:00Z,145.66,149.89,144.82,148.86,296766370
2021-12-18T04:00:00Z,148.86,149.98,147.30,149.14,267553345
2021-12-18T08:00:00Z,149.14,150.80,146.76,147.47,213539684
2021-12-18T12:00:00Z,147.47,148.11,142.71,143.73,246051745
2021-12-18T16:00:00Z,143.73,145.78,142.96,144.58,276838674
2021-12-18T20:00:00Z,144.58,147.48,143.32,146.70,264153381
2021-12-19T00:00:00Z,146.70,150.90,145.81,149.56,211043427
2021-12-19T04:00:00Z,149.56,150.39,147.18,148.61,189818703
2021-12-19T08:00:00Z,148.61,150.48,147.22,148.04,253089813
2021-12-19T12:00:00Z,148.04,148.57,144.77,146.15,286365780
2021-12-19T16:00:00Z,146.15,148.15,145.47,146.00,273884163
2021-12-19T20:00:00Z,146.00,146.78,143.31,145.13,223630556
2021-12-20T00:00:00Z,145.13,148.16,144.26,146.91,240265632
2021-12-20T04:00:00Z,146.91,147.78,145.17,146.80,285333865
2021-12-20T08:00:00Z,146.80,148.54,144.50,145.36,288541541
2021-12-20T12:00:00Z,145.36,146.02,139.73,140.49,246596609
2021-12-20T16:00:00Z,140.49,141.37,138.35,138.98,192163034
2021-12-20T20:00:00Z,138.98,140.06,136.86,139.56,226248099
2021-12-21T00:00:00Z,139.56,143.26,138.78,142.06,262575145
2021-12-21T04:00:00Z,142.06,142.90,139.12,140.01,264877682
2021-12-21T08:00:00Z,140.01,141.00,136.18,137.00,226912980
2021-12-21T12:00:00Z,137.00,137.72,132.25,133.24,218421460
2021-12-21T16:00:00Z,133.24,134.91,132.15,132.85,277224353
2021-12-21T20:00:00Z,132.85,133.34,130.26,131.73,297995092
2021-12-22T00:00:00Z,131.73,133.92,131.10,131.99,272102453
2021-12-22T04:00:00Z,131.99,132.72,129.32,130.56,214733791
2021-12-22T08:00:00Z,130.56,132.21,128.87,129.60,234666139
2021-12-22T12:00:00Z,129.60,130.34,125.07,125.83,268685679
2021-12-22T16:00:00Z,125.83,126.71,123.55,124.27,260884540
2021-12-22T20:00:00Z,124.27,125.16,121.96,124.51,219152745
2021-12-23T00:00:00Z,124.51,129.06,124.02,128.26,191717540
2021-12-23T04:00:00Z,128.26,129.02,126.84,128.52,252527992
2021-12-23T08:00:00Z,128.52,129.96,126.19,126.82,289708121
2021-12-23T12:00:00Z,126.82,127.57,122.43,123.47,281129103
2021-12-23T16:00:00Z,123.47,125.70,122.75,124.56,232505141
2021-12-23T20:00:00Z,124.56,126.90,123.35,126.18,231691292
2021-12-24T00:00:00Z,126.18,129.73,125.65,128.37,278750944
2021-12-24T04:00:00Z,128.37,128.89,126.08,127.44,285950886
2021-12-24T08:00:00Z,127.44,129.44,126.79,127.36,247684328
2021-12-24T12:00:00Z,127.36,128.09,124.55,125.74,186164717
2021-12-24T16:00:00Z,125.74,127.59,124.98,125.87,217934577
2021-12-24T20:00:00Z,125.87,126.78,123.80,126.03,266536620
2021-12-25T00:00:00Z,126.03,130.21,125.40,129.41,273720127
2021-12-25T04:00:00Z,129.41,131.16,128.27,130.52,238690826
2021-12-25T08:00:00Z,130.52,132.56,129.18,129.69,217435235
2021-12-25T12:00:00Z,129.69,130.35,124.91,125.49,273270242
2021-12-25T16:00:00Z,125.49,126.72,124.29,124.94,297538269
2021-12-25T20:00:00Z,124.94,126.79,123.40,126.05,275178499
2021-12-26T00:00:00Z,126.05,129.76,125.33,128.38,214945926
2021-12-26T04:00:00Z,128.38,128.99,125.36,126.26,222278470
2021-12-26T08:00:00Z,126.26,127.19,123.31,123.90,259445177
2021-12-26T12:00:00Z,123.90,124.44,119.95,121.03,258797783
2021-12-26T16:00:00Z,121.03,122.92,120.38,121.14,231978003
2021-12-26T20:00:00Z,121.14,121.85,118.88,120.59,197369173
2021-12-27T00:00:00Z,120.59,123.34,119.87,122.07,250873482
2021-12-27T04:00:00Z,122.07,122.76,120.26,122.03,291556028
2021-12-27T08:00:00Z,122.03,124.16,121.06,121.73,286851168
2021-12-27T12:00:00Z,121.73,122.16,117.36,118.04,240167569
2021-12-27T16:00:00Z,118.04,119.01,116.36,116.77,221924768
2021-12-27T20:00:00Z,116.77,118.02,114.77,117.48,270703508
2021-12-28T00:00:00Z,117.48,121.98,116.77,121.20,281957999
2021-12-28T04:00:00Z,121.20,121.91,119.71,120.99,247798226
2021-12-28T08:00:00Z,120.99,122.25,118.62,119.33,184539628
2021-12-28T12:00:00Z,119.33,119.86,115.55,116.84,215786421
2021-12-28T16:00:00Z,116.84,119.77,116.42,118.87,269511467
2021-12-28T20:00:00Z,118.87,121.56,117.87,121.12,281351514
2021-12-29T00:00:00Z,121.12,125.11,120.45,124.24,249367839
2021-12-29T04:00:00Z,124.24,125.55,122.74,124.85,215400744
2021-12-29T08:00:00Z,124.85,127.65,124.11,126.20,267814413
2021-12-29T12:00:00Z,126.20,126.87,123.84,125.23,295407114
2021-12-29T16:00:00Z,125.23,127.34,124.67,125.68,276796776
2021-12-29T20:00:00Z,125.68,127.13,123.82,126.58,218478938
2021-12-30T00:00:00Z,126.58,131.39,125.96,130.84,209063700
2021-12-30T04:00:00Z,130.84,132.98,129.91,132.34,249284407
2021-12-30T08:00:00Z,132.34,134.40,131.02,131.77,262881654
2021-12-30T12:00:00Z,131.77,132.53,127.50,128.58,244126633
2021-12-30T16:00:00Z,128.58,130.76,127.91,129.69,202395662
2021-12-30T20:00:00Z,129.69,132.92,128.72,132.24,248058410
2021-12-31T00:00:00Z,132.24,136.76,131.71,135.62,291839730
2021-12-31T04:00:00Z,135.62,136.29,133.47,134.81,290980407
2021-12-31T08:00:00Z,134.81,136.51,133.42,134.09,246563890
2021-12-31T12:00:00Z,134.09,134.89,130.97,132.31,215307856
2021-12-31T16:00:00Z,132.31,134.32,131.54,132.62,261308123
2021-12-31T20:00:00Z,132.62,133.28,130.25,132.11,276673126
2022-01-01T00:00:00Z,132.11,135.26,131.57,134.05,247035499
2022-01-01T04:00:00Z,134.05,134.95,132.37,134.41,188354086
2022-01-01T08:00:00Z,134.41,136.62,133.45,134.00,214350784
2022-01-01T12:00:00Z,134.00,134.77,129.59,130.30,271378539
2022-01-01T16:00:00Z,130.30,131.50,129.06,129.81,287632706
2022-01-01T20:00:00Z,129.81,132.45,128.41,131.66,258805055
2022-01-02T00:00:00Z,131.66,136.84,131.00,136.02,216537852
2022-01-02T04:00:00Z,136.02,136.78,134.47,136.11,260890761
2022-01-02T08:00:00Z,136.11,137.76,134.54,135.06,291641665
2022-01-02T12:00:00Z,135.06,135.76,131.86,133.31,276998495
2022-01-02T16:00:00Z,133.31,136.36,132.52,135.38,221144004
2022-01-02T20:00:00Z,135.38,137.80,134.15,137.00,195212038
2022-01-03T00:00:00Z,137.00,140.89,136.22,139.73,241753468
2022-01-03T04:00:00Z,139.73,141.33,138.13,140.54,269690388
2022-01-03T08:00:00Z,140.54,143.58,140.02,142.03,255388749
2022-01-03T12:00:00Z,142.03,142.65,139.49,140.89,210912902
2022-01-03T16:00:00Z,140.89,143.13,140.13,141.63,244035674
2022-01-03T20:00:00Z,141.63,144.42,140.19,143.65,290515851
2022-01-04T00:00:00Z,143.65,149.99,142.78,149.11,293475015
2022-01-04T04:00:00Z,149.11,152.09,148.29,151.19,251666168
2022-01-04T08:00:00Z,151.19,153.62,150.16,150.99,207694888
2022-01-04T12:00:00Z,150.99,151.52,147.13,148.51,250704573
2022-01-04T16:00:00Z,148.51,151.28,147.83,150.23,270225959
2022-01-04T20:00:00Z,150.23,153.31,149.05,152.60,246661801
2022-01-05T00:00:00Z,152.60,156.72,151.69,155.39,201917925
2022-01-05T04:00:00Z,155.39,156.31,152.99,154.49,212282595
2022-01-05T08:00:00Z,154.49,156.45,153.25,154.16,272032492
2022-01-05T12:00:00Z,154.16,154.85,151.04,152.52,292445974
2022-01-05T16:00:00Z,152.52,154.69,151.96,152.71,266887061
2022-01-05T20:00:00Z,152.71,153.42,150.28,152.58,216579408
2022-01-06T00:00:00Z,152.58,156.34,151.72,155.44,252560714
2022-01-06T04:00:00Z,155.44,157.20,154.07,156.33,286309912
2022-01-06T08:00:00Z,156.33,158.41,154.71,155.64,275849180
2022-01-06T12:00:00Z,155.64,156.46,150.61,151.50,223009811
2022-01-06T16:00:00Z,151.50,152.85,150.02,150.82,185165532
2022-01-06T20:00:00Z,150.82,152.78,149.03,152.12,240516515
2022-01-07T00:00:00Z,152.12,156.39,151.38,155.18,275508188
2022-01-07T04:00:00Z,155.18,156.05,152.78,153.88,265587964
2022-01-07T08:00:00Z,153.88,155.23,151.29,152.15,218541938
2022-01-07T12:00:00Z,152.15,153.03,148.55,150.10,238780939
2022-01-07T16:00:00Z,150.10,152.88,149.32,151.54,287568738
2022-01-07T20:00:00Z,151.54,153.26,149.80,152.47,294321912
2022-01-08T00:00:00Z,152.47,156.31,151.86,155.14,255472247
2022-01-08T04:00:00Z,155.14,156.83,153.58,156.21,203442623
2022-01-08T08:00:00Z,156.21,159.20,155.31,157.35,239053083
2022-01-08T12:00:00Z,157.35,158.28,153.97,155.21,262762459
2022-01-08T16:00:00Z,155.21,156.89,154.14,155.07,252055145
2022-01-08T20:00:00Z,155.07,157.45,153.26,156.55,215599649
2022-01-09T00:00:00Z,156.55,161.98,155.91,161.12,209498522
2022-01-09T04:00:00Z,161.12,162.48,159.79,161.83,271386806
2022-01-09T08:00:00Z,161.83,163.72,159.96,160.63,295697620
2022-01-09T12:00:00Z,160.63,161.55,156.67,158.02,273524002
2022-01-09T16:00:00Z,158.02,160.98,157.06,159.81,219763637
2022-01-09T20:00:00Z,159.81,162.85,158.57,161.88,242912516
2022-01-10T00:00:00Z,161.88,165.88,161.07,164.43,279506281
2022-01-10T04:00:00Z,164.43,165.06,162.08,163.85,273436560
2022-01-10T08:00:00Z,163.85,166.13,163.15,163.80,224159604
2022-01-10T12:00:00Z,163.80,164.66,160.47,161.59,179832537
2022-01-10T16:00:00Z,161.59,163.23,159.82,160.67,240801826
2022-01-10T20:00:00Z,160.67,161.62,157.85,159.70,280192281
2022-01-11T00:00:00Z,159.70,163.24,158.80,161.91,274564768
2022-01-11T04:00:00Z,161.91,162.68,159.95,161.68,229403602
2022-01-11T08:00:00Z,161.68,163.23,158.78,159.54,232294126
2022-01-11T12:00:00Z,159.54,160.24,153.85,154.52,283011194
2022-01-11T16:00:00Z,154.52,155.76,152.98,153.67,293536727
2022-01-11T20:00:00Z,153.67,155.50,151.83,154.66,258004905
2022-01-12T00:00:00Z,154.66,158.45,153.73,156.90,198416168
2022-01-12T04:00:00Z,156.90,157.76,153.76,154.90,226531110
2022-01-12T08:00:00Z,154.90,156.06,152.02,152.86,256697553
2022-01-12T12:00:00Z,152.86,153.39,148.83,150.12,261625601
2022-01-12T16:00:00Z,150.12,152.09,149.42,149.99,228618173
2022-01-12T20:00:00Z,149.99,150.81,147.34,149.12,210169007
2022-01-13T00:00:00Z,149.12,151.87,148.23,150.49,269376401
2022-01-13T04:00:00Z,150.49,151.38,148.64,150.46,297320101
2022-01-13T08:00:00Z,150.46,152.67,149.23,150.11,278652995
2022-01-13T12:00:00Z,150.11,150.78,145.63,146.55,221842463
2022-01-13T16:00:00Z,146.55,147.90,145.20,145.84,232059883
2022-01-13T20:00:00Z,145.84,147.89,144.06,147.34,271349598
2022-01-14T00:00:00Z,147.34,152.37,146.51,151.63,269867982
2022-01-14T04:00:00Z,151.63,152.53,150.09,151.66,225285665
2022-01-14T08:00:00Z,151.66,153.15,149.18,150.07,184952151
2022-01-14T12:00:00Z,150.07,150.86,146.02,147.39,240282219
2022-01-14T16:00:00Z,147.39,149.95,146.75,148.59,283615464
2022-01-14T20:00:00Z,148.59,150.02,146.89,149.38,282179788
2022-01-15T00:00:00Z,149.38,152.40,148.65,150.82,239129225
2022-01-15T04:00:00Z,150.82,151.67,148.29,149.79,224600333
2022-01-15T08:00:00Z,149.79,151.75,148.54,149.39,276884587
2022-01-15T12:00:00Z,149.39,150.25,145.46,146.50,291163151
2022-01-15T16:00:00Z,146.50,147.76,144.33,145.18,259310471
2022-01-15T20:00:00Z,145.18,145.77,142.43,144.62,196978124
2022-01-16T00:00:00Z,144.62,148.54,144.04,147.45,213329761
2022-01-16T04:00:00Z,147.45,148.19,145.63,147.19,256819043
2022-01-16T08:00:00Z,147.19,148.54,143.91,144.64,270281804
2022-01-16T12:00:00Z,144.64,145.49,138.66,139.46,240783054
2022-01-16T16:00:00Z,139.46,140.48,137.64,138.47,209969546
2022-01-16T20:00:00Z,138.47,139.40,136.37,138.61,265959832
2022-01-17T00:00:00Z,138.61,141.40,138.05,139.46,297273601
2022-01-17T04:00:00Z,139.46,140.03,135.67,136.49,282238954
2022-01-17T08:00:00Z,136.49,137.52,133.55,134.11,227072920
2022-01-17T12:00:00Z,134.11,134.88,130.01,130.94,220140108
2022-01-17T16:00:00Z,130.94,132.32,129.35,130.11,261980509
2022-01-17T20:00:00Z,130.11,130.84,127.38,128.97,265267434
2022-01-18T00:00:00Z,128.97,131.94,128.33,130.76,231673071
2022-01-18T04:00:00Z,130.76,131.63,129.03,130.99,190889488
2022-01-18T08:00:00Z,130.99,132.99,129.69,130.18,238861960
2022-01-18T12:00:00Z,130.18,130.86,125.42,125.96,285669307
2022-01-18T16:00:00Z,125.96,126.98,124.33,124.99,288316623
2022-01-18T20:00:00Z,124.99,126.92,123.38,126.18,247614222
2022-01-19T00:00:00Z,126.18,130.61,125.46,129.53,219990495
2022-01-19T04:00:00Z,129.53,130.15,127.41,128.56,269258341
2022-01-19T08:00:00Z,128.56,129.76,126.17,126.77,287271691
2022-01-19T12:00:00Z,126.77,127.33,123.21,124.51,259456896
2022-01-19T16:00:00Z,124.51,127.02,123.83,126.00,194993841
2022-01-19T20:00:00Z,126.00,127.65,124.53,126.96,203246823
2022-01-20T00:00:00Z,126.96,130.37,126.20,129.16,259479537
2022-01-20T04:00:00Z,129.16,130.17,127.43,129.40,277859470
2022-01-20T08:00:00Z,129.40,131.86,128.80,129.81,251918811
2022-01-20T12:00:00Z,129.81,130.26,126.10,127.00,213074965
2022-01-20T16:00:00Z,127.00,128.18,125.33,125.77,261120951
2022-01-20T20:00:00Z,125.77,126.46,123.38,125.71,295547005
2022-01-21T00:00:00Z,125.71,129.76,124.95,128.82,284274801
2022-01-21T04:00:00Z,128.82,129.57,127.07,128.29,231224530
2022-01-21T08:00:00Z,128.29,129.40,124.92,125.66,207311621
2022-01-21T12:00:00Z,125.66,126.21,120.46,121.25,251558458
2022-01-21T16:00:00Z,121.25,122.83,120.80,121.35,261041505
2022-01-21T20:00:00Z,121.35,122.62,119.72,122.16,243142046
2022-01-22T00:00:00Z,122.16,125.09,121.47,123.56,200599942
2022-01-22T04:00:00Z,123.56,124.30,120.60,121.63,236459725
2022-01-22T08:00:00Z,121.63,122.86,119.63,120.35,286266996
2022-01-22T12:00:00Z,120.35,120.98,116.58,117.50,292884194
2022-01-22T16:00:00Z,117.50,118.78,115.71,116.32,254779400
2022-01-22T20:00:00Z,116.32,116.76,113.51,115.03,214269684
2022-01-23T00:00:00Z,115.03,117.99,114.46,117.01,260228831
2022-01-23T04:00:00Z,117.01,117.71,115.41,117.13,281957842
2022-01-23T08:00:00Z,117.13,118.73,115.20,115.86,258531368
2022-01-23T12:00:00Z,115.86,116.52,111.01,111.69,196858336
2022-01-23T16:00:00Z,111.69,113.02,110.98,111.62,199734636
2022-01-23T20:00:00Z,111.62,114.38,110.48,113.80,261218921
2022-01-24T00:00:00Z,113.80,118.55,113.33,117.68,284209051
2022-01-24T04:00:00Z,117.68,118.27,115.91,117.28,261868350
2022-01-24T08:00:00Z,117.28,118.87,115.95,116.54,215169814
2022-01-24T12:00:00Z,116.54,117.23,113.75,115.20,254870031
2022-01-24T16:00:00Z,115.20,117.98,114.54,116.82,292158266
2022-01-24T20:00:00Z,116.82,118.26,115.24,117.59,284781050
2022-01-25T00:00:00Z,117.59,121.15,117.12,120.13,234329500
2022-01-25T04:00:00Z,120.13,121.55,118.76,121.08,197991361
2022-01-25T08:00:00Z,121.08,123.76,120.45,121.91,240258288
2022-01-25T12:00:00Z,121.91,122.61,118.55,119.45,262706559
2022-01-25T16:00:00Z,119.45,120.89,118.62,119.32,254314791
2022-01-25T20:00:00Z,119.32,121.75,117.89,121.02,209675277
2022-01-26T00:00:00Z,121.02,126.33,120.42,125.63,233011407
2022-01-26T04:00:00Z,125.63,126.65,124.35,126.04,285345719
2022-01-26T08:00:00Z,126.04,127.50,123.97,124.43,295818554
2022-01-26T12:00:00Z,124.43,125.08,120.37,121.33,260571978
2022-01-26T16:00:00Z,121.33,123.42,120.62,122.27,211748230
2022-01-26T20:00:00Z,122.27,123.81,120.86,123.08,249917650
2022-01-27T00:00:00Z,123.08,125.92,122.39,124.40,275339753
2022-01-27T04:00:00Z,124.40,124.99,121.73,122.98,256637524
2022-01-27T08:00:00Z,122.98,124.72,121.79,122.37,203617892
2022-01-27T12:00:00Z,122.37,122.91,118.84,119.78,197808499
2022-01-27T16:00:00Z,119.78,121.16,118.36,118.89,261924035
2022-01-27T20:00:00Z,118.89,119.59,116.52,118.61,289199147
2022-01-28T00:00:00Z,118.61,122.69,117.90,121.89,270495987
2022-01-28T04:00:00Z,121.89,123.41,120.74,122.68,220441931
2022-01-28T08:00:00Z,122.68,124.48,120.85,121.51,247244284
2022-01-28T12:00:00Z,121.51,121.94,116.80,117.62,287154128
2022-01-28T16:00:00Z,117.62,119.25,117.07,117.96,283804800
2022-01-28T20:00:00Z,117.96,120.51,116.77,119.95,236440667
2022-01-29T00:00:00Z,119.95,124.13,119.22,123.05,188099998
2022-01-29T04:00:00Z,123.05,123.77,120.92,122.20,230748821
2022-01-29T08:00:00Z,122.20,123.88,121.04,121.75,268129745
2022-01-29T12:00:00Z,121.75,122.29,119.14,120.80,264541774
2022-01-29T16:00:00Z,120.80,123.66,120.35,122.49,222200833
2022-01-29T20:00:00Z,122.49,124.12,120.97,123.66,228472598
2022-01-30T00:00:00Z,123.66,127.94,122.96,127.32,282868565
2022-01-30T04:00:00Z,127.32,130.13,126.38,129.40,297084103
2022-01-30T08:00:00Z,129.40,132.34,128.64,130.63,264965987
2022-01-30T12:00:00Z,130.63,131.30,127.15,128.20,208248762
2022-01-30T16:00:00Z,128.20,129.95,127.65,128.43,238469363
2022-01-30T20:00:00Z,128.43,131.10,127.12,130.55,267555416
2022-01-31T00:00:00Z,130.55,135.69,129.89,134.96,254603019
2022-01-31T04:00:00Z,134.96,135.72,133.39,134.89,216228870
2022-01-31T08:00:00Z,134.89,136.30,132.67,133.43,199623803
2022-01-31T12:00:00Z,133.43,134.20,129.74,131.13,261496653
2022-01-31T16:00:00Z,131.13,133.86,130.46,132.71,292719555
2022-01-31T20:00:00Z,132.71,134.50,131.23,133.82,277689984
2022-02-01T00:00:00Z,133.82,137.12,133.28,135.78,224591995
2022-02-01T04:00:00Z,135.78,136.46,133.65,135.42,238307800
2022-02-01T08:00:00Z,135.42,137.64,134.63,135.43,280609255
2022-02-01T12:00:00Z,135.43,136.24,131.64,132.55,281418151
2022-02-01T16:00:00Z,132.55,133.66,130.35,131.13,237629272
2022-02-01T20:00:00Z,131.13,131.78,128.51,130.64,182050208
2022-02-02T00:00:00Z,130.64,134.58,130.12,133.56,227613133
2022-02-02T04:00:00Z,133.56,134.11,131.87,133.36,272588041
2022-02-02T08:00:00Z,133.36,134.71,130.64,131.20,273652944
2022-02-02T12:00:00Z,131.20,131.95,126.28,127.08,233767108
2022-02-02T16:00:00Z,127.08,128.85,126.31,127.64,222820593
2022-02-02T20:00:00Z,127.64,130.24,126.44,129.47,278825846
2022-02-03T00:00:00Z,129.47,133.41,128.83,132.14,296674209
2022-02-03T04:00:00Z,132.14,132.64,129.89,131.27,267962074
2022-02-03T08:00:00Z,131.27,133.18,130.55,131.04,208096406
2022-02-03T12:00:00Z,131.04,131.73,128.27,129.64,226048730
2022-02-03T16:00:00Z,129.64,131.80,128.87,130.16,258759447
2022-02-03T20:00:00Z,130.16,131.06,128.17,130.29,257733817
2022-02-04T00:00:00Z,130.29,134.28,129.56,133.40,229315233
2022-02-04T04:00:00Z,133.40,135.54,132.28,134.79,200827943
2022-02-04T08:00:00Z,134.79,137.33,134.30,134.97,259856478
2022-02-04T12:00:00Z,134.97,135.57,130.95,131.90,294683881
2022-02-04T16:00:00Z,131.90,133.71,131.19,132.40,283364581
2022-02-04T20:00:00Z,132.40,135.75,131.19,135.01,231826216
2022-02-05T00:00:00Z,135.01,140.34,134.20,139.44,228150845
2022-02-05T04:00:00Z,139.44,140.20,137.80,139.26,272624739
2022-02-05T08:00:00Z,139.26,140.86,137.35,138.10,277716086
2022-02-05T12:00:00Z,138.10,138.59,134.65,136.07,237982336
2022-02-05T16:00:00Z,136.07,138.51,135.43,137.11,179573606
2022-02-05T20:00:00Z,137.11,137.86,135.10,137.16,226997232
2022-02-06T00:00:00Z,137.16,139.87,136.34,138.44,275947615
2022-02-06T04:00:00Z,138.44,139.25,136.28,137.82,281495180
2022-02-06T08:00:00Z,137.82,139.83,136.50,137.31,244224343
2022-02-06T12:00:00Z,137.31,137.90,132.87,133.63,220296218
2022-02-06T16:00:00Z,133.63,134.59,131.39,131.96,273235853
2022-02-06T20:00:00Z,131.96,132.59,129.48,131.89,294611185
2022-02-07T00:00:00Z,131.89,135.92,131.14,135.03,269586705
2022-02-07T04:00:00Z,135.03,135.84,133.20,134.38,207124964
2022-02-07T08:00:00Z,134.38,135.54,130.85,131.64,212837510
2022-02-07T12:00:00Z,131.64,132.32,126.44,127.25,250501904
2022-02-07T16:00:00Z,127.25,128.85,126.56,127.22,265642832
2022-02-07T20:00:00Z,127.22,128.15,125.39,127.62,241653898
2022-02-08T00:00:00Z,127.62,130.37,126.98,128.66,205561304
2022-02-08T04:00:00Z,128.66,129.39,125.75,126.79,256943772
2022-02-08T08:00:00Z,126.79,128.27,125.22,125.94,295031666
2022-02-08T12:00:00Z,125.94,126.66,122.50,123.63,287461441
2022-02-08T16:00:00Z,123.63,125.26,122.52,123.23,237864945
2022-02-08T20:00:00Z,123.23,123.80,120.92,123.17,216888594
2022-02-09T00:00:00Z,123.17,127.35,122.67,126.61,263326047
2022-02-09T04:00:00Z,126.61,128.42,125.56,127.90,272813877
2022-02-09T08:00:00Z,127.90,130.05,126.73,127.38,237751256
2022-02-09T12:00:00Z,127.38,128.14,122.92,123.78,188077726
2022-02-09T16:00:00Z,123.78,125.33,123.07,124.06,225690520
2022-02-09T20:00:00Z,124.06,126.81,122.87,126.09,278089609
2022-02-10T00:00:00Z,126.09,130.51,125.60,129.35,287935555
2022-02-10T04:00:00Z,129.35,129.90,127.11,128.26,253444952
2022-02-10T08:00:00Z,128.26,129.68,126.49,127.03,216653369
2022-02-10T12:00:00Z,127.03,127.76,123.90,125.20,266144982
2022-02-10T16:00:00Z,125.20,127.52,124.44,126.14,290945658
2022-02-10T20:00:00Z,126.14,127.01,124.23,126.25,269890796
2022-02-11T00:00:00Z,126.25,129.46,125.64,128.29,209666331
2022-02-11T04:00:00Z,128.29,129.18,126.56,128.57,199030873
2022-02-11T08:00:00Z,128.57,130.75,127.74,128.21,248438616
2022-02-11T12:00:00Z,128.21,128.89,123.60,124.15,272976398
2022-02-11T16:00:00Z,124.15,125.01,121.67,122.32,253058253
2022-02-11T20:00:00Z,122.32,123.04,120.08,122.25,209468483
2022-02-12T00:00:00Z,122.25,126.02,121.56,124.84,252721536
2022-02-12T04:00:00Z,124.84,125.42,122.29,123.20,293729952
2022-02-12T08:00:00Z,123.20,124.05,119.44,120.00,289950500
2022-02-12T12:00:00Z,120.00,120.53,115.07,115.87,242694071
2022-02-12T16:00:00Z,115.87,117.58,115.24,116.08,208899543
2022-02-12T20:00:00Z,116.08,116.95,114.30,116.32,252860453
2022-02-13T00:00:00Z,116.32,118.90,115.62,117.42,266844081
2022-02-13T04:00:00Z,117.42,118.05,114.88,116.14,242236664
2022-02-13T08:00:00Z,116.14,117.93,115.01,115.63,198021774
2022-02-13T12:00:00Z,115.63,116.04,111.96,112.82,223602009
2022-02-13T16:00:00Z,112.82,113.98,111.20,111.61,278913317
2022-02-13T20:00:00Z,111.61,112.22,109.13,111.17,292864159
2022-02-14T00:00:00Z,111.17,115.09,110.50,114.34,261325709
2022-02-14T04:00:00Z,114.34,115.60,113.21,114.92,216151375
2022-02-14T08:00:00Z,114.92,116.54,112.99,113.66,257627256
2022-02-14T12:00:00Z,113.66,114.15,109.23,110.15,285755325
2022-02-14T16:00:00Z,110.15,112.18,109.73,111.22,268947801
2022-02-14T20:00:00Z,111.22,114.29,110.23,113.85,211556016
2022-02-15T00:00:00Z,113.85,118.29,113.20,117.43,187541881
2022-02-15T04:00:00Z,117.43,118.13,115.66,117.04,249893878
2022-02-15T08:00:00Z,117.04,118.81,116.21,116.91,279226135
2022-02-15T12:00:00Z,116.91,117.51,114.32,115.71,263356908
2022-02-15T16:00:00Z,115.71,118.01,115.22,116.52,216692842
2022-02-15T20:00:00Z,116.52,117.03,114.49,116.54,247177199
2022-02-16T00:00:00Z,116.54,119.92,115.95,119.03,290774271
2022-02-16T04:00:00Z,119.03,120.39,117.67,119.79,290830202
2022-02-16T08:00:00Z,119.79,121.90,118.83,119.52,246324125
2022-02-16T12:00:00Z,119.52,120.20,115.06,115.76,200071699
2022-02-16T16:00:00Z,115.76,116.91,114.43,115.09,241394004
2022-02-16T20:00:00Z,115.09,117.10,113.50,116.51,260777146
2022-02-17T00:00:00Z,116.51,121.02,116.03,120.08,252180587
2022-02-17T04:00:00Z,120.08,120.69,118.10,119.08,211702028
2022-02-17T08:00:00Z,119.08,120.15,116.21,116.81,220653917
2022-02-17T12:00:00Z,116.81,117.50,112.63,113.66,278339000
2022-02-17T16:00:00Z,113.66,115.50,113.01,114.08,296196457
2022-02-17T20:00:00Z,114.08,114.64,112.08,113.87,267789398
2022-02-18T00:00:00Z,113.87,116.32,113.42,114.78,214563317
2022-02-18T04:00:00Z,114.78,115.27,112.46,113.83,247783226
2022-02-18T08:00:00Z,113.83,115.76,113.02,113.51,279143140
2022-02-18T12:00:00Z,113.51,114.17,109.81,110.56,266851341
2022-02-18T16:00:00Z,110.56,111.64,109.01,109.66,212881736
2022-02-18T20:00:00Z,109.66,110.95,107.72,110.29,186978463
2022-02-19T00:00:00Z,110.29,115.16,109.75,114.52,250511870
2022-02-19T04:00:00Z,114.52,116.06,113.53,115.51,284250925
2022-02-19T08:00:00Z,115.51,117.26,114.05,114.47,272397121
2022-02-19T12:00:00Z,114.47,115.08,110.60,111.55,222887153
2022-02-19T16:00:00Z,111.55,113.97,110.89,113.12,240323769
2022-02-19T20:00:00Z,113.12,116.21,112.15,115.53,286189015
2022-02-20T00:00:00Z,115.53,119.70,114.89,118.61,290127097
2022-02-20T04:00:00Z,118.61,119.16,116.73,118.38,248789072
2022-02-20T08:00:00Z,118.38,120.63,117.95,118.97,194791637
2022-02-20T12:00:00Z,118.97,119.51,116.67,118.33,229108102
2022-02-20T16:00:00Z,118.33,120.83,117.68,119.59,259946031
2022-02-20T20:00:00Z,119.59,121.34,118.01,120.68,262223844
2022-02-21T00:00:00Z,120.68,125.58,119.95,124.84,224680646
2022-02-21T04:00:00Z,124.84,127.67,124.07,126.92,216784504
2022-02-21T08:00:00Z,126.92,129.54,126.34,127.25,276310275
2022-02-21T12:00:00Z,127.25,127.70,123.13,124.04,297875094
2022-02-21T16:00:00Z,124.04,125.69,123.46,124.24,272785879
2022-02-21T20:00:00Z,124.24,126.81,122.97,126.21,216167406
2022-02-22T00:00:00Z,126.21,130.68,125.44,129.61,236738285
2022-02-22T04:00:00Z,129.61,130.37,127.33,128.47,271234956
2022-02-22T08:00:00Z,128.47,129.64,126.03,126.78,263712387
2022-02-22T12:00:00Z,126.78,127.32,123.21,124.53,217787794
2022-02-22T16:00:00Z,124.53,126.82,124.06,125.46,188997869
2022-02-22T20:00:00Z,125.46,126.14,123.53,125.66,250186643
2022-02-23T00:00:00Z,125.66,128.63,124.94,127.52,287927459
2022-02-23T04:00:00Z,127.52,128.43,125.81,127.70,280047821
2022-02-23T08:00:00Z,127.70,129.90,126.95,127.78,232207462
2022-02-23T12:00:00Z,127.78,128.43,123.71,124.49,232200399
2022-02-23T16:00:00Z,124.49,125.60,122.70,123.33,280027185
2022-02-23T20:00:00Z,123.33,124.46,121.26,123.94,287894854
2022-02-24T00:00:00Z,123.94,128.46,123.31,127.73,250144612
2022-02-24T04:00:00Z,127.73,128.46,126.23,127.75,188949684
2022-02-24T08:00:00Z,127.75,129.13,125.42,126.14,217787903
2022-02-24T12:00:00Z,126.14,126.86,122.19,123.47,263761435
2022-02-24T16:00:00Z,123.47,126.34,122.85,125.43,271278645
2022-02-24T20:00:00Z,125.43,128.47,124.52,127.83,236773210
2022-02-25T00:00:00Z,127.83,132.05,127.30,131.00,216190848
2022-02-25T04:00:00Z,131.00,131.95,129.29,131.40,272796011
2022-02-25T08:00:00Z,131.40,134.06,130.63,132.57,297871129
2022-02-25T12:00:00Z,132.57,133.36,130.24,131.70,276292522
2022-02-25T16:00:00Z,131.70,133.84,130.95,132.29,216754345
2022-02-25T20:00:00Z,132.29,133.85,130.38,133.09,224640428
2022-02-26T00:00:00Z,133.09,137.92,132.57,137.23,262176702
2022-02-26T04:00:00Z,137.23,139.41,136.27,138.88,259921016
2022-02-26T08:00:00Z,138.88,141.23,137.98,138.58,229157826
2022-02-26T12:00:00Z,138.58,139.39,134.43,135.44,194836813
2022-02-26T16:00:00Z,135.44,137.57,134.62,136.42,248826187
2022-02-26T20:00:00Z,136.42,139.84,135.32,139.01,290153257
2022-02-27T00:00:00Z,139.01,143.72,138.34,142.56,286202180
2022-02-27T04:00:00Z,142.56,143.08,140.36,141.69,240322919
2022-02-27T08:00:00Z,141.69,143.28,140.10,140.61,222872352
2022-02-27T12:00:00Z,140.61,141.36,137.36,138.54,272369519
2022-02-27T16:00:00Z,138.54,140.58,137.71,138.71,284212675
2022-02-27T20:00:00Z,138.71,139.53,136.29,137.92,250465950
2022-02-28T00:00:00Z,137.92,140.66,137.16,139.25,186928452
2022-02-28T04:00:00Z,139.25,139.89,137.19,138.98,212931945
2022-02-28T08:00:00Z,138.98,140.96,137.49,138.12,266897837
2022-02-28T12:00:00Z,138.12,138.75,133.29,133.90,279182302
2022-02-28T16:00:00Z,133.90,134.87,131.93,132.54,247812003
2022-02-28T20:00:00Z,132.54,134.11,130.59,133.37,214579467
2022-03-01T00:00:00Z,133.37,137.93,132.57,136.89,267791662
2022-03-01T04:00:00Z,136.89,137.62,134.93,136.15,296184662
2022-03-01T08:00:00Z,136.15,137.29,133.26,133.98,278314062
2022-03-01T12:00:00Z,133.98,134.47,129.73,130.92,220617781
2022-03-01T16:00:00Z,130.92,133.15,130.30,131.87,211657507
2022-03-01T20:00:00Z,131.87,133.18,130.19,132.55,252131149
2022-03-02T00:00:00Z,132.55,135.56,131.75,134.18,260802290
2022-03-02T04:00:00Z,134.18,134.96,132.11,133.71,241441643
2022-03-02T08:00:00Z,133.71,136.00,133.00,134.07,200112760
2022-03-02T12:00:00Z,134.07,134.64,130.89,132.09,246355408
2022-03-02T16:00:00Z,132.09,133.82,131.34,131.91,290849273
2022-03-02T20:00:00Z,131.91,133.29,129.92,132.78,290779644
2022-03-03T00:00:00Z,132.78,137.83,132.01,137.16,247168456
2022-03-03T04:00:00Z,137.16,139.23,136.16,138.44,216670662
2022-03-03T08:00:00Z,138.44,140.29,136.64,137.46,263323020
2022-03-03T12:00:00Z,137.46,138.16,132.95,133.96,279183178
2022-03-03T16:00:00Z,133.96,135.92,133.41,134.64,249845199
2022-03-03T20:00:00Z,134.64,136.82,133.32,136.26,187541870
2022-03-04T00:00:00Z,136.26,139.77,135.57,138.41,211604617
2022-03-04T04:00:00Z,138.41,139.20,135.62,136.66,268990604
2022-03-04T08:00:00Z,136.66,137.98,134.56,135.34,285788999
2022-03-04T12:00:00Z,135.34,136.11,131.71,132.90,257649177
2022-03-04T16:00:00Z,132.90,134.62,131.69,132.45,216159837
2022-03-04T20:00:00Z,132.45,132.97,129.75,131.44,261320049
2022-03-05T00:00:00Z,131.44,134.38,130.89,133.15,292844823
2022-03-05T04:00:00Z,133.15,133.84,131.26,132.98,278881807
2022-03-05T08:00:00Z,132.98,134.62,130.71,131.39,223560782
2022-03-05T12:00:00Z,131.39,132.17,125.45,126.19,197974039
2022-03-05T16:00:00Z,126.19,126.90,123.41,124.15,242211498
2022-03-05T20:00:00Z,124.15,124.82,121.83,124.12,266893459
2022-03-06T00:00:00Z,124.12,127.50,123.65,126.08,252904839
2022-03-06T04:00:00Z,126.08,126.62,122.92,123.65,208935480
2022-03-06T08:00:00Z,123.65,124.50,120.01,120.53,242718759
2022-03-06T12:00:00Z,120.53,121.23,116.10,117.03,289962017
2022-03-06T16:00:00Z,117.03,118.73,116.32,117.27,293727400
2022-03-06T20:00:00Z,117.27,117.92,115.27,117.08,252705114
2022-03-07T00:00:00Z,117.08,119.72,116.52,118.38,209439472
2022-03-07T04:00:00Z,118.38,118.81,116.30,117.98,253018909
2022-03-07T08:00:00Z,117.98,120.10,117.44,117.88,272929789
2022-03-07T12:00:00Z,117.88,118.51,114.11,114.73,248388370
2022-03-07T16:00:00Z,114.73,115.74,112.85,113.47,199080841
2022-03-07T20:00:00Z,113.47,114.36,111.40,113.69,209712129
2022-03-08T00:00:00Z,113.69,118.05,113.06,117.25,269928855
2022-03-08T04:00:00Z,117.25,117.91,115.79,117.28,290973017
2022-03-08T08:00:00Z,117.28,118.56,114.85,115.37,266159510
2022-03-08T12:00:00Z,115.37,115.90,110.98,111.90,216653932
2022-03-08T16:00:00Z,111.90,113.93,111.28,112.97,253431509
2022-03-08T20:00:00Z,112.97,115.27,111.84,114.63,287909151
2022-03-09T00:00:00Z,114.63,118.11,113.95,116.81,278052301
2022-03-09T04:00:00Z,116.81,117.43,114.42,115.63,225645215
2022-03-09T08:00:00Z,115.63,117.31,114.38,114.99,188027950
2022-03-09T12:00:00Z,114.99,115.41,111.52,112.47,237776242
2022-03-09T16:00:00Z,112.47,113.78,110.94,111.36,272860913
2022-03-09T20:00:00Z,111.36,111.97,108.55,109.98,263366089
2022-03-10T00:00:00Z,109.98,112.79,109.32,111.69,216918522
2022-03-10T04:00:00Z,111.69,112.34,109.94,111.19,237882428
2022-03-10T08:00:00Z,111.19,112.36,108.32,108.96,287465119
2022-03-10T12:00:00Z,108.96,109.42,103.11,103.65,295021251
2022-03-10T16:00:00Z,103.65,104.34,101.86,102.29,256920076
2022-03-10T20:00:00Z,102.29,103.31,100.47,102.90,205526172
2022-03-11T00:00:00Z,102.90,106.14,102.31,104.95,241610066
2022-03-11T04:00:00Z,104.95,105.58,101.93,102.61,265593715
2022-03-11T08:00:00Z,102.61,103.41,99.37,99.97,250527158
2022-03-11T12:00:00Z,99.97,100.47,95.84,96.68,212885607
2022-03-11T16:00:00Z,96.68,98.18,95.79,96.28,207166836
2022-03-11T20:00:00Z,96.28,96.67,93.86,95.14,269619089
2022-03-12T00:00:00Z,95.14,97.34,94.66,96.02,294631559
2022-03-12T04:00:00Z,96.02,96.57,94.06,95.52,273242631
2022-03-12T08:00:00Z,95.52,97.27,94.48,95.03,220288873
2022-03-12T12:00:00Z,95.03,95.57,90.87,91.45,244203445
2022-03-12T16:00:00Z,91.45,92.40,90.04,90.55,281462357
2022-03-12T20:00:00Z,90.55,92.26,88.95,91.80,275905423
2022-03-13T00:00:00Z,91.80,96.65,91.41,96.13,226948959
2022-03-13T04:00:00Z,96.13,96.83,94.95,96.42,179573696
2022-03-13T08:00:00Z,96.42,97.74,94.50,94.99,238031310
2022-03-13T12:00:00Z,94.99,95.55,91.29,92.35,277759628
2022-03-13T16:00:00Z,92.35,94.77,91.82,93.86,272659457
2022-03-13T20:00:00Z,93.86,95.81,92.77,95.27,228174034
2022-03-14T00:00:00Z,95.27,98.48,94.91,97.32,231836070
2022-03-14T04:00:00Z,97.32,97.74,95.33,96.75,283360330
2022-03-14T08:00:00Z,96.75,98.78,96.23,96.97,294665860
2022-03-14T12:00:00Z,96.97,97.53,94.10,95.02,259826089
2022-03-14T16:00:00Z,95.02,96.41,94.10,94.66,200787552
2022-03-14T20:00:00Z,94.66,95.39,92.66,94.82,229267986
2022-03-15T00:00:00Z,94.82,98.98,94.37,98.36,257708775
2022-03-15T04:00:00Z,98.36,99.53,97.29,99.07,258809117
2022-03-15T08:00:00Z,99.07,100.57,97.18,97.53,226093778
2022-03-15T12:00:00Z,97.53,98.04,92.69,93.11,208133324
2022-03-15T16:00:00Z,93.11,94.23,92.26,92.76,267987987
2022-03-15T20:00:00Z,92.76,94.31,91.42,93.75,296687098
2022-03-16T00:00:00Z,93.75,96.90,93.24,95.60,278824709
2022-03-16T04:00:00Z,95.60,96.03,92.66,93.43,222805518
2022-03-16T08:00:00Z,93.43,94.31,91.22,91.63,233739266
2022-03-16T12:00:00Z,91.63,92.05,88.25,89.19,273614507
2022-03-16T16:00:00Z,89.19,90.90,88.70,89.28,272542002
2022-03-16T20:00:00Z,89.28,89.80,87.22,88.89,227563078
2022-03-17T00:00:00Z,88.89,92.01,88.36,91.16,182100381
2022-03-17T04:00:00Z,91.16,92.49,89.96,91.94,237675656
2022-03-17T08:00:00Z,91.94,94.10,91.44,91.93,281457130
2022-03-17T12:00:00Z,91.93,92.26,87.87,88.47,280637794
2022-03-17T16:00:00Z,88.47,89.60,87.70,88.03,238323677
2022-03-17T20:00:00Z,88.03,90.21,86.75,89.78,224593974
2022-03-18T00:00:00Z,89.78,94.60,89.23,94.02,277677911
2022-03-18T04:00:00Z,94.02,94.61,92.78,94.05,292694369
2022-03-18T08:00:00Z,94.05,95.45,92.54,93.08,261460315
2022-03-18T12:00:00Z,93.08,93.47,90.23,91.60,199579146
2022-03-18T16:00:00Z,91.60,94.84,91.24,94.16,216179370
2022-03-18T20:00:00Z,94.16,96.77,93.32,96.39,254628138
2022-03-19T00:00:00Z,96.39,100.38,95.83,99.69,267602957
2022-03-19T04:00:00Z,99.69,101.45,98.62,100.88,238510255
2022-03-19T08:00:00Z,100.88,103.77,100.28,102.44,208279820
2022-03-19T12:00:00Z,102.44,102.96,99.95,101.04,264984793
2022-03-19T16:00:00Z,101.04,102.76,100.61,101.12,297089193
2022-03-19T20:00:00Z,101.12,102.57,99.44,102.16,282859539
2022-03-20T00:00:00Z,102.16,106.92,101.63,106.48,228450161
2022-03-20T04:00:00Z,106.48,107.99,105.57,107.44,222166734
2022-03-20T08:00:00Z,107.44,108.99,105.63,106.25,264498668
2022-03-20T12:00:00Z,106.25,106.85,102.04,102.99,268080989
2022-03-20T16:00:00Z,102.99,105.13,102.48,104.20,230748792
2022-03-20T20:00:00Z,104.20,106.84,103.28,106.32,188148517
2022-03-21T00:00:00Z,106.32,110.12,105.86,109.00,236483316
2022-03-21T04:00:00Z,109.00,109.56,106.84,108.01,283838259
2022-03-21T08:00:00Z,108.01,109.65,106.94,107.50,287175789
2022-03-21T12:00:00Z,107.50,108.14,104.47,105.58,247252462
2022-03-21T16:00:00Z,105.58,107.23,104.77,105.40,220435987
2022-03-21T20:00:00Z,105.40,105.90,103.05,104.84,270476385
2022-03-22T00:00:00Z,104.84,108.22,104.44,107.33,289167414
2022-03-22T04:00:00Z,107.33,108.49,106.06,108.09,261882642
2022-03-22T08:00:00Z,108.09,110.14,107.16,107.63,197760672
2022-03-22T12:00:00Z,107.63,108.26,103.41,104.11,203592702
2022-03-22T16:00:00Z,104.11,105.51,103.48,104.40,256686837
2022-03-22T20:00:00Z,104.40,107.64,103.39,107.00,275384000
2022-03-23T00:00:00Z,107.00,112.21,106.49,111.53,249953384
2022-03-23T04:00:00Z,111.53,112.21,110.12,111.69,211772666
2022-03-23T08:00:00Z,111.69,113.45,110.86,111.25,260583216
2022-03-23T12:00:00Z,111.25,111.85,108.61,110.23,295815715
2022-03-23T16:00:00Z,110.23,113.34,109.56,112.43,285329027
2022-03-23T20:00:00Z,112.43,114.56,111.30,113.88,232982161
2022-03-24T00:00:00Z,113.88,117.78,113.25,116.88,209635755
2022-03-24T04:00:00Z,116.88,118.88,115.70,118.25,254268071
2022-03-24T08:00:00Z,118.25,121.24,117.82,119.77,262656281
2022-03-24T12:00:00Z,119.77,120.32,117.04,118.16,240308208
2022-03-24T16:00:00Z,118.16,120.07,117.50,118.67,198037036
2022-03-24T20:00:00Z,118.67,121.51,117.38,120.84,234367371
2022-03-25T00:00:00Z,120.84,126.83,120.12,126.08,284808168
2022-03-25T04:00:00Z,126.08,128.05,125.25,127.30,292172518
2022-03-25T08:00:00Z,127.30,129.13,125.65,126.32,254870308
2022-03-25T12:00:00Z,126.32,126.78,122.38,123.57,215156096
2022-03-25T16:00:00Z,123.57,125.96,122.97,124.93,261841702
2022-03-25T20:00:00Z,124.93,126.99,123.67,126.38,284171549
2022-03-26T00:00:00Z,126.38,129.62,125.61,128.22,261173489
2022-03-26T04:00:00Z,128.22,128.96,125.69,127.00,199684809
2022-03-26T08:00:00Z,127.00,128.80,125.82,126.56,196883293
2022-03-26T12:00:00Z,126.56,127.08,123.19,124.31,258578299
2022-03-26T16:00:00Z,124.31,125.87,123.20,123.71,281997708
2022-03-26T20:00:00Z,123.71,124.32,121.26,123.36,260258528
2022-03-27T00:00:00Z,123.36,127.16,122.65,126.39,214286899
2022-03-27T04:00:00Z,126.39,127.80,125.18,127.07,254782792
2022-03-27T08:00:00Z,127.07,128.76,125.07,125.83,292873499
2022-03-27T12:00:00Z,125.83,126.46,120.87,121.57,286243046
2022-03-27T16:00:00Z,121.57,122.94,120.72,121.33,236424385
2022-03-27T20:00:00Z,121.33,123.38,119.92,122.89,200555968
2022-03-28T00:00:00Z,122.89,126.83,122.25,125.73,243092860
2022-03-28T04:00:00Z,125.73,126.45,123.42,124.47,261066739
2022-03-28T08:00:00Z,124.47,125.79,122.68,123.39,251606465
2022-03-28T12:00:00Z,123.39,124.09,120.43,121.91,207353330
2022-03-28T16:00:00Z,121.91,124.55,121.30,123.32,231256694
2022-03-28T20:00:00Z,123.32,124.76,121.66,124.15,284294913
2022-03-29T00:00:00Z,124.15,128.07,123.62,127.22,295553499
2022-03-29T04:00:00Z,127.22,129.28,126.10,128.73,261113322
2022-03-29T08:00:00Z,128.73,131.53,127.97,129.67,213053806
2022-03-29T12:00:00Z,129.67,130.43,126.03,127.01,251885769
2022-03-29T16:00:00Z,127.01,128.47,126.03,126.79,277817121
2022-03-29T20:00:00Z,126.79,129.15,125.23,128.43,259431178
2022-03-30T00:00:00Z,128.43,133.49,127.94,132.65,203246891
2022-03-30T04:00:00Z,132.65,133.23,131.07,132.54,195042743
2022-03-30T08:00:00Z,132.54,133.94,130.27,130.85,259500291
2022-03-30T12:00:00Z,130.85,131.61,126.96,128.17,287306197
2022-03-30T16:00:00Z,128.17,130.71,127.40,129.54,269281275
2022-03-30T20:00:00Z,129.54,131.39,128.14,130.61,220000066
2022-03-31T00:00:00Z,130.61,133.76,130.00,132.32,247609685
2022-03-31T04:00:00Z,132.32,132.79,129.98,131.44,288298333
2022-03-31T08:00:00Z,131.44,133.41,130.54,131.00,285638689
2022-03-31T12:00:00Z,131.00,131.71,127.18,127.85,238821398
2022-03-31T16:00:00Z,127.85,128.89,125.35,126.04,190842140
2022-03-31T20:00:00Z,126.04,126.78,123.19,124.85,231648003
2022-04-01T00:00:00Z,124.85,128.19,124.16,127.05,265317046
2022-04-01T04:00:00Z,127.05,127.62,125.11,126.37,262025426
2022-04-01T08:00:00Z,126.37,127.50,123.13,123.68,220176829
2022-04-01T12:00:00Z,123.68,124.26,118.20,118.74,227098587
2022-04-01T16:00:00Z,118.74,120.00,117.81,118.37,282251567
2022-04-01T20:00:00Z,118.37,120.12,116.87,119.45,297272176
2022-04-02T00:00:00Z,119.45,122.85,118.74,121.45,265944482
2022-04-02T04:00:00Z,121.45,122.09,118.61,119.64,209941465
2022-04-02T08:00:00Z,119.64,120.94,117.68,118.31,240744431
2022-04-02T12:00:00Z,118.31,118.75,114.87,116.00,270235648
2022-04-02T16:00:00Z,116.00,117.78,115.38,115.83,256768945
2022-04-02T20:00:00Z,115.83,116.47,113.41,115.15,213379895
2022-04-03T00:00:00Z,115.15,118.28,114.45,117.28,197024390
2022-04-03T04:00:00Z,117.28,118.61,115.94,117.90,259349267
2022-04-03T08:00:00Z,117.90,120.04,116.93,117.61,291191454
2022-04-03T12:00:00Z,117.61,118.10,113.29,114.06,276900192
2022-04-03T16:00:00Z,114.06,115.42,113.41,113.88,224602026
2022-04-03T20:00:00Z,113.88,116.37,112.60,115.91,239116873
2022-04-04T00:00:00Z,115.91,120.77,115.23,120.05,282154353
2022-04-04T04:00:00Z,120.05,120.77,118.45,119.65,283578928
2022-04-04T08:00:00Z,119.65,120.88,117.34,118.05,240237426
2022-04-04T12:00:00Z,118.05,118.64,114.38,115.57,184902592
2022-04-04T16:00:00Z,115.57,117.77,115.10,116.45,225310758
2022-04-04T20:00:00Z,116.45,116.96,114.58,116.49,269915422
2022-04-05T00:00:00Z,116.49,119.06,115.89,117.58,271390321
2022-04-05T04:00:00Z,117.58,118.25,115.29,116.65,232090715
2022-04-05T08:00:00Z,116.65,118.38,115.36,116.04,221861002
2022-04-05T12:00:00Z,116.04,116.69,111.78,112.45,278657798
2022-04-05T16:00:00Z,112.45,113.23,110.05,110.68,297310793
2022-04-05T20:00:00Z,110.68,111.10,108.16,110.25,269353707
2022-04-06T00:00:00Z,110.25,114.04,109.78,113.12,210134696
2022-04-06T04:00:00Z,113.12,113.71,111.32,112.38,228574916
2022-04-06T08:00:00Z,112.38,113.40,108.86,109.43,261576768
2022-04-06T12:00:00Z,109.43,110.08,103.92,104.53,256697501
2022-04-06T16:00:00Z,104.53,105.65,103.38,104.01,226579546
2022-04-06T20:00:00Z,104.01,104.74,102.15,104.16,198458663
2022-04-07T00:00:00Z,104.16,106.67,103.77,104.96,258038149
2022-04-07T04:00:00Z,104.96,105.42,101.77,102.60,293558130
2022-04-07T08:00:00Z,102.60,103.75,100.75,101.20,283019090
2022-04-07T12:00:00Z,101.20,101.79,97.74,98.61,232287898
2022-04-07T16:00:00Z,98.61,99.92,97.46,98.05,229383736
2022-04-07T20:00:00Z,98.05,98.58,95.78,97.60,274532812
2022-04-08T00:00:00Z,97.60,101.26,97.14,100.52,280150723
2022-04-08T04:00:00Z,100.52,102.01,99.46,101.54,240753905
2022-04-08T08:00:00Z,101.54,103.54,100.63,100.98,179807325
2022-04-08T12:00:00Z,100.98,101.53,96.69,97.22,224208852
2022-04-08T16:00:00Z,97.22,98.50,96.64,97.20,273480666
2022-04-08T20:00:00Z,97.20,99.75,96.07,99.16,279541811
2022-04-09T00:00:00Z,99.16,103.58,98.62,102.67,242936701
2022-04-09T04:00:00Z,102.67,103.13,100.76,101.83,219774596
2022-04-09T08:00:00Z,101.83,103.14,100.25,100.69,273520878
2022-04-09T12:00:00Z,100.69,101.16,97.82,99.07,295680656
2022-04-09T16:00:00Z,99.07,101.50,98.51,100.53,271357326
2022-04-09T20:00:00Z,100.53,101.77,99.05,101.20,209458821
2022-04-10T00:00:00Z,101.20,104.54,100.60,103.56,215552820
2022-04-10T04:00:00Z,103.56,104.74,102.14,104.13,252004835
2022-04-10T08:00:00Z,104.13,106.42,103.67,104.32,262812332
2022-04-10T12:00:00Z,104.32,104.71,100.30,100.90,239098633
2022-04-10T16:00:00Z,100.90,101.77,99.10,99.49,203480303
2022-04-10T20:00:00Z,99.49,100.18,97.37,99.69,255499123
2022-04-11T00:00:00Z,99.69,103.64,99.08,102.76,294335889
2022-04-11T04:00:00Z,102.76,103.35,100.82,101.77,287568730
2022-04-11T08:00:00Z,101.77,102.62,98.43,99.00,238766943
2022-04-11T12:00:00Z,99.00,99.41,94.29,95.07,218515045
2022-04-11T16:00:00Z,95.07,96.75,94.69,95.56,265550270
2022-04-11T20:00:00Z,95.56,96.65,94.07,96.26,275462627
2022-04-12T00:00:00Z,96.26,98.96,95.70,97.67,240466639
2022-04-12T04:00:00Z,97.67,98.25,95.27,96.38,185215842
2022-04-12T08:00:00Z,96.38,97.94,95.29,95.87,223056634
2022-04-12T12:00:00Z,95.87,96.34,92.48,93.28,275888869
2022-04-12T16:00:00Z,93.28,94.46,91.82,92.28,286339375
2022-04-12T20:00:00Z,92.28,92.66,89.93,91.79,252577660
2022-04-13T00:00:00Z,91.79,95.48,91.31,94.89,216582515
2022-04-13T04:00:00Z,94.89,96.17,93.84,95.68,266876087
2022-04-13T08:00:00Z,95.68,97.31,94.20,94.75,292421773
2022-04-13T12:00:00Z,94.75,95.28,90.55,91.37,271996950
2022-04-13T16:00:00Z,91.37,93.30,90.92,92.46,212238479
2022-04-13T20:00:00Z,92.46,95.83,91.70,95.37,201868673
2022-04-14T00:00:00Z,95.37,100.14,94.95,99.41,246687012
2022-04-14T04:00:00Z,99.41,99.93,97.86,99.34,270273875
2022-04-14T08:00:00Z,99.34,101.18,98.75,99.36,250746121
2022-04-14T12:00:00Z,99.36,99.95,97.09,98.51,207726829
2022-04-14T16:00:00Z,98.51,101.09,97.95,99.94,251686018
2022-04-14T20:00:00Z,99.94,101.09,98.31,100.53,293481226
2022-04-15T00:00:00Z,100.53,104.20,100.16,103.40,290507937
2022-04-15T04:00:00Z,103.40,105.01,102.32,104.63,244014254
2022-04-15T08:00:00Z,104.63,107.11,104.06,105.12,210879644
2022-04-15T12:00:00Z,105.12,105.73,101.39,102.11,255346243
2022-04-15T16:00:00Z,102.11,103.34,101.32,101.92,269641946
2022-04-15T20:00:00Z,101.92,104.36,100.65,103.74,241753518
2022-04-16T00:00:00Z,103.74,108.64,103.26,107.92,195260866
2022-04-16T04:00:00Z,107.92,108.29,106.36,107.55,221187251
2022-04-16T08:00:00Z,107.55,108.68,105.22,105.59,277032793
2022-04-16T12:00:00Z,105.59,106.16,101.70,102.58,291664343
2022-04-16T16:00:00Z,102.58,104.50,101.97,103.29,260900050
2022-04-16T20:00:00Z,103.29,104.09,101.67,103.48,216533032
2022-04-17T00:00:00Z,103.48,105.94,102.92,104.55,258786498
2022-04-17T04:00:00Z,104.55,105.01,102.23,103.50,287601861
2022-04-17T08:00:00Z,103.50,105.32,102.72,103.17,271337806
2022-04-17T12:00:00Z,103.17,103.66,99.65,100.39,214303335
2022-04-17T16:00:00Z,100.39,101.56,98.99,99.47,188328989
2022-04-17T20:00:00Z,99.47,100.33,97.45,99.78,247085055
2022-04-18T00:00:00Z,99.78,104.32,99.18,103.69,276717910
2022-04-18T04:00:00Z,103.69,105.18,102.73,104.57,261344646
2022-04-18T08:00:00Z,104.57,106.21,102.84,103.38,215333275
2022-04-18T12:00:00Z,103.38,103.77,99.13,100.02,246576224
2022-04-18T16:00:00Z,100.02,101.99,99.52,101.12,290978697
2022-04-18T20:00:00Z,101.12,103.86,100.16,103.35,291824106
2022-04-19T00:00:00Z,103.35,107.38,102.72,106.37,248030092
2022-04-19T04:00:00Z,106.37,106.98,104.53,105.85,202356855
2022-04-19T08:00:00Z,105.85,107.81,105.31,106.10,244080358
2022-04-19T12:00:00Z,106.10,106.53,103.78,105.36,262831518
2022-04-19T16:00:00Z,105.36,107.88,104.94,106.72,249334501
2022-04-19T20:00:00Z,106.72,108.16,105.15,107.73,209109850
2022-04-20T00:00:00Z,107.73,112.19,107.10,111.62,218517549
2022-04-20T04:00:00Z,111.62,114.26,110.80,113.60,276824841
2022-04-20T08:00:00Z,113.60,116.10,112.95,114.06,295422445
2022-04-20T12:00:00Z,114.06,114.62,110.07,110.87,267815818
2022-04-20T16:00:00Z,110.87,112.35,110.30,110.85,215388114
2022-04-20T20:00:00Z,110.85,113.11,109.57,112.67,249342156
2022-04-21T00:00:00Z,112.67,117.06,112.08,116.18,281314780
2022-04-21T04:00:00Z,116.18,116.86,114.14,115.10,269466542
2022-04-21T08:00:00Z,115.10,116.22,112.53,113.19,215736805
2022-04-21T12:00:00Z,113.19,113.82,109.48,110.66,184564694
2022-04-21T16:00:00Z,110.66,112.79,110.11,111.49,247845568
2022-04-21T20:00:00Z,111.49,112.12,109.62,111.58,281998551
2022-04-22T00:00:00Z,111.58,114.27,111.10,113.01,270734112
2022-04-22T04:00:00Z,113.01,113.60,110.96,112.55,221943040
2022-04-22T08:00:00Z,112.55,114.47,111.53,112.13,240172087
2022-04-22T12:00:00Z,112.13,112.79,107.79,108.43,286841577
2022-04-22T16:00:00Z,108.43,109.21,105.96,106.59,291533077
2022-04-22T20:00:00Z,106.59,107.09,104.16,106.30,250838962
2022-04-23T00:00:00Z,106.30,110.22,105.91,109.31,197325767
2022-04-23T04:00:00Z,109.31,109.80,107.60,108.76,231929096
2022-04-23T08:00:00Z,108.76,109.86,105.95,106.43,258797713
2022-04-23T12:00:00Z,106.43,107.05,101.93,102.78,259493529
2022-04-23T16:00:00Z,102.78,104.82,102.16,103.82,222320808
2022-04-23T20:00:00Z,103.82,106.19,102.80,105.56,214978952
2022-04-24T00:00:00Z,105.56,109.17,105.07,108.03,275199641
2022-04-24T04:00:00Z,108.03,108.41,106.02,107.47,297545882
2022-04-24T08:00:00Z,107.47,109.52,106.97,107.70,273263730
2022-04-24T12:00:00Z,107.70,108.29,105.10,106.18,217415106
2022-04-24T16:00:00Z,106.18,107.95,105.54,106.24,238658649
2022-04-24T20:00:00Z,106.24,106.96,104.26,106.32,273678407
2022-04-25T00:00:00Z,106.32,110.40,105.75,109.71,266488607
2022-04-25T04:00:00Z,109.71,111.50,108.72,110.91,217909342
2022-04-25T08:00:00Z,110.91,112.96,109.90,110.38,186213897
2022-04-25T12:00:00Z,110.38,110.90,106.12,106.85,247728294
2022-04-25T16:00:00Z,106.85,108.46,106.25,107.29,285986211
2022-04-25T20:00:00Z,107.29,110.15,106.19,109.53,278774877
2022-04-26T00:00:00Z,109.53,113.98,108.88,112.95,231701969
2022-04-26T04:00:00Z,112.95,113.54,110.77,111.82,232501730
2022-04-26T08:00:00Z,111.82,113.00,109.66,110.23,281111870
2022-04-26T12:00:00Z,110.23,110.65,106.65,107.72,289678408
2022-04-26T16:00:00Z,107.72,109.53,107.19,107.72,252488114
2022-04-26T20:00:00Z,107.72,108.33,105.30,106.69,191670603
2022-04-27T00:00:00Z,106.69,108.86,106.05,107.52,219127788
2022-04-27T04:00:00Z,107.52,108.14,105.42,106.71,260934364
2022-04-27T08:00:00Z,106.71,108.31,104.96,105.57,268731105
2022-04-27T12:00:00Z,105.57,105.99,100.55,101.07,234703629
2022-04-27T16:00:00Z,101.07,101.72,98.74,99.14,214760423
2022-04-27T20:00:00Z,99.14,99.66,96.95,99.25,272116155
2022-04-28T00:00:00Z,99.25,103.09,98.67,102.24,297994796
2022-04-28T04:00:00Z,102.24,102.85,100.18,101.06,277210082
2022-04-28T08:00:00Z,101.06,101.93,97.63,98.22,218394326
2022-04-28T12:00:00Z,98.22,98.70,93.55,94.30,226875096
2022-04-28T16:00:00Z,94.30,95.93,93.93,94.58,264832000
2022-04-28T20:00:00Z,94.58,95.19,92.89,94.82,262525221
2022-04-29T00:00:00Z,94.82,97.33,94.32,95.93,226298376
2022-04-29T04:00:00Z,95.93,96.48,93.63,94.75,192209746
2022-04-29T08:00:00Z,94.75,96.44,94.02,94.57,246636120
2022-04-29T12:00:00Z,94.57,95.10,91.44,92.36,288570772
2022-04-29T16:00:00Z,92.36,93.78,91.45,91.97,285350540
2022-04-29T20:00:00Z,91.97,92.86,90.03,92.42,240268453
2022-04-30T00:00:00Z,92.42,96.90,92.01,96.45,223619302
2022-04-30T04:00:00Z,96.45,98.14,95.66,97.71,273859709
2022-04-30T08:00:00Z,97.71,99.48,96.31,96.82,286330034
2022-04-30T12:00:00Z,96.82,97.39,92.50,93.25,253045559
2022-04-30T16:00:00Z,93.25,94.87,92.73,93.84,189769385
2022-04-30T20:00:00Z,93.84,96.23,92.82,95.70,211068617
2022-05-01T00:00:00Z,95.70,99.44,95.35,98.31,264201205
2022-05-01T04:00:00Z,98.31,98.75,95.95,96.88,276880056
2022-05-01T08:00:00Z,96.88,98.15,95.33,95.77,246083464
2022-05-01T12:00:00Z,95.77,96.33,92.72,93.76,213559269
2022-05-01T16:00:00Z,93.76,95.47,93.20,93.96,267559268
2022-05-01T20:00:00Z,93.96,94.47,91.84,93.47,296758173
2022-05-02T00:00:00Z,93.47,96.43,93.04,95.46,279648808
2022-05-02T04:00:00Z,95.46,96.07,93.95,95.64,222609798
2022-05-02T08:00:00Z,95.64,97.37,94.29,94.64,214151639
2022-05-02T12:00:00Z,94.64,95.15,89.52,89.94,254933131
2022-05-02T16:00:00Z,89.94,90.54,87.64,88.13,260207012
2022-05-02T20:00:00Z,88.13,88.86,86.21,88.34,238685671
2022-05-03T00:00:00Z,88.34,91.83,87.86,90.78,197707065
2022-05-03T04:00:00Z,90.78,91.17,88.20,88.88,244487370
2022-05-03T08:00:00Z,88.88,89.57,85.65,86.02,289664389
2022-05-03T12:00:00Z,86.02,86.43,81.89,82.69,290370205
2022-05-03T16:00:00Z,82.69,84.48,82.22,83.33,247566352
2022-05-03T20:00:00Z,83.33,84.13,81.79,83.66,217844902
2022-05-04T00:00:00Z,83.66,86.37,83.16,85.26,265182144
2022-05-04T04:00:00Z,85.26,85.70,83.47,84.99,281582378
2022-05-04T08:00:00Z,84.99,87.06,84.63,85.25,252597606
2022-05-04T12:00:00Z,85.25,85.58,81.96,82.68,188216883
2022-05-04T16:00:00Z,82.68,83.82,81.59,81.92,208799759
2022-05-04T20:00:00Z,81.92,82.90,80.08,82.49,266490585
2022-05-05T00:00:00Z,82.49,87.09,81.98,86.59,283788544
2022-05-05T04:00:00Z,86.59,88.02,85.80,87.50,256304100
2022-05-05T08:00:00Z,87.50,89.07,86.01,86.50,215574904
2022-05-05T12:00:00Z,86.50,86.85,82.77,83.76,261540821
2022-05-05T16:00:00Z,83.76,86.29,83.41,85.64,293854104
2022-05-05T20:00:00Z,85.64,88.80,84.92,88.44,280600985
2022-05-06T00:00:00Z,88.44,92.62,87.92,91.83,225855951
2022-05-06T04:00:00Z,91.83,92.38,90.26,91.66,200666431
2022-05-06T08:00:00Z,91.66,93.59,91.13,91.98,244154247
2022-05-06T12:00:00Z,91.98,92.43,89.55,90.71,264050351
2022-05-06T16:00:00Z,90.71,92.60,90.35,90.99,250319976
2022-05-06T20:00:00Z,90.99,91.37,88.94,90.83,206810197
2022-05-07T00:00:00Z,90.83,94.27,90.35,93.62,241218591
2022-05-07T04:00:00Z,93.62,94.89,92.50,94.39,289203811
2022-05-07T08:00:00Z,94.39,96.14,93.09,93.64,293770211
2022-05-07T12:00:00Z,93.64,94.15,89.08,89.62,253545609
2022-05-07T16:00:00Z,89.62,90.74,88.78,89.28,211012185
2022-05-07T20:00:00Z,89.28,91.41,88.05,90.98,255201344
2022-05-08T00:00:00Z,90.98,95.16,90.57,94.28,275551956
2022-05-08T04:00:00Z,94.28,94.78,92.28,93.07,251246031
2022-05-08T08:00:00Z,93.07,94.04,90.73,91.22,196555754
2022-05-08T12:00:00Z,91.22,91.76,87.68,88.71,207052226
2022-05-08T16:00:00Z,88.71,90.58,88.21,89.30,267686805
2022-05-08T20:00:00Z,89.30,89.71,87.41,89.14,289323446
2022-05-09T00:00:00Z,89.14,91.81,88.82,90.73,265230905
2022-05-09T04:00:00Z,90.73,91.18,89.08,90.86,216518619
2022-05-09T08:00:00Z,90.86,93.08,90.36,91.24,254100029
2022-05-09T12:00:00Z,91.24,91.77,87.89,88.64,289329433
2022-05-09T16:00:00Z,88.64,89.88,87.96,88.48,280113721
2022-05-09T20:00:00Z,88.48,90.85,87.22,90.32,228187210
2022-05-10T00:00:00Z,90.32,95.93,89.90,95.42,190852527
2022-05-10T04:00:00Z,95.42,97.13,94.73,96.70,236515960
2022-05-10T08:00:00Z,96.70,98.49,95.75,96.10,270136058
2022-05-10T12:00:00Z,96.10,96.62,92.98,94.10,261015771
2022-05-10T16:00:00Z,94.10,97.08,93.53,96.42,215125805
2022-05-10T20:00:00Z,96.42,99.54,95.64,98.94,236786947
2022-05-11T00:00:00Z,98.94,103.00,98.41,102.07,287152196
2022-05-11T04:00:00Z,102.07,102.92,100.49,102.38,295515263
2022-05-11T08:00:00Z,102.38,104.87,101.99,103.54,258182544
2022-05-11T12:00:00Z,103.54,104.04,101.37,102.82,207458761
2022-05-11T16:00:00Z,102.82,105.00,102.23,103.69,244062251
2022-05-11T20:00:00Z,103.69,105.42,102.18,104.82,268374497
2022-05-12T00:00:00Z,104.82,109.88,104.20,109.23,250494594
2022-05-12T04:00:00Z,109.23,111.66,108.56,111.01,210106133
2022-05-12T08:00:00Z,111.01,113.18,110.03,110.61,204717166
2022-05-12T12:00:00Z,110.61,111.03,106.27,107.04,267690024
2022-05-12T16:00:00Z,107.04,108.62,106.51,107.34,293373353
2022-05-12T20:00:00Z,107.34,109.68,106.17,109.13,272753285
2022-05-13T00:00:00Z,109.13,113.05,108.46,111.90,220606501
2022-05-13T04:00:00Z,111.90,112.54,109.40,110.42,245303308
2022-05-13T08:00:00Z,110.42,111.60,108.39,109.02,283258786
2022-05-13T12:00:00Z,109.02,109.45,105.79,107.02,278258498
2022-05-13T16:00:00Z,107.02,109.11,106.57,107.68,229675401
2022-05-13T20:00:00Z,107.68,108.23,105.70,107.70,180801645
2022-05-14T00:00:00Z,107.70,110.89,107.06,110.01,235207760
2022-05-14T04:00:00Z,110.01,111.42,108.74,110.77,275219895
2022-05-14T08:00:00Z,110.77,113.02,110.14,110.92,270601360
2022-05-14T12:00:00Z,110.92,111.46,106.87,107.58,226757877
2022-05-14T16:00:00Z,107.58,108.76,106.42,106.94,231172156
2022-05-14T20:00:00Z,106.94,108.83,105.41,108.42,283500371
2022-05-15T00:00:00Z,108.42,113.21,107.84,112.63,295598947
2022-05-15T04:00:00Z,112.63,113.32,111.26,112.73,261479546
2022-05-15T08:00:00Z,112.73,114.11,110.95,111.60,203032593
2022-05-15T12:00:00Z,111.60,112.22,108.40,109.82,231929746
2022-05-15T16:00:00Z,109.82,113.07,109.29,112.28,260201719
2022-05-15T20:00:00Z,112.28,115.13,111.43,114.59,255952195
2022-05-16T00:00:00Z,114.59,118.70,114.08,117.80,223473615
2022-05-16T04:00:00Z,117.80,119.20,116.38,118.67,205954000
2022-05-16T08:00:00Z,118.67,121.44,117.96,120.06,266419250
2022-05-16T12:00:00Z,120.06,120.77,117.49,118.73,295851136
2022-05-16T16:00:00Z,118.73,120.52,118.07,118.81,278786631
2022-05-16T20:00:00Z,118.81,120.26,116.90,119.60,223568292
2022-05-17T00:00:00Z,119.60,124.39,119.17,123.73,235243481
2022-05-17T04:00:00Z,123.73,125.20,122.70,124.76,275742999
2022-05-17T08:00:00Z,124.76,126.57,123.06,123.63,275128985
2022-05-17T12:00:00Z,123.63,124.35,119.22,120.13,230407055
2022-05-17T16:00:00Z,120.13,122.11,119.42,120.99,180125386
2022-05-17T20:00:00Z,120.99,123.67,119.90,122.95,234984998
2022-05-18T00:00:00Z,122.95,126.79,122.39,125.48,279164846
2022-05-18T04:00:00Z,125.48,125.93,122.88,124.00,278922427
2022-05-18T08:00:00Z,124.00,125.42,122.34,122.79,237318834
2022-05-18T12:00:00Z,122.79,123.46,119.34,120.28,224377922
2022-05-18T16:00:00Z,120.28,121.78,118.94,119.60,278267478
2022-05-18T20:00:00Z,119.60,120.30,116.84,118.31,294043635
2022-05-19T00:00:00Z,118.31,120.99,117.67,119.78,263464188
2022-05-19T04:00:00Z,119.78,120.30,117.93,119.61,202081542
2022-05-19T08:00:00Z,119.61,121.32,117.88,118.39,218985383
2022-05-19T12:00:00Z,118.39,118.95,113.46,113.94,253920747
2022-05-19T16:00:00Z,113.94,114.90,112.44,113.00,264852011
2022-05-19T20:00:00Z,113.00,114.99,111.47,114.35,236113703
2022-05-20T00:00:00Z,114.35,118.81,113.67,117.84,206424326
2022-05-20T04:00:00Z,117.84,118.44,115.84,116.92,263814881
2022-05-20T08:00:00Z,116.92,118.07,114.54,115.13,296695985
2022-05-20T12:00:00Z,115.13,115.58,111.49,112.69,283273664
2022-05-20T16:00:00Z,112.69,114.96,112.12,113.77,229639363
2022-05-20T20:00:00Z,113.77,114.79,112.08,114.22,224038385
2022-05-21T00:00:00Z,114.22,117.22,113.52,116.03,266906988
2022-05-21T04:00:00Z,116.03,116.82,114.31,116.12,270838395
2022-05-21T08:00:00Z,116.12,118.51,115.53,116.64,231311686
2022-05-21T12:00:00Z,116.64,117.10,113.28,114.25,185347715
2022-05-21T16:00:00Z,114.25,115.69,113.38,113.83,233991584
2022-05-21T20:00:00Z,113.83,115.36,112.03,114.89,281849678
2022-05-22T00:00:00Z,114.89,119.79,114.21,119.17,285845247
2022-05-22T04:00:00Z,119.17,120.39,118.10,119.69,246683592
2022-05-22T08:00:00Z,119.69,121.03,117.21,117.92,220673100
2022-05-22T12:00:00Z,117.92,118.48,113.28,114.14,271501012
2022-05-22T16:00:00Z,114.14,115.89,113.70,114.54,290899747
2022-05-22T20:00:00Z,114.54,115.73,112.97,115.29,264187751
2022-05-23T00:00:00Z,115.29,118.07,114.68,116.45,200459014
2022-05-23T04:00:00Z,116.45,117.12,113.37,114.27,205423769
2022-05-23T08:00:00Z,114.27,115.42,112.14,112.80,253846800
2022-05-23T12:00:00Z,112.80,113.43,108.91,109.76,272806539
2022-05-23T16:00:00Z,109.76,110.89,107.81,108.41,247839253
2022-05-23T20:00:00Z,108.41,108.80,105.57,107.00,210286537
2022-05-24T00:00:00Z,107.00,109.83,106.52,108.78,259840838
2022-05-24T04:00:00Z,108.78,109.36,107.00,108.37,295874915
2022-05-24T08:00:00Z,108.37,109.60,105.58,106.15,286185193
2022-05-24T12:00:00Z,106.15,106.77,100.09,100.69,234568604
2022-05-24T16:00:00Z,100.69,101.28,98.44,99.03,211828912
2022-05-24T20:00:00Z,99.03,99.85,97.06,99.30,256897118
2022-05-25T00:00:00Z,99.30,102.43,98.95,101.11,265516442
2022-05-25T04:00:00Z,101.11,101.57,98.07,98.72,237671885
2022-05-25T08:00:00Z,98.72,99.52,95.83,96.28,195383620
2022-05-25T12:00:00Z,96.28,96.84,92.56,93.53,232135711
2022-05-25T16:00:00Z,93.53,95.28,92.97,93.97,283172088
2022-05-25T20:00:00Z,93.97,94.47,92.07,93.84,291259451
2022-05-26T00:00:00Z,93.84,96.75,93.42,95.72,254751370
2022-05-26T04:00:00Z,95.72,96.50,94.19,96.07,215840552
2022-05-26T08:00:00Z,96.07,98.26,95.61,96.17,263276242
2022-05-26T12:00:00Z,96.17,96.70,92.33,92.83,286244436
2022-05-26T16:00:00Z,92.83,93.71,91.26,91.77,263723267
2022-05-26T20:00:00Z,91.77,93.10,90.06,92.55,202512880
2022-05-27T00:00:00Z,92.55,96.94,92.05,96.23,195511086
2022-05-27T04:00:00Z,96.23,96.64,94.71,95.85,255858990
2022-05-27T08:00:00Z,95.85,96.87,93.37,93.77,279656984
2022-05-27T12:00:00Z,93.77,94.22,89.71,90.57,258478705
2022-05-27T16:00:00Z,90.57,92.54,90.05,91.64,213206605
2022-05-27T20:00:00Z,91.64,93.19,90.43,92.67,254486169
2022-05-28T00:00:00Z,92.67,95.51,92.12,94.24,293383653
2022-05-28T04:00:00Z,94.24,94.72,91.90,92.99,287520240
2022-05-28T08:00:00Z,92.99,94.55,91.78,92.25,238369141
2022-05-28T12:00:00Z,92.25,92.62,88.48,89.08,203016809
2022-05-28T16:00:00Z,89.08,89.90,86.87,87.23,245878114
2022-05-28T20:00:00Z,87.23,87.72,84.43,85.74,260912791
2022-05-29T00:00:00Z,85.74,88.58,85.22,87.63,248831580
2022-05-29T04:00:00Z,87.63,88.13,85.90,86.89,204912418
2022-05-29T08:00:00Z,86.89,87.78,83.74,84.22,229339875
2022-05-29T12:00:00Z,84.22,84.55,78.64,79.03,283051486
2022-05-29T16:00:00Z,79.03,79.85,77.96,78.26,295080317
2022-05-29T20:00:00Z,78.26,79.49,76.80,79.16,261447237
2022-05-30T00:00:00Z,79.16,82.21,78.69,81.10,214168811
2022-05-30T04:00:00Z,81.10,81.58,78.33,79.02,253695018
2022-05-30T08:00:00Z,79.02,79.84,76.76,77.22,280179692
2022-05-30T12:00:00Z,77.22,77.59,73.79,74.63,262163054
2022-05-30T16:00:00Z,74.63,76.14,74.08,74.44,204362864
2022-05-30T20:00:00Z,74.44,74.76,72.24,73.67,192222802
2022-05-31T00:00:00Z,73.67,76.31,73.28,75.55,256968446
2022-05-31T04:00:00Z,75.55,76.47,74.27,76.06,285259653
2022-05-31T08:00:00Z,76.06,77.99,75.56,76.01,267879434
2022-05-31T12:00:00Z,76.01,76.42,72.17,72.75,219352117
2022-05-31T16:00:00Z,72.75,73.94,72.25,72.66,247766094
2022-05-31T20:00:00Z,72.66,75.18,71.66,74.83,289246921
2022-06-01T00:00:00Z,74.83,79.86,74.49,79.46,287305569
2022-06-01T04:00:00Z,79.46,80.02,78.33,79.66,241076739
2022-06-01T08:00:00Z,79.66,80.93,78.07,78.49,193510276
2022-06-01T12:00:00Z,78.49,78.95,75.31,76.41,234029605
2022-06-01T16:00:00Z,76.41,78.86,75.99,77.99,262462744
2022-06-01T20:00:00Z,77.99,79.40,76.79,78.98,259412249
2022-06-02T00:00:00Z,78.98,81.90,78.69,80.86,218008319
2022-06-02T04:00:00Z,80.86,81.23,79.09,80.60,225543646
2022-06-02T08:00:00Z,80.60,82.64,80.16,80.88,281431308
2022-06-02T12:00:00Z,80.88,81.35,77.71,78.40,297250488
2022-06-02T16:00:00Z,78.40,79.43,77.15,77.62,266723055
2022-06-02T20:00:00Z,77.62,78.37,75.71,77.92,211459656
2022-06-03T00:00:00Z,77.92,82.11,77.56,81.56,242883989
2022-06-03T04:00:00Z,81.56,82.17,80.43,81.81,272829924
2022-06-03T08:00:00Z,81.81,82.91,79.47,79.77,259615876
2022-06-03T12:00:00Z,79.77,80.21,75.05,75.48,211293299
2022-06-03T16:00:00Z,75.48,76.71,75.02,75.52,194339795
2022-06-03T20:00:00Z,75.52,76.94,74.28,76.48,257067017
2022-06-04T00:00:00Z,76.48,79.33,76.07,78.13,289489311
2022-06-04T04:00:00Z,78.13,78.45,75.50,76.34,275910734
2022-06-04T08:00:00Z,76.34,77.53,75.07,75.39,224402322
2022-06-04T12:00:00Z,75.39,75.76,72.56,73.47,239722477
2022-06-04T16:00:00Z,73.47,75.16,73.05,73.69,283518096
2022-06-04T20:00:00Z,73.69,74.23,71.90,73.81,285594587
2022-06-05T00:00:00Z,73.81,77.60,73.37,77.10,242748007
2022-06-05T04:00:00Z,77.10,79.11,76.42,78.65,187712545
2022-06-05T08:00:00Z,78.65,80.88,78.32,78.85,224491278
2022-06-05T12:00:00Z,78.85,79.16,75.09,75.74,267169591
2022-06-05T16:00:00Z,75.74,77.20,75.35,76.19,269002986
2022-06-05T20:00:00Z,76.19,79.17,75.32,78.76,230247825
2022-06-06T00:00:00Z,78.76,83.74,78.28,83.21,220706099
2022-06-06T04:00:00Z,83.21,83.84,82.01,83.34,278280835
2022-06-06T08:00:00Z,83.34,84.93,82.48,82.96,297741133
2022-06-06T12:00:00Z,82.96,83.28,80.56,82.14,270557831
2022-06-06T16:00:00Z,82.14,85.39,81.79,84.72,212018814
2022-06-06T20:00:00Z,84.72,86.94,83.85,86.57,230992278
2022-06-07T00:00:00Z,86.57,90.49,86.06,89.87,264339086
2022-06-07T04:00:00Z,89.87,91.83,88.96,91.30,257148260
2022-06-07T08:00:00Z,91.30,93.99,90.78,92.58,223782889
2022-06-07T12:00:00Z,92.58,93.03,89.56,90.40,195975298
2022-06-07T16:00:00Z,90.40,91.73,89.57,90.00,256061502
2022-06-07T20:00:00Z,90.00,91.38,88.35,91.04,292242162
2022-06-08T00:00:00Z,91.04,95.58,90.54,95.10,282466299
2022-06-08T04:00:00Z,95.10,95.80,93.92,95.29,232541340
2022-06-08T08:00:00Z,95.29,96.47,92.97,93.52,230423674
2022-06-08T12:00:00Z,93.52,94.03,89.37,90.29,276278243
2022-06-08T16:00:00Z,90.29,92.41,89.86,91.50,282465698
2022-06-08T20:00:00Z,91.50,93.52,90.46,93.08,243458113
2022-06-09T00:00:00Z,93.08,96.34,92.66,95.23,181526649
2022-06-09T04:00:00Z,95.23,95.74,93.12,94.32,221371977
2022-06-09T08:00:00Z,94.32,96.05,93.61,94.12,270910687
2022-06-09T12:00:00Z,94.12,94.67,91.09,92.04,277438903
2022-06-09T16:00:00Z,92.04,93.44,90.99,91.53,241464658
2022-06-09T20:00:00Z,91.53,91.94,89.30,91.24,219048072
2022-06-10T00:00:00Z,91.24,95.06,90.91,94.42,273596464
2022-06-10T04:00:00Z,94.42,95.85,93.46,95.51,296552465
2022-06-10T08:00:00Z,95.51,97.46,94.56,95.01,272957451
2022-06-10T12:00:00Z,95.01,95.56,91.02,91.81,211662630
2022-06-10T16:00:00Z,91.81,93.76,91.27,92.92,218188661
2022-06-10T20:00:00Z,92.92,96.57,92.16,96.01,254867405
2022-06-11T00:00:00Z,96.01,101.11,95.58,100.44,260064855
2022-06-11T04:00:00Z,100.44,101.04,99.04,100.60,236451789
2022-06-11T08:00:00Z,100.60,102.51,100.12,100.65,201259108
2022-06-11T12:00:00Z,100.65,101.21,98.31,99.95,253876586
2022-06-11T16:00:00Z,99.95,102.82,99.34,101.83,293438389
2022-06-11T20:00:00Z,101.83,103.46,100.53,102.85,287466172
2022-06-12T00:00:00Z,102.85,106.68,102.30,105.92,239467315
2022-06-12T04:00:00Z,105.92,107.97,104.90,107.41,219963795
2022-06-12T08:00:00Z,107.41,110.13,106.98,108.44,267634556
2022-06-12T12:00:00Z,108.44,108.97,105.17,106.02,278020107
2022-06-12T16:00:00Z,106.02,107.58,105.41,106.14,243298112
2022-06-12T20:00:00Z,106.14,108.78,104.89,108.16,183680602
2022-06-13T00:00:00Z,108.16,113.41,107.52,112.73,220342959
2022-06-13T04:00:00Z,112.73,113.48,111.42,112.83,273557813
2022-06-13T08:00:00Z,112.83,114.11,110.52,111.08,284572501
2022-06-13T12:00:00Z,111.08,111.52,107.02,108.04,251512587
2022-06-13T16:00:00Z,108.04,110.07,107.49,108.86,216302200
2022-06-13T20:00:00Z,108.86,109.85,107.23,109.29,267402364
2022-06-14T00:00:00Z,109.29,111.83,108.63,110.41,293713654
2022-06-14T04:00:00Z,110.41,111.03,107.89,109.11,273953809
2022-06-14T08:00:00Z,109.11,110.84,107.98,108.60,214707898
2022-06-14T12:00:00Z,108.60,109.02,104.95,105.79,204658310
2022-06-14T16:00:00Z,105.79,106.94,104.30,104.70,246420900
2022-06-14T20:00:00Z,104.70,105.24,102.36,104.50,267503665
2022-06-15T00:00:00Z,104.50,108.51,103.88,107.86,248314042
2022-06-15T04:00:00Z,107.86,109.01,106.75,108.37,205822316
2022-06-15T08:00:00Z,108.37,109.79,106.15,106.79,250457410
2022-06-15T12:00:00Z,106.79,107.30,102.05,102.76,293024219
2022-06-15T16:00:00Z,102.76,104.32,102.38,103.12,290858128
2022-06-15T20:00:00Z,103.12,105.25,101.98,104.86,245144365
2022-06-16T00:00:00Z,104.86,108.54,104.30,107.53,212701653
2022-06-16T04:00:00Z,107.53,108.16,105.38,106.49,257718234
2022-06-16T08:00:00Z,106.49,108.01,105.45,106.08,272379167
2022-06-16T12:00:00Z,106.08,106.66,103.54,104.93,242757479
2022-06-16T16:00:00Z,104.93,107.31,104.43,106.09,192444624
2022-06-16T20:00:00Z,106.09,107.27,104.40,106.78,218663376
2022-06-17T00:00:00Z,106.78,110.80,106.28,110.15,274997865
2022-06-17T04:00:00Z,110.15,112.28,109.23,111.77,290276861
2022-06-17T08:00:00Z,111.77,114.23,111.10,112.14,260268084
2022-06-17T12:00:00Z,112.14,112.79,108.07,108.82,216705804
2022-06-17T16:00:00Z,108.82,110.07,107.81,108.45,259750554
2022-06-17T20:00:00Z,108.45,110.59,106.99,110.00,289282111
2022-06-18T00:00:00Z,110.00,114.48,109.59,113.53,273603375
2022-06-18T04:00:00Z,113.53,114.06,111.55,112.52,216977761
2022-06-18T08:00:00Z,112.52,113.58,109.90,110.42,190599176
2022-06-18T12:00:00Z,110.42,111.07,106.55,107.62,244233462
2022-06-18T16:00:00Z,107.62,109.67,106.98,108.40,274111807
2022-06-18T20:00:00Z,108.40,109.15,106.62,108.51,259187020
2022-06-19T00:00:00Z,108.51,111.07,108.03,109.67,213792181
2022-06-19T04:00:00Z,109.67,110.08,107.42,108.73,245771696
2022-06-19T08:00:00Z,108.73,110.47,107.56,107.97,290973400
2022-06-19T12:00:00Z,107.97,108.57,103.56,104.07,292618452
2022-06-19T16:00:00Z,104.07,104.80,101.26,101.83,249562210
2022-06-19T20:00:00Z,101.83,102.42,99.22,100.89,204507410
2022-06-20T00:00:00Z,100.89,104.32,100.36,103.35,246681845
2022-06-20T04:00:00Z,103.35,103.78,101.47,102.47,265681309
2022-06-20T08:00:00Z,102.47,103.43,99.31,99.73,247136369
2022-06-20T12:00:00Z,99.73,100.21,94.79,95.38,206431405
2022-06-20T16:00:00Z,95.38,96.91,94.84,95.76,216245407
2022-06-20T20:00:00Z,95.76,97.64,94.59,97.08,275135979
2022-06-21T00:00:00Z,97.08,100.36,96.51,99.14,294448406
2022-06-21T04:00:00Z,99.14,99.64,96.84,97.93,267632471
2022-06-21T08:00:00Z,97.93,99.56,96.99,97.48,216009737
2022-06-21T12:00:00Z,97.48,97.87,94.54,95.57,250720332
2022-06-21T16:00:00Z,95.57,97.24,95.02,95.41,283342165
2022-06-21T20:00:00Z,95.41,95.96,93.25,95.14,271985225
2022-06-22T00:00:00Z,95.14,98.80,94.56,98.10,218550607
2022-06-22T04:00:00Z,98.10,99.77,97.14,99.17,183633151
2022-06-22T08:00:00Z,99.17,101.21,98.22,98.78,245104936
2022-06-22T12:00:00Z,98.78,99.16,94.56,95.28,279620512
2022-06-22T16:00:00Z,95.28,96.77,94.88,95.61,268903886
2022-06-22T20:00:00Z,95.61,98.33,94.57,97.91,220803183
2022-06-23T00:00:00Z,97.91,102.46,97.33,101.67,239811383
2022-06-23T04:00:00Z,101.67,102.27,99.78,100.81,287288119
2022-06-23T08:00:00Z,100.81,101.90,98.68,99.27,292752086
2022-06-23T12:00:00Z,99.27,99.74,95.81,96.88,252735487
2022-06-23T16:00:00Z,96.88,98.79,96.51,97.27,199752093
2022-06-23T20:00:00Z,97.27,97.70,95.14,96.67,234696236
2022-06-24T00:00:00Z,96.67,98.99,96.15,97.68,259136321
2022-06-24T04:00:00Z,97.68,98.25,95.65,97.00,256701107
2022-06-24T08:00:00Z,97.00,98.59,95.64,96.21,219845889
2022-06-24T12:00:00Z,96.21,96.73,91.60,92.15,213014305
2022-06-24T16:00:00Z,92.15,92.73,89.89,90.39,273898290
2022-06-24T20:00:00Z,90.39,90.89,88.23,90.47,297009190
2022-06-25T00:00:00Z,90.47,94.36,90.05,93.57,273533498
2022-06-25T04:00:00Z,93.57,94.08,91.82,92.65,218470322
2022-06-25T08:00:00Z,92.65,93.53,89.35,89.85,240417122
2022-06-25T12:00:00Z,89.85,90.37,85.06,85.73,276003174
2022-06-25T16:00:00Z,85.73,87.19,85.26,85.93,269198592
2022-06-25T20:00:00Z,85.93,86.82,84.35,86.35,219516871
2022-06-26T00:00:00Z,86.35,88.89,86.03,87.56,183380274
2022-06-26T04:00:00Z,87.56,87.97,85.22,86.26,245165881
2022-06-26T08:00:00Z,86.26,87.94,85.63,86.04,283894591
2022-06-26T12:00:00Z,86.04,86.54,83.15,84.07,277316967
2022-06-26T16:00:00Z,84.07,85.52,83.46,83.96,230991323
2022-06-26T20:00:00Z,83.96,84.97,82.16,84.47,232593700
2022-06-27T00:00:00Z,84.47,89.01,84.10,88.55,281999292
2022-06-27T04:00:00Z,88.55,90.54,87.89,90.16,291292162
2022-06-27T08:00:00Z,90.16,92.17,89.42,89.76,254702506
2022-06-27T12:00:00Z,89.76,90.26,85.82,86.51,194313155
2022-06-27T16:00:00Z,86.51,88.24,85.98,87.36,221947062
2022-06-27T20:00:00Z,87.36,90.30,86.47,89.77,258075824
2022-06-28T00:00:00Z,89.77,94.05,89.29,93.17,266090916
2022-06-28T04:00:00Z,93.17,93.56,91.32,92.43,232492971
2022-06-28T08:00:00Z,92.43,93.93,91.47,91.85,213151482
2022-06-28T12:00:00Z,91.85,92.30,89.26,90.55,271234251
2022-06-28T16:00:00Z,90.55,92.81,90.02,91.69,297908620
2022-06-28T20:00:00Z,91.69,92.57,90.07,92.04,277926345
2022-06-29T00:00:00Z,92.04,95.44,91.51,94.60,219857240
2022-06-29T04:00:00Z,94.60,95.91,93.37,95.36,228970715
2022-06-29T08:00:00Z,95.36,97.48,94.69,95.17,267397098
2022-06-29T12:00:00Z,95.17,95.56,90.80,91.24,265360005
2022-06-29T16:00:00Z,91.24,92.00,89.53,89.91,224651307
2022-06-29T20:00:00Z,89.91,90.97,88.07,90.50,189501794
2022-06-30T00:00:00Z,90.50,94.45,89.95,93.56,244314808
2022-06-30T04:00:00Z,93.56,94.09,91.47,92.32,286816905
2022-06-30T08:00:00Z,92.32,93.10,89.32,89.83,284300723
2022-06-30T12:00:00Z,89.83,90.17,85.75,86.68,240004456
2022-06-30T16:00:00Z,86.68,88.66,86.31,87.66,224161690
2022-06-30T20:00:00Z,87.66,88.81,86.26,88.43,275166234
2022-07-01T00:00:00Z,88.43,91.28,87.90,90.23,288298931
2022-07-01T04:00:00Z,90.23,90.76,88.46,89.90,255523475
2022-07-01T08:00:00Z,89.90,91.93,89.39,90.21,192563316
2022-07-01T12:00:00Z,90.21,90.63,87.09,87.92,210690347
2022-07-01T16:00:00Z,87.92,89.20,86.91,87.32,261435759
2022-07-01T20:00:00Z,87.32,88.15,85.42,87.83,274456893
2022-07-02T00:00:00Z,87.83,92.39,87.35,91.98,244191319
2022-07-02T04:00:00Z,91.98,93.72,91.22,93.22,212345521
2022-07-02T08:00:00Z,93.22,94.93,92.04,92.59,267118455
2022-07-02T12:00:00Z,92.59,93.08,88.93,89.97,297124629
2022-07-02T16:00:00Z,89.97,92.63,89.55,91.98,280793990
2022-07-02T20:00:00Z,91.98,95.62,91.34,95.18,224444509
2022-07-03T00:00:00Z,95.18,99.82,94.73,99.07,216532975
2022-07-03T04:00:00Z,99.07,99.63,97.54,99.17,257675612
2022-07-03T08:00:00Z,99.17,101.23,98.57,99.65,261098928
2022-07-03T12:00:00Z,99.65,100.24,97.43,98.78,235873221
2022-07-03T16:00:00Z,98.78,100.97,98.25,99.65,195191241
2022-07-03T20:00:00Z,99.65,100.44,97.78,99.90,242464124
2022-07-04T00:00:00Z,99.90,103.65,99.53,102.91,288291313
2022-07-04T04:00:00Z,102.91,104.44,101.85,104.05,289754244
2022-07-04T08:00:00Z,104.05,106.23,103.37,103.87,247755484
2022-07-04T12:00:00Z,103.87,104.48,99.62,100.26,218824397
2022-07-04T16:00:00Z,100.26,101.42,99.43,100.03,266875709
2022-07-04T20:00:00Z,100.03,102.41,98.79,101.81,283858104
2022-07-05T00:00:00Z,101.81,106.30,101.37,105.38,255278235
2022-07-05T04:00:00Z,105.38,105.78,103.35,104.31,190375580
2022-07-05T08:00:00Z,104.31,105.34,101.86,102.26,205950968
2022-07-05T12:00:00Z,102.26,102.83,98.50,99.43,263891638
2022-07-05T16:00:00Z,99.43,101.25,98.83,99.89,281641872
2022-07-05T20:00:00Z,99.89,100.47,98.00,99.62,254776902
2022-07-06T00:00:00Z,99.62,102.04,99.10,100.79,214786135
2022-07-06T04:00:00Z,100.79,101.21,98.77,100.34,261551915
2022-07-06T08:00:00Z,100.34,102.35,99.89,100.30,294664197
2022-07-06T12:00:00Z,100.30,100.80,96.73,97.41,282146981
2022-07-06T16:00:00Z,97.41,98.57,96.22,96.71,228017433
2022-07-06T20:00:00Z,96.71,98.33,95.07,97.77,203275045
2022-07-07T00:00:00Z,97.77,102.83,97.19,102.22,247006808
2022-07-07T04:00:00Z,102.22,103.63,101.27,103.04,261740754
2022-07-07T08:00:00Z,103.04,104.62,101.36,101.87,247647765
2022-07-07T12:00:00Z,101.87,102.28,98.03,99.06,204548236
2022-07-07T16:00:00Z,99.06,101.44,98.55,100.68,239543063
2022-07-07T20:00:00Z,100.68,103.33,99.76,102.80,288245221
2022-07-08T00:00:00Z,102.80,106.60,102.17,105.54,293603224
2022-07-08T04:00:00Z,105.54,106.14,103.75,105.25,254183229
2022-07-08T08:00:00Z,105.25,107.44,104.74,105.84,212404749
2022-07-08T12:00:00Z,105.84,106.24,103.48,104.83,257240388
2022-07-08T16:00:00Z,104.83,106.94,104.37,105.50,278078658
2022-07-08T20:00:00Z,105.50,106.63,103.70,106.17,254063592
2022-07-09T00:00:00Z,106.17,110.59,105.54,110.00,195512178
2022-07-09T04:00:00Z,110.00,112.08,109.13,111.42,204316885
2022-07-09T08:00:00Z,111.42,113.41,110.13,110.79,265318136
2022-07-09T12:00:00Z,110.79,111.31,106.14,106.78,287505943
2022-07-09T16:00:00Z,106.78,108.03,105.92,106.42,264106131
2022-07-09T20:00:00Z,106.42,108.09,104.96,107.70,216174184
2022-07-10T00:00:00Z,107.70,111.25,107.11,110.15,254562758
2022-07-10T04:00:00Z,110.15,110.80,107.40,108.18,290563285
2022-07-10T08:00:00Z,108.18,109.13,105.38,106.01,282022594
2022-07-10T12:00:00Z,106.01,106.58,102.22,103.25,230622421
2022-07-10T16:00:00Z,103.25,105.03,102.77,103.34,193624401
2022-07-10T20:00:00Z,103.34,103.70,101.09,102.66,236742406
2022-07-11T00:00:00Z,102.66,105.11,102.18,103.93,267347961
2022-07-11T04:00:00Z,103.93,104.50,102.02,103.58,258549378
2022-07-11T08:00:00Z,103.58,105.32,102.24,102.80,213173221
2022-07-11T12:00:00Z,102.80,103.40,97.96,98.55,235500255
2022-07-11T16:00:00Z,98.55,99.19,96.17,96.74,286631618
2022-07-11T20:00:00Z,96.74,97.44,94.59,96.92,295801345
2022-07-12T00:00:00Z,96.92,100.94,96.56,100.07,259253004
2022-07-12T04:00:00Z,100.07,100.55,98.30,99.29,209230222
2022-07-12T08:00:00Z,99.29,100.29,96.62,97.09,246396735
2022-07-12T12:00:00Z,97.09,97.66,93.09,94.08,271090172
2022-07-12T16:00:00Z,94.08,96.43,93.52,95.50,251990272
2022-07-12T20:00:00Z,95.50,97.59,94.45,97.02,207275854
2022-07-13T00:00:00Z,97.02,100.43,96.60,99.34,202162401
2022-07-13T04:00:00Z,99.34,99.72,97.52,99.13,265609763
2022-07-13T08:00:00Z,99.13,101.31,98.64,99.58,291929624
2022-07-13T12:00:00Z,99.58,100.14,96.75,97.63,272058539
2022-07-13T16:00:00Z,97.63,99.00,96.56,97.11,220714851
2022-07-13T20:00:00Z,97.11,97.71,95.06,97.13,246206316
2022-07-14T00:00:00Z,97.13,101.20,96.62,100.55,284886118
2022-07-14T04:00:00Z,100.55,101.72,99.43,101.21,280483402
2022-07-14T08:00:00Z,101.21,102.74,99.40,99.80,232324579
2022-07-14T12:00:00Z,99.80,100.30,95.23,95.82,183509822
2022-07-14T16:00:00Z,95.82,97.29,95.27,96.11,232346031
2022-07-14T20:00:00Z,96.11,98.30,94.99,97.74,272586447
2022-07-15T00:00:00Z,97.74,101.29,97.17,100.06,268401309
2022-07-15T04:00:00Z,100.06,100.56,97.33,98.16,225162584
2022-07-15T08:00:00Z,98.16,99.10,95.84,96.31,230305877
2022-07-15T12:00:00Z,96.31,96.71,92.53,93.33,283430581
2022-07-15T16:00:00Z,93.33,94.61,92.00,92.39,296331081
2022-07-15T20:00:00Z,92.39,92.92,89.57,90.66,262956577
2022-07-16T00:00:00Z,90.66,92.69,90.12,91.48,205139475
2022-07-16T04:00:00Z,91.48,91.99,89.54,90.72,234502382
2022-07-16T08:00:00Z,90.72,92.07,88.65,89.15,263039724
2022-07-16T12:00:00Z,89.15,89.48,83.88,84.29,254193347
2022-07-16T16:00:00Z,84.29,84.86,82.34,82.65,220771472
2022-07-16T20:00:00Z,82.65,83.65,80.84,83.28,203642507
2022-07-17T00:00:00Z,83.28,87.13,82.78,86.30,264678445
2022-07-17T04:00:00Z,86.30,86.81,84.18,84.96,294816609
2022-07-17T08:00:00Z,84.96,85.75,82.01,82.50,278538962
2022-07-17T12:00:00Z,82.50,82.88,78.50,79.36,224126770
2022-07-17T16:00:00Z,79.36,81.16,79.07,80.01,236564608
2022-07-17T20:00:00Z,80.01,80.54,78.40,80.25,277723874
2022-07-18T00:00:00Z,80.25,82.77,79.81,81.73,277615319
2022-07-18T04:00:00Z,81.73,82.21,79.93,81.41,233205188
2022-07-18T08:00:00Z,81.41,83.38,80.92,81.79,179634968
2022-07-18T12:00:00Z,81.79,82.23,78.74,79.55,232224407
2022-07-18T16:00:00Z,79.55,80.88,78.79,79.22,276750672
2022-07-18T20:00:00Z,79.22,80.58,77.60,80.22,277042710
2022-07-19T00:00:00Z,80.22,84.96,79.84,84.62,236119984
2022-07-19T04:00:00Z,84.62,85.97,83.82,85.57,223953315
2022-07-19T08:00:00Z,85.57,86.99,83.77,84.24,278650186
2022-07-19T12:00:00Z,84.24,84.73,79.99,80.72,295203849
2022-07-19T16:00:00Z,80.72,82.41,80.29,81.47,265311540
2022-07-19T20:00:00Z,81.47,83.33,80.37,82.89,204472145
2022-07-20T00:00:00Z,82.89,86.01,82.58,84.82,221733034
2022-07-20T04:00:00Z,84.82,85.22,82.35,83.21,254700590
2022-07-20T08:00:00Z,83.21,84.48,81.86,82.26,262043441
2022-07-20T12:00:00Z,82.26,82.74,79.12,79.98,233606007
2022-07-20T16:00:00Z,79.98,81.31,79.03,79.51,204412828
2022-07-20T20:00:00Z,79.51,79.92,77.23,78.74,262456253
2022-07-21T00:00:00Z,78.74,81.78,78.40,80.96,296096050
2022-07-21T04:00:00Z,80.96,81.49,79.62,81.15,283479150
2022-07-21T08:00:00Z,81.15,82.59,79.39,79.70,230634264
2022-07-21T12:00:00Z,79.70,80.14,74.46,74.83,225745211
2022-07-21T16:00:00Z,74.83,75.42,73.10,73.52,269192794
2022-07-21T20:00:00Z,73.52,74.71,71.97,74.27,273525143
2022-07-22T00:00:00Z,74.27,77.76,73.88,76.79,233358823
2022-07-22T04:00:00Z,76.79,77.10,74.37,75.07,182501819
2022-07-22T08:00:00Z,75.07,75.85,72.76,73.06,231399878
2022-07-22T12:00:00Z,73.06,73.42,69.82,70.76,279714024
2022-07-22T16:00:00Z,70.76,72.83,70.35,71.93,284331993
2022-07-22T20:00:00Z,71.93,73.00,70.60,72.58,245910604
2022-07-23T00:00:00Z,72.58,75.79,72.16,75.01,220700583
2022-07-23T04:00:00Z,75.01,76.29,73.83,75.86,272326828
2022-07-23T08:00:00Z,75.86,78.28,75.56,76.75,292459572
2022-07-23T12:00:00Z,76.75,77.07,73.68,74.39,266360093
2022-07-23T16:00:00Z,74.39,75.68,73.86,74.18,203074669
2022-07-23T20:00:00Z,74.18,76.12,72.86,75.72,208279007
2022-07-24T00:00:00Z,75.72,80.93,75.26,80.46,251425812
2022-07-24T04:00:00Z,80.46,81.90,79.74,81.42,270140648
2022-07-24T08:00:00Z,81.42,82.99,80.15,80.60,245587548
2022-07-24T12:00:00Z,80.60,80.90,77.37,78.50,208624397
2022-07-24T16:00:00Z,78.50,81.39,78.15,80.83,258897729
2022-07-24T20:00:00Z,80.83,83.76,80.14,83.39,295724293
2022-07-25T00:00:00Z,83.39,87.27,82.89,86.45,286838790
2022-07-25T04:00:00Z,86.45,86.96,84.95,86.43,235975514
2022-07-25T08:00:00Z,86.43,88.50,85.95,86.95,213879549
2022-07-25T12:00:00Z,86.95,87.36,84.31,85.30,259431762
2022-07-25T16:00:00Z,85.30,86.82,84.59,84.99,268337671
2022-07-25T20:00:00Z,84.99,85.37,82.85,84.77,236516307
2022-07-26T00:00:00Z,84.77,88.39,84.31,87.86,192653657
2022-07-26T04:00:00Z,87.86,89.01,86.81,88.53,229776491
2022-07-26T08:00:00Z,88.53,90.00,86.83,87.34,281367367
2022-07-26T12:00:00Z,87.34,87.81,82.78,83.35,290149796
2022-07-26T16:00:00Z,83.35,84.70,82.97,83.57,254423214
2022-07-26T20:00:00Z,83.57,85.95,82.59,85.56,216319454
2022-07-27T00:00:00Z,85.56,89.60,85.15,88.71,264524900
2022-07-27T04:00:00Z,88.71,89.20,86.74,87.62,288165593
2022-07-27T08:00:00Z,87.62,88.80,86.04,86.52,266167287
2022-07-27T12:00:00Z,86.52,87.02,83.58,84.71,205289399
2022-07-27T16:00:00Z,84.71,86.73,84.26,85.52,195625363
2022-07-27T20:00:00Z,85.52,86.11,83.73,85.66,253075308
2022-07-28T00:00:00Z,85.66,88.96,85.33,88.19,277199194
2022-07-28T04:00:00Z,88.19,89.74,87.12,89.40,256538243
2022-07-28T08:00:00Z,89.40,91.94,88.89,90.31,211934615
2022-07-28T12:00:00Z,90.31,90.85,87.17,88.04,253981722
2022-07-28T16:00:00Z,88.04,89.69,87.52,88.69,293686041
2022-07-28T20:00:00Z,88.69,92.08,87.81,91.55,288605911
2022-07-29T00:00:00Z,91.55,97.62,91.15,97.11,240153531
2022-07-29T04:00:00Z,97.11,98.79,96.43,98.38,205360934
2022-07-29T08:00:00Z,98.38,100.26,97.68,98.07,248599393
2022-07-29T12:00:00Z,98.07,98.62,95.32,96.72,262245422
2022-07-29T16:00:00Z,96.72,99.97,96.13,99.28,246004733
2022-07-29T20:00:00Z,99.28,102.06,98.43,101.45,202365382
2022-07-30T00:00:00Z,101.45,105.30,100.92,104.38,227271035
2022-07-30T04:00:00Z,104.38,105.51,102.90,104.98,281621984
2022-07-30T08:00:00Z,104.98,107.60,104.55,106.24,294401491
2022-07-30T12:00:00Z,106.24,106.77,103.84,104.97,261571966
2022-07-30T16:00:00Z,104.97,106.81,104.36,105.26,215087377
2022-07-30T20:00:00Z,105.26,106.93,103.67,106.32,255335874
2022-07-31T00:00:00Z,106.32,111.35,105.70,110.69,282415034
2022-07-31T04:00:00Z,110.69,112.48,109.83,111.85,264818773
2022-07-31T08:00:00Z,111.85,113.58,110.10,110.64,206959859
2022-07-31T12:00:00Z,110.64,111.10,106.08,106.84,189363514
2022-07-31T16:00:00Z,106.84,108.48,106.28,107.24,254341822
2022-07-31T20:00:00Z,107.24,109.31,106.01,108.74,283070282
2022-08-01T00:00:00Z,108.74,112.22,108.08,110.95,266297839
2022-08-01T04:00:00Z,110.95,111.56,108.34,109.41,218501491
2022-08-01T08:00:00Z,109.41,110.82,107.89,108.50,247712692
2022-08-01T12:00:00Z,108.50,108.89,105.50,106.72,289994898
2022-08-01T16:00:00Z,106.72,108.74,106.25,107.19,288796669
2022-08-01T20:00:00Z,107.19,107.76,105.17,107.28,243194820
2022-08-02T00:00:00Z,107.28,110.98,106.64,110.26,196090364
2022-08-02T04:00:00Z,110.26,112.23,109.25,111.57,236870739
2022-08-02T08:00:00Z,111.57,113.89,110.95,111.72,260592174
2022-08-02T12:00:00Z,111.72,112.23,107.64,108.43,256716002
2022-08-02T16:00:00Z,108.43,109.88,107.94,108.44,215706718
2022-08-02T20:00:00Z,108.44,111.02,107.25,110.63,223815960
2022-08-03T00:00:00Z,110.63,115.56,110.02,114.98,280412106
2022-08-03T04:00:00Z,114.98,115.66,113.56,115.02,297019155
2022-08-03T08:00:00Z,115.02,116.53,113.64,114.32,267297607
2022-08-03T12:00:00Z,114.32,114.93,111.59,113.15,212795343
2022-08-03T16:00:00Z,113.15,116.51,112.64,115.63,244876777
2022-08-03T20:00:00Z,115.63,118.02,114.63,117.49,275324595
2022-08-04T00:00:00Z,117.49,121.43,116.93,120.55,262418123
2022-08-04T04:00:00Z,120.55,122.17,119.22,121.59,210690752
2022-08-04T08:00:00Z,121.59,124.30,120.86,122.70,191584147
2022-08-04T12:00:00Z,122.70,123.41,119.48,120.51,254661913
2022-08-04T16:00:00Z,120.51,121.92,119.22,119.92,287622084
2022-08-04T20:00:00Z,119.92,121.19,117.89,120.55,274726820
2022-08-05T00:00:00Z,120.55,125.13,120.09,124.34,223993935
2022-08-05T04:00:00Z,124.34,124.94,122.90,124.46,240121426
2022-08-05T08:00:00Z,124.46,125.77,121.87,122.47,284693307
2022-08-05T12:00:00Z,122.47,123.19,117.81,118.71,287454525
2022-08-05T16:00:00Z,118.71,120.58,118.01,119.37,245147800
2022-08-05T20:00:00Z,119.37,121.27,117.99,120.57,190465277
2022-08-06T00:00:00Z,120.57,123.70,120.06,122.22,225159023
2022-08-06T04:00:00Z,122.22,122.70,119.39,120.47,264364992
2022-08-06T08:00:00Z,120.47,121.90,118.82,119.29,266503503
2022-08-06T12:00:00Z,119.29,119.97,115.61,116.41,228248139
2022-08-06T16:00:00Z,116.41,117.55,114.47,115.13,219361963
2022-08-06T20:00:00Z,115.13,115.79,112.28,113.78,277696945
2022-08-07T00:00:00Z,113.78,116.78,113.20,115.73,297962965
2022-08-07T04:00:00Z,115.73,116.35,114.08,115.77,271568108
2022-08-07T08:00:00Z,115.77,117.37,113.90,114.36,213738847
2022-08-07T12:00:00Z,114.36,114.93,109.52,110.05,233288093
2022-08-07T16:00:00Z,110.05,111.29,109.24,109.81,267031866
2022-08-07T20:00:00Z,109.81,112.33,108.56,111.68,259083772
2022-08-08T00:00:00Z,111.68,116.12,111.04,115.12,220939977
2022-08-08T04:00:00Z,115.12,115.68,113.07,114.19,193390913
2022-08-08T08:00:00Z,114.19,115.52,112.36,112.91,253936940
2022-08-08T12:00:00Z,112.91,113.39,109.74,110.99,290742901
2022-08-08T16:00:00Z,110.99,113.27,110.40,111.97,281709118
2022-08-08T20:00:00Z,111.97,112.72,110.13,112.13,232585215
2022-08-09T00:00:00Z,112.13,115.24,111.45,114.15,231265186
2022-08-09T04:00:00Z,114.15,115.31,112.63,114.63,277851847
2022-08-09T08:00:00Z,114.63,117.01,114.07,114.95,284648829
2022-08-09T12:00:00Z,114.95,115.37,111.14,111.96,246080727
2022-08-09T16:00:00Z,111.96,113.20,110.88,111.28,184384475
2022-08-09T20:00:00Z,111.28,112.91,109.54,112.40,218839676
2022-08-10T00:00:00Z,112.40,117.04,111.73,116.30,268251203
2022-08-10T04:00:00Z,116.30,116.99,114.74,115.88,275197522
2022-08-10T08:00:00Z,115.88,116.95,112.74,113.41,239815960
2022-08-10T12:00:00Z,113.41,113.93,108.64,109.46,218120473
2022-08-10T16:00:00Z,109.46,111.07,109.01,109.51,273462213
2022-08-10T20:00:00Z,109.51,110.01,107.58,109.41,297222020
2022-08-11T00:00:00Z,109.41,111.71,108.80,109.85,274378659
2022-08-11T04:00:00Z,109.85,110.50,106.70,107.62,213724797
2022-08-11T08:00:00Z,107.62,108.77,105.57,106.21,220731164
2022-08-11T12:00:00Z,106.21,106.77,102.07,102.72,257692211
2022-08-11T16:00:00Z,102.72,103.52,100.34,100.89,258797317
2022-08-11T20:00:00Z,100.89,101.25,98.09,99.62,233727291
2022-08-12T00:00:00Z,99.62,102.74,99.14,101.84,198909410
2022-08-12T04:00:00Z,101.84,102.40,100.17,101.43,252084704
2022-08-12T08:00:00Z,101.43,102.56,98.43,98.98,292343890
2022-08-12T12:00:00Z,98.98,99.55,93.27,93.83,287154305
2022-08-12T16:00:00Z,93.83,94.67,92.42,92.96,239962372
2022-08-12T20:00:00Z,92.96,94.23,91.34,93.74,221227218
2022-08-13T00:00:00Z,93.74,96.90,93.38,95.64,269567937
2022-08-13T04:00:00Z,95.64,96.11,92.93,93.70,280472856
2022-08-13T08:00:00Z,93.70,94.74,91.80,92.25,246079188
2022-08-13T12:00:00Z,92.25,92.80,89.18,90.28,183633420
2022-08-13T16:00:00Z,90.28,92.18,89.75,90.91,217563781
2022-08-13T20:00:00Z,90.91,91.53,89.06,91.00,271108708
2022-08-14T00:00:00Z,91.00,94.40,90.61,93.60,282644228
2022-08-14T04:00:00Z,93.60,94.97,92.47,94.58,250255339
2022-08-14T08:00:00Z,94.58,96.81,94.10,94.64,215813902
2022-08-14T12:00:00Z,94.64,95.18,90.59,91.08,267721050
2022-08-14T16:00:00Z,91.08,92.00,89.77,90.29,294814499
2022-08-14T20:00:00Z,90.29,92.03,88.81,91.48,275751071
2022-08-15T00:00:00Z,91.48,95.81,91.01,95.01,217061590
2022-08-15T04:00:00Z,95.01,95.39,93.19,94.13,207385105
2022-08-15T08:00:00Z,94.13,95.09,91.61,91.98,247641590
2022-08-15T12:00:00Z,91.98,92.44,88.16,89.04,264680344
2022-08-15T16:00:00Z,89.04,91.00,88.52,89.94,245774817
2022-08-15T20:00:00Z,89.94,90.83,88.45,90.31,203764967
2022-08-16T00:00:00Z,90.31,92.80,89.79,91.52,249042180
2022-08-16T04:00:00Z,91.52,91.96,89.29,90.42,292361339
2022-08-16T08:00:00Z,90.42,92.01,89.21,89.64,290999230
2022-08-16T12:00:00Z,89.64,90.02,85.51,85.93,246078458
2022-08-16T16:00:00Z,85.93,86.60,83.39,83.75,214355983
2022-08-16T20:00:00Z,83.75,84.24,81.09,82.61,259963945
2022-08-17T00:00:00Z,82.61,85.82,82.11,84.96,275041342
2022-08-17T04:00:00Z,84.96,85.43,83.27,84.21,245243207
2022-08-17T08:00:00Z,84.21,85.03,81.09,81.55,189587870
2022-08-17T12:00:00Z,81.55,81.84,76.52,77.01,216043662
2022-08-17T16:00:00Z,77.01,78.31,76.67,77.17,272819240
2022-08-17T20:00:00Z,77.17,78.86,76.01,78.51,288709017
2022-08-18T00:00:00Z,78.51,81.71,78.04,80.65,259433138
2022-08-18T04:00:00Z,80.65,81.13,78.34,79.28,216668790
2022-08-18T08:00:00Z,79.28,80.61,78.11,78.58,260514353
2022-08-18T12:00:00Z,78.58,78.93,75.72,76.70,290787232
2022-08-18T16:00:00Z,76.70,78.37,76.43,76.79,275732587
2022-08-18T20:00:00Z,76.79,77.14,74.79,76.62,219565220
2022-08-19T00:00:00Z,76.62,80.08,76.19,79.60,193443349
2022-08-19T04:00:00Z,79.60,81.39,78.79,80.95,242251231
2022-08-19T08:00:00Z,80.95,83.05,80.46,81.12,271421540
2022-08-19T12:00:00Z,81.12,81.55,77.42,78.14,256895383
2022-08-19T16:00:00Z,78.14,79.71,77.79,78.80,212077669
2022-08-19T20:00:00Z,78.80,81.95,77.98,81.59,244767850
2022-08-20T00:00:00Z,81.59,86.63,81.19,86.12,290758407
2022-08-20T04:00:00Z,86.12,86.60,84.79,86.05,293209059
2022-08-20T08:00:00Z,86.05,87.37,84.60,85.08,250912416
2022-08-20T12:00:00Z,85.08,85.57,82.11,83.29,206512047
2022-08-20T16:00:00Z,83.29,85.61,82.84,84.58,249184775
2022-08-20T20:00:00Z,84.58,85.42,83.03,84.97,268487580
2022-08-21T00:00:00Z,84.97,87.77,84.64,86.74,246421710
2022-08-21T04:00:00Z,86.74,87.16,85.06,86.73,203680786
2022-08-21T08:00:00Z,86.73,88.79,86.23,86.84,213849450
2022-08-21T12:00:00Z,86.84,87.35,83.19,83.79,273281300
2022-08-21T16:00:00Z,83.79,84.66,82.28,82.78,293279466
2022-08-21T20:00:00Z,82.78,83.86,80.95,83.37,267240316
2022-08-22T00:00:00Z,83.37,87.73,83.02,87.10,216424913
2022-08-22T04:00:00Z,87.10,87.45,85.78,86.95,251910502
2022-08-22T08:00:00Z,86.95,87.97,84.37,84.72,285214625
2022-08-22T12:00:00Z,84.72,85.19,80.26,80.89,274394133
2022-08-22T16:00:00Z,80.89,82.45,80.40,81.44,221308334
2022-08-22T20:00:00Z,81.44,82.93,80.22,82.44,184188777
2022-08-23T00:00:00Z,82.44,85.33,82.02,84.16,242304401
2022-08-23T04:00:00Z,84.16,84.49,81.99,83.10,277129319
2022-08-23T08:00:00Z,83.10,84.85,82.75,83.11,266916076
2022-08-23T12:00:00Z,83.11,83.54,80.64,81.64,219473583
2022-08-23T16:00:00Z,81.64,83.44,81.16,82.06,239243554
2022-08-23T20:00:00Z,82.06,83.32,80.49,82.84,287526290
2022-08-24T00:00:00Z,82.84,87.62,82.36,87.10,293777704
2022-08-24T04:00:00Z,87.10,89.64,86.59,89.14,254468671
2022-08-24T08:00:00Z,89.14,91.45,88.79,89.34,202057843
2022-08-24T12:00:00Z,89.34,89.72,85.68,86.51,237394962
2022-08-24T16:00:00Z,86.51,88.39,86.05,87.67,260960145
2022-08-24T20:00:00Z,87.67,91.10,86.87,90.62,253861271
2022-08-25T00:00:00Z,90.62,95.53,90.07,94.84,217268911
2022-08-25T04:00:00Z,94.84,95.39,93.43,94.82,210900901
2022-08-25T08:00:00Z,94.82,96.62,94.25,94.77,272413074
2022-08-25T12:00:00Z,94.77,95.11,92.46,94.13,296267840
2022-08-25T16:00:00Z,94.13,97.09,93.70,96.19,273593760
2022-08-25T20:00:00Z,96.19,97.83,94.92,97.39,219327501
2022-08-26T00:00:00Z,97.39,101.20,96.80,100.50,242004454
2022-08-26T04:00:00Z,100.50,102.42,99.53,101.81,278197024
2022-08-26T08:00:00Z,101.81,104.28,101.25,102.39,271828083
2022-08-26T12:00:00Z,102.39,102.85,98.55,99.23,222377191
2022-08-26T16:00:00Z,99.23,100.30,97.93,98.38,180736742
2022-08-26T20:00:00Z,98.38,99.68,96.64,99.33,242512888
2022-08-27T00:00:00Z,99.33,103.60,98.77,102.93,281663609
2022-08-27T04:00:00Z,102.93,103.54,101.31,102.31,275681765
2022-08-27T08:00:00Z,102.31,103.36,99.56,100.16,230079263
2022-08-27T12:00:00Z,100.16,100.69,96.09,97.10,232475825
2022-08-27T16:00:00Z,97.10,99.30,96.67,98.27,282684781
2022-08-27T20:00:00Z,98.27,99.78,96.97,99.34,292727623
2022-08-28T00:00:00Z,99.34,102.35,98.86,101.21,256776133
2022-08-28T04:00:00Z,101.21,101.77,99.19,100.65,196863435
2022-08-28T08:00:00Z,100.65,102.61,100.04,100.77,224775356
2022-08-28T12:00:00Z,100.77,101.35,97.58,98.50,256696362
2022-08-28T16:00:00Z,98.50,99.81,97.27,97.84,263371971
2022-08-28T20:00:00Z,97.84,98.53,95.73,98.02,230152871
2022-08-29T00:00:00Z,98.02,102.40,97.63,101.86,211372496
2022-08-29T04:00:00Z,101.86,103.47,100.98,103.07,270154942
2022-08-29T08:00:00Z,103.07,104.98,101.95,102.46,297613054
2022-08-29T12:00:00Z,102.46,103.06,98.62,99.62,278437542
2022-08-29T16:00:00Z,99.62,102.11,99.04,101.35,221135387
2022-08-29T20:00:00Z,101.35,105.12,100.66,104.52,230916257
2022-08-30T00:00:00Z,104.52,109.36,104.08,108.52,269858497
2022-08-30T04:00:00Z,108.52,108.97,106.94,108.53,268145546
2022-08-30T08:00:00Z,108.53,110.59,107.98,108.79,224490089
2022-08-30T12:00:00Z,108.79,109.41,106.42,107.92,186727208
2022-08-30T16:00:00Z,107.92,110.29,107.27,109.03,241874464
2022-08-30T20:00:00Z,109.03,110.05,107.28,109.39,284900881
2022-08-31T00:00:00Z,109.39,113.13,108.84,112.32,283058257
2022-08-31T04:00:00Z,112.32,114.09,111.20,113.53,239532322
2022-08-31T08:00:00Z,113.53,115.90,113.05,113.65,224496660
2022-08-31T12:00:00Z,113.65,114.23,109.62,110.27,276282220
2022-08-31T16:00:00Z,110.27,111.56,109.38,109.96,290109009
2022-08-31T20:00:00Z,109.96,112.29,108.63,111.64,257886659
2022-09-01T00:00:00Z,111.64,116.24,111.00,115.30,195295539
2022-09-01T04:00:00Z,115.30,115.86,113.28,114.29,211799058
2022-09-01T08:00:00Z,114.29,115.26,111.42,111.96,258616054
2022-09-01T12:00:00Z,111.96,112.44,107.78,108.73,271925560
2022-09-01T16:00:00Z,108.73,110.55,108.15,108.98,242145525
2022-09-01T20:00:00Z,108.98,109.62,106.93,108.57,210944609
2022-09-02T00:00:00Z,108.57,110.78,107.92,109.34,266471541
2022-09-02T04:00:00Z,109.34,109.94,106.99,108.28,297282100
2022-09-02T08:00:00Z,108.28,110.09,107.20,107.79,281743581
2022-09-02T12:00:00Z,107.79,108.18,103.87,104.59,226112256
2022-09-02T16:00:00Z,104.59,105.60,103.01,103.38,218788982
2022-09-02T20:00:00Z,103.38,104.14,101.25,103.66,260344157
2022-09-03T00:00:00Z,103.66,108.05,103.04,107.43,263473310
2022-09-03T04:00:00Z,107.43,108.45,106.34,107.80,233019091
2022-09-03T08:00:00Z,107.80,109.12,105.48,106.11,192578521
2022-09-03T12:00:00Z,106.11,106.58,101.66,102.54,240296317
2022-09-03T16:00:00Z,102.54,104.50,102.18,103.48,286737268
2022-09-03T20:00:00Z,103.48,105.62,102.40,105.24,288935005
2022-09-04T00:00:00Z,105.24,108.74,104.65,107.71,247734859
2022-09-04T04:00:00Z,107.71,108.35,105.68,106.96,219603993
2022-09-04T08:00:00Z,106.96,108.78,106.33,107.09,268394803
2022-09-04T12:00:00Z,107.09,107.65,104.61,105.92,285998376
2022-09-04T16:00:00Z,105.92,108.07,105.46,106.60,257872982
2022-09-04T20:00:00Z,106.60,107.56,104.75,107.09,193222698
2022-09-05T00:00:00Z,107.09,111.22,106.57,110.63,203857139
2022-09-05T04:00:00Z,110.63,112.53,109.72,111.99,261207441
2022-09-05T08:00:00Z,111.99,114.04,110.88,111.51,279360274
2022-09-05T12:00:00Z,111.51,112.15,106.88,107.52,253075619
2022-09-05T16:00:00Z,107.52,108.66,106.37,107.00,213797676
2022-09-05T20:00:00Z,107.00,108.83,105.47,108.27,261353272
2022-09-06T00:00:00Z,108.27,112.13,107.84,110.97,295270841
2022-09-06T04:00:00Z,110.97,111.51,108.39,109.17,283511661
2022-09-06T08:00:00Z,109.17,110.10,106.36,106.90,230033857
2022-09-06T12:00:00Z,106.90,107.53,103.04,104.05,205786152
2022-09-06T16:00:00Z,104.05,105.79,103.45,104.28,249817013
2022-09-06T20:00:00Z,104.28,104.81,102.12,103.69,260914009
2022-09-07T00:00:00Z,103.69,106.08,103.27,104.75,244902268
2022-09-07T04:00:00Z,104.75,105.17,102.67,104.06,202161502
2022-09-07T08:00:00Z,104.06,105.78,102.74,103.16,237700993
2022-09-07T12:00:00Z,103.16,103.75,98.36,98.86,287091292
2022-09-07T16:00:00Z,98.86,99.52,96.20,96.76,293227316
2022-09-07T20:00:00Z,96.76,97.30,94.46,96.50,254614620
2022-09-08T00:00:00Z,96.50,100.32,96.02,99.44,213609838
2022-09-08T04:00:00Z,99.44,99.83,97.64,98.64,259125312
2022-09-08T08:00:00Z,98.64,99.62,95.90,96.27,280496604
2022-09-08T12:00:00Z,96.27,96.77,92.08,92.91,256826225
2022-09-08T16:00:00Z,92.91,95.00,92.36,94.14,195955666
2022-09-08T20:00:00Z,94.14,96.28,93.11,95.72,201520500
2022-09-09T00:00:00Z,95.72,99.15,95.18,98.06,262835315
2022-09-09T04:00:00Z,98.06,98.53,96.16,97.66,285530073
2022-09-09T08:00:00Z,97.66,99.75,97.29,98.03,262791109
2022-09-09T12:00:00Z,98.03,98.45,95.31,96.33,215622436
2022-09-09T16:00:00Z,96.33,97.97,95.74,96.17,254817261
2022-09-09T20:00:00Z,96.17,96.88,94.18,96.37,291604214
2022-09-10T00:00:00Z,96.37,100.61,95.78,100.02,283768872
2022-09-10T04:00:00Z,100.02,101.85,99.20,101.24,232938033
2022-09-10T08:00:00Z,101.24,103.16,100.02,100.57,196328985
2022-09-10T12:00:00Z,100.57,100.92,96.34,97.14,238454485
2022-09-10T16:00:00Z,97.14,98.85,96.70,97.88,264511293
2022-09-10T20:00:00Z,97.88,100.64,96.90,100.19,255979887
2022-09-11T00:00:00Z,100.19,104.35,99.58,103.38,211071042
2022-09-11T04:00:00Z,103.38,103.98,101.15,102.16,234029126
2022-09-11T08:00:00Z,102.16,103.32,100.19,100.79,285906125
2022-09-11T12:00:00Z,100.79,101.24,97.38,98.42,295877993
2022-09-11T16:00:00Z,98.42,100.12,97.87,98.31,260125825
2022-09-11T20:00:00Z,98.31,98.77,95.91,97.32,210831232
2022-09-12T00:00:00Z,97.32,99.71,96.78,98.61,248601234
2022-09-12T04:00:00Z,98.61,99.19,96.85,98.35,273726451
2022-09-12T08:00:00Z,98.35,99.99,96.93,97.52,254852995
2022-09-12T12:00:00Z,97.52,98.02,92.78,93.33,204521175
2022-09-12T16:00:00Z,93.33,94.09,91.58,92.07,199515985
2022-09-12T20:00:00Z,92.07,93.38,90.33,92.97,263389250
2022-09-13T00:00:00Z,92.97,97.22,92.52,96.48,290307967
2022-09-13T04:00:00Z,96.48,97.02,94.76,95.68,271162049
2022-09-13T08:00:00Z,95.68,96.67,92.96,93.49,220613355
2022-09-13T12:00:00Z,93.49,94.03,89.50,90.48,246907719
2022-09-13T16:00:00Z,90.48,92.54,90.01,91.51,286335787
2022-09-13T20:00:00Z,91.51,92.80,90.11,92.33,282568424
2022-09-14T00:00:00Z,92.33,95.33,91.96,94.24,234882555
2022-09-14T04:00:00Z,94.24,94.70,92.46,94.19,186341512
2022-09-14T08:00:00Z,94.19,96.53,93.65,95.05,230803541
2022-09-14T12:00:00Z,95.05,95.61,92.48,93.56,269873142
2022-09-14T16:00:00Z,93.56,95.25,93.01,93.91,266070883
2022-09-14T20:00:00Z,93.91,95.92,92.47,95.38,223396551
2022-09-15T00:00:00Z,95.38,100.85,94.98,100.34,229241792
2022-09-15T04:00:00Z,100.34,102.57,99.72,102.16,283151324
2022-09-15T08:00:00Z,102.16,104.21,101.31,101.73,296858404
2022-09-15T12:00:00Z,101.73,102.31,97.98,98.90,264249407
2022-09-15T16:00:00Z,98.90,101.19,98.30,100.34,207097116
2022-09-15T20:00:00Z,100.34,103.39,99.46,102.77,236972352
2022-09-16T00:00:00Z,102.77,106.85,102.25,105.82,265829642
2022-09-16T04:00:00Z,105.82,106.22,103.83,105.11,253919964
2022-09-16T08:00:00Z,105.11,106.89,104.53,104.93,218001566
2022-09-16T12:00:00Z,104.93,105.48,102.36,103.63,201211006
2022-09-16T16:00:00Z,103.63,105.72,103.02,104.27,262774731
2022-09-16T20:00:00Z,104.27,104.97,102.40,104.36,293588965
2022-09-17T00:00:00Z,104.36,108.00,103.77,107.17,278083005
2022-09-17T04:00:00Z,107.17,108.63,105.97,108.03,224478016
2022-09-17T08:00:00Z,108.03,110.04,106.89,107.40,237695698
2022-09-17T12:00:00Z,107.40,107.87,102.70,103.18,279546707
2022-09-17T16:00:00Z,103.18,104.12,101.77,102.22,279987918
2022-09-17T20:00:00Z,102.22,103.87,100.62,103.32,235942754
2022-09-18T00:00:00Z,103.32,107.41,102.69,106.41,180631667
2022-09-18T04:00:00Z,106.41,106.99,104.20,105.17,229408408
2022-09-18T08:00:00Z,105.17,106.17,102.76,103.33,274227317
2022-09-18T12:00:00Z,103.33,103.69,99.89,101.12,275008538
2022-09-18T16:00:00Z,101.12,103.58,100.65,102.57,234733435
2022-09-18T20:00:00Z,102.57,104.00,101.17,103.53,223322386
2022-09-19T00:00:00Z,103.53,106.90,102.90,105.97,278824021
2022-09-19T04:00:00Z,105.97,107.32,104.66,106.68,296168908
2022-09-19T08:00:00Z,106.68,109.24,106.10,107.65,266992654
2022-09-19T12:00:00Z,107.65,108.13,104.55,105.53,206738374
2022-09-19T16:00:00Z,105.53,107.06,104.91,105.38,224407865
2022-09-19T20:00:00Z,105.38,107.22,103.81,106.83,256963552
2022-09-20T00:00:00Z,106.83,112.20,106.23,111.67,259192029
2022-09-20T04:00:00Z,111.67,113.62,110.86,112.99,231000366
2022-09-20T08:00:00Z,112.99,114.80,111.78,112.45,202255910
2022-09-20T12:00:00Z,112.45,113.04,109.09,110.41,260916058
2022-09-20T16:00:00Z,110.41,113.60,109.93,112.87,295292543
2022-09-20T20:00:00Z,112.87,116.33,112.11,115.83,283474915
2022-09-21T00:00:00Z,115.83,120.17,115.26,119.25,231429632
2022-09-21T04:00:00Z,119.25,119.92,117.53,119.31,227278230
2022-09-21T08:00:00Z,119.31,121.53,118.58,119.87,271344060
2022-09-21T12:00:00Z,119.87,120.56,117.21,118.50,276127095
2022-09-21T16:00:00Z,118.50,120.37,117.83,118.52,236208798
2022-09-21T20:00:00Z,118.52,119.01,116.24,118.37,180296458
2022-09-22T00:00:00Z,118.37,122.21,117.89,121.36,228721833
2022-09-22T04:00:00Z,121.36,122.61,120.08,122.12,277442540
2022-09-22T08:00:00Z,122.12,124.00,120.51,121.12,282643994
2022-09-22T12:00:00Z,121.12,121.83,116.34,117.03,244937565
2022-09-22T16:00:00Z,117.03,118.30,116.16,116.86,220518294
2022-09-22T20:00:00Z,116.86,119.20,115.52,118.52,272949487
2022-09-23T00:00:00Z,118.52,122.66,118.04,121.47,293838682
2022-09-23T04:00:00Z,121.47,121.96,118.95,119.94,268388235
2022-09-23T08:00:00Z,119.94,121.05,117.58,118.07,205593874
2022-09-23T12:00:00Z,118.07,118.74,114.44,115.50,211093055
2022-09-23T16:00:00Z,115.50,117.32,114.80,115.74,250487006
2022-09-23T20:00:00Z,115.74,116.39,113.58,115.24,267400358
2022-09-24T00:00:00Z,115.24,118.02,114.67,116.83,243210111
2022-09-24T04:00:00Z,116.83,117.63,115.08,117.06,206794995
2022-09-24T08:00:00Z,117.06,119.36,116.55,117.23,257758849
2022-09-24T12:00:00Z,117.23,117.84,113.53,114.26,295364642
2022-09-24T16:00:00Z,114.26,115.62,113.34,113.94,287286381
2022-09-24T20:00:00Z,113.94,116.39,112.56,115.71,237195485
2022-09-25T00:00:00Z,115.71,121.13,115.05,120.41,215776877
2022-09-25T04:00:00Z,120.41,121.63,119.23,120.96,261858666
2022-09-25T08:00:00Z,120.96,122.56,119.19,119.76,271105121
2022-09-25T12:00:00Z,119.76,120.28,116.13,117.36,236847646
2022-09-25T16:00:00Z,117.36,119.94,116.72,119.08,189861512
2022-09-25T20:00:00Z,119.08,121.34,117.95,120.69,227302123
2022-09-26T00:00:00Z,120.69,124.21,119.96,122.98,279403499
2022-09-26T04:00:00Z,122.98,123.65,121.04,122.73,288849395
2022-09-26T08:00:00Z,122.73,125.07,122.16,123.25,253887566
2022-09-26T12:00:00Z,123.25,123.68,120.33,121.51,216590279
2022-09-26T16:00:00Z,121.51,123.25,120.86,121.28,265581105
2022-09-26T20:00:00Z,121.28,122.10,119.13,121.54,289924911
2022-09-27T00:00:00Z,121.54,125.82,120.81,125.07,268492686
2022-09-27T04:00:00Z,125.07,126.36,123.94,125.61,207999755
2022-09-27T08:00:00Z,125.61,127.08,123.07,123.80,197225640
2022-09-27T12:00:00Z,123.80,124.34,118.47,119.11,250241899
2022-09-27T16:00:00Z,119.11,120.28,117.96,118.48,274637275
2022-09-27T20:00:00Z,118.48,119.58,116.70,119.14,254447360
2022-09-28T00:00:00Z,119.14,122.13,118.47,120.62,210477623
2022-09-28T04:00:00Z,120.62,121.34,117.31,118.11,253272108
2022-09-28T08:00:00Z,118.11,119.08,115.28,115.98,293779072
2022-09-28T12:00:00Z,115.98,116.58,112.11,113.11,289494344
2022-09-28T16:00:00Z,113.11,114.70,112.03,112.62,241768167
2022-09-28T20:00:00Z,112.62,113.05,110.07,111.57,207576010
2022-09-29T00:00:00Z,111.57,114.21,111.02,113.12,251242379
2022-09-29T04:00:00Z,113.12,113.75,111.35,113.04,265057496
2022-09-29T08:00:00Z,113.04,114.76,111.40,112.04,243140806
2022-09-29T12:00:00Z,112.04,112.68,106.91,107.56,199725627
2022-09-29T16:00:00Z,107.56,108.27,105.52,106.13,225061064
2022-09-29T20:00:00Z,106.13,107.47,104.26,106.93,280013928
2022-09-30T00:00:00Z,106.93,111.13,106.49,110.19,293520601
2022-09-30T04:00:00Z,110.19,110.74,108.27,109.26,261486852
2022-09-30T08:00:00Z,109.26,110.34,106.85,107.39,215804669
2022-09-30T12:00:00Z,107.39,108.02,103.81,105.01,256799705
2022-09-30T16:00:00Z,105.01,107.61,104.41,106.58,284511385
2022-09-30T20:00:00Z,106.58,108.33,105.28,107.72,267384362
2022-10-01T00:00:00Z,107.72,111.04,107.28,109.90,209794854
2022-10-01T04:00:00Z,109.90,110.38,108.14,109.95,187709196
2022-10-01T08:00:00Z,109.95,112.24,109.37,110.30,251634245
2022-10-01T12:00:00Z,110.30,110.94,106.89,107.64,280749603
2022-10-01T16:00:00Z,107.64,108.69,105.89,106.51,264544817
2022-10-01T20:00:00Z,106.51,107.11,104.30,106.44,217452665
2022-10-02T00:00:00Z,106.44,110.50,105.91,109.69,247449753
2022-10-02T04:00:00Z,109.69,110.11,108.19,109.57,290538330
2022-10-02T08:00:00Z,109.57,110.74,106.91,107.32,290104141
2022-10-02T12:00:00Z,107.32,107.87,102.46,103.04,245164496
2022-10-02T16:00:00Z,103.04,104.50,102.43,103.19,198568827
2022-10-02T20:00:00Z,103.19,104.73,101.84,104.12,239664946
2022-10-03T00:00:00Z,104.12,106.98,103.53,105.52,260206633
2022-10-03T04:00:00Z,105.52,106.02,102.40,103.23,253950869
2022-10-03T08:00:00Z,103.23,104.21,100.93,101.40,213284134
2022-10-03T12:00:00Z,101.40,101.85,97.41,98.09,221924618
2022-10-03T16:00:00Z,98.09,99.06,96.07,96.51,279199322
2022-10-03T20:00:00Z,96.51,97.07,93.46,94.63,296579391
2022-10-04T00:00:00Z,94.63,97.01,94.06,95.90,267665116
2022-10-04T04:00:00Z,95.90,96.42,94.14,95.45,213941501
2022-10-04T08:00:00Z,95.45,96.79,93.25,93.76,246712309
2022-10-04T12:00:00Z,93.76,94.08,88.62,89.02,277706535
2022-10-04T16:00:00Z,89.02,89.85,87.82,88.14,265160941
2022-10-04T20:00:00Z,88.14,89.91,86.72,89.49,211575403
2022-10-05T00:00:00Z,89.49,93.55,88.95,92.68,188771946
2022-10-05T04:00:00Z,92.68,93.22,90.57,91.48,252146612
2022-10-05T08:00:00Z,91.48,92.41,89.20,89.73,285599599
2022-10-05T12:00:00Z,89.73,90.12,86.34,87.43,273354679
2022-10-05T16:00:00Z,87.43,89.51,87.10,88.38,223379013
2022-10-05T20:00:00Z,88.38,88.99,86.71,88.66,240311620
2022-10-06T00:00:00Z,88.66,91.53,88.16,90.65,285673802
2022-10-06T04:00:00Z,90.65,91.64,89.24,91.13,289148951
2022-10-06T08:00:00Z,91.13,93.40,90.59,91.80,247424179
2022-10-06T12:00:00Z,91.80,92.27,88.55,89.35,193146308
2022-10-06T16:00:00Z,89.35,90.71,88.63,89.09,227310489
2022-10-06T20:00:00Z,89.09,90.91,87.63,90.52,261516386
2022-10-07T00:00:00Z,90.52,95.40,90.07,94.97,263905023
2022-10-07T04:00:00Z,94.97,95.84,93.89,95.36,226102177
2022-10-07T08:00:00Z,95.36,96.56,93.06,93.60,217835667
2022-10-07T12:00:00Z,93.60,94.13,89.32,90.17,276909197
2022-10-07T16:00:00Z,90.17,91.94,89.70,90.90,297975122
2022-10-07T20:00:00Z,90.90,92.22,89.52,91.75,272379222
2022-10-08T00:00:00Z,91.75,94.43,91.38,93.12,215285741
2022-10-08T04:00:00Z,93.12,93.58,90.63,91.57,235450282
2022-10-08T08:00:00Z,91.57,93.03,90.39,90.85,269640937
2022-10-08T12:00:00Z,90.85,91.39,87.50,88.31,261936508
2022-10-08T16:00:00Z,88.31,89.45,86.88,87.41,218623156
2022-10-08T20:00:00Z,87.41,87.84,85.05,86.78,190719110
2022-10-09T00:00:00Z,86.78,90.27,86.43,89.52,251675642
2022-10-09T04:00:00Z,89.52,90.19,88.26,89.84,289068240
2022-10-09T08:00:00Z,89.84,91.23,87.84,88.21,280751531
2022-10-09T12:00:00Z,88.21,88.71,83.21,83.65,232419288
2022-10-09T16:00:00Z,83.65,84.59,82.73,83.21,231903842
2022-10-09T20:00:00Z,83.21,85.14,81.99,84.63,279245344
2022-10-10T00:00:00Z,84.63,88.39,84.21,87.41,286688626
2022-10-10T04:00:00Z,87.41,87.73,85.24,86.20,248607948
2022-10-10T08:00:00Z,86.20,87.49,84.99,85.31,187202275
2022-10-10T12:00:00Z,85.31,85.75,82.73,84.04,217788837
2022-10-10T16:00:00Z,84.04,86.56,83.54,85.65,265516209
2022-10-10T20:00:00Z,85.65,87.19,84.41,86.68,272829464
2022-10-11T00:00:00Z,86.68,90.61,86.19,90.01,237999284
2022-10-11T04:00:00Z,90.01,92.30,89.25,91.79,216996678
2022-10-11T08:00:00Z,91.79,94.54,91.45,92.99,273118832
2022-10-11T12:00:00Z,92.99,93.40,89.83,90.65,297685797
2022-10-11T16:00:00Z,90.65,92.19,90.15,90.89,275613472
2022-10-11T20:00:00Z,90.89,93.65,89.80,93.14,215634466
2022-10-12T00:00:00Z,93.14,98.63,92.58,98.05,223166949
2022-10-12T04:00:00Z,98.05,99.30,97.08,98.72,260464389
2022-10-12T08:00:00Z,98.72,100.34,97.40,97.93,259016491
2022-10-12T12:00:00Z,97.93,98.27,94.90,96.23,230939477
2022-10-12T16:00:00Z,96.23,99.28,95.78,98.57,196443572
2022-10-12T20:00:00Z,98.57,101.03,97.68,100.56,250132903
2022-10-13T00:00:00Z,100.56,104.18,99.95,103.20,291058151
2022-10-13T04:00:00Z,103.20,103.89,101.62,103.27,286634773
2022-10-13T08:00:00Z,103.27,105.50,102.72,103.77,240249513
2022-10-13T12:00:00Z,103.77,104.22,100.61,101.53,222298666
2022-10-13T16:00:00Z,101.53,102.81,100.26,100.70,271340238
2022-10-13T20:00:00Z,100.70,101.17,98.45,100.61,282807967
2022-10-14T00:00:00Z,100.61,104.59,100.04,104.00,248795229
2022-10-14T04:00:00Z,104.00,105.10,102.87,104.51,185121847
2022-10-14T08:00:00Z,104.51,105.90,102.44,103.06,214733719
2022-10-14T12:00:00Z,103.06,103.59,98.60,99.41,268554441
2022-10-14T16:00:00Z,99.41,101.28,98.98,100.31,280564704
2022-10-14T20:00:00Z,100.31,103.01,99.35,102.57,248812529
2022-10-15T00:00:00Z,102.57,106.62,102.06,105.67,215120188
2022-10-15T04:00:00Z,105.67,106.27,103.72,104.98,267830461
2022-10-15T08:00:00Z,104.98,106.66,104.16,104.76,295718517
2022-10-15T12:00:00Z,104.76,105.36,102.22,103.56,277379281
2022-10-15T16:00:00Z,103.56,105.79,103.03,104.50,219287171
2022-10-15T20:00:00Z,104.50,105.57,102.72,105.04,210034710
2022-10-16T00:00:00Z,105.04,109.13,104.61,108.52,250342564
2022-10-16T04:00:00Z,108.52,110.99,107.67,110.53,261818771
2022-10-16T08:00:00Z,110.53,113.34,109.89,111.64,243141811
2022-10-16T12:00:00Z,111.64,112.30,108.43,109.52,201565607
2022-10-16T16:00:00Z,109.52,111.74,108.89,110.80,247447774
2022-10-16T20:00:00Z,110.80,114.90,110.02,114.25,291496074
2022-10-17T00:00:00Z,114.25,120.32,113.80,119.73,290930501
2022-10-17T04:00:00Z,119.73,121.07,118.70,120.61,246811619
2022-10-17T08:00:00Z,120.61,122.58,119.82,120.33,215833926
2022-10-17T12:00:00Z,120.33,121.03,117.62,119.20,262071557
2022-10-17T16:00:00Z,119.20,122.41,118.48,121.42,277614462
2022-10-17T20:00:00Z,121.42,123.58,120.26,122.84,248081417
2022-10-18T00:00:00Z,122.84,126.49,122.24,125.40,187821778
2022-10-18T04:00:00Z,125.40,126.63,123.80,126.02,213341900
2022-10-18T08:00:00Z,126.02,128.69,125.47,126.94,270508384
2022-10-18T12:00:00Z,126.94,127.61,123.88,124.81,286969060
2022-10-18T16:00:00Z,124.81,126.35,123.80,124.46,258399603
2022-10-18T20:00:00Z,124.46,126.17,122.72,125.43,216422180
2022-10-19T00:00:00Z,125.43,130.33,124.72,129.56,261073875
2022-10-19T04:00:00Z,129.56,130.66,128.24,129.95,292109304
2022-10-19T08:00:00Z,129.95,131.37,127.47,128.07,277714235
2022-10-19T12:00:00Z,128.07,128.64,123.36,124.24,222052098
2022-10-19T16:00:00Z,124.24,126.09,123.57,124.78,196241751
2022-10-19T20:00:00Z,124.78,126.64,123.37,125.95,241753544
2022-10-20T00:00:00Z,125.95,129.22,125.20,127.79,268661268
2022-10-20T04:00:00Z,127.79,128.47,125.22,126.51,254481796
2022-10-20T08:00:00Z,126.51,128.35,125.51,126.20,210198760
2022-10-20T12:00:00Z,126.20,126.64,123.28,124.59,243569966
2022-10-20T16:00:00Z,124.59,126.64,124.01,124.91,290334850
2022-10-20T20:00:00Z,124.91,125.89,122.86,125.30,293592821
2022-10-21T00:00:00Z,125.30,129.71,124.54,128.99,252073604
2022-10-21T04:00:00Z,128.99,131.43,128.03,130.65,208360218
2022-10-21T08:00:00Z,130.65,133.05,129.87,130.64,251575977
2022-10-21T12:00:00Z,130.64,131.20,126.44,127.42,271235563
2022-10-21T16:00:00Z,127.42,129.23,126.94,128.01,247194288
2022-10-21T20:00:00Z,128.01,131.07,126.84,130.58,200872472
2022-10-22T00:00:00Z,130.58,135.49,129.83,134.68,211342284
2022-10-22T04:00:00Z,134.68,135.49,133.01,134.48,271270566
2022-10-22T08:00:00Z,134.48,136.20,133.23,134.04,291921777
2022-10-22T12:00:00Z,134.04,134.73,131.34,133.07,266641420
2022-10-22T16:00:00Z,133.07,136.24,132.50,135.06,216631459
2022-10-22T20:00:00Z,135.06,136.75,133.56,136.18,252906401
2022-10-23T00:00:00Z,136.18,139.92,135.50,138.94,286922310
2022-10-23T04:00:00Z,138.94,140.54,137.48,139.84,276680590
2022-10-23T08:00:00Z,139.84,142.34,138.99,140.24,223995476
2022-10-23T12:00:00Z,140.24,141.04,136.10,136.97,186228680
2022-10-23T16:00:00Z,136.97,138.09,134.96,135.74,239458695
2022-10-23T20:00:00Z,135.74,136.85,133.50,136.16,274538085
2022-10-24T00:00:00Z,136.16,140.47,135.60,139.42,264781140
2022-10-24T04:00:00Z,139.42,140.13,137.41,138.57,217961236
2022-10-24T08:00:00Z,138.57,139.73,135.25,135.95,238471589
2022-10-24T12:00:00Z,135.95,136.75,131.14,132.15,287554837
2022-10-24T16:00:00Z,132.15,134.02,131.39,132.64,294604538
2022-10-24T20:00:00Z,132.64,133.93,130.88,133.17,256029390
2022-10-25T00:00:00Z,133.17,135.98,132.65,134.31,204230887
2022-10-25T04:00:00Z,134.31,134.87,131.47,132.68,240011072
2022-10-25T08:00:00Z,132.68,134.35,131.19,131.75,263815555
2022-10-25T12:00:00Z,131.75,132.51,127.84,128.64,251433065
2022-10-25T16:00:00Z,128.64,129.75,126.35,127.10,214603432
2022-10-25T20:00:00Z,127.10,127.80,124.36,126.13,208649861
2022-10-26T00:00:00Z,126.13,129.76,125.51,128.78,270751803
2022-10-26T04:00:00Z,128.78,129.69,127.25,129.08,295325735
2022-10-26T08:00:00Z,129.08,130.74,127.17,127.64,273444200
2022-10-26T12:00:00Z,127.64,128.31,123.03,123.75,219982134
2022-10-26T16:00:00Z,123.75,125.46,123.02,124.32,243412292
2022-10-26T20:00:00Z,124.32,127.33,123.15,126.58,280248410
2022-10-27T00:00:00Z,126.58,131.00,125.87,129.86,274363238
2022-10-27T04:00:00Z,129.86,130.46,127.71,128.99,225198653
2022-10-27T08:00:00Z,128.99,130.65,127.64,128.23,179573905
2022-10-27T12:00:00Z,128.23,128.81,125.24,126.56,239783276
2022-10-27T16:00:00Z,126.56,128.80,125.87,127.17,279305003
2022-10-27T20:00:00Z,127.17,127.92,125.04,126.99,273877872
2022-10-28T00:00:00Z,126.99,130.31,126.23,129.21,228970592
2022-10-28T04:00:00Z,129.21,130.59,127.71,129.82,232148725
2022-10-28T08:00:00Z,129.82,132.13,128.96,129.66,283164731
2022-10-28T12:00:00Z,129.66,130.12,125.23,125.99,293977239
2022-10-28T16:00:00Z,125.99,127.16,124.68,125.13,258698085
2022-10-28T20:00:00Z,125.13,126.84,123.34,126.24,199308023
2022-10-29T00:00:00Z,126.24,130.60,125.48,129.57,227552172
2022-10-29T04:00:00Z,129.57,130.33,127.25,128.27,256803366
2022-10-29T08:00:00Z,128.27,129.21,124.65,125.39,260588577
2022-10-29T12:00:00Z,125.39,125.93,120.56,121.47,227695642
2022-10-29T16:00:00Z,121.47,123.07,120.72,121.24,209432824
2022-10-29T20:00:00Z,121.24,121.83,118.91,120.49,268883905
2022-10-30T00:00:00Z,120.49,122.64,119.81,120.70,297109654
2022-10-30T04:00:00Z,120.70,121.42,117.75,118.87,278740988
2022-10-30T08:00:00Z,118.87,120.28,117.05,117.75,222222042
2022-10-30T12:00:00Z,117.75,118.35,113.44,114.10,232701482
2022-10-30T16:00:00Z,114.10,114.91,111.71,112.29,272203246
2022-10-30T20:00:00Z,112.29,112.73,109.70,111.69,270867186
2022-10-31T00:00:00Z,111.69,115.44,111.13,114.64,225815464
2022-10-31T04:00:00Z,114.64,115.29,113.07,114.43,183900589
2022-10-31T08:00:00Z,114.43,115.65,111.50,112.14,239327933
2022-10-31T12:00:00Z,112.14,112.78,107.06,107.76,282832784
2022-10-31T16:00:00Z,107.76,109.23,107.21,107.90,281629677
2022-10-31T20:00:00Z,107.90,109.75,106.53,109.20,238854532
2022-11-01T00:00:00Z,109.20,112.60,108.75,111.35,224622450
2022-11-01T04:00:00Z,111.35,111.92,109.02,110.11,277201793
2022-11-01T08:00:00Z,110.11,111.77,109.15,109.72,291750740
2022-11-01T12:00:00Z,109.72,110.37,107.04,108.34,260122674
2022-11-01T16:00:00Z,108.34,110.40,107.72,109.01,197951680
2022-11-01T20:00:00Z,109.01,109.99,107.12,109.37,214388843
2022-11-02T00:00:00Z,109.37,113.38,108.94,112.64,255756928
2022-11-02T04:00:00Z,112.64,114.39,111.65,113.96,269299385
2022-11-02T08:00:00Z,113.96,116.21,113.23,113.72,239956847
2022-11-02T12:00:00Z,113.72,114.38,109.32,109.91,209363904
2022-11-02T16:00:00Z,109.91,110.99,108.75,109.40,265621931
2022-11-02T20:00:00Z,109.40,111.47,107.96,110.81,297229758
2022-11-03T00:00:00Z,110.81,115.02,110.27,113.96,282492583
2022-11-03T04:00:00Z,113.96,114.38,111.63,112.61,227604267
2022-11-03T08:00:00Z,112.61,113.65,110.13,110.54,220907787
2022-11-03T12:00:00Z,110.54,111.12,106.88,107.87,262924726
2022-11-03T16:00:00Z,107.87,109.87,107.23,108.51,266314645
2022-11-03T20:00:00Z,108.51,109.15,106.68,108.36,231141280
2022-11-04T00:00:00Z,108.36,110.88,107.76,109.55,189882658
2022-11-04T04:00:00Z,109.55,110.05,107.41,108.85,237995360
2022-11-04T08:00:00Z,108.85,110.65,107.64,108.14,285010435
2022-11-04T12:00:00Z,108.14,108.63,103.70,104.14,287916797
2022-11-04T16:00:00Z,104.14,104.87,101.63,102.10,247504584
2022-11-04T20:00:00Z,102.10,102.70,99.70,101.73,220179588
2022-11-05T00:00:00Z,101.73,105.60,101.12,104.72,269731434
2022-11-05T04:00:00Z,104.72,105.28,103.07,104.17,287991935
2022-11-05T08:00:00Z,104.17,105.16,101.37,101.92,260368192
2022-11-05T12:00:00Z,101.92,102.28,97.51,98.43,196025209
2022-11-05T16:00:00Z,98.43,100.50,97.96,99.62,203247323
2022-11-05T20:00:00Z,99.62,101.91,98.60,101.42,258452116
2022-11-06T00:00:00Z,101.42,105.01,100.81,103.94,276955762
2022-11-06T04:00:00Z,103.94,104.55,102.12,103.49,251209204
2022-11-06T08:00:00Z,103.49,105.55,102.94,103.85,212614732
2022-11-06T12:00:00Z,103.85,104.29,101.26,102.47,260945937
2022-11-06T16:00:00Z,102.47,104.35,102.07,102.73,295670842
2022-11-06T20:00:00Z,102.73,103.59,100.81,103.19,284687843
2022-11-07T00:00:00Z,103.19,107.61,102.60,107.08,231894607
2022-11-07T04:00:00Z,107.08,109.48,106.28,108.86,208186540
2022-11-07T08:00:00Z,108.86,111.09,108.22,108.94,252570073
2022-11-07T12:00:00Z,108.94,109.49,105.14,106.10,261574485
2022-11-07T16:00:00Z,106.10,108.22,105.66,107.29,242097930
2022-11-07T20:00:00Z,107.29,110.69,106.40,110.23,199662553
2022-11-08T00:00:00Z,110.23,115.06,109.67,114.28,235702073
2022-11-08T04:00:00Z,114.28,114.93,112.52,113.78,285748098
2022-11-08T08:00:00Z,113.78,115.22,112.25,112.90,292644466
2022-11-08T12:00:00Z,112.90,113.54,109.82,111.11,254837511
2022-11-08T16:00:00Z,111.11,113.27,110.54,111.82,214621110
2022-11-08T20:00:00Z,111.82,112.27,109.75,111.60,260846199
2022-11-09T00:00:00Z,111.60,114.48,111.13,113.36,282793065
2022-11-09T04:00:00Z,113.36,114.02,111.65,113.55,259519393
2022-11-09T08:00:00Z,113.55,115.67,112.78,113.37,197883940
2022-11-09T12:00:00Z,113.37,114.04,109.16,109.82,198677786
2022-11-09T16:00:00Z,109.82,110.79,108.20,108.86,260251407
2022-11-09T20:00:00Z,108.86,110.52,107.09,109.90,283406231
2022-11-10T00:00:00Z,109.90,114.52,109.47,113.69,261292758
2022-11-10T04:00:00Z,113.69,114.18,112.06,113.25,214866282
2022-11-10T08:00:00Z,113.25,114.39,110.66,111.14,254862196
2022-11-10T12:00:00Z,111.14,111.79,107.03,108.01,292446742
2022-11-10T16:00:00Z,108.01,110.17,107.36,109.07,285343368
2022-11-10T20:00:00Z,109.07,110.77,107.74,110.11,235121861
2022-11-11T00:00:00Z,110.11,113.32,109.58,112.11,198952049
2022-11-11T04:00:00Z,112.11,112.52,110.16,111.92,241312475
2022-11-11T08:00:00Z,111.92,114.32,111.42,112.75,261971780
2022-11-11T12:00:00Z,112.75,113.35,110.27,111.49,253320821
2022-11-11T16:00:00Z,111.49,113.45,110.82,112.02,208830334
2022-11-11T20:00:00Z,112.02,114.08,110.59,113.41,232381302
2022-11-12T00:00:00Z,113.41,119.03,112.78,118.33,284979532
2022-11-12T04:00:00Z,118.33,121.04,117.78,120.39,295744805
2022-11-12T08:00:00Z,120.39,122.70,119.72,120.27,260796411
2022-11-12T12:00:00Z,120.27,120.81,116.47,117.53,212253365
2022-11-12T16:00:00Z,117.53,119.81,116.88,119.02,250664143
2022-11-12T20:00:00Z,119.02,122.46,118.06,121.79,276269461
2022-11-13T00:00:00Z,121.79,126.39,121.06,125.35,257678031
2022-11-13T04:00:00Z,125.35,126.02,123.49,124.95,203246378
2022-11-13T08:00:00Z,124.95,126.94,124.26,124.93,196791844
2022-11-13T12:00:00Z,124.93,125.39,122.38,123.96,261040171
2022-11-13T16:00:00Z,123.96,126.46,123.37,125.09,288516920
2022-11-13T20:00:00Z,125.09,126.09,123.19,125.48,270068534
2022-11-14T00:00:00Z,125.48,129.23,124.72,128.31,220302546
2022-11-14T04:00:00Z,128.31,130.00,127.12,129.23,247403824
2022-11-14T08:00:00Z,129.23,131.43,128.09,128.85,287600167
2022-11-14T12:00:00Z,128.85,129.39,124.09,124.75,284502594
2022-11-14T16:00:00Z,124.75,125.72,123.06,123.59,237335867
2022-11-14T20:00:00Z,123.59,124.94,121.68,124.45,189122880
2022-11-15T00:00:00Z,124.45,128.51,123.74,127.52,230747223
2022-11-15T04:00:00Z,127.52,128.28,125.20,126.22,267094257
2022-11-15T08:00:00Z,126.22,127.31,123.26,124.00,263622343
2022-11-15T12:00:00Z,124.00,124.63,120.06,121.26,221469071
2022-11-15T16:00:00Z,121.26,123.62,120.76,122.37,227985501
2022-11-15T20:00:00Z,122.37,123.52,120.73,123.02,282664074
2022-11-16T00:00:00Z,123.02,126.05,122.39,124.88,297178144
2022-11-16T04:00:00Z,124.88,125.60,122.97,124.82,265351235
2022-11-16T08:00:00Z,124.82,127.07,124.07,125.18,208895212
2022-11-16T12:00:00Z,125.18,125.89,121.67,122.65,239326662
2022-11-16T16:00:00Z,122.65,124.02,121.26,121.95,268556792
2022-11-16T20:00:00Z,121.95,123.28,119.91,122.67,255133396
2022-11-17T00:00:00Z,122.67,127.55,122.15,126.93,215178479
2022-11-17T04:00:00Z,126.93,128.51,125.88,127.97,198672291
2022-11-17T08:00:00Z,127.97,129.83,126.45,127.11,260718129
2022-11-17T12:00:00Z,127.11,127.87,123.28,124.53,292174661
2022-11-17T16:00:00Z,124.53,127.42,123.82,126.52,277421161
2022-11-17T20:00:00Z,126.52,130.02,125.70,129.29,224620178
2022-11-18T00:00:00Z,129.29,133.70,128.79,132.56,238630798
2022-11-18T04:00:00Z,132.56,133.13,130.60,132.24,281201909
2022-11-18T08:00:00Z,132.24,134.41,131.54,132.39,282234298
2022-11-18T12:00:00Z,132.39,133.16,129.61,130.87,238605345
2022-11-18T16:00:00Z,130.87,132.71,130.09,130.90,183110179
2022-11-18T20:00:00Z,130.90,131.62,128.57,130.54,226551821
2022-11-19T00:00:00Z,130.54,134.21,129.92,133.20,271608055
2022-11-19T04:00:00Z,133.20,134.45,131.74,133.82,272830612
2022-11-19T08:00:00Z,133.82,135.79,132.36,132.84,233166482
2022-11-19T12:00:00Z,132.84,133.55,128.00,128.58,222488457
2022-11-19T16:00:00Z,128.58,129.76,127.27,127.96,278788068
2022-11-19T20:00:00Z,127.96,130.02,126.48,129.25,296933731
2022-11-20T00:00:00Z,129.25,133.28,128.53,131.98,268498684
2022-11-20T04:00:00Z,131.98,132.58,129.15,130.10,208868306
2022-11-20T08:00:00Z,130.10,131.07,127.00,127.58,226995797
2022-11-20T12:00:00Z,127.58,128.16,123.35,124.34,259807918
2022-11-20T16:00:00Z,124.34,126.08,123.56,124.14,257202560
2022-11-20T20:00:00Z,124.14,124.87,121.72,123.20,228310490
2022-11-21T00:00:00Z,123.20,125.53,122.47,124.08,199964923
2022-11-21T04:00:00Z,124.08,124.74,121.94,123.53,259202401
2022-11-21T08:00:00Z,123.53,125.59,122.52,123.17,294289693
2022-11-21T12:00:00Z,123.17,123.62,119.01,119.77,283260984
2022-11-21T16:00:00Z,119.77,120.91,118.35,118.79,232021280
2022-11-21T20:00:00Z,118.79,120.34,116.91,119.76,228629375
2022-11-22T00:00:00Z,119.76,124.59,119.03,123.89,273349463
2022-11-22T04:00:00Z,123.89,124.83,122.63,124.08,278630557
2022-11-22T08:00:00Z,124.08,125.45,121.70,122.41,239015326
2022-11-22T12:00:00Z,122.41,122.92,118.25,119.39,179574532
2022-11-22T16:00:00Z,119.39,121.79,118.93,120.72,225971545
2022-11-22T20:00:00Z,120.72,122.73,119.48,122.25,275047180
2022-11-23T00:00:00Z,122.25,125.63,121.55,124.47,280790131
2022-11-23T04:00:00Z,124.47,125.22,122.46,123.99,243769597
2022-11-23T08:00:00Z,123.99,126.12,123.27,124.40,220127194
2022-11-23T12:00:00Z,124.40,125.03,121.62,122.86,273365716
2022-11-23T16:00:00Z,122.86,124.76,122.27,122.89,295029819
2022-11-23T20:00:00Z,122.89,123.68,120.79,123.18,270261506
2022-11-24T00:00:00Z,123.18,127.39,122.55,126.71,208003371
2022-11-24T04:00:00Z,126.71,128.17,125.53,127.52,213851103
2022-11-24T08:00:00Z,127.52,129.15,125.37,126.10,251035362
2022-11-24T12:00:00Z,126.10,126.81,120.86,121.58,264600087
2022-11-24T16:00:00Z,121.58,122.78,120.31,121.00,240719461
2022-11-24T20:00:00Z,121.00,122.53,119.30,121.93,204807956
2022-11-25T00:00:00Z,121.93,125.28,121.41,123.86,256430193
2022-11-25T04:00:00Z,123.86,124.50,120.85,121.61,294797856
2022-11-25T08:00:00Z,121.61,122.63,118.90,119.52,287525611
2022-11-25T12:00:00Z,119.52,120.23,115.71,116.79,238222099
2022-11-25T16:00:00Z,116.79,118.47,115.94,116.64,217510910
2022-11-25T20:00:00Z,116.64,117.19,114.19,115.78,264165058
2022-11-26T00:00:00Z,115.78,118.47,115.34,117.23,273804230
2022-11-26T04:00:00Z,117.23,117.73,115.37,117.08,238664226
2022-11-26T08:00:00Z,117.08,118.96,115.73,116.24,187021880
2022-11-26T12:00:00Z,116.24,116.92,111.34,111.94,224725627
2022-11-26T16:00:00Z,111.94,112.76,109.80,110.45,277290820
2022-11-26T20:00:00Z,110.45,111.84,108.56,111.18,287365089
2022-11-27T00:00:00Z,111.18,115.56,110.65,114.68,253147244
2022-11-27T04:00:00Z,114.68,115.09,112.92,114.12,216651604
2022-11-27T08:00:00Z,114.12,115.35,112.05,112.45,266439299
2022-11-27T12:00:00Z,112.45,113.05,109.04,110.20,291513131
2022-11-27T16:00:00Z,110.20,113.01,109.54,112.15,270687227
2022-11-27T20:00:00Z,112.15,114.57,111.09,113.90,210629688
2022-11-28T00:00:00Z,113.90,117.63,113.27,116.57,200086119
2022-11-28T04:00:00Z,116.57,117.60,114.92,116.97,247591159
2022-11-28T08:00:00Z,116.97,119.53,116.54,117.89,271984706
2022-11-28T12:00:00Z,117.89,118.44,115.06,116.11,252217052
2022-11-28T16:00:00Z,116.11,117.76,115.31,115.85,208843296
2022-11-28T20:00:00Z,115.85,117.13,113.93,116.48,252361057
2022-11-29T00:00:00Z,116.48,121.28,115.79,120.56,293662258
2022-11-29T04:00:00Z,120.56,122.31,119.58,121.59,290180865
2022-11-29T08:00:00Z,121.59,123.40,119.88,120.52,243204551
2022-11-29T12:00:00Z,120.52,120.97,116.20,117.19,209650378
2022-11-29T16:00:00Z,117.19,119.21,116.62,118.23,253793160
2022-11-29T20:00:00Z,118.23,120.88,117.13,120.29,267886013
2022-11-30T00:00:00Z,120.29,124.13,119.56,122.89,241752280
2022-11-30T04:00:00Z,122.89,123.60,120.36,121.52,197007045
2022-11-30T08:00:00Z,121.52,122.95,119.75,120.45,222721588
2022-11-30T12:00:00Z,120.45,120.95,116.98,118.09,278235779
2022-11-30T16:00:00Z,118.09,119.71,117.10,117.59,292442278
2022-11-30T20:00:00Z,117.59,118.17,114.97,116.59,261192342
2022-12-01T00:00:00Z,116.59,119.48,115.92,118.50,216316915
2022-12-01T04:00:00Z,118.50,119.49,117.00,118.81,258078805
2022-12-01T08:00:00Z,118.81,120.66,117.37,118.08,286457713
2022-12-01T12:00:00Z,118.08,118.67,113.47,114.15,269846321
2022-12-01T16:00:00Z,114.15,115.41,113.20,113.77,212580682
2022-12-01T20:00:00Z,113.77,116.12,112.46,115.66,187540707
2022-12-02T00:00:00Z,115.66,120.37,115.06,119.61,248859960
2022-12-02T04:00:00Z,119.61,120.29,117.89,119.14,278309831
2022-12-02T08:00:00Z,119.14,120.44,117.18,117.86,262629589
2022-12-02T12:00:00Z,117.86,118.53,114.62,116.02,216211158
2022-12-02T16:00:00Z,116.02,118.80,115.44,117.73,246978668
2022-12-02T20:00:00Z,117.73,119.47,116.32,118.89,290874356
2022-12-03T00:00:00Z,118.89,122.55,118.38,121.58,291221107
2022-12-03T04:00:00Z,121.58,123.20,120.21,122.68,246975403
2022-12-03T08:00:00Z,122.68,125.61,121.96,124.24,200932624
2022-12-03T12:00:00Z,124.24,124.98,121.62,122.90,242397519
2022-12-03T16:00:00Z,122.90,124.88,122.20,123.57,261308084
2022-12-03T20:00:00Z,123.57,126.47,122.29,125.77,251131402
2022-12-04T00:00:00Z,125.77,131.78,125.29,131.15,210753317
2022-12-04T04:00:00Z,131.15,133.21,130.33,132.71,219879575
2022-12-04T08:00:00Z,132.71,134.75,131.44,132.02,277799340
2022-12-04T12:00:00Z,132.02,132.79,128.23,129.43,295933513
2022-12-04T16:00:00Z,129.43,132.13,128.66,131.09,267823648
2022-12-04T20:00:00Z,131.09,133.92,130.01,133.12,214892096
2022-12-05T00:00:00Z,133.12,136.96,132.49,135.64,248380925
2022-12-05T04:00:00Z,135.64,136.12,133.42,134.95,279963205
2022-12-05T08:00:00Z,134.95,137.08,134.34,135.02,267829897
2022-12-05T12:00:00Z,135.02,135.75,132.22,133.46,213942565
2022-12-05T16:00:00Z,133.46,135.39,132.66,133.53,185917989
2022-12-05T20:00:00Z,133.53,134.33,131.42,133.53,249534350
2022-12-06T00:00:00Z,133.53,137.60,132.80,136.69,283432496
2022-12-06T04:00:00Z,136.69,138.29,135.38,137.55,271801531
2022-12-06T08:00:00Z,137.55,139.54,135.93,136.54,222560792
2022-12-06T12:00:00Z,136.54,137.17,131.63,132.32,240292058
2022-12-06T16:00:00Z,132.32,133.69,131.35,131.97,286454421
2022-12-06T20:00:00Z,131.97,134.33,130.55,133.59,290668950
2022-12-07T00:00:00Z,133.59,137.93,132.79,136.73,249565167
2022-12-07T04:00:00Z,136.73,137.45,134.47,135.73,195741523
2022-12-07T08:00:00Z,135.73,137.30,134.04,134.76,230157797
2022-12-07T12:00:00Z,134.76,135.26,131.84,133.44,259415325
2022-12-07T16:00:00Z,133.44,136.33,132.79,135.21,261221222
2022-12-07T20:00:00Z,135.21,137.02,133.68,136.35,223821234
2022-12-08T00:00:00Z,136.35,140.42,135.52,139.49,216135244
2022-12-08T04:00:00Z,139.49,141.91,138.34,141.06,275921737
2022-12-08T08:00:00Z,141.06,144.06,140.32,142.31,297777539
2022-12-08T12:00:00Z,142.31,142.90,138.92,140.10,272986904
2022-12-08T16:00:00Z,140.10,141.91,139.55,140.27,216651357
2022-12-08T20:00:00Z,140.27,142.93,138.82,142.36,237467467
2022-12-09T00:00:00Z,142.36,148.11,141.54,147.37,272152573
2022-12-09T04:00:00Z,147.37,149.18,146.28,148.33,264746965
2022-12-09T08:00:00Z,148.33,150.19,146.75,147.63,217789146
2022-12-09T12:00:00Z,147.63,148.37,144.26,145.84,187973947
2022-12-09T16:00:00Z,145.84,149.25,145.25,148.23,249289509
2022-12-09T20:00:00Z,148.23,151.05,147.11,150.45,287226989
2022-12-10T00:00:00Z,150.45,154.34,149.67,153.15,279598578
2022-12-10T04:00:00Z,153.15,154.03,151.10,153.00,232044433
2022-12-10T08:00:00Z,153.00,155.29,152.08,153.30,232336284
2022-12-10T12:00:00Z,153.30,154.16,149.84,151.07,280451399
2022-12-10T16:00:00Z,151.07,152.63,149.31,150.16,288574358
2022-12-10T20:00:00Z,150.16,150.74,147.46,149.69,251026477
2022-12-11T00:00:00Z,149.69,153.66,149.04,152.61,189965223
2022-12-11T04:00:00Z,152.61,153.49,150.95,152.84,218225055
2022-12-11T08:00:00Z,152.84,154.46,150.28,151.07,262720094
2022-12-11T12:00:00Z,151.07,151.97,145.87,146.76,270347189
2022-12-11T16:00:00Z,146.76,148.32,145.93,146.81,236024189
2022-12-11T20:00:00Z,146.81,149.17,145.28,148.34,215682604
2022-12-12T00:00:00Z,148.34,152.25,147.78,150.76,272568128
2022-12-12T04:00:00Z,150.76,151.42,147.93,149.09,297941358
2022-12-12T08:00:00Z,149.09,150.52,147.00,147.66,276655393
2022-12-12T12:00:00Z,147.66,148.52,144.11,145.37,217381592
2022-12-12T16:00:00Z,145.37,147.22,144.50,145.41,225483198
2022-12-12T20:00:00Z,145.41,146.20,142.98,144.90,263169351
2022-12-13T00:00:00Z,144.90,148.29,144.22,147.10,260721324
2022-12-13T04:00:00Z,147.10,148.61,145.54,147.93,228103018
2022-12-13T08:00:00Z,147.93,150.50,147.25,148.12,193874569
2022-12-13T12:00:00Z,148.12,148.92,144.18,145.04,248031455
2022-12-13T16:00:00Z,145.04,146.68,144.18,145.12,289587937
2022-12-13T20:00:00Z,145.12,148.25,143.71,147.37,285910306
2022-12-14T00:00:00Z,147.37,152.82,146.56,151.92,240327223
2022-12-14T04:00:00Z,151.92,152.77,150.28,151.95,223172500
2022-12-14T08:00:00Z,151.95,153.59,149.95,150.62,272942133
2022-12-14T12:00:00Z,150.62,151.32,146.97,148.36,285013152
2022-12-14T16:00:00Z,148.36,150.95,147.53,149.74,251431945
2022-12-14T20:00:00Z,149.74,151.35,148.10,150.50,187984722
2022-12-15T00:00:00Z,150.50,153.73,149.61,152.23,211971839
2022-12-15T04:00:00Z,152.23,153.03,150.04,151.87,265908455
2022-12-15T08:00:00Z,151.87,154.26,151.18,151.98,278344873
2022-12-15T12:00:00Z,151.98,152.55,148.18,149.24,247191755
2022-12-15T16:00:00Z,149.24,150.63,147.54,148.11,214224709
2022-12-15T20:00:00Z,148.11,148.94,145.59,148.02,267730027
2022-12-16T00:00:00Z,148.02,152.20,147.12,151.13,296420950
2022-12-16T04:00:00Z,151.13,152.01,149.32,150.70,278829869
2022-12-16T08:00:00Z,150.70,151.90,147.04,147.90,221372931
2022-12-16T12:00:00Z,147.90,148.51,142.12,142.85,212593181
2022-12-16T16:00:00Z,142.85,144.13,141.55,142.13,253174469
2022-12-16T20:00:00Z,142.13,142.84,140.01,142.27,260269030
2022-12-17T00:00:00Z,142.27,145.01,141.45,143.09,240428872
2022-12-17T04:00:00Z,143.09,143.94,139.52,140.52,199235810
2022-12-17T08:00:00Z,140.52,141.70,137.95,138.78,245682582
2022-12-17T12:00:00Z,138.78,139.47,134.88,135.95,290432977
2022-12-17T16:00:00Z,135.95,137.52,134.47,135.15,290652303
2022-12-17T20:00:00Z,135.15,135.70,132.42,134.18,247339988
2022-12-18T00:00:00Z,134.18,137.35,133.49,136.33,217127707
2022-12-18T04:00:00Z,136.33,137.34,134.71,136.63,264029979
2022-12-18T08:00:00Z,136.63,138.40,134.70,135.49,280084987
2022-12-18T12:00:00Z,135.49,136.25,130.27,131.05,250871616
2022-12-18T16:00:00Z,131.05,132.18,129.52,130.26,187541122
2022-12-18T20:00:00Z,130.26,132.26,128.58,131.62,210572301
2022-12-19T00:00:00Z,131.62,135.96,131.05,134.86,268077458
2022-12-19T04:00:00Z,134.86,135.56,132.69,133.82,285066147
2022-12-19T08:00:00Z,133.82,135.13,131.65,132.35,257172922
2022-12-19T12:00:00Z,132.35,133.13,129.00,130.45,215967273
2022-12-19T16:00:00Z,130.45,133.12,129.71,131.84,261426175
2022-12-19T20:00:00Z,131.84,133.18,130.11,132.45,293241371
2022-12-20T00:00:00Z,132.45,135.76,131.96,134.49,279537893
2022-12-20T04:00:00Z,134.49,135.14,132.65,134.65,224425304
2022-12-20T08:00:00Z,134.65,136.98,133.92,134.61,198979658
2022-12-20T12:00:00Z,134.61,135.39,130.37,131.08,242742979
2022-12-20T16:00:00Z,131.08,132.08,128.66,129.43,265845513
2022-12-20T20:00:00Z,129.43,130.13,127.02,129.31,251958960
2022-12-21T00:00:00Z,129.31,133.34,128.71,132.25,208165344
2022-12-21T04:00:00Z,132.25,132.71,130.19,131.32,242184349
2022-12-21T08:00:00Z,131.32,132.42,128.00,128.46,289704960
2022-12-21T12:00:00Z,128.46,129.15,123.49,124.17,293767716
2022-12-21T16:00:00Z,124.17,125.77,123.43,124.27,253039665
2022-12-21T20:00:00Z,124.27,125.37,122.60,124.63,210042198
2022-12-22T00:00:00Z,124.63,127.22,123.95,125.48,253842867
2022-12-22T04:00:00Z,125.48,126.04,122.25,123.30,273910797
2022-12-22T08:00:00Z,123.30,124.58,121.26,121.80,249450022
2022-12-22T12:00:00Z,121.80,122.37,117.68,118.38,198021238
2022-12-22T16:00:00Z,118.38,119.36,116.01,116.57,208737106
2022-12-22T20:00:00Z,116.57,117.25,113.62,115.09,269114356
2022-12-23T00:00:00Z,115.09,118.24,114.41,117.19,290382481
2022-12-23T04:00:00Z,117.19,117.90,115.60,117.22,265838934
2022-12-23T08:00:00Z,117.22,118.77,115.06,115.66,216628287
2022-12-23T12:00:00Z,115.66,116.10,110.78,111.47,253702791
2022-12-23T16:00:00Z,111.47,112.94,110.92,111.61,288456230
2022-12-23T20:00:00Z,111.61,114.24,110.46,113.68,278832567
2022-12-24T00:00:00Z,113.68,118.04,112.99,117.03,226597892
2022-12-24T04:00:00Z,117.03,117.70,114.95,116.14,189078835
2022-12-24T08:00:00Z,116.14,117.60,114.55,115.21,237246107
2022-12-24T12:00:00Z,115.21,115.68,112.24,113.59,271860443
2022-12-24T16:00:00Z,113.59,115.90,113.14,114.60,262510315
2022-12-24T20:00:00Z,114.60,115.33,112.72,114.87,216274099
2022-12-25T00:00:00Z,114.87,118.24,114.20,117.37,237499552
2022-12-25T04:00:00Z,117.37,119.08,116.16,118.40,287373610
2022-12-25T08:00:00Z,118.40,120.88,117.71,118.99,295228237
2022-12-25T12:00:00Z,118.99,119.57,115.28,116.16,257409434
2022-12-25T16:00:00Z,116.16,117.62,115.36,115.93,206259787
2022-12-25T20:00:00Z,115.93,118.09,114.48,117.63,242530799
2022-12-26T00:00:00Z,117.63,122.49,117.01,121.82,266629849
2022-12-26T04:00:00Z,121.82,122.52,120.25,121.50,250486996
2022-12-26T08:00:00Z,121.50,122.71,118.70,119.40,211863483
2022-12-26T12:00:00Z,119.40,120.06,115.07,116.11,206273032
2022-12-26T16:00:00Z,116.11,118.06,115.54,116.72,268923224
2022-12-26T20:00:00Z,116.72,117.56,114.92,117.00,294187832
2022-12-27T00:00:00Z,117.00,119.61,116.49,118.08,273085603
2022-12-27T04:00:00Z,118.08,118.69,115.61,116.88,220430775
2022-12-27T08:00:00Z,116.88,118.69,115.86,116.48,244633227
2022-12-27T12:00:00Z,116.48,117.17,112.87,113.76,282146541
2022-12-27T16:00:00Z,113.76,114.94,112.08,112.76,276790719
2022-12-27T20:00:00Z,112.76,113.29,110.43,112.66,227966413
2022-12-28T00:00:00Z,112.66,116.87,112.25,116.10,179897972
2022-12-28T04:00:00Z,116.10,117.05,114.85,116.63,236991411
2022-12-28T08:00:00Z,116.63,118.19,114.56,115.08,276831185
2022-12-28T12:00:00Z,115.08,115.75,110.43,111.18,271914786
2022-12-28T16:00:00Z,111.18,112.89,110.52,111.78,227671139
2022-12-28T20:00:00Z,111.78,114.49,110.72,113.82,231614120
2022-12-29T00:00:00Z,113.82,117.95,113.29,116.86,283436613
2022-12-29T04:00:00Z,116.86,117.27,114.89,116.34,295034434
2022-12-29T08:00:00Z,116.34,118.36,115.80,116.55,260458246
2022-12-29T12:00:00Z,116.55,117.19,114.25,116.03,201634054
2022-12-29T16:00:00Z,116.03,118.89,115.33,117.79,230262901
2022-12-29T20:00:00Z,117.79,119.82,116.48,119.11,258396396
2022-12-30T00:00:00Z,119.11,123.89,118.46,123.16,257755382
2022-12-30T04:00:00Z,123.16,126.11,122.48,125.44,225134217
2022-12-30T08:00:00Z,125.44,128.35,124.97,126.45,207342675
2022-12-30T12:00:00Z,126.45,127.05,122.91,123.87,267427831
2022-12-30T16:00:00Z,123.87,125.67,123.17,124.37,296401069
2022-12-30T20:00:00Z,124.37,127.61,123.17,126.90,278835082
2022-12-31T00:00:00Z,126.90,132.26,126.14,131.47,223111486
2022-12-31T04:00:00Z,131.47,132.32,129.98,131.56,234317000
2022-12-31T08:00:00Z,131.56,133.25,129.98,130.66,274419004
2022-12-31T12:00:00Z,130.66,131.16,127.58,129.10,273510603
2022-12-31T16:00:00Z,129.10,132.07,128.46,131.06,228620338
2022-12-31T20:00:00Z,131.06,132.91,129.67,132.26,181036809
2023-01-01T00:00:00Z,132.26,135.72,131.46,134.51,236688613
2023-01-01T04:00:00Z,134.51,135.47,132.78,134.66,280623500
2023-01-01T08:00:00Z,134.66,137.06,133.97,134.94,280022504
2023-01-01T12:00:00Z,134.94,135.49,131.12,132.05,237974651
2023-01-01T16:00:00Z,132.05,133.25,130.37,130.90,224538399
2023-01-01T20:00:00Z,130.90,131.68,128.59,131.15,277920115
2023-01-02T00:00:00Z,131.15,135.58,130.38,134.83,293215486
2023-01-02T04:00:00Z,134.83,135.95,133.52,135.16,262219758
2023-01-02T08:00:00Z,135.16,136.64,132.85,133.65,200517760
2023-01-02T12:00:00Z,133.65,134.31,129.40,130.57,217224049
2023-01-02T16:00:00Z,130.57,133.19,130.05,132.16,254095363
2023-01-02T20:00:00Z,132.16,135.11,131.10,134.58,266592180
2023-01-03T00:00:00Z,134.58,138.72,133.87,137.67,237636804
2023-01-03T04:00:00Z,137.67,138.47,135.74,137.50,207611729
2023-01-03T08:00:00Z,137.50,139.73,136.67,138.08,264574095
2023-01-03T12:00:00Z,138.08,138.85,135.62,137.18,296967879
2023-01-03T16:00:00Z,137.18,139.58,136.51,138.05,283037060
2023-01-03T20:00:00Z,138.05,139.59,136.15,138.92,228912689
2023-01-04T00:00:00Z,138.92,143.74,138.31,143.12,222878242
2023-01-04T04:00:00Z,143.12,146.09,142.21,145.45,265403737
2023-01-04T08:00:00Z,145.45,148.34,144.59,146.29,269109125
2023-01-04T12:00:00Z,146.29,147.16,142.73,144.05,230748468
2023-01-04T16:00:00Z,144.05,146.70,143.25,145.64,187117837
2023-01-04T20:00:00Z,145.64,149.94,144.79,149.12,235573357
2023-01-05T00:00:00Z,149.12,154.85,148.57,153.93,283119897
2023-01-05T04:00:00Z,153.93,154.64,152.29,154.09,286704978
2023-01-05T08:00:00Z,154.09,156.10,152.91,153.60,247065871
2023-01-05T12:00:00Z,153.60,154.51,150.66,152.25,220548150
2023-01-05T16:00:00Z,152.25,155.09,151.34,153.65,270878568
2023-01-05T20:00:00Z,153.65,155.00,151.76,154.08,289828287
2023-01-06T00:00:00Z,154.08,157.54,153.38,156.20,262750733
2023-01-06T04:00:00Z,156.20,157.37,154.37,156.66,198768365
2023-01-06T08:00:00Z,156.66,159.28,155.93,156.94,204124710
2023-01-06T12:00:00Z,156.94,157.80,153.02,153.86,255640164
2023-01-06T16:00:00Z,153.86,155.19,152.17,153.02,274440985
2023-01-06T20:00:00Z,153.02,154.87,151.12,153.96,249187477
2023-01-07T00:00:00Z,153.96,158.81,153.12,157.76,211243526
2023-01-07T04:00:00Z,157.76,158.45,155.90,157.39,260332052
2023-01-07T08:00:00Z,157.39,158.73,154.43,155.11,295862096
2023-01-07T12:00:00Z,155.11,155.84,150.43,151.52,285669338
2023-01-07T16:00:00Z,151.52,153.65,150.66,152.22,233589894
2023-01-07T20:00:00Z,152.22,153.95,150.58,153.09,210463576
2023-01-08T00:00:00Z,153.09,156.36,152.19,154.78,255251501
2023-01-08T04:00:00Z,154.78,155.59,152.37,154.02,263718721
2023-01-08T08:00:00Z,154.02,156.37,153.36,154.29,239249510
2023-01-08T12:00:00Z,154.29,154.89,151.30,152.72,197064540
2023-01-08T16:00:00Z,152.72,154.84,151.96,152.91,233556826
2023-01-08T20:00:00Z,152.91,154.46,150.84,153.69,284222705
2023-01-09T00:00:00Z,153.69,158.86,152.76,157.96,291857739
2023-01-09T04:00:00Z,157.96,160.59,156.92,159.63,254850731
2023-01-09T08:00:00Z,159.63,162.02,158.32,159.24,215433245
2023-01-09T12:00:00Z,159.24,159.88,154.81,156.02,262393991
2023-01-09T16:00:00Z,156.02,158.23,155.39,156.97,284955961
2023-01-09T20:00:00Z,156.97,160.12,155.67,159.46,262128924
2023-01-10T00:00:00Z,159.46,164.10,158.53,162.96,200736852
2023-01-10T04:00:00Z,162.96,163.93,160.82,162.35,196353741
2023-01-10T08:00:00Z,162.35,164.24,160.98,161.95,257580011
2023-01-10T12:00:00Z,161.95,162.75,159.04,160.75,281145597
2023-01-10T16:00:00Z,160.75,163.47,160.12,161.87,259618964
2023-01-10T20:00:00Z,161.87,162.75,159.73,162.13,213909698
2023-01-11T00:00:00Z,162.13,165.66,161.28,164.53,254697331
2023-01-11T04:00:00Z,164.53,165.93,162.82,165.07,293086436
2023-01-11T08:00:00Z,165.07,167.25,163.57,164.53,286737796
2023-01-11T12:00:00Z,164.53,165.44,159.26,160.22,237162412
2023-01-11T16:00:00Z,160.22,161.19,157.67,158.56,201479786
2023-01-11T20:00:00Z,158.56,159.62,156.14,158.85,244130516
2023-01-12T00:00:00Z,158.85,162.91,158.15,161.57,260913679
2023-01-12T04:00:00Z,161.57,162.42,158.99,159.95,250586173
2023-01-12T08:00:00Z,159.95,161.13,156.27,157.11,206462886
2023-01-12T12:00:00Z,157.11,158.03,152.35,153.56,230565453
2023-01-12T16:00:00Z,153.56,155.59,152.71,154.02,283856717
2023-01-12T20:00:00Z,154.02,154.96,151.91,154.12,295402478
2023-01-13T00:00:00Z,154.12,156.92,153.56,155.18,261261239
2023-01-13T04:00:00Z,155.18,155.88,152.56,154.08,213489139
2023-01-13T08:00:00Z,154.08,156.14,152.85,153.55,252574612
2023-01-13T12:00:00Z,153.55,154.45,149.44,150.35,278705819
2023-01-13T16:00:00Z,150.35,151.55,148.00,148.89,260450513
2023-01-13T20:00:00Z,148.89,149.69,146.29,148.63,203458282
2023-01-14T00:00:00Z,148.63,153.03,147.95,152.04,194004313
2023-01-14T04:00:00Z,152.04,153.22,150.55,152.54,258574889
2023-01-14T08:00:00Z,152.54,154.34,150.62,151.16,286565903
2023-01-14T12:00:00Z,151.16,151.99,146.82,147.85,268783747
2023-01-14T16:00:00Z,147.85,150.25,146.96,149.13,219784057
2023-01-14T20:00:00Z,149.13,152.41,147.93,151.50,247692020
2023-01-15T00:00:00Z,151.50,155.83,150.69,154.49,288672600
2023-01-15T04:00:00Z,154.49,155.16,152.18,153.70,286275735
2023-01-15T08:00:00Z,153.70,155.69,152.66,153.32,239671604
2023-01-15T12:00:00Z,153.32,154.06,150.24,151.58,191839286
2023-01-15T16:00:00Z,151.58,153.67,150.72,151.59,232222914
2023-01-15T20:00:00Z,151.59,152.49,149.13,151.10,264264418
2023-01-16T00:00:00Z,151.10,154.67,150.21,153.47,261068577
2023-01-16T04:00:00Z,153.47,154.90,151.85,154.00,219390286
2023-01-16T08:00:00Z,154.00,156.18,152.39,153.18,226543613
2023-01-16T12:00:00Z,153.18,153.77,148.16,148.95,281971390
2023-01-16T16:00:00Z,148.95,150.21,147.50,148.09,297288619
2023-01-16T20:00:00Z,148.09,149.93,146.23,149.19,266256263
2023-01-17T00:00:00Z,149.19,153.31,148.28,151.95,210524300
2023-01-17T04:00:00Z,151.95,152.82,148.98,150.03,241552923
2023-01-17T08:00:00Z,150.03,150.98,146.31,147.16,271206824
2023-01-17T12:00:00Z,147.16,147.74,142.44,143.54,257827164
2023-01-17T16:00:00Z,143.54,145.27,142.63,143.20,212317062
2023-01-17T20:00:00Z,143.20,143.93,140.57,142.17,196039722
2023-01-18T00:00:00Z,142.17,144.50,141.34,142.70,258519459
2023-01-18T04:00:00Z,142.70,143.55,140.20,141.68,290581143
2023-01-18T08:00:00Z,141.68,143.56,140.22,141.06,276556909
2023-01-18T12:00:00Z,141.06,141.75,136.72,137.54,224552512
2023-01-18T16:00:00Z,137.54,138.65,135.56,136.22,239364984
2023-01-18T20:00:00Z,136.22,137.19,133.98,136.67,282680765
2023-01-19T00:00:00Z,136.67,141.19,135.94,140.44,284342638
2023-01-19T04:00:00Z,140.44,141.27,138.93,140.53,241178949
2023-01-19T08:00:00Z,140.53,141.96,137.85,138.66,185948595
2023-01-19T12:00:00Z,138.66,139.43,134.13,135.28,224778484
2023-01-19T16:00:00Z,135.28,137.58,134.62,136.39,268906671
2023-01-19T20:00:00Z,136.39,138.72,135.10,138.06,270520398
2023-01-20T00:00:00Z,138.06,141.76,137.44,140.46,231427375
2023-01-20T04:00:00Z,140.46,141.21,138.27,139.99,221455917
2023-01-20T08:00:00Z,139.99,142.27,139.16,140.46,278542516
2023-01-20T12:00:00Z,140.46,141.29,137.84,139.32,297494297
2023-01-20T16:00:00Z,139.32,141.50,138.55,139.85,269821701
2023-01-20T20:00:00Z,139.85,141.20,137.80,140.43,210850729
2023-01-21T00:00:00Z,140.43,145.00,139.92,144.18,229483218
2023-01-21T04:00:00Z,144.18,145.99,143.08,145.48,262606588
2023-01-21T08:00:00Z,145.48,147.67,144.06,144.72,256697604
2023-01-21T12:00:00Z,144.72,145.57,139.89,140.69,225550536
2023-01-21T16:00:00Z,140.69,141.99,139.60,140.43,197551922
2023-01-21T20:00:00Z,140.43,142.71,138.90,141.87,257324300
2023-01-22T00:00:00Z,141.87,145.93,141.23,144.54,293092777
2023-01-22T04:00:00Z,144.54,145.06,141.74,142.87,282838477
2023-01-22T08:00:00Z,142.87,144.12,140.58,141.09,232406094
2023-01-22T12:00:00Z,141.09,141.87,137.55,138.72,229791537
2023-01-22T16:00:00Z,138.72,140.80,137.89,139.12,275198452
2023-01-22T20:00:00Z,139.12,139.93,136.95,138.71,281022355
2023-01-23T00:00:00Z,138.71,141.62,137.97,140.27,241763640
2023-01-23T04:00:00Z,140.27,140.92,138.27,140.18,180339843
2023-01-23T08:00:00Z,140.18,142.30,139.02,139.62,223163484
2023-01-23T12:00:00Z,139.62,140.29,135.00,135.61,272540544
2023-01-23T16:00:00Z,135.61,136.59,133.50,134.15,278780160
2023-01-23T20:00:00Z,134.15,135.57,132.11,134.80,242412845
2023-01-24T00:00:00Z,134.80,139.44,134.01,138.47,219529337
2023-01-24T04:00:00Z,138.47,139.18,136.77,138.22,273573322
2023-01-24T08:00:00Z,138.22,139.68,135.95,136.66,296026718
2023-01-24T12:00:00Z,136.66,137.19,132.93,134.33,271970047
2023-01-24T16:00:00Z,134.33,137.31,133.66,136.41,210290480
2023-01-24T20:00:00Z,136.41,139.20,135.31,138.51,216538639
2023-01-25T00:00:00Z,138.51,142.56,137.66,141.41,253068029
2023-01-25T04:00:00Z,141.41,142.68,139.76,141.83,261754574
2023-01-25T08:00:00Z,141.83,144.56,141.11,142.93,238128698
2023-01-25T12:00:00Z,142.93,143.50,140.21,141.63,202673737
2023-01-25T16:00:00Z,141.63,143.67,141.04,141.86,254918751
2023-01-25T20:00:00Z,141.86,143.37,139.87,142.77,294026916
2023-01-26T00:00:00Z,142.77,147.96,141.94,147.20,287555221
2023-01-26T04:00:00Z,147.20,149.75,146.21,148.89,239049952
2023-01-26T08:00:00Z,148.89,151.13,147.65,148.54,219072525
2023-01-26T12:00:00Z,148.54,149.26,144.43,145.67,266338801
2023-01-26T16:00:00Z,145.67,148.21,145.10,147.07,276420792
2023-01-26T20:00:00Z,147.07,150.29,145.93,149.71,241519807
2023-01-27T00:00:00Z,149.71,154.11,148.92,152.98,184586454
2023-01-27T04:00:00Z,152.98,153.87,150.71,152.02,222060561
2023-01-27T08:00:00Z,152.02,153.59,150.25,151.14,275040449
2023-01-27T12:00:00Z,151.14,151.98,147.71,149.11,285704690
2023-01-27T16:00:00Z,149.11,151.17,148.27,149.10,252206143
2023-01-27T20:00:00Z,149.10,149.65,146.49,148.40,216503104
2023-01-28T00:00:00Z,148.40,151.55,147.73,150.32,267094967
2023-01-28T04:00:00Z,150.32,151.35,148.53,150.68,292921896
2023-01-28T08:00:00Z,150.68,152.88,149.36,150.17,272739363
2023-01-28T12:00:00Z,150.17,151.05,145.46,146.32,213165355
2023-01-28T16:00:00Z,146.32,147.60,144.83,145.69,202907818
2023-01-28T20:00:00Z,145.69,148.06,143.99,147.25,246421063
2023-01-29T00:00:00Z,147.25,152.15,146.73,151.07,269255446
2023-01-29T04:00:00Z,151.07,151.76,149.08,150.44,249859062
2023-01-29T08:00:00Z,150.44,151.84,148.03,148.72,207040236
2023-01-29T12:00:00Z,148.72,149.59,144.94,146.33,251253365
2023-01-29T16:00:00Z,146.33,149.05,145.46,147.73,293336214
2023-01-29T20:00:00Z,147.73,149.61,146.15,148.73,290661863
2023-01-30T00:00:00Z,148.73,152.37,148.06,151.06,244455125
2023-01-30T04:00:00Z,151.06,152.34,149.27,151.66,211573123
2023-01-30T08:00:00Z,151.66,154.62,150.94,152.94,256238316
2023-01-30T12:00:00Z,152.94,153.79,150.20,151.52,270663128
2023-01-30T16:00:00Z,151.52,153.58,150.61,151.99,241852014
2023-01-30T20:00:00Z,151.99,154.68,150.44,153.76,194223941
2023-01-31T00:00:00Z,153.76,159.78,152.94,158.85,220264920
2023-01-31T04:00:00Z,158.85,161.23,157.90,160.38,276296895
2023-01-31T08:00:00Z,160.38,162.55,158.94,159.62,291172197
2023-01-31T12:00:00Z,159.62,160.39,155.49,156.72,260689989
2023-01-31T16:00:00Z,156.72,159.20,155.83,158.12,216621416
2023-01-31T20:00:00Z,158.12,161.09,156.80,160.18,259166444
2023-02-01T00:00:00Z,160.18,164.25,159.24,162.76,288243776
2023-02-01T04:00:00Z,162.76,163.59,160.32,161.86,272191690
2023-02-01T08:00:00Z,161.86,163.98,160.79,161.62,215302682
2023-02-01T12:00:00Z,161.62,162.26,158.47,159.94,188858825
2023-02-01T16:00:00Z,159.94,162.10,159.13,159.95,246033566
2023-02-01T20:00:00Z,159.95,160.86,157.41,159.59,275763802
2023-02-02T00:00:00Z,159.59,163.34,158.63,162.15,260562236
2023-02-02T04:00:00Z,162.15,163.51,160.57,162.53,214783502
2023-02-02T08:00:00Z,162.53,164.47,160.24,161.16,246301909
2023-02-02T12:00:00Z,161.16,161.80,155.59,156.37,291001207
2023-02-02T16:00:00Z,156.37,157.45,154.56,155.17,292141688
2023-02-02T20:00:00Z,155.17,156.65,153.10,156.00,248618009
2023-02-03T00:00:00Z,156.00,159.91,155.08,158.56,203169314
2023-02-03T04:00:00Z,158.56,159.51,155.69,156.87,245054080
2023-02-03T08:00:00Z,156.87,158.12,153.97,154.90,263890658
2023-02-03T12:00:00Z,154.90,155.65,151.11,152.57,248272437
2023-02-03T16:00:00Z,152.57,155.07,151.98,153.56,208127586
2023-02-03T20:00:00Z,153.56,154.49,151.55,153.91,217691592
2023-02-04T00:00:00Z,153.91,157.16,153.09,155.99,276219525
2023-02-04T04:00:00Z,155.99,157.26,154.19,156.43,295084918
2023-02-04T08:00:00Z,156.43,158.90,155.49,156.82,267772369
2023-02-04T12:00:00Z,156.82,157.69,152.84,153.92,215642126
2023-02-04T16:00:00Z,153.92,155.41,152.37,153.22,249873845
2023-02-04T20:00:00Z,153.22,155.09,151.21,154.36,282082733
2023-02-05T00:00:00Z,154.36,159.52,153.67,158.69,270410945
2023-02-05T04:00:00Z,158.69,159.93,157.24,159.22,216784099
2023-02-05T08:00:00Z,159.22,160.97,157.13,157.98,184032938
2023-02-05T12:00:00Z,157.98,158.91,153.99,155.48,246838872
2023-02-05T16:00:00Z,155.48,158.49,154.62,157.31,281132182
2023-02-05T20:00:00Z,157.31,160.11,156.09,159.25,270075549
2023-02-06T00:00:00Z,159.25,163.10,158.68,161.60,221543578
2023-02-06T04:00:00Z,161.60,162.34,159.19,160.86,240062842
2023-02-06T08:00:00Z,160.86,163.04,159.87,160.62,287031056
2023-02-06T12:00:00Z,160.62,161.57,156.99,158.14,292006523
2023-02-06T16:00:00Z,158.14,159.55,156.07,157.01,251559496
2023-02-06T20:00:00Z,157.01,157.84,154.12,156.05,198237271
2023-02-07T00:00:00Z,156.05,159.68,155.35,158.43,232960571
2023-02-07T04:00:00Z,158.43,159.04,156.56,158.35,258798241
2023-02-07T08:00:00Z,158.35,159.95,155.77,156.35,258466219
2023-02-07T12:00:00Z,156.35,157.21,150.81,151.53,221417312
2023-02-07T16:00:00Z,151.53,152.76,150.02,150.87,214269641
2023-02-07T20:00:00Z,150.87,152.75,149.17,151.84,274739762
2023-02-08T00:00:00Z,151.84,155.43,151.03,153.83,297371255
2023-02-08T04:00:00Z,153.83,154.49,150.48,151.53,273387959
2023-02-08T08:00:00Z,151.53,152.65,148.59,149.22,217828511
2023-02-08T12:00:00Z,149.22,149.94,145.10,146.18,239329031
2023-02-08T16:00:00Z,146.18,147.93,144.99,145.71,274553553
2023-02-08T20:00:00Z,145.71,146.58,143.03,144.64,267500352
2023-02-09T00:00:00Z,144.64,147.45,143.79,146.05,218442355
2023-02-09T04:00:00Z,146.05,147.01,144.14,146.17,185169870
2023-02-09T08:00:00Z,146.17,148.50,145.20,145.95,246791096
2023-02-09T12:00:00Z,145.95,146.52,141.60,142.51,285228839
2023-02-09T16:00:00Z,142.51,143.95,141.43,142.00,278256323
2023-02-09T20:00:00Z,142.00,144.40,140.37,143.67,231462623
2023-02-10T00:00:00Z,143.67,148.84,142.80,147.95,232560235
2023-02-10T04:00:00Z,147.95,148.80,146.41,147.88,281463667
2023-02-10T08:00:00Z,147.88,149.38,145.46,146.30,290296097
2023-02-10T12:00:00Z,146.30,146.87,142.35,143.75,253323584
2023-02-10T16:00:00Z,143.75,146.39,143.15,145.15,192658779
2023-02-10T20:00:00Z,145.15,146.82,143.56,146.20,220146090
2023-02-11T00:00:00Z,146.20,149.47,145.34,148.14,259877578
2023-02-11T04:00:00Z,148.14,149.02,146.11,147.86,267763759
2023-02-11T08:00:00Z,147.86,150.21,147.02,148.25,233901071
2023-02-11T12:00:00Z,148.25,148.96,144.87,146.06,214185162
2023-02-11T16:00:00Z,146.06,147.70,144.72,145.42,271812998
2023-02-11T20:00:00Z,145.42,146.12,143.05,145.57,297987357
2023-02-12T00:00:00Z,145.57,149.81,144.79,148.99,277498937
2023-02-12T04:00:00Z,148.99,149.91,147.43,149.11,218956978
2023-02-12T08:00:00Z,149.11,150.58,146.01,146.87,227667721
2023-02-12T12:00:00Z,146.87,147.68,141.28,142.13,265792861
2023-02-12T16:00:00Z,142.13,143.53,140.88,141.67,263579479
2023-02-12T20:00:00Z,141.67,142.98,139.77,142.32,225556290
2023-02-13T00:00:00Z,142.32,145.39,141.67,143.73,191215922
2023-02-13T04:00:00Z,143.73,144.50,140.60,141.50,245791418
2023-02-13T08:00:00Z,141.50,142.76,139.20,139.96,287940985
2023-02-13T12:00:00Z,139.96,140.78,136.28,137.51,284984722
2023-02-13T16:00:00Z,137.51,139.28,136.42,137.23,240195096
2023-02-13T20:00:00Z,137.23,137.85,134.67,136.58,223844121
2023-02-14T00:00:00Z,136.58,139.97,136.09,138.83,274365192
2023-02-14T04:00:00Z,138.83,139.88,137.25,139.38,287076809
2023-02-14T08:00:00Z,139.38,141.53,138.09,138.74,253975461
2023-02-14T12:00:00Z,138.74,139.56,134.00,134.74,190809985
2023-02-14T16:00:00Z,134.74,135.88,133.40,134.20,210689786
2023-02-14T20:00:00Z,134.20,136.74,132.70,135.94,263184671
2023-02-15T00:00:00Z,135.94,140.87,135.33,139.89,275996415
2023-02-15T04:00:00Z,139.89,140.41,138.12,139.64,245401540
2023-02-15T08:00:00Z,139.64,141.36,138.25,138.77,213132176
2023-02-15T12:00:00Z,138.77,139.54,135.80,137.49,267420274
2023-02-15T16:00:00Z,137.49,140.84,136.66,139.82,296918102
2023-02-15T20:00:00Z,139.82,142.37,138.61,141.52,280095204
2023-02-16T00:00:00Z,141.52,145.56,140.77,144.47,223307892
2023-02-16T04:00:00Z,144.47,146.22,142.95,145.46,215047057
2023-02-16T08:00:00Z,145.46,148.34,144.89,146.53,255956129
2023-02-16T12:00:00Z,146.53,147.25,143.29,144.35,260205441
2023-02-16T16:00:00Z,144.35,145.98,143.20,143.91,237650285
2023-02-16T20:00:00Z,143.91,145.69,142.00,144.86,196787836
2023-02-17T00:00:00Z,144.86,149.95,144.01,149.05,243755895
2023-02-17T04:00:00Z,149.05,150.48,147.71,149.62,289177643
2023-02-17T08:00:00Z,149.62,151.33,147.39,148.14,290166098
2023-02-17T12:00:00Z,148.14,148.74,143.76,144.97,247660784
2023-02-17T16:00:00Z,144.97,147.31,144.24,146.21,218230517
2023-02-17T20:00:00Z,146.21,148.66,144.92,147.90,265828907
2023-02-18T00:00:00Z,147.90,151.52,147.01,150.03,282439915
2023-02-18T04:00:00Z,150.03,150.88,147.37,148.79,253599119
2023-02-18T08:00:00Z,148.79,150.63,147.31,148.15,188747296
2023-02-18T12:00:00Z,148.15,148.73,144.58,145.81,207749444
2023-02-18T16:00:00Z,145.81,147.47,144.56,145.12,265539253
2023-02-18T20:00:00Z,145.12,145.87,142.42,144.49,283010292
2023-02-19T00:00:00Z,144.49,148.23,143.64,147.29,255759546
2023-02-19T04:00:00Z,147.29,149.08,146.01,148.21,215306463
2023-02-19T08:00:00Z,148.21,150.36,146.79,147.68,261569399
2023-02-19T12:00:00Z,147.68,148.38,143.23,144.29,294177477
2023-02-19T16:00:00Z,144.29,146.26,143.74,145.00,281193966
2023-02-19T20:00:00Z,145.00,148.33,143.80,147.78,226672353
2023-02-20T00:00:00Z,147.78,152.89,146.99,152.05,201642666
2023-02-20T04:00:00Z,152.05,152.94,150.30,151.98,245214276
2023-02-20T08:00:00Z,151.98,153.81,150.75,151.65,262989093
2023-02-20T12:00:00Z,151.65,152.48,148.93,150.73,249340149
2023-02-20T16:00:00Z,150.73,154.01,150.02,152.75,205988118
2023-02-20T20:00:00Z,152.75,154.77,151.18,154.05,240618292
2023-02-21T00:00:00Z,154.05,158.33,153.35,157.39,288872048
2023-02-21T04:00:00Z,157.39,159.99,156.17,159.26,293732827
2023-02-21T08:00:00Z,159.26,162.62,158.31,160.99,253805514
2023-02-21T12:00:00Z,160.99,161.94,157.95,159.39,211549133
2023-02-21T16:00:00Z,159.39,161.60,158.52,160.15,255973517
2023-02-21T20:00:00Z,160.15,163.59,158.83,162.71,276499206
2023-02-22T00:00:00Z,162.71,168.73,162.12,167.96,252294581
2023-02-22T04:00:00Z,167.96,169.46,166.68,168.84,196024533
2023-02-22T08:00:00Z,168.84,170.79,166.93,167.72,206047621
2023-02-22T12:00:00Z,167.72,168.71,163.74,165.19,266824017
2023-02-22T16:00:00Z,165.19,168.05,164.21,166.70,288669681
2023-02-22T20:00:00Z,166.70,169.04,165.19,168.05,264837081
2023-02-23T00:00:00Z,168.05,171.64,167.31,170.03,216415414
2023-02-23T04:00:00Z,170.03,170.66,167.59,169.42,254295479
2023-02-23T08:00:00Z,169.42,171.86,168.60,169.60,289808314
2023-02-23T12:00:00Z,169.60,170.55,166.40,167.63,280838736
2023-02-23T16:00:00Z,167.63,169.42,166.28,167.23,229101885
2023-02-23T20:00:00Z,167.23,168.37,164.91,167.37,191885621
2023-02-24T00:00:00Z,167.37,171.95,166.49,170.92,236516914
2023-02-24T04:00:00Z,170.92,172.62,169.45,171.73,269110484
2023-02-24T08:00:00Z,171.73,173.74,169.73,170.44,260115549
2023-02-24T12:00:00Z,170.44,171.28,165.53,166.50,214421052
2023-02-24T16:00:00Z,166.50,168.42,165.55,166.90,236332556
2023-02-24T20:00:00Z,166.90,169.90,165.42,168.93,286983560
2023-02-25T00:00:00Z,168.93,173.50,167.95,172.10,295645516
2023-02-25T04:00:00Z,172.10,172.97,169.82,171.47,258601540
2023-02-25T08:00:00Z,171.47,173.67,170.51,171.37,208133866
2023-02-25T12:00:00Z,171.37,172.07,168.65,170.69,244940883
2023-02-25T16:00:00Z,170.69,173.78,169.81,172.48,269388217
2023-02-25T20:00:00Z,172.48,174.58,170.73,173.69,251028082
2023-02-26T00:00:00Z,173.69,178.41,172.63,177.38,209063479
2023-02-26T04:00:00Z,177.38,180.47,176.18,179.39,203782921
2023-02-26T08:00:00Z,179.39,182.59,178.50,180.41,266936957
2023-02-26T12:00:00Z,180.41,181.11,176.48,177.82,292860120
2023-02-26T16:00:00Z,177.82,179.83,177.06,178.08,272519859
2023-02-26T20:00:00Z,178.08,181.15,176.48,180.38,220671064
2023-02-27T00:00:00Z,180.38,185.97,179.31,184.99,245660833
2023-02-27T04:00:00Z,184.99,186.28,183.43,185.19,283881424
2023-02-27T08:00:00Z,185.19,187.04,183.04,184.15,279097753
2023-02-27T12:00:00Z,184.15,185.02,180.52,182.29,230665904
2023-02-27T16:00:00Z,182.29,185.57,181.60,184.13,181707311
2023-02-27T20:00:00Z,184.13,185.98,182.41,185.29,234151981
2023-02-28T00:00:00Z,185.29,188.75,184.30,187.23,274255173
2023-02-28T04:00:00Z,187.23,188.33,184.86,186.81,269802834
2023-02-28T08:00:00Z,186.81,189.05,185.52,186.62,226187745
2023-02-28T12:00:00Z,186.62,187.65,182.26,183.41,230874824
2023-02-28T16:00:00Z,183.41,184.72,180.74,181.74,283499000
2023-02-28T20:00:00Z,181.74,182.38,178.74,181.15,295893643
2023-03-01T00:00:00Z,181.15,185.28,180.32,184.03,262047355
2023-03-01T04:00:00Z,184.03,185.02,181.98,183.73,203829288
2023-03-01T08:00:00Z,183.73,185.33,180.46,181.45,232893276
2023-03-01T12:00:00Z,181.45,182.52,176.10,177.27,261257033
2023-03-01T16:00:00Z,177.27,179.25,176.31,177.68,255097433
2023-03-01T20:00:00Z,177.68,180.05,175.97,179.09,222482071
2023-03-02T00:00:00Z,179.09,182.88,178.44,181.16,205113046
2023-03-02T04:00:00Z,181.16,182.01,178.27,179.68,265794383
2023-03-02T08:00:00Z,179.68,181.57,177.98,178.83,295491026
2023-03-02T12:00:00Z,178.83,179.89,175.28,176.73,278719330
2023-03-02T16:00:00Z,176.73,178.65,175.50,176.56,223799041
2023-03-02T20:00:00Z,176.56,177.49,173.93,176.21,235754305
2023-03-03T00:00:00Z,176.21,180.27,175.43,179.05,276494113
2023-03-03T04:00:00Z,179.05,181.01,177.57,180.23,276061885
2023-03-03T08:00:00Z,180.23,182.93,179.36,180.18,231449076
2023-03-03T12:00:00Z,180.18,181.18,175.87,176.93,179633685
2023-03-03T16:00:00Z,176.93,178.82,175.87,177.30,233970394
2023-03-03T20:00:00Z,177.30,180.76,175.80,179.69,278284648
2023-03-04T00:00:00Z,179.69,184.94,178.74,183.68,278245193
2023-03-04T04:00:00Z,183.68,184.45,181.45,183.00,236897314
2023-03-04T08:00:00Z,183.00,184.63,180.69,181.45,224244947
2023-03-04T12:00:00Z,181.45,182.34,177.62,179.06,278433406
2023-03-04T16:00:00Z,179.06,181.54,178.03,179.73,294495539
2023-03-04T20:00:00Z,179.73,180.80,177.45,179.50,264166871
2023-03-05T00:00:00Z,179.50,182.46,178.46,180.72,202980275
2023-03-05T04:00:00Z,180.72,181.63,178.26,180.18,220010163
2023-03-05T08:00:00Z,180.18,182.53,178.78,179.69,253919601
2023-03-05T12:00:00Z,179.69,180.42,174.98,175.92,263818196
2023-03-05T16:00:00Z,175.92,177.16,173.42,174.14,235197603
2023-03-05T20:00:00Z,174.14,175.14,171.39,173.90,205697297
2023-03-06T00:00:00Z,173.90,178.03,172.85,176.65,263333547
2023-03-06T04:00:00Z,176.65,177.65,174.08,175.38,296497841
2023-03-06T08:00:00Z,175.38,176.46,171.03,172.01,283374141
2023-03-06T12:00:00Z,172.01,172.66,166.12,167.06,230030633
2023-03-06T16:00:00Z,167.06,168.62,165.86,166.50,224689975
2023-03-06T20:00:00Z,166.50,167.36,164.13,166.34,267768147
2023-03-07T00:00:00Z,166.34,169.01,165.36,166.93,271842046
2023-03-07T04:00:00Z,166.93,167.92,163.48,164.80,231842659
2023-03-07T08:00:00Z,164.80,166.40,162.75,163.73,184298608
2023-03-07T12:00:00Z,163.73,164.51,159.84,161.07,233043055
2023-03-07T16:00:00Z,161.07,162.73,159.46,160.22,281075606
2023-03-07T20:00:00Z,160.22,160.92,157.48,159.71,285305926
2023-03-08T00:00:00Z,159.71,163.56,158.85,162.64,246421028
2023-03-08T04:00:00Z,162.64,164.14,161.14,163.27,220707744
2023-03-08T08:00:00Z,163.27,165.07,161.05,162.01,271830166
2023-03-08T12:00:00Z,162.01,162.89,156.86,157.81,291497772
2023-03-08T16:00:00Z,157.81,159.43,156.83,157.69,265008068
2023-03-08T20:00:00Z,157.69,160.14,156.12,159.41,201437729
2023-03-09T00:00:00Z,159.41,163.74,158.67,162.43,206484652
2023-03-09T04:00:00Z,162.43,163.31,159.99,161.29,252786382
2023-03-09T08:00:00Z,161.29,162.88,159.32,160.20,271829179
2023-03-09T12:00:00Z,160.20,161.14,156.89,158.50,247021079
2023-03-09T16:00:00Z,158.50,161.02,157.64,159.42,209691274
2023-03-09T20:00:00Z,159.42,160.29,157.18,159.44,259514853
2023-03-10T00:00:00Z,159.44,162.78,158.85,161.39,295843596
2023-03-10T04:00:00Z,161.39,162.15,159.41,161.52,286450980
2023-03-10T08:00:00Z,161.52,163.76,160.10,160.87,235110797
2023-03-10T12:00:00Z,160.87,161.82,155.64,156.51,212605278
2023-03-10T16:00:00Z,156.51,157.51,153.65,154.57,257847186
2023-03-10T20:00:00Z,154.57,155.44,152.05,154.53,266566214
2023-03-11T00:00:00Z,154.53,158.54,153.86,157.16,237141216
2023-03-11T04:00:00Z,157.16,157.76,154.47,155.58,194381135
2023-03-11T08:00:00Z,155.58,156.73,151.95,152.53,231276537
2023-03-11T12:00:00Z,152.53,153.38,147.65,148.59,282523141
2023-03-11T16:00:00Z,148.59,150.42,147.70,148.81,290871278
2023-03-11T20:00:00Z,148.81,149.72,146.84,148.83,254654207
2023-03-12T00:00:00Z,148.83,151.47,148.06,149.63,216041966
2023-03-12T04:00:00Z,149.63,150.25,146.65,148.02,263760545
2023-03-12T08:00:00Z,148.02,149.78,146.49,147.10,286973906
2023-03-12T12:00:00Z,147.10,147.83,142.98,143.78,264641087
2023-03-12T16:00:00Z,143.78,144.89,141.43,142.15,203547561
2023-03-12T20:00:00Z,142.15,143.00,139.48,141.52,195512465
2023-03-13T00:00:00Z,141.52,145.63,140.69,144.63,254835184
2023-03-13T04:00:00Z,144.63,145.98,143.18,145.15,278760065
2023-03-13T08:00:00Z,145.15,146.98,143.16,143.88,257778532
2023-03-13T12:00:00Z,143.88,144.47,139.38,140.47,212757717
2023-03-13T16:00:00Z,140.47,142.65,139.74,141.64,254323530
2023-03-13T20:00:00Z,141.64,144.95,140.50,144.20,293519927
2023-03-14T00:00:00Z,144.20,148.77,143.33,147.57,287944816
2023-03-14T04:00:00Z,147.57,148.40,145.50,147.01,239048949
2023-03-14T08:00:00Z,147.01,149.02,145.96,146.79,203898897
2023-03-14T12:00:00Z,146.79,147.35,143.93,145.49,246893778
2023-03-14T16:00:00Z,145.49,147.90,144.86,146.24,261342628
2023-03-14T20:00:00Z,146.24,147.04,144.05,146.40,247790331
2023-03-15T00:00:00Z,146.40,150.24,145.54,149.29,203981156
2023-03-15T04:00:00Z,149.29,151.42,148.03,150.53,228591136
2023-03-15T08:00:00Z,150.53,153.05,149.68,150.69,282543588
2023-03-15T12:00:00Z,150.69,151.40,146.38,147.38,294852817
2023-03-15T16:00:00Z,147.38,148.98,146.49,147.19,261517857
2023-03-15T20:00:00Z,147.19,149.51,145.63,148.97,214532051
2023-03-16T00:00:00Z,148.97,153.62,148.16,152.66,254322584
2023-03-16T04:00:00Z,152.66,153.56,150.49,151.66,281022704
2023-03-16T08:00:00Z,151.66,152.94,148.54,149.43,263155851
2023-03-16T12:00:00Z,149.43,150.24,145.10,146.36,205155868
2023-03-16T16:00:00Z,146.36,148.49,145.68,146.81,191168063
2023-03-16T20:00:00Z,146.81,147.32,144.61,146.65,256006375
2023-03-17T00:00:00Z,146.65,149.38,145.97,147.79,284465186
2023-03-17T04:00:00Z,147.79,148.60,145.44,147.20,267314447
2023-03-17T08:00:00Z,147.20,149.42,146.32,147.18,219060621
2023-03-17T12:00:00Z,147.18,148.05,143.34,144.40,247770794
2023-03-17T16:00:00Z,144.40,145.80,142.77,143.62,289547446
2023-03-17T20:00:00Z,143.62,145.11,141.46,144.34,287878514
2023-03-18T00:00:00Z,144.34,149.32,143.80,148.50,241877478
2023-03-18T04:00:00Z,148.50,149.76,147.18,149.20,194476441
2023-03-18T08:00:00Z,149.20,150.99,147.17,147.88,235085942
2023-03-18T12:00:00Z,147.88,148.75,143.59,144.80,261495334
2023-03-18T16:00:00Z,144.80,147.45,143.95,146.32,258423019
2023-03-18T20:00:00Z,146.32,149.58,145.24,148.71,217171135
2023-03-19T00:00:00Z,148.71,153.14,148.06,151.90,224923717
2023-03-19T04:00:00Z,151.90,152.65,149.97,152.00,281076922
2023-03-19T08:00:00Z,152.00,154.68,151.25,153.04,297189246
2023-03-19T12:00:00Z,153.04,153.91,150.76,152.77,266959727
2023-03-19T16:00:00Z,152.77,155.68,151.85,154.30,211975808
2023-03-19T20:00:00Z,154.30,156.60,152.73,155.66,243639419
2023-03-20T00:00:00Z,155.66,161.02,154.86,160.09,273765791
2023-03-20T04:00:00Z,160.09,163.13,159.24,162.30,260659287
2023-03-20T08:00:00Z,162.30,165.11,161.64,162.65,210760069
2023-03-20T12:00:00Z,162.65,163.46,158.54,159.58,193327155
2023-03-20T16:00:00Z,159.58,161.54,158.66,160.09,256190293
2023-03-20T20:00:00Z,160.09,163.39,158.68,162.45,288816792
2023-03-21T00:00:00Z,162.45,167.49,161.51,166.26,275494801
2023-03-21T04:00:00Z,166.26,167.09,164.14,165.63,224275372
2023-03-21T08:00:00Z,165.63,167.39,163.76,164.58,239894397
2023-03-21T12:00:00Z,164.58,165.26,161.29,162.92,283975497
2023-03-21T16:00:00Z,162.92,165.68,162.08,164.23,286301843
2023-03-21T20:00:00Z,164.23,165.48,162.23,164.63,243650026
2023-03-22T00:00:00Z,164.63,168.07,163.63,166.65,188739073
2023-03-22T04:00:00Z,166.65,167.89,164.78,166.90,224490558
2023-03-22T08:00:00Z,166.90,169.40,165.91,166.85,266137379
2023-03-22T12:00:00Z,166.85,167.48,162.39,163.39,268090046
2023-03-22T16:00:00Z,163.39,164.67,161.58,162.19,229525264
2023-03-22T20:00:00Z,162.19,163.63,159.91,162.92,220230194
2023-03-23T00:00:00Z,162.92,167.78,161.95,166.84,278088659
2023-03-23T04:00:00Z,166.84,167.97,165.33,166.98,297847650
2023-03-23T08:00:00Z,166.98,168.63,164.60,165.59,270954746
2023-03-23T12:00:00Z,165.59,166.36,161.62,163.19,212675212
2023-03-23T16:00:00Z,163.19,166.45,162.59,165.30,231857032
2023-03-23T20:00:00Z,165.30,168.25,164.06,167.64,265344841
2023-03-24T00:00:00Z,167.64,171.81,166.73,170.68,257679777
2023-03-24T04:00:00Z,170.68,171.92,168.77,170.99,222735024
2023-03-24T08:00:00Z,170.99,173.82,169.97,172.05,195029604
2023-03-24T12:00:00Z,172.05,172.99,169.35,171.01,255291640
2023-03-24T16:00:00Z,171.01,173.42,170.23,171.54,291708093
2023-03-24T20:00:00Z,171.54,173.33,169.45,172.55,282209623
2023-03-25T00:00:00Z,172.55,177.79,171.74,177.07,232582050
2023-03-25T04:00:00Z,177.07,179.96,175.97,179.13,230758599
2023-03-25T08:00:00Z,179.13,181.82,178.05,179.27,276881295
2023-03-25T12:00:00Z,179.27,180.32,175.17,176.65,283289906
2023-03-25T16:00:00Z,176.65,179.44,175.70,178.17,244439280
2023-03-25T20:00:00Z,178.17,182.09,177.09,181.12,182588352
2023-03-26T00:00:00Z,181.12,186.21,180.44,184.84,220312430
2023-03-26T04:00:00Z,184.84,185.72,182.48,184.11,269935826
2023-03-26T08:00:00Z,184.11,186.05,182.36,183.24,276624658
2023-03-26T12:00:00Z,183.24,184.33,179.75,181.33,240874451
2023-03-26T16:00:00Z,181.33,183.55,180.26,181.64,218727872
2023-03-26T20:00:00Z,181.64,182.58,179.01,181.10,273571212
2023-03-27T00:00:00Z,181.10,184.43,180.32,182.89,296824128
2023-03-27T04:00:00Z,182.89,183.89,180.84,183.11,273504868
2023-03-27T08:00:00Z,183.11,185.59,181.94,182.66,212443165
2023-03-27T12:00:00Z,182.66,183.68,177.88,178.76,219141518
2023-03-27T16:00:00Z,178.76,180.10,176.71,177.73,255918367
2023-03-27T20:00:00Z,177.73,179.84,175.73,178.76,259534758
2023-03-28T00:00:00Z,178.76,183.54,177.84,182.23,235451458
2023-03-28T04:00:00Z,182.23,182.98,179.84,181.28,200403571
2023-03-28T08:00:00Z,181.28,182.70,178.21,178.94,253232478
2023-03-28T12:00:00Z,178.94,179.84,174.50,175.79,293055879
2023-03-28T16:00:00Z,175.79,178.19,174.77,176.64,287375053
2023-03-28T20:00:00Z,176.64,178.27,174.79,177.25,239674685
2023-03-29T00:00:00Z,177.25,180.66,176.23,179.02,220453503
2023-03-29T04:00:00Z,179.02,179.91,176.71,178.87,268368460
2023-03-29T08:00:00Z,178.87,181.67,178.17,179.58,278941041
2023-03-29T12:00:00Z,179.58,180.33,176.37,177.84,244334346
2023-03-29T16:00:00Z,177.84,179.98,176.91,177.88,183633120
2023-03-29T20:00:00Z,177.88,179.95,175.82,179.01,219320952
2023-03-30T00:00:00Z,179.01,184.63,177.93,183.56,272664226
2023-03-30T04:00:00Z,183.56,185.96,182.36,184.85,283876934
2023-03-30T08:00:00Z,184.85,187.08,182.84,183.87,251069217
2023-03-30T12:00:00Z,183.87,184.56,179.18,180.56,216145563
2023-03-30T16:00:00Z,180.56,182.96,179.77,181.57,267544658
2023-03-30T20:00:00Z,181.57,184.37,180.07,183.56,294143794
2023-03-31T00:00:00Z,183.56,187.70,182.47,186.19,274638295
2023-03-31T04:00:00Z,186.19,187.29,183.50,185.12,215593415
2023-03-31T08:00:00Z,185.12,187.11,183.50,184.60,205675884
2023-03-31T12:00:00Z,184.60,185.46,181.23,182.86,246737858
2023-03-31T16:00:00Z,182.86,185.18,182.08,182.93,266463857
2023-03-31T20:00:00Z,182.93,183.75,180.19,182.41,247385795
2023-04-01T00:00:00Z,182.41,185.79,181.42,184.57,205077930
2023-04-01T04:00:00Z,184.57,185.68,182.63,184.67,249954862
2023-04-01T08:00:00Z,184.67,186.54,182.12,183.21,292802653
2023-04-01T12:00:00Z,183.21,184.19,177.10,178.16,290934804
2023-04-01T16:00:00Z,178.16,179.15,175.48,176.44,245513310
2023-04-01T20:00:00Z,176.44,177.59,173.99,176.80,213334127
2023-04-02T00:00:00Z,176.80,180.65,175.96,179.11,258564978
2023-04-02T04:00:00Z,179.11,180.10,176.12,177.11,273374227
2023-04-02T08:00:00Z,177.11,178.40,173.57,174.54,243437793
2023-04-02T12:00:00Z,174.54,175.56,170.10,171.55,191390960
2023-04-02T16:00:00Z,171.55,173.84,170.63,172.11,217703987
2023-04-02T20:00:00Z,172.11,172.98,169.79,172.06,274207480
2023-04-03T00:00:00Z,172.06,175.12,171.42,173.49,289717041
2023-04-03T04:00:00Z,173.49,174.32,171.14,173.19,259982433
2023-04-03T08:00:00Z,173.19,175.64,172.21,173.08,216716572
2023-04-03T12:00:00Z,173.08,174.11,168.85,169.89,260056900
2023-04-03T16:00:00Z,169.89,171.22,167.76,168.77,289860175
2023-04-03T20:00:00Z,168.77,170.36,166.43,169.37,274408132
2023-04-04T00:00:00Z,169.37,174.43,168.64,173.41,217946529
2023-04-04T04:00:00Z,173.41,174.66,171.87,173.93,191656501
2023-04-04T08:00:00Z,173.93,175.86,171.97,172.65,243169938
2023-04-04T12:00:00Z,172.65,173.63,168.57,169.92,273124918
2023-04-04T16:00:00Z,169.92,172.88,168.89,171.66,258353635
2023-04-04T20:00:00Z,171.66,174.85,170.35,173.81,213177212
2023-04-05T00:00:00Z,173.81,177.91,172.91,176.39,245423043
2023-04-05T04:00:00Z,176.39,177.10,173.91,175.66,290918217
2023-04-05T08:00:00Z,175.66,177.90,174.77,175.48,292861039
2023-04-05T12:00:00Z,175.48,176.36,172.10,173.36,250083671
2023-04-05T16:00:00Z,173.36,175.20,171.81,172.70,205267129
2023-04-05T20:00:00Z,172.70,173.73,169.98,171.99,247620650
2023-04-06T00:00:00Z,171.99,175.84,171.00,174.54,266726075
2023-04-06T04:00:00Z,174.54,175.86,172.76,174.87,246603625
2023-04-06T08:00:00Z,174.87,176.85,172.56,173.41,205420757
2023-04-06T12:00:00Z,173.41,174.14,168.02,168.90,215372184
2023-04-06T16:00:00Z,168.90,170.38,167.58,168.30,274468195
2023-04-06T20:00:00Z,168.30,170.35,166.45,169.47,294038072
2023-04-07T00:00:00Z,169.47,173.43,168.44,171.81,267511548
2023-04-07T04:00:00Z,171.81,172.77,168.52,169.69,216187643
2023-04-07T08:00:00Z,169.69,170.77,166.36,167.29,251183214
2023-04-07T12:00:00Z,167.29,167.91,162.91,164.23,284053966
2023-04-07T16:00:00Z,164.23,166.19,163.38,163.99,272890504
2023-04-07T20:00:00Z,163.99,164.85,161.24,163.09,219578852
2023-04-08T00:00:00Z,163.09,165.87,162.13,164.43,183632857
2023-04-08T04:00:00Z,164.43,165.44,162.51,164.47,244074363
2023-04-08T08:00:00Z,164.47,166.88,163.46,164.44,278710759
2023-04-08T12:00:00Z,164.44,165.20,160.17,161.26,268185817
2023-04-08T16:00:00Z,161.26,162.84,160.02,160.76,220332724
2023-04-08T20:00:00Z,160.76,162.94,158.95,162.37,239625179
2023-04-09T00:00:00Z,162.37,167.61,161.47,166.85,287400674
2023-04-09T04:00:00Z,166.85,168.08,165.35,167.17,293154631
2023-04-09T08:00:00Z,167.17,168.83,164.84,165.83,253396670
2023-04-09T12:00:00Z,165.83,166.72,161.86,163.41,200620414
2023-04-09T16:00:00Z,163.41,166.47,162.67,165.20,235704063
2023-04-09T20:00:00Z,165.20,167.70,163.83,166.95,259668363
2023-04-10T00:00:00Z,166.95,170.85,166.16,169.51,255654518
2023-04-10T04:00:00Z,169.51,170.49,167.44,169.68,218903061
2023-04-10T08:00:00Z,169.68,172.43,168.67,170.67,212248674
2023-04-10T12:00:00Z,170.67,171.67,167.78,169.36,273369492
2023-04-10T16:00:00Z,169.36,171.53,168.46,169.57,296758410
2023-04-10T20:00:00Z,169.57,171.20,167.35,170.29,273580272
2023-04-11T00:00:00Z,170.29,175.26,169.65,174.29,218811005
2023-04-11T04:00:00Z,174.29,175.91,172.91,175.24,241025179
2023-04-11T08:00:00Z,175.24,177.26,173.02,173.86,276831243
2023-04-11T12:00:00Z,173.86,174.89,168.70,169.71,270182178
2023-04-11T16:00:00Z,169.71,171.35,168.71,169.73,220579361
2023-04-11T20:00:00Z,169.73,172.07,168.03,171.07,182321636
2023-04-12T00:00:00Z,171.07,174.95,170.34,173.28,244193550
2023-04-12T04:00:00Z,173.28,173.95,170.23,171.57,283084304
2023-04-12T08:00:00Z,171.57,173.21,169.64,170.32,276731835
2023-04-12T12:00:00Z,170.32,171.28,166.89,168.27,230676921
2023-04-12T16:00:00Z,168.27,170.41,167.25,168.51,232574517
2023-04-12T20:00:00Z,168.51,169.48,166.11,168.17,282276822
2023-04-13T00:00:00Z,168.17,171.73,167.31,170.43,291844787
2023-04-13T04:00:00Z,170.43,171.89,168.64,171.03,255487183
2023-04-13T08:00:00Z,171.03,173.47,169.98,170.67,195268769
2023-04-13T12:00:00Z,170.67,171.53,166.03,166.87,222999179
2023-04-13T16:00:00Z,166.87,168.32,165.41,166.26,257546311
2023-04-13T20:00:00Z,166.26,168.93,164.57,167.96,265092772
2023-04-14T00:00:00Z,167.96,173.24,166.99,172.15,231641099
2023-04-14T04:00:00Z,172.15,173.16,170.35,172.19,212512234
2023-04-14T08:00:00Z,172.19,174.15,170.53,171.37,270857416
2023-04-14T12:00:00Z,171.37,172.09,168.18,170.06,297823551
2023-04-14T16:00:00Z,170.06,173.62,169.17,172.63,278139665
2023-04-14T20:00:00Z,172.63,175.62,171.32,174.70,220352336
2023-04-15T00:00:00Z,174.70,179.11,173.65,177.83,229709025
2023-04-15T04:00:00Z,177.83,179.92,176.25,178.85,268321116
2023-04-15T08:00:00Z,178.85,182.03,177.99,180.18,266397758
2023-04-15T12:00:00Z,180.18,180.84,176.98,178.49,224490929
2023-04-15T16:00:00Z,178.49,180.56,177.70,178.43,188481621
2023-04-15T20:00:00Z,178.43,180.36,176.30,179.56,243424582
2023-04-16T00:00:00Z,179.56,185.04,178.49,184.05,286125965
2023-04-16T04:00:00Z,184.05,186.26,182.75,185.16,283862885
2023-04-16T08:00:00Z,185.16,187.25,183.05,184.15,239853825
2023-04-16T12:00:00Z,184.15,184.99,179.66,181.13,224309996
2023-04-16T16:00:00Z,181.13,183.87,180.48,182.47,275601927
2023-04-16T20:00:00Z,182.47,185.10,181.00,184.46,288988075
2023-04-17T00:00:00Z,184.46,188.29,183.44,186.83,256412392
2023-04-17T04:00:00Z,186.83,187.93,184.02,185.50,193582771
2023-04-17T08:00:00Z,185.50,187.23,183.53,184.63,210894417
2023-04-17T12:00:00Z,184.63,185.62,180.78,182.22,260397425
2023-04-17T16:00:00Z,182.22,184.13,180.54,181.52,273531688
2023-04-17T20:00:00Z,181.52,182.17,178.52,180.60,243451308
2023-04-18T00:00:00Z,180.60,184.15,179.74,182.87,211848342
2023-04-18T04:00:00Z,182.87,184.26,181.05,183.38,266902832
2023-04-18T08:00:00Z,183.38,185.60,181.56,182.58,297207355
2023-04-18T12:00:00Z,182.58,183.64,177.56,178.68,281168624
2023-04-18T16:00:00Z,178.68,180.39,177.55,178.60,225081872
2023-04-18T20:00:00Z,178.60,181.58,176.98,180.63,217383422
2023-04-19T00:00:00Z,180.63,185.68,179.94,184.36,258672902
2023-04-19T04:00:00Z,184.36,185.25,182.07,183.64,261666531
2023-04-19T08:00:00Z,183.64,185.40,181.51,182.40,234820666
2023-04-19T12:00:00Z,182.40,183.49,178.90,180.62,194234568
2023-04-19T16:00:00Z,180.62,183.63,179.56,182.06,241677849
2023-04-19T20:00:00Z,182.06,183.91,180.12,182.85,287736677
2023-04-20T00:00:00Z,182.85,186.84,182.08,185.44,289474447
2023-04-20T04:00:00Z,185.44,187.32,183.74,186.55,247772320
2023-04-20T08:00:00Z,186.55,189.80,185.61,187.78,219136554
2023-04-20T12:00:00Z,187.78,188.85,184.48,185.81,267458873
2023-04-20T16:00:00Z,185.81,187.80,184.70,186.00,284666853
2023-04-20T20:00:00Z,186.00,188.95,184.27,187.82,256249578
2023-04-21T00:00:00Z,187.82,193.65,186.86,192.55,191433858
2023-04-21T04:00:00Z,192.55,194.07,190.95,193.10,204888183
2023-04-21T08:00:00Z,193.10,194.96,190.73,191.49,262907127
2023-04-21T12:00:00Z,191.49,192.46,186.96,188.25,280812312
2023-04-21T16:00:00Z,188.25,190.69,187.16,189.17,254166912
2023-04-21T20:00:00Z,189.17,191.28,187.45,190.17,214443225
2023-04-22T00:00:00Z,190.17,193.59,189.09,191.71,261502795
2023-04-22T04:00:00Z,191.71,192.64,188.71,190.35,294912692
2023-04-22T08:00:00Z,190.35,192.51,188.85,189.77,282673736
2023-04-22T12:00:00Z,189.77,190.58,185.89,187.22,228781420
2023-04-22T16:00:00Z,187.22,188.97,185.38,186.18,204216756
2023-04-22T20:00:00Z,186.18,187.27,183.19,185.34,248052896
2023-04-23T00:00:00Z,185.34,189.18,184.23,187.77,261208512
2023-04-23T04:00:00Z,187.77,188.81,185.83,187.63,246639145
2023-04-23T08:00:00Z,187.63,189.31,184.42,185.45,203678541
2023-04-23T12:00:00Z,185.45,186.12,179.47,180.35,238880033
2023-04-23T16:00:00Z,180.35,181.68,178.75,179.40,287840499
2023-04-23T20:00:00Z,179.40,181.09,177.29,180.28,293488334
2023-04-24T00:00:00Z,180.28,184.07,179.20,182.47,254367118
2023-04-24T04:00:00Z,182.47,183.55,179.31,180.69,212873096
2023-04-24T08:00:00Z,180.69,182.16,178.15,179.22,257956713
2023-04-24T12:00:00Z,179.22,180.04,175.62,177.29,278987167
2023-04-24T16:00:00Z,177.29,179.88,176.66,178.08,255093523
2023-04-24T20:00:00Z,178.08,178.90,175.76,178.22,195512308
2023-04-25T00:00:00Z,178.22,181.77,177.24,180.63,203287984
2023-04-25T04:00:00Z,180.63,182.43,178.95,181.43,264411602
2023-04-25T08:00:00Z,181.43,183.95,180.35,181.57,286792388
2023-04-25T12:00:00Z,181.57,182.54,177.05,178.17,263641133
2023-04-25T16:00:00Z,178.17,179.73,176.50,177.45,215993959
2023-04-25T20:00:00Z,177.45,179.59,175.43,178.80,254681346
2023-04-26T00:00:00Z,178.80,183.87,177.94,182.79,290971449
2023-04-26T04:00:00Z,182.79,183.81,180.83,182.54,282688541
2023-04-26T08:00:00Z,182.54,184.18,179.85,180.86,231494282
2023-04-26T12:00:00Z,180.86,181.91,176.66,178.26,194634267
2023-04-26T16:00:00Z,178.26,181.07,177.31,179.58,237274958
2023-04-26T20:00:00Z,179.58,181.37,177.71,180.42,266302680
2023-04-27T00:00:00Z,180.42,183.65,179.73,181.87,257609445
2023-04-27T04:00:00Z,181.87,182.75,179.10,180.75,212411846
2023-04-27T08:00:00Z,180.75,182.84,179.11,180.00,234976743
2023-04-27T12:00:00Z,180.00,181.06,175.46,176.46,286386744
2023-04-27T16:00:00Z,176.46,177.68,173.33,174.38,295854181
2023-04-27T20:00:00Z,174.38,175.27,171.15,173.12,259599434
2023-04-28T00:00:00Z,173.12,176.80,172.40,175.37,209843266
2023-04-28T04:00:00Z,175.37,176.06,173.18,174.68,247228641
2023-04-28T08:00:00Z,174.68,176.16,171.30,171.99,272076145
2023-04-28T12:00:00Z,171.99,172.97,166.25,167.10,253053515
2023-04-28T16:00:00Z,167.10,168.51,165.74,166.70,206218157
2023-04-28T20:00:00Z,166.70,168.53,164.88,167.53,201192632
2023-04-29T00:00:00Z,167.53,170.87,166.68,169.10,264803456
2023-04-29T04:00:00Z,169.10,169.77,165.64,166.87,291349584
2023-04-29T08:00:00Z,166.87,168.23,164.51,165.16,271749943
2023-04-29T12:00:00Z,165.16,166.00,161.30,162.45,220701735
2023-04-29T16:00:00Z,162.45,164.25,161.05,161.89,246489703
2023-04-29T20:00:00Z,161.89,162.86,159.20,161.04,285443933
2023-04-30T00:00:00Z,161.04,164.53,160.12,163.25,281272198
2023-04-30T04:00:00Z,163.25,164.94,161.61,164.02,233282919
2023-04-30T08:00:00Z,164.02,166.54,163.06,163.85,184563060
2023-04-30T12:00:00Z,163.85,164.55,159.43,160.47,231709337
2023-04-30T16:00:00Z,160.47,162.25,159.62,160.53,271590521
2023-04-30T20:00:00Z,160.53,163.59,159.05,162.72,267553130
2023-05-01T00:00:00Z,162.72,167.98,161.74,166.87,224528216
2023-05-01T04:00:00Z,166.87,167.80,164.93,166.43,229934729
2023-05-01T08:00:00Z,166.43,168.02,164.02,164.93,283351562
2023-05-01T12:00:00Z,164.93,165.53,161.11,162.66,296550346
2023-05-01T16:00:00Z,162.66,165.25,161.93,163.79,263457048
2023-05-01T20:00:00Z,163.79,164.93,161.77,164.19,205882172
2023-05-02T00:00:00Z,164.19,167.34,163.21,165.88,235429454
2023-05-02T04:00:00Z,165.88,166.86,163.87,165.73,264078964
2023-05-02T08:00:00Z,165.73,168.17,164.82,165.87,253920079
2023-05-02T12:00:00Z,165.87,166.62,161.82,162.92,219753164
2023-05-02T16:00:00Z,162.92,164.31,161.03,161.76,202755670
2023-05-02T20:00:00Z,161.76,162.51,159.26,161.93,263992152
2023-05-03T00:00:00Z,161.93,166.19,161.03,165.22,294384317
2023-05-03T04:00:00Z,165.22,166.20,163.33,164.70,278394341
2023-05-03T08:00:00Z,164.70,166.07,160.99,161.96,224281084
2023-05-03T12:00:00Z,161.96,162.82,156.44,157.39,237005838
2023-05-03T16:00:00Z,157.39,159.09,156.41,157.25,278417652
2023-05-03T20:00:00Z,157.25,158.47,155.27,157.78,278507608
2023-05-04T00:00:00Z,157.78,160.83,157.02,159.05,234226490
2023-05-04T04:00:00Z,159.05,159.93,156.13,157.33,179726146
2023-05-04T08:00:00Z,157.33,159.05,155.74,156.61,231187581
2023-05-04T12:00:00Z,156.61,157.52,153.18,154.57,275828542
2023-05-04T16:00:00Z,154.57,156.50,153.50,154.40,276307099
2023-05-04T20:00:00Z,154.40,155.14,151.93,154.34,235628187
2023-05-05T00:00:00Z,154.34,158.58,153.74,157.60,223743640
2023-05-05T04:00:00Z,157.60,159.44,156.31,158.82,278738963
2023-05-05T08:00:00Z,158.82,161.19,157.59,158.38,295584164
2023-05-05T12:00:00Z,158.38,159.32,153.82,154.86,265953770
2023-05-05T16:00:00Z,154.86,156.71,153.96,155.32,205326268
2023-05-05T20:00:00Z,155.32,158.77,154.10,157.86,222732522
2023-05-06T00:00:00Z,157.86,163.11,157.20,162.01,255230465
2023-05-06T04:00:00Z,162.01,162.66,160.17,161.97,260992028
2023-05-06T08:00:00Z,161.97,164.12,161.14,161.80,232652080
2023-05-06T12:00:00Z,161.80,162.72,159.09,161.14,203630687
2023-05-06T16:00:00Z,161.14,164.65,160.16,163.40,261906817
2023-05-06T20:00:00Z,163.40,165.78,161.98,164.79,295822116
2023-05-07T00:00:00Z,164.79,169.03,163.96,167.89,283502054
2023-05-07T04:00:00Z,167.89,170.00,166.40,169.16,230952221
2023-05-07T08:00:00Z,169.16,172.12,168.44,169.94,226333457
2023-05-07T12:00:00Z,169.94,170.81,166.12,167.12,270005511
2023-05-07T16:00:00Z,167.12,168.67,165.61,166.48,274499027
2023-05-07T20:00:00Z,166.48,168.62,164.60,167.64,234418023
2023-05-08T00:00:00Z,167.64,172.76,166.68,171.68,181439805
2023-05-08T04:00:00Z,171.68,172.61,169.90,171.64,230417770
2023-05-08T08:00:00Z,171.64,173.27,169.08,169.90,278888318
2023-05-08T12:00:00Z,169.90,170.63,165.61,167.01,283727002
2023-05-08T16:00:00Z,167.01,169.61,166.12,168.36,245573449
2023-05-08T20:00:00Z,168.36,170.57,166.83,169.67,220657527
2023-05-09T00:00:00Z,169.67,173.19,168.64,171.56,272581221
2023-05-09T04:00:00Z,171.56,172.50,169.05,170.73,292991601
2023-05-09T08:00:00Z,170.73,173.02,169.67,170.61,267128320
2023-05-09T12:00:00Z,170.61,171.22,166.98,168.31,204019258
2023-05-09T16:00:00Z,168.31,170.08,167.05,167.65,209326383
2023-05-09T20:00:00Z,167.65,168.55,165.08,167.70,250894090
2023-05-10T00:00:00Z,167.70,172.40,166.70,171.47,269134087
2023-05-10T04:00:00Z,171.47,173.91,170.23,172.88,244721408
2023-05-10T08:00:00Z,172.88,175.29,171.54,172.56,207966144
2023-05-10T12:00:00Z,172.56,173.34,168.40,169.84,258498633
2023-05-10T16:00:00Z,169.84,172.74,169.24,171.58,295615439
2023-05-10T20:00:00Z,171.58,175.56,170.41,174.93,287028657
2023-05-11T00:00:00Z,174.93,180.20,173.96,179.25,236449312
2023-05-11T04:00:00Z,179.25,180.46,177.46,179.47,214600375
2023-05-11T08:00:00Z,179.47,181.79,178.40,179.87,260343470
2023-05-11T12:00:00Z,179.87,180.82,177.27,179.40,269369253
2023-05-11T16:00:00Z,179.40,182.75,178.60,181.24,236516864
2023-05-11T20:00:00Z,181.24,183.21,179.39,182.41,191626459
2023-05-12T00:00:00Z,182.41,187.05,181.53,186.10,228873205
2023-05-12T04:00:00Z,186.10,189.15,184.84,188.24,280658349
2023-05-12T08:00:00Z,188.24,191.52,187.10,189.55,289690274
2023-05-12T12:00:00Z,189.55,190.66,185.85,187.35,254248976
2023-05-12T16:00:00Z,187.35,189.57,186.36,187.97,216444071
2023-05-12T20:00:00Z,187.97,191.48,186.50,190.49,264938667
2023-05-13T00:00:00Z,190.49,196.26,189.75,195.14,288836283
2023-05-13T04:00:00Z,195.14,196.10,193.21,195.09,267042659
2023-05-13T08:00:00Z,195.09,196.85,192.54,193.50,206301272
2023-05-13T12:00:00Z,193.50,194.65,189.31,190.92,196158406
2023-05-13T16:00:00Z,190.92,193.68,189.81,192.01,252031368
2023-05-13T20:00:00Z,192.01,193.69,189.95,192.58,276262186
2023-05-14T00:00:00Z,192.58,195.96,191.79,194.17,255781150
2023-05-14T04:00:00Z,194.17,194.96,191.68,193.76,211416405
2023-05-14T08:00:00Z,193.76,196.44,192.77,193.99,253742762
2023-05-14T12:00:00Z,193.99,195.10,190.31,191.57,293744938
2023-05-14T16:00:00Z,191.57,193.25,189.82,190.92,288958081
2023-05-14T20:00:00Z,190.92,192.58,188.56,191.43,240771541
2023-05-15T00:00:00Z,191.43,196.50,190.47,195.38,206196651
2023-05-15T04:00:00Z,195.38,197.04,193.76,196.07,249587723
2023-05-15T08:00:00Z,196.07,198.10,193.88,194.63,263256423
2023-05-15T12:00:00Z,194.63,195.64,189.94,191.16,244948011
2023-05-15T16:00:00Z,191.16,193.60,190.04,192.26,201398205
2023-05-15T20:00:00Z,192.26,195.62,190.73,194.48,226468738
2023-05-16T00:00:00Z,194.48,199.12,193.38,197.57,281047056
2023-05-16T04:00:00Z,197.57,198.52,195.23,197.32,294098714
2023-05-16T08:00:00Z,197.32,200.04,196.58,197.92,261564919
2023-05-16T12:00:00Z,197.92,198.78,195.22,197.43,215376611
2023-05-16T16:00:00Z,197.43,200.51,196.37,198.88,255898862
2023-05-16T20:00:00Z,198.88,201.04,196.88,199.97,283207925
2023-05-17T00:00:00Z,199.97,205.14,198.77,203.94,265779810
2023-05-17T04:00:00Z,203.94,207.10,202.66,205.87,208014185
2023-05-17T08:00:00Z,205.87,208.93,204.90,206.18,188614124
2023-05-17T12:00:00Z,206.18,206.91,201.56,202.94,253348147
2023-05-17T16:00:00Z,202.94,205.00,202.02,203.07,282225822
2023-05-17T20:00:00Z,203.07,206.07,201.31,205.14,265668371
2023-05-18T00:00:00Z,205.14,210.28,203.91,208.91,218136041
2023-05-18T04:00:00Z,208.91,210.15,206.47,208.16,247639727
2023-05-18T08:00:00Z,208.16,209.89,205.47,206.70,290220102
2023-05-18T12:00:00Z,206.70,207.63,202.75,204.56,289302499
2023-05-18T16:00:00Z,204.56,207.39,203.82,205.57,243941878
2023-05-18T20:00:00Z,205.57,206.52,203.14,205.64,197020463
2023-05-19T00:00:00Z,205.64,208.81,204.49,206.99,237911432
2023-05-19T04:00:00Z,206.99,208.22,204.45,206.38,260206026
2023-05-19T08:00:00Z,206.38,208.52,204.42,205.65,255699594
2023-05-19T12:00:00Z,205.65,206.74,200.39,201.57,214823298
2023-05-19T16:00:00Z,201.57,202.69,198.43,199.48,223134339
2023-05-19T20:00:00Z,199.48,200.23,196.45,199.09,279985374
2023-05-20T00:00:00Z,199.09,203.36,198.13,202.02,296880550
2023-05-20T04:00:00Z,202.02,203.15,199.71,201.33,267457925
2023-05-20T08:00:00Z,201.33,202.95,197.77,198.90,213242097
2023-05-20T12:00:00Z,198.90,200.05,193.74,195.18,245575168
2023-05-20T16:00:00Z,195.18,197.63,194.17,196.03,276220228
2023-05-20T20:00:00Z,196.03,198.35,194.21,197.33,263441237
2023-05-21T00:00:00Z,197.33,201.05,196.55,199.25,210689208
2023-05-21T04:00:00Z,199.25,200.24,196.43,198.19,190548862
2023-05-21T08:00:00Z,198.19,200.50,196.92,197.91,253742885
2023-05-21T12:00:00Z,197.91,199.09,194.30,195.83,286890897
2023-05-21T16:00:00Z,195.83,197.75,194.25,195.42,274240424
2023-05-21T20:00:00Z,195.42,196.42,192.69,195.29,223790216
2023-05-22T00:00:00Z,195.29,199.89,194.49,198.66,240216251
2023-05-22T04:00:00Z,198.66,200.66,197.18,199.86,285079290
2023-05-22T08:00:00Z,199.86,202.45,198.49,199.31,288101601
2023-05-22T12:00:00Z,199.31,200.45,194.64,195.83,246005570
2023-05-22T16:00:00Z,195.83,197.95,194.66,196.35,191466932
2023-05-22T20:00:00Z,196.35,199.69,194.77,198.50,225689473
2023-05-23T00:00:00Z,198.50,203.25,197.51,201.64,263314755
2023-05-23T04:00:00Z,201.64,202.42,198.69,200.22,265552351
2023-05-23T08:00:00Z,200.22,201.81,197.66,198.43,227470155
2023-05-23T12:00:00Z,198.43,199.46,194.38,195.73,218817746
2023-05-23T16:00:00Z,195.73,197.88,194.48,195.51,277428883
2023-05-23T20:00:00Z,195.51,196.67,192.52,194.39,297991936
2023-05-24T00:00:00Z,194.39,197.18,193.30,195.33,271891856
2023-05-24T04:00:00Z,195.33,196.26,192.75,194.70,214332155
2023-05-24T08:00:00Z,194.70,196.89,192.68,193.61,234104750
2023-05-24T12:00:00Z,193.61,194.45,188.24,189.06,268008262
2023-05-24T16:00:00Z,189.06,190.25,186.24,187.07,260143857
2023-05-24T20:00:00Z,187.07,188.16,184.36,187.00,219878773
2023-05-25T00:00:00Z,187.00,191.14,185.88,189.56,192411244
2023-05-25T04:00:00Z,189.56,190.60,186.53,187.79,253115114
2023-05-25T08:00:00Z,187.79,188.80,183.37,184.38,290142929
2023-05-25T12:00:00Z,184.38,185.03,178.83,180.00,281377730
2023-05-25T16:00:00Z,180.00,181.90,179.17,179.81,232548224
2023-05-25T20:00:00Z,179.81,180.79,177.37,179.61,231525472
2023-05-26T00:00:00Z,179.61,182.36,178.54,180.44,278389137
2023-05-26T04:00:00Z,180.44,181.50,177.49,179.16,285421274
2023-05-26T08:00:00Z,179.16,181.33,177.81,178.87,247028162
2023-05-26T12:00:00Z,178.87,179.67,175.07,176.42,185433104
2023-05-26T16:00:00Z,176.42,178.19,174.95,175.73,218308491
2023-05-26T20:00:00Z,175.73,176.55,173.17,175.91,267246732
2023-05-27T00:00:00Z,175.91,180.45,174.92,179.59,274334968
2023-05-27T04:00:00Z,179.59,181.36,178.18,180.35,239162506
2023-05-27T08:00:00Z,180.35,182.19,177.89,178.96,217727016
2023-05-27T12:00:00Z,178.96,179.90,173.89,175.06,273359399
2023-05-27T16:00:00Z,175.06,177.11,174.30,175.52,297417855
2023-05-27T20:00:00Z,175.52,178.06,173.98,177.30,274857893
2023-05-28T00:00:00Z,177.30,181.39,176.43,179.92,214450100
2023-05-28T04:00:00Z,179.92,180.93,177.28,178.69,221646044
2023-05-28T08:00:00Z,178.69,180.48,176.90,177.91,258725409
2023-05-28T12:00:00Z,177.91,178.94,174.50,176.13,258798298
2023-05-28T16:00:00Z,176.13,178.46,175.22,176.39,232701830
2023-05-28T20:00:00Z,176.39,177.13,173.72,175.90,198009401
2023-05-29T00:00:00Z,175.90,179.31,175.20,177.87,251380247
2023-05-29T04:00:00Z,177.87,178.75,175.80,177.90,291889857
2023-05-29T08:00:00Z,177.90,179.95,175.72,176.61,286986059
2023-05-29T12:00:00Z,176.61,177.66,170.68,171.66,240093016
2023-05-29T16:00:00Z,171.66,172.69,168.77,169.79,221646577
2023-05-29T20:00:00Z,169.79,170.99,167.32,170.01,270243349
2023-05-30T00:00:00Z,170.01,174.01,169.32,172.45,281351713
2023-05-30T04:00:00Z,172.45,173.15,169.43,170.57,247093034
2023-05-30T08:00:00Z,170.57,171.81,167.12,167.82,184166938
2023-05-30T12:00:00Z,167.82,168.78,163.34,164.56,216521217
2023-05-30T16:00:00Z,164.56,166.69,163.57,165.06,270174655
2023-05-30T20:00:00Z,165.06,166.03,162.94,165.04,281891441
2023-05-31T00:00:00Z,165.04,167.91,164.22,166.25,249742449
2023-05-31T04:00:00Z,166.25,166.89,163.75,165.57,215580859
2023-05-31T08:00:00Z,165.57,167.86,164.70,165.33,267786006
2023-05-31T12:00:00Z,165.33,166.19,161.32,162.22,295172395
2023-05-31T16:00:00Z,162.22,163.55,160.22,161.07,276374028
2023-05-31T20:00:00Z,161.07,162.45,158.83,161.50,217901089
2023-06-01T00:00:00Z,161.50,166.55,160.59,165.56,208375758
2023-06-01T04:00:00Z,165.56,167.34,164.20,166.41,248539955
2023-06-01T08:00:00Z,166.41,168.47,164.66,165.44,263624632
2023-06-01T12:00:00Z,165.44,166.17,161.40,162.82,244810265
2023-06-01T16:00:00Z,162.82,165.70,161.95,164.77,202966703
2023-06-01T20:00:00Z,164.77,168.35,163.58,167.44,248472381
2023-06-02T00:00:00Z,167.44,172.00,166.44,170.62,292064386
2023-06-02T04:00:00Z,170.62,171.55,168.49,170.29,290998252
2023-06-02T08:00:00Z,170.29,172.69,169.49,170.50,246373532
2023-06-02T12:00:00Z,170.50,171.09,167.49,169.09,214924124
2023-06-02T16:00:00Z,169.09,171.38,168.31,169.30,260760903
2023-06-02T20:00:00Z,169.30,170.22,166.81,169.28,276005044
2023-06-03T00:00:00Z,169.28,173.45,168.26,172.40,246298587
2023-06-03T04:00:00Z,172.40,174.55,171.04,173.51,188725806
2023-06-03T08:00:00Z,173.51,175.89,171.99,173.01,215052269
2023-06-03T12:00:00Z,173.01,173.78,168.17,169.25,271978527
2023-06-03T16:00:00Z,169.25,170.98,168.40,169.16,288084468
2023-06-03T20:00:00Z,169.16,171.52,167.50,170.89,259073401
2023-06-04T00:00:00Z,170.89,175.25,169.93,174.00,216601883
2023-06-04T04:00:00Z,174.00,175.03,171.25,172.49,260745486
2023-06-04T08:00:00Z,172.49,173.86,169.38,170.40,291298403
2023-06-04T12:00:00Z,170.40,171.29,166.23,167.65,276483981
2023-06-04T16:00:00Z,167.65,169.90,166.92,167.95,220498314
2023-06-04T20:00:00Z,167.95,168.59,165.48,167.58,194485463
2023-06-05T00:00:00Z,167.58,170.56,166.76,169.14,241752213
2023-06-05T04:00:00Z,169.14,170.15,167.07,169.32,270407064
2023-06-05T08:00:00Z,169.32,171.87,168.30,169.65,256015411
2023-06-05T12:00:00Z,169.65,170.63,165.67,166.89,211400740
2023-06-05T16:00:00Z,166.89,168.59,165.59,166.56,244346691
2023-06-05T20:00:00Z,166.56,169.03,164.69,168.17,290625822
2023-06-06T00:00:00Z,168.17,173.73,167.49,172.86,293375376
2023-06-06T04:00:00Z,172.86,174.28,171.43,173.58,251364679
2023-06-06T08:00:00Z,173.58,175.53,171.62,172.49,207215031
2023-06-06T12:00:00Z,172.49,173.52,168.58,170.17,250083723
2023-06-06T16:00:00Z,170.17,173.46,169.19,172.25,269512474
2023-06-06T20:00:00Z,172.25,175.57,171.11,174.57,246420592
2023-06-07T00:00:00Z,174.57,179.06,173.87,177.68,202647075
2023-06-07T04:00:00Z,177.68,178.89,175.76,178.19,212933554
2023-06-07T08:00:00Z,178.19,181.28,177.26,179.59,272554559
2023-06-07T12:00:00Z,179.59,180.63,177.09,178.98,292798485
2023-06-07T16:00:00Z,178.98,181.58,177.90,179.89,267042558
2023-06-07T20:00:00Z,179.89,182.15,178.00,181.07,216525781
2023-06-08T00:00:00Z,181.07,186.50,180.17,185.45,252302140
2023-06-08T04:00:00Z,185.45,187.96,184.29,187.05,285866529
2023-06-08T08:00:00Z,187.05,189.51,185.69,186.39,275255525
2023-06-08T12:00:00Z,186.39,187.37,181.69,182.71,222312122
2023-06-08T16:00:00Z,182.71,184.68,181.64,183.05,184719786
2023-06-08T20:00:00Z,183.05,185.98,181.44,184.90,241255373
2023-06-09T00:00:00Z,184.90,189.34,183.86,187.74,276180974
2023-06-09T04:00:00Z,187.74,188.63,184.92,186.43,266142277
2023-06-09T08:00:00Z,186.43,188.22,184.41,185.29,218934603
2023-06-09T12:00:00Z,185.29,186.11,181.80,183.41,238981371
2023-06-09T16:00:00Z,183.41,185.95,182.42,183.97,287561327
2023-06-09T20:00:00Z,183.97,185.05,181.51,183.74,294107232
2023-06-10T00:00:00Z,183.74,187.27,182.64,185.77,255067022
2023-06-10T04:00:00Z,185.77,187.25,183.86,186.14,202878414
2023-06-10T08:00:00Z,186.14,188.66,184.73,185.74,238373838
2023-06-10T12:00:00Z,185.74,186.39,180.83,181.87,262021083
2023-06-10T16:00:00Z,181.87,183.29,180.25,180.89,252800908
2023-06-10T20:00:00Z,180.89,183.00,178.79,182.16,216291712
2023-06-11T00:00:00Z,182.16,187.28,181.06,186.17,210082980
2023-06-11T04:00:00Z,186.17,187.27,184.39,186.11,271818137
2023-06-11T08:00:00Z,186.11,187.93,183.85,184.94,295942227
2023-06-11T12:00:00Z,184.94,185.75,181.31,183.15,273562834
2023-06-11T16:00:00Z,183.15,186.73,182.48,185.46,219593670
2023-06-11T20:00:00Z,185.46,188.13,184.02,187.44,242546986
2023-06-12T00:00:00Z,187.44,191.54,186.38,190.31,278973661
2023-06-12T04:00:00Z,190.31,191.97,188.45,190.90,272778333
2023-06-12T08:00:00Z,190.90,193.95,189.78,191.99,223427040
2023-06-12T12:00:00Z,191.99,193.00,188.77,190.35,180206110
2023-06-12T16:00:00Z,190.35,192.52,189.28,190.27,241510542
2023-06-12T20:00:00Z,190.27,192.00,188.00,191.19,280804668
2023-06-13T00:00:00Z,191.19,196.44,190.24,195.57,275033130
2023-06-13T04:00:00Z,195.57,197.82,194.25,196.85,229691458
2023-06-13T08:00:00Z,196.85,199.06,194.87,195.99,232379053
2023-06-13T12:00:00Z,195.99,197.12,191.35,192.85,282886581
2023-06-13T16:00:00Z,192.85,195.47,191.85,194.00,293212277
2023-06-13T20:00:00Z,194.00,197.03,192.51,196.03,257505890
2023-06-14T00:00:00Z,196.03,200.21,195.24,198.47,197781457
2023-06-14T04:00:00Z,198.47,199.47,195.54,196.92,225810138
2023-06-14T08:00:00Z,196.92,198.71,194.67,195.66,256697769
2023-06-14T12:00:00Z,195.66,196.83,191.60,193.05,262348279
2023-06-14T16:00:00Z,193.05,194.83,191.12,192.27,229256166
2023-06-14T20:00:00Z,192.27,193.22,189.11,191.03,210672623
2023-06-15T00:00:00Z,191.03,194.34,190.27,192.74,269706411
2023-06-15T04:00:00Z,192.74,193.55,190.61,192.79,297450803
2023-06-15T08:00:00Z,192.79,195.03,190.88,191.69,278574209
2023-06-15T12:00:00Z,191.69,192.79,186.34,187.31,221560324
2023-06-15T16:00:00Z,187.31,188.69,185.36,186.45,231596368
2023-06-15T20:00:00Z,186.45,188.84,184.52,187.72,270740809
2023-06-16T00:00:00Z,187.72,192.39,186.80,190.90,269161336
2023-06-16T04:00:00Z,190.90,191.63,188.16,189.61,224912607
2023-06-16T08:00:00Z,189.61,191.10,186.83,187.54,185686054
2023-06-16T12:00:00Z,187.54,188.52,183.53,184.92,240943398
2023-06-16T16:00:00Z,184.92,187.45,183.83,185.82,284152424
2023-06-16T20:00:00Z,185.82,187.30,183.85,186.21,282550704
2023-06-17T00:00:00Z,186.21,189.78,185.16,188.20,239305206
2023-06-17T04:00:00Z,188.20,189.70,186.13,188.65,224567673
2023-06-17T08:00:00Z,188.65,191.67,187.96,189.50,276645829
2023-06-17T12:00:00Z,189.50,190.35,185.98,187.36,290736894
2023-06-17T16:00:00Z,187.36,189.39,186.35,187.22,258729913
2023-06-17T20:00:00Z,187.22,189.59,185.22,188.57,196288485
2023-06-18T00:00:00Z,188.57,194.17,187.44,193.03,212584756
2023-06-18T04:00:00Z,193.03,194.74,191.52,193.59,257561385
2023-06-18T08:00:00Z,193.59,195.48,190.88,191.93,270963663
2023-06-18T12:00:00Z,191.93,192.60,187.05,188.45,241351321
2023-06-18T16:00:00Z,188.45,190.84,187.57,189.26,210379959
2023-06-18T20:00:00Z,189.26,191.34,187.45,190.45,266180425
2023-06-19T00:00:00Z,190.45,193.94,189.31,192.17,297287190
2023-06-19T04:00:00Z,192.17,193.30,189.11,190.74,282044483
2023-06-19T08:00:00Z,190.74,192.76,188.95,190.07,226685535
2023-06-19T12:00:00Z,190.07,190.90,186.20,187.65,219589983
2023-06-19T16:00:00Z,187.65,189.49,185.96,186.78,261310492
2023-06-19T20:00:00Z,186.78,187.67,183.69,185.81,264529711
2023-06-20T00:00:00Z,185.81,189.22,184.76,187.94,232044380
2023-06-20T04:00:00Z,187.94,189.07,185.93,187.71,191589440
2023-06-20T08:00:00Z,187.71,189.42,184.44,185.55,239459380
2023-06-20T12:00:00Z,185.55,186.51,179.20,180.25,286117661
2023-06-20T16:00:00Z,180.25,181.41,177.99,178.92,288580991
2023-06-20T20:00:00Z,178.92,180.32,176.68,179.56,247674009
2023-06-21T00:00:00Z,179.56,183.30,178.67,181.73,219841049
2023-06-21T04:00:00Z,181.73,182.76,178.68,179.81,268911299
2023-06-21T08:00:00Z,179.81,181.25,176.93,177.95,286754085
2023-06-21T12:00:00Z,177.95,178.97,174.09,175.71,258809041
2023-06-21T16:00:00Z,175.71,178.21,174.81,176.47,194266198
2023-06-21T20:00:00Z,176.47,177.44,174.13,176.54,203323941
2023-06-22T00:00:00Z,176.54,180.07,175.83,178.66,260194928
2023-06-22T04:00:00Z,178.66,179.94,176.73,179.21,278483777
2023-06-22T08:00:00Z,179.21,181.91,178.17,179.42,252403405
2023-06-22T12:00:00Z,179.42,180.49,175.12,176.25,213382104
2023-06-22T16:00:00Z,176.25,177.71,174.55,175.60,261226712
2023-06-22T20:00:00Z,175.60,178.01,173.61,177.00,295443149
2023-06-23T00:00:00Z,177.00,182.43,176.30,181.38,283969418
2023-06-23T04:00:00Z,181.38,182.44,179.73,181.73,230741405
2023-06-23T08:00:00Z,181.73,183.67,179.75,180.51,206688385
2023-06-23T12:00:00Z,180.51,181.56,176.70,178.25,250843654
2023-06-23T16:00:00Z,178.25,181.45,177.18,180.12,260913315
2023-06-23T20:00:00Z,180.12,182.85,178.71,181.77,243870162
2023-06-24T00:00:00Z,181.77,185.55,180.88,183.90,201248767
2023-06-24T04:00:00Z,183.90,184.59,181.37,183.26,236978723
2023-06-24T08:00:00Z,183.26,185.64,182.41,183.10,286615741
2023-06-24T12:00:00Z,183.10,184.06,179.36,180.43,293035525
2023-06-24T16:00:00Z,180.43,181.93,178.22,179.18,254721528
2023-06-24T20:00:00Z,179.18,180.24,176.40,178.50,214007118
2023-06-25T00:00:00Z,178.50,182.60,177.51,181.31,259782020
2023-06-25T04:00:00Z,181.31,182.42,179.43,181.42,281361589
2023-06-25T08:00:00Z,181.42,183.19,178.70,179.54,257832116
2023-06-25T12:00:00Z,179.54,180.34,174.17,175.14,196487217
2023-06-25T16:00:00Z,175.14,176.93,174.19,175.09,200472716
2023-06-25T20:00:00Z,175.09,177.41,173.41,176.45,261889806
2023-06-26T00:00:00Z,176.45,180.34,175.39,178.64,284760483
2023-06-26T04:00:00Z,178.64,179.60,175.44,176.78,262257382
2023-06-26T08:00:00Z,176.78,178.31,174.29,175.24,215366142
2023-06-26T12:00:00Z,175.24,175.86,171.40,172.88,254858363
2023-06-26T16:00:00Z,172.88,175.06,172.07,172.89,291939511
2023-06-26T20:00:00Z,172.89,173.84,170.27,172.49,284372248
2023-06-27T00:00:00Z,172.49,176.16,171.45,174.94,233762491
2023-06-27T04:00:00Z,174.94,177.12,173.47,176.07,197310310
2023-06-27T08:00:00Z,176.07,178.89,175.12,176.54,239516241
2023-06-27T12:00:00Z,176.54,177.31,172.46,173.77,263451806
2023-06-27T16:00:00Z,173.77,175.82,173.12,174.20,255005190
2023-06-27T20:00:00Z,174.20,177.48,172.70,176.81,210257053
2023-06-28T00:00:00Z,176.81,182.55,175.80,181.67,233439248
2023-06-28T04:00:00Z,181.67,183.06,180.14,182.04,285586300
2023-06-28T08:00:00Z,182.04,183.87,180.07,181.15,295853134
2023-06-28T12:00:00Z,181.15,182.09,177.67,179.47,260397867
2023-06-28T16:00:00Z,179.47,182.87,178.70,181.49,211378987
2023-06-28T20:00:00Z,181.49,183.74,179.93,182.97,249382037
2023-06-29T00:00:00Z,182.97,186.88,182.06,185.56,274679489
2023-06-29T04:00:00Z,185.56,187.10,183.62,186.17,255904033
2023-06-29T08:00:00Z,186.17,189.15,185.05,187.25,203991113
2023-06-29T12:00:00Z,187.25,188.33,183.90,185.43,198515794
2023-06-29T16:00:00Z,185.43,187.45,184.16,185.23,262533949
2023-06-29T20:00:00Z,185.23,187.01,182.92,186.07,289664174
2023-06-30T00:00:00Z,186.07,191.17,185.31,190.08,270779907
2023-06-30T04:00:00Z,190.08,191.27,188.39,190.49,220522630
2023-06-30T08:00:00Z,190.49,192.23,187.59,188.56,247115477
2023-06-30T12:00:00Z,188.56,189.68,183.29,184.49,286825845
2023-06-30T16:00:00Z,184.49,186.47,183.43,184.81,283302613
2023-06-30T20:00:00Z,184.81,187.06,182.99,186.00,235803689
2023-07-01T00:00:00Z,186.00,189.72,185.27,187.92,187377845
2023-07-01T04:00:00Z,187.92,188.71,184.97,186.51,230748741
2023-07-01T08:00:00Z,186.51,188.59,185.16,185.96,268851254
2023-07-01T12:00:00Z,185.96,187.03,182.70,184.23,265177513
2023-07-01T16:00:00Z,184.23,186.38,183.12,184.43,222701284
2023-07-01T20:00:00Z,184.43,185.55,182.00,184.45,228798781
2023-07-02T00:00:00Z,184.45,188.78,183.56,187.58,282995075
2023-07-02T04:00:00Z,187.58,189.72,186.08,188.81,297001087
2023-07-02T08:00:00Z,188.81,191.47,187.88,188.58,264679908
2023-07-02T12:00:00Z,188.58,189.57,184.09,185.12,207781906
2023-07-02T16:00:00Z,185.12,187.05,184.02,185.42,237858091
2023-07-02T20:00:00Z,185.42,189.04,183.86,187.93,266847341
2023-07-03T00:00:00Z,187.93,193.53,186.88,192.33,254229604
2023-07-03T04:00:00Z,192.33,193.55,190.42,192.50,216961855
2023-07-03T08:00:00Z,192.50,194.83,191.40,192.29,200282953
2023-07-03T12:00:00Z,192.29,193.16,189.34,191.62,262030629
2023-07-03T16:00:00Z,191.62,195.26,190.57,194.15,293086764
2023-07-03T20:00:00Z,194.15,196.90,192.60,195.83,277861825
2023-07-04T00:00:00Z,195.83,200.32,194.66,198.95,224555084
2023-07-04T04:00:00Z,198.95,201.37,197.35,200.19,238065011
2023-07-04T08:00:00Z,200.19,203.43,199.28,201.18,280179500
2023-07-04T12:00:00Z,201.18,201.90,197.28,198.70,280834901
2023-07-04T16:00:00Z,198.70,200.59,197.46,198.18,236937958
2023-07-04T20:00:00Z,198.18,200.22,195.91,199.27,181304675
2023-07-05T00:00:00Z,199.27,204.56,198.07,203.42,228354815
2023-07-05T04:00:00Z,203.42,204.85,201.78,203.64,273268104
2023-07-05T08:00:00Z,203.64,205.43,200.73,201.92,274218419
2023-07-05T12:00:00Z,201.92,202.79,197.18,198.75,234173950
2023-07-05T16:00:00Z,198.75,201.44,197.99,199.83,223037115
2023-07-05T20:00:00Z,199.83,201.78,197.98,201.02,278835182
2023-07-06T00:00:00Z,201.02,204.48,199.88,202.62,296475630
2023-07-06T04:00:00Z,202.62,203.82,199.53,201.15,267571050
2023-07-06T08:00:00Z,201.15,203.05,199.13,200.33,207543392
2023-07-06T12:00:00Z,200.33,201.36,196.16,197.52,225376801
2023-07-06T16:00:00Z,197.52,199.24,195.31,196.32,258020939
2023-07-06T20:00:00Z,196.32,197.09,193.22,195.51,258128551
2023-07-07T00:00:00Z,195.51,199.49,194.53,198.29,230013630
2023-07-07T04:00:00Z,198.29,199.92,196.53,198.92,201422773
2023-07-07T08:00:00Z,198.92,201.05,196.75,197.88,260301411
2023-07-07T12:00:00Z,197.88,199.01,192.84,194.16,294944261
2023-07-07T16:00:00Z,194.16,196.30,193.18,194.71,283420126
2023-07-07T20:00:00Z,194.71,198.04,193.23,197.05,231672603
2023-07-08T00:00:00Z,197.05,202.00,196.23,200.53,227800035
2023-07-08T04:00:00Z,200.53,201.55,198.04,199.75,272104057
2023-07-08T08:00:00Z,199.75,201.76,197.93,198.96,277066088
2023-07-08T12:00:00Z,198.96,200.14,195.60,197.46,237253649
2023-07-08T16:00:00Z,197.46,200.36,196.33,198.56,179763747
2023-07-08T20:00:00Z,198.56,200.09,196.27,198.97,227711316
2023-07-09T00:00:00Z,198.97,203.10,198.19,201.68,276569544
2023-07-09T04:00:00Z,201.68,203.68,199.99,202.90,281976517
2023-07-09T08:00:00Z,202.90,206.06,201.83,203.59,244527595
2023-07-09T12:00:00Z,203.59,204.77,199.51,200.77,220397764
2023-07-09T16:00:00Z,200.77,202.50,199.34,200.52,273127784
2023-07-09T20:00:00Z,200.52,203.31,198.63,202.10,294301917
2023-07-10T00:00:00Z,202.10,207.39,201.12,206.03,269100330
2023-07-10T04:00:00Z,206.03,206.79,203.74,205.36,206499364
2023-07-10T08:00:00Z,205.36,206.96,202.16,202.91,212121412
2023-07-10T12:00:00Z,202.91,203.98,198.09,199.29,250486738
2023-07-10T16:00:00Z,199.29,201.49,198.11,199.54,266369893
2023-07-10T20:00:00Z,199.54,200.72,197.30,199.41,242300570
2023-07-11T00:00:00Z,199.41,202.21,198.31,200.10,206077217
2023-07-11T04:00:00Z,200.10,201.02,196.84,198.52,257288744
2023-07-11T08:00:00Z,198.52,200.63,196.73,197.64,295178827
2023-07-11T12:00:00Z,197.64,198.54,193.17,194.28,287399327
2023-07-11T16:00:00Z,194.28,195.70,191.64,192.53,237598396
2023-07-11T20:00:00Z,192.53,193.66,189.42,191.61,216438370
2023-07-12T00:00:00Z,191.61,195.60,190.47,194.12,262727216
2023-07-12T04:00:00Z,194.12,195.17,191.96,193.59,272113081
2023-07-12T08:00:00Z,193.59,195.03,189.89,190.92,237379721
2023-07-12T12:00:00Z,190.92,191.60,184.96,185.95,188815006
2023-07-12T16:00:00Z,185.95,187.60,184.83,185.51,226359480
2023-07-12T20:00:00Z,185.51,187.36,183.49,186.47,278638144
2023-07-13T00:00:00Z,186.47,190.15,185.35,188.43,288320939
2023-07-13T04:00:00Z,188.43,189.54,185.32,186.86,253637170
2023-07-13T08:00:00Z,186.86,188.71,184.93,186.02,216637445
2023-07-13T12:00:00Z,186.02,186.83,182.64,184.35,265922160
2023-07-13T16:00:00Z,184.35,186.84,183.65,184.84,290533292
2023-07-13T20:00:00Z,184.84,185.73,182.33,184.84,269321004
2023-07-14T00:00:00Z,184.84,188.69,183.79,187.56,208983497
2023-07-14T04:00:00Z,187.56,189.53,186.01,188.47,198288181
2023-07-14T08:00:00Z,188.47,190.85,186.93,188.06,249183320
2023-07-14T12:00:00Z,188.06,189.02,183.03,184.10,273665110
2023-07-14T16:00:00Z,184.10,185.62,182.39,183.34,253637328
2023-07-14T20:00:00Z,183.34,185.41,181.34,184.65,209892819
2023-07-15T00:00:00Z,184.65,189.26,183.71,187.99,252958079
2023-07-15T04:00:00Z,187.99,189.06,185.55,186.86,293760281
2023-07-15T08:00:00Z,186.86,188.37,183.72,184.78,289772253
2023-07-15T12:00:00Z,184.78,185.83,180.45,181.99,242321129
2023-07-15T16:00:00Z,181.99,184.42,181.07,182.61,208360956
2023-07-15T20:00:00Z,182.61,183.33,180.17,182.37,252198170
2023-07-16T00:00:00Z,182.37,185.14,181.61,183.16,266109688
2023-07-16T04:00:00Z,183.16,184.10,180.28,181.85,242609522
2023-07-16T08:00:00Z,181.85,183.76,179.69,180.62,198727626
2023-07-16T12:00:00Z,180.62,181.70,175.19,176.21,224209429
2023-07-16T16:00:00Z,176.21,177.21,172.58,173.62,279374994
2023-07-16T20:00:00Z,173.62,174.46,170.40,172.51,293144135
2023-07-17T00:00:00Z,172.51,176.30,171.84,174.86,261402175
2023-07-17T04:00:00Z,174.86,175.60,172.48,173.81,216018377
2023-07-17T08:00:00Z,173.81,175.17,170.17,170.90,257295150
2023-07-17T12:00:00Z,170.90,171.89,165.50,166.45,285249980
2023-07-17T16:00:00Z,166.45,168.19,165.46,166.61,268308580
2023-07-17T20:00:00Z,166.61,168.48,164.84,167.48,210832706
2023-07-18T00:00:00Z,167.48,170.74,166.67,168.98,187541501
2023-07-18T04:00:00Z,168.98,169.60,165.86,167.27,250614192
2023-07-18T08:00:00Z,167.27,169.08,165.76,166.37,279859596
2023-07-18T12:00:00Z,166.37,167.25,162.86,164.00,263854176
2023-07-18T16:00:00Z,164.00,165.79,162.59,163.48,217015186
2023-07-18T20:00:00Z,163.48,164.44,161.00,163.09,247299511
2023-07-19T00:00:00Z,163.09,167.24,162.19,166.17,290687026
2023-07-19T04:00:00Z,166.17,168.31,164.81,167.39,290540194
2023-07-19T08:00:00Z,167.39,169.90,166.36,167.13,245853941
2023-07-19T12:00:00Z,167.13,167.89,162.72,163.82,199457964
2023-07-19T16:00:00Z,163.82,165.84,162.92,164.39,240684521
2023-07-19T20:00:00Z,164.39,167.73,162.98,166.81,260403386
2023-07-20T00:00:00Z,166.81,171.81,165.81,170.52,252912632
2023-07-20T04:00:00Z,170.52,171.43,168.19,169.63,212359128
2023-07-20T08:00:00Z,169.63,171.23,167.30,168.20,221184891
2023-07-20T12:00:00Z,168.20,168.81,164.47,165.99,278702491
2023-07-20T16:00:00Z,165.99,168.42,165.20,166.59,296364152
2023-07-20T20:00:00Z,166.59,167.51,164.20,166.33,267748236
2023-07-21T00:00:00Z,166.33,169.37,165.32,167.89,214316505
2023-07-21T04:00:00Z,167.89,168.87,165.93,167.87,247349987
2023-07-21T08:00:00Z,167.87,170.24,166.65,167.63,278557219
2023-07-21T12:00:00Z,167.63,168.35,163.04,164.01,266158374
2023-07-21T16:00:00Z,164.01,165.21,161.96,162.65,212135699
2023-07-21T20:00:00Z,162.65,163.70,160.25,163.07,187719463
2023-07-22T00:00:00Z,163.07,167.38,162.13,166.29,251190117
2023-07-22T04:00:00Z,166.29,167.29,164.05,165.32,284813589
2023-07-22T08:00:00Z,165.32,166.60,161.54,162.51,272800378
2023-07-22T12:00:00Z,162.51,163.34,157.41,158.52,223099596
2023-07-22T16:00:00Z,158.52,160.54,157.86,158.88,240328849
2023-07-22T20:00:00Z,158.88,160.12,156.97,159.47,285986336
2023-07-23T00:00:00Z,159.47,162.57,158.66,160.97,289732445
2023-07-23T04:00:00Z,160.97,161.89,158.46,160.14,248233187
2023-07-23T08:00:00Z,160.14,162.36,159.17,160.37,194117814
2023-07-23T12:00:00Z,160.37,161.28,157.24,158.71,228368829
2023-07-23T16:00:00Z,158.71,160.78,157.89,158.80,260453651
2023-07-23T20:00:00Z,158.80,160.32,156.63,159.53,262920665
2023-07-24T00:00:00Z,159.53,164.55,158.86,163.77,225272867
2023-07-24T04:00:00Z,163.77,166.11,162.65,165.41,217226001
2023-07-24T08:00:00Z,165.41,167.82,164.18,165.04,276566660
2023-07-24T12:00:00Z,165.04,166.02,160.72,162.00,297926394
2023-07-24T16:00:00Z,162.00,164.53,161.08,163.28,272628098
2023-07-24T20:00:00Z,163.28,167.13,162.23,166.19,215812840
2023-07-25T00:00:00Z,166.19,171.38,165.55,170.18,236214544
2023-07-25T04:00:00Z,170.18,170.91,168.23,170.18,270582836
2023-07-25T08:00:00Z,170.18,172.60,169.28,170.48,262982680
2023-07-25T12:00:00Z,170.48,171.47,167.91,169.97,218090948
2023-07-25T16:00:00Z,169.97,173.20,168.95,171.73,189710622
2023-07-25T20:00:00Z,171.73,173.65,169.92,172.62,250806177
2023-07-26T00:00:00Z,172.62,176.89,171.79,175.72,288405519
2023-07-26T04:00:00Z,175.72,177.78,174.23,176.95,280347175
2023-07-26T08:00:00Z,176.95,179.73,176.15,177.11,232304789
2023-07-26T12:00:00Z,177.11,178.05,172.73,173.57,232088121
2023-07-26T16:00:00Z,173.57,174.99,171.88,172.81,279714046
2023-07-26T20:00:00Z,172.81,175.14,171.00,174.11,287405243
2023-07-27T00:00:00Z,174.11,179.08,173.15,177.83,249516665
2023-07-27T04:00:00Z,177.83,178.65,175.71,177.25,188232312
2023-07-27T08:00:00Z,177.25,178.79,174.67,175.47,217788995
2023-07-27T12:00:00Z,175.47,176.27,171.49,172.99,264487416
2023-07-27T16:00:00Z,172.99,175.73,172.04,174.42,271923141
2023-07-27T20:00:00Z,174.42,176.37,172.73,175.40,237286024
2023-07-28T00:00:00Z,175.40,178.94,174.35,177.34,216532035
2023-07-28T04:00:00Z,177.34,178.29,175.10,177.15,272938997
2023-07-28T08:00:00Z,177.15,179.81,176.37,177.52,297804775
2023-07-28T12:00:00Z,177.52,178.18,173.89,175.23,276022000
2023-07-28T16:00:00Z,175.23,177.08,174.12,174.77,216300722
2023-07-28T20:00:00Z,174.77,176.49,172.52,175.65,224039038
2023-07-29T00:00:00Z,175.65,181.25,174.58,180.23,261474388
2023-07-29T04:00:00Z,180.23,182.98,179.07,181.89,259549074
2023-07-29T08:00:00Z,181.89,184.39,180.62,181.68,229894281
2023-07-29T12:00:00Z,181.68,182.45,177.86,179.57,195503828
2023-07-29T16:00:00Z,179.57,183.08,178.87,182.01,249371806
2023-07-29T20:00:00Z,182.01,186.18,180.87,185.45,290534982
2023-07-30T00:00:00Z,185.45,190.58,184.39,189.47,286390281
2023-07-30T04:00:00Z,189.47,190.83,187.62,189.75,240302742
2023-07-30T08:00:00Z,189.75,192.42,188.64,190.50,222645468
2023-07-30T12:00:00Z,190.50,191.47,187.84,189.90,271953605
2023-07-30T16:00:00Z,189.90,192.84,189.11,191.08,283640122
2023-07-30T20:00:00Z,191.08,192.64,188.93,191.86,249781356
2023-07-31T00:00:00Z,191.86,196.53,190.89,195.60,186185137
2023-07-31T04:00:00Z,195.60,198.48,194.29,197.48,213676085
2023-07-31T08:00:00Z,197.48,200.37,196.29,197.93,267584839
2023-07-31T12:00:00Z,197.93,199.05,193.53,194.93,279758658
2023-07-31T16:00:00Z,194.93,197.04,193.95,195.28,248232821
2023-07-31T20:00:00Z,195.28,198.46,193.67,197.48,214811968
2023-08-01T00:00:00Z,197.48,202.62,196.65,201.22,267817740
2023-08-01T04:00:00Z,201.22,202.26,198.73,200.22,296002283
2023-08-01T08:00:00Z,200.22,201.81,197.27,198.30,277937432
2023-08-01T12:00:00Z,198.30,199.48,194.03,195.64,220076235
2023-08-01T16:00:00Z,195.64,198.09,194.53,196.23,210993226
2023-08-01T20:00:00Z,196.23,197.22,193.75,196.11,251395873
2023-08-02T00:00:00Z,196.11,199.37,195.37,197.61,261174771
2023-08-02T04:00:00Z,197.61,198.46,195.24,197.55,242146029
2023-08-02T08:00:00Z,197.55,200.33,196.50,197.78,200717668
2023-08-02T12:00:00Z,197.78,198.94,193.76,194.99,246813721
2023-08-02T16:00:00Z,194.99,196.60,193.19,194.34,291125295
2023-08-02T20:00:00Z,194.34,196.55,192.16,195.38,290851875
2023-08-03T00:00:00Z,195.38,200.78,194.46,199.64,247031270
2023-08-03T04:00:00Z,199.64,201.05,197.93,200.11,216334745
2023-08-03T08:00:00Z,200.11,202.09,197.92,198.63,262814537
2023-08-03T12:00:00Z,198.63,199.70,194.33,195.69,278541733
2023-08-03T16:00:00Z,195.69,198.61,194.52,197.26,249120753
2023-08-03T20:00:00Z,197.26,200.56,195.74,199.37,187541192
2023-08-04T00:00:00Z,199.37,203.83,198.28,202.25,212323714
2023-08-04T04:00:00Z,202.25,203.38,199.94,202.28,269621769
2023-08-04T08:00:00Z,202.28,205.24,201.56,203.23,286283070
2023-08-04T12:00:00Z,203.23,204.17,200.42,202.45,257967673
2023-08-04T16:00:00Z,202.45,205.20,201.32,203.23,216277949
2023-08-04T20:00:00Z,203.23,205.15,201.03,204.02,261228579
2023-08-05T00:00:00Z,204.02,209.18,202.81,207.94,292550893
2023-08-05T04:00:00Z,207.94,210.54,206.58,209.31,278408313
2023-08-05T08:00:00Z,209.31,211.89,207.46,208.57,222944603
2023-08-05T12:00:00Z,208.57,209.34,203.35,204.59,197263170
2023-08-05T16:00:00Z,204.59,206.53,203.61,204.46,241837403
2023-08-05T20:00:00Z,204.46,207.00,202.56,206.00,267624540
2023-08-06T00:00:00Z,206.00,210.41,204.76,208.72,253559867
2023-08-06T04:00:00Z,208.72,209.93,205.55,207.09,209463435
2023-08-06T08:00:00Z,207.09,208.66,204.14,205.34,243078520
2023-08-06T12:00:00Z,205.34,206.20,201.19,202.87,290125562
2023-08-06T16:00:00Z,202.87,205.28,202.08,203.01,293681990
2023-08-06T20:00:00Z,203.01,204.01,200.10,202.22,252454287
2023-08-07T00:00:00Z,202.22,205.16,201.06,203.34,209002763
2023-08-07T04:00:00Z,203.34,204.56,200.90,202.75,252430336
2023-08-07T08:00:00Z,202.75,204.77,200.38,201.59,272235192
2023-08-07T12:00:00Z,201.59,202.61,195.82,196.95,247724198
2023-08-07T16:00:00Z,196.95,197.98,193.94,194.93,199821135
2023-08-07T20:00:00Z,194.93,195.83,192.19,195.04,210388536
2023-08-08T00:00:00Z,195.04,199.42,194.04,198.12,270488694
2023-08-08T04:00:00Z,198.12,199.26,195.77,197.24,291372679
2023-08-08T08:00:00Z,197.24,198.84,193.90,195.03,266367867
2023-08-08T12:00:00Z,195.03,196.13,190.42,192.02,216654755
2023-08-08T16:00:00Z,192.02,194.83,191.07,193.29,253224736
2023-08-08T20:00:00Z,193.29,195.41,191.46,194.45,287510884
2023-08-09T00:00:00Z,194.45,198.08,193.63,196.38,277493562
2023-08-09T04:00:00Z,196.38,197.40,193.80,195.85,224969524
2023-08-09T08:00:00Z,195.85,198.40,194.70,195.99,187287937
2023-08-09T12:00:00Z,195.99,197.15,192.25,193.70,238396733
2023-08-09T16:00:00Z,193.70,195.47,191.86,193.01,273556134
2023-08-09T20:00:00Z,193.01,194.21,190.33,193.12,263955685
2023-08-10T00:00:00Z,193.12,197.97,192.39,196.79,217356570
2023-08-10T04:00:00Z,196.79,198.40,195.23,197.67,238134809
2023-08-10T08:00:00Z,197.67,199.90,195.62,196.48,287512173
2023-08-10T12:00:00Z,196.48,197.63,191.57,192.79,294859315
2023-08-10T16:00:00Z,192.79,194.94,191.63,193.32,256561763
2023-08-10T20:00:00Z,193.32,196.13,191.73,194.97,204999389
2023-08-11T00:00:00Z,194.97,198.99,194.05,197.16,240955845
2023-08-11T04:00:00Z,197.16,197.86,193.74,195.14,264863012
2023-08-11T08:00:00Z,195.14,196.67,192.56,193.24,250901378
2023-08-11T12:00:00Z,193.24,194.29,189.06,190.19,213597006
2023-08-11T16:00:00Z,190.19,191.89,188.13,189.16,207783956
2023-08-11T20:00:00Z,189.16,190.27,185.73,187.50,270093862
2023-08-12T00:00:00Z,187.50,190.28,186.48,188.55,294927003
2023-08-12T04:00:00Z,188.55,189.40,186.10,188.01,273335737
2023-08-12T08:00:00Z,188.01,190.00,185.69,186.53,220172388
2023-08-12T12:00:00Z,186.53,187.39,180.93,181.65,243886442
2023-08-12T16:00:00Z,181.65,182.80,179.13,179.98,280969527
2023-08-12T20:00:00Z,179.98,181.43,177.64,180.43,275275154
2023-08-13T00:00:00Z,180.43,184.61,179.35,183.02,226230341
2023-08-13T04:00:00Z,183.02,183.99,179.94,181.16,179574490
2023-08-13T08:00:00Z,181.16,182.22,177.32,178.26,238756190
2023-08-13T12:00:00Z,178.26,178.92,173.44,174.77,278401929
2023-08-13T16:00:00Z,174.77,176.99,173.93,175.11,273169151
2023-08-13T20:00:00Z,175.11,176.09,172.80,175.08,228511424
2023-08-14T00:00:00Z,175.08,178.12,174.03,176.51,231974874
2023-08-14T04:00:00Z,176.51,177.53,174.33,176.28,283289740
2023-08-14T08:00:00Z,176.28,178.92,175.36,176.71,294391370
2023-08-14T12:00:00Z,176.71,177.45,173.04,174.40,259369080
2023-08-14T16:00:00Z,174.40,176.22,173.25,173.98,200183622
2023-08-14T20:00:00Z,173.98,175.59,171.75,174.90,228564175
2023-08-15T00:00:00Z,174.90,180.01,173.89,179.11,257336443
2023-08-15T04:00:00Z,179.11,180.78,177.74,179.75,259544726
2023-08-15T08:00:00Z,179.75,181.49,177.09,178.16,226758825
2023-08-15T12:00:00Z,178.16,179.05,173.32,174.59,208676010
2023-08-15T16:00:00Z,174.59,176.90,173.88,175.41,268366041
2023-08-15T20:00:00Z,175.41,177.65,173.84,176.94,296871075
2023-08-16T00:00:00Z,176.94,180.59,176.03,179.07,278800278
2023-08-16T04:00:00Z,179.07,180.10,176.38,177.84,222574582
2023-08-16T08:00:00Z,177.84,179.72,176.27,177.29,233319816
2023-08-16T12:00:00Z,177.29,178.30,173.76,175.25,273039208
2023-08-16T16:00:00Z,175.25,177.26,173.85,174.84,271855667
2023-08-16T20:00:00Z,174.84,175.52,171.96,174.07,226819163
2023-08-17T00:00:00Z,174.07,177.59,173.33,176.24,182843930
2023-08-17T04:00:00Z,176.24,177.15,174.22,176.20,238360925
2023-08-17T08:00:00Z,176.20,177.97,173.48,174.40,282030748
2023-08-17T12:00:00Z,174.40,175.43,168.27,169.27,281055081
2023-08-17T16:00:00Z,169.27,170.32,166.86,167.86,238552129
2023-08-17T20:00:00Z,167.86,169.49,165.66,168.55,224615797
2023-08-18T00:00:00Z,168.55,172.55,167.92,170.98,277491406
2023-08-18T04:00:00Z,170.98,171.73,168.01,169.20,292314063
2023-08-18T08:00:00Z,169.20,170.56,166.47,167.21,260915830
2023-08-18T12:00:00Z,167.21,168.19,163.41,164.85,198912890
2023-08-18T16:00:00Z,164.85,167.32,163.86,165.71,215443239
2023-08-18T20:00:00Z,165.71,166.89,163.62,165.90,255000232
2023-08-19T00:00:00Z,165.90,169.31,165.13,167.87,268305854
2023-08-19T04:00:00Z,167.87,169.02,165.91,168.25,239112630
2023-08-19T08:00:00Z,168.25,170.94,167.48,168.58,208734756
2023-08-19T12:00:00Z,168.58,169.49,164.75,165.68,265256852
2023-08-19T16:00:00Z,165.68,167.23,164.24,165.14,297157187
2023-08-19T20:00:00Z,165.14,167.58,163.38,166.59,282718172
2023-08-20T00:00:00Z,166.59,172.29,165.68,171.28,228110444
2023-08-20T04:00:00Z,171.28,173.12,169.94,172.19,221655127
2023-08-20T08:00:00Z,172.19,174.31,170.65,171.41,263855018
2023-08-20T12:00:00Z,171.41,172.21,167.82,169.41,267355431
2023-08-20T16:00:00Z,169.41,172.67,168.47,171.72,230747813
2023-08-20T20:00:00Z,171.72,175.03,170.45,174.06,188866373
2023-08-21T00:00:00Z,174.06,178.31,173.03,176.83,237112163
2023-08-21T04:00:00Z,176.83,177.76,174.62,176.59,284329117
2023-08-21T08:00:00Z,176.59,179.14,175.81,176.89,287490426
2023-08-21T12:00:00Z,176.89,177.56,173.53,174.97,247366369
2023-08-21T16:00:00Z,174.97,176.93,173.82,174.49,220340294
2023-08-21T20:00:00Z,174.49,175.46,171.83,174.31,270178544
2023-08-22T00:00:00Z,174.31,178.64,173.25,177.54,288690624
2023-08-22T04:00:00Z,177.54,179.36,176.13,178.29,261264039
2023-08-22T08:00:00Z,178.29,180.36,176.06,177.08,197048439
2023-08-22T12:00:00Z,177.08,177.82,171.95,173.06,203245807
2023-08-22T16:00:00Z,173.06,174.89,172.38,173.16,257416932
2023-08-22T20:00:00Z,173.16,175.50,171.51,174.80,276036936
2023-08-23T00:00:00Z,174.80,178.82,173.79,177.37,250478303
2023-08-23T04:00:00Z,177.37,178.43,174.35,175.65,212128686
2023-08-23T08:00:00Z,175.65,177.08,172.95,173.99,260742603
2023-08-23T12:00:00Z,173.99,174.86,170.14,171.60,295766058
2023-08-23T16:00:00Z,171.60,173.87,170.91,171.80,285074193
2023-08-23T20:00:00Z,171.80,172.50,169.27,171.46,232541997
2023-08-24T00:00:00Z,171.46,174.88,170.57,173.70,209044547
2023-08-24T04:00:00Z,173.70,175.55,172.05,174.65,253571867
2023-08-24T08:00:00Z,174.65,177.36,173.60,175.19,262104973
2023-08-24T12:00:00Z,175.19,176.18,171.17,172.46,241047771
2023-08-24T16:00:00Z,172.46,174.41,171.61,172.67,198711582
2023-08-24T20:00:00Z,172.67,175.86,171.16,175.01,234924363
2023-08-25T00:00:00Z,175.01,180.79,174.25,179.88,285204221
2023-08-25T04:00:00Z,179.88,181.14,178.29,180.36,292376783
2023-08-25T08:00:00Z,180.36,182.32,178.45,179.40,254866876
2023-08-25T12:00:00Z,179.40,180.46,175.79,177.56,214945233
2023-08-25T16:00:00Z,177.56,180.99,176.56,179.69,261439835
2023-08-25T20:00:00Z,179.69,182.52,178.29,181.51,283609977
2023-08-26T00:00:00Z,181.51,185.72,180.83,184.28,260495950
2023-08-26T04:00:00Z,184.28,185.57,182.34,184.90,198944080
2023-08-26T08:00:00Z,184.90,188.02,183.90,186.13,197616635
2023-08-26T12:00:00Z,186.13,187.23,183.18,184.69,259271898
2023-08-26T16:00:00Z,184.69,186.67,183.59,184.73,282584658
2023-08-26T20:00:00Z,184.73,186.64,182.54,185.54,260693111
2023-08-27T00:00:00Z,185.54,190.64,184.67,189.53,214535267
2023-08-27T04:00:00Z,189.53,191.02,187.94,190.15,254825598
2023-08-27T08:00:00Z,190.15,192.04,187.71,188.37,292707410
2023-08-27T12:00:00Z,188.37,189.39,183.23,184.15,285880998
2023-08-27T16:00:00Z,184.15,185.99,183.05,184.24,235894579
2023-08-27T20:00:00Z,184.24,186.51,182.52,185.41,199899667
2023-08-28T00:00:00Z,185.41,189.11,184.40,187.32,242361186
2023-08-28T04:00:00Z,187.32,188.15,184.11,185.59,261440630
2023-08-28T08:00:00Z,185.59,187.38,183.69,184.51,252316488
2023-08-28T12:00:00Z,184.51,185.37,180.93,182.38,207968013
2023-08-28T16:00:00Z,182.38,184.57,181.36,182.27,231728160
2023-08-28T20:00:00Z,182.27,183.35,179.61,181.71,284586440
2023-08-29T00:00:00Z,181.71,185.42,180.64,184.01,295642382
2023-08-29T04:00:00Z,184.01,185.60,182.21,184.52,260992634
2023-08-29T08:00:00Z,184.52,186.89,182.79,183.76,212732950
2023-08-29T12:00:00Z,183.76,184.45,178.65,179.67,251389736
2023-08-29T16:00:00Z,179.67,181.23,178.41,179.10,277184545
2023-08-29T20:00:00Z,179.10,181.73,177.32,180.84,258711332
2023-08-30T00:00:00Z,180.84,185.95,179.74,184.74,203247387
2023-08-30T04:00:00Z,184.74,185.82,182.74,184.43,195766496
2023-08-30T08:00:00Z,184.43,186.33,182.43,183.50,260140375
2023-08-30T12:00:00Z,183.50,184.26,180.20,182.10,287812759
2023-08-30T16:00:00Z,182.10,185.55,181.37,184.18,269614856
2023-08-30T20:00:00Z,184.18,186.27,182.50,185.52,220134686
2023-08-31T00:00:00Z,185.52,189.39,184.45,188.10,247534857
2023-08-31T04:00:00Z,188.10,189.80,186.31,188.71,288019887
2023-08-31T08:00:00Z,188.71,191.50,187.62,189.35,285178312
2023-08-31T12:00:00Z,189.35,190.30,185.44,186.73,238214948
2023-08-31T16:00:00Z,186.73,188.44,184.99,185.92,190136854
2023-08-31T20:00:00Z,185.92,187.30,183.52,186.57,231275288
2023-09-01T00:00:00Z,186.57,191.43,185.60,190.45,266051784
2023-09-01T04:00:00Z,190.45,191.61,188.69,190.62,262688483
2023-09-01T08:00:00Z,190.62,192.36,187.62,188.72,220716564
2023-09-01T12:00:00Z,188.72,189.78,183.73,185.09,227472957
2023-09-01T16:00:00Z,185.09,187.37,184.18,185.75,282431415
2023-09-01T20:00:00Z,185.75,187.61,183.85,186.71,297243493
2023-09-02T00:00:00Z,186.71,189.97,185.90,188.00,265709501
2023-09-02T04:00:00Z,188.00,188.99,184.72,185.93,209518490
2023-09-02T08:00:00Z,185.93,187.52,183.46,184.43,240166406
2023-09-02T12:00:00Z,184.43,185.53,179.99,181.18,269547593
2023-09-02T16:00:00Z,181.18,182.54,178.50,179.57,256024456
2023-09-02T20:00:00Z,179.57,180.42,176.24,178.09,214122833
2023-09-03T00:00:00Z,178.09,181.51,177.43,180.06,197707909
2023-09-03T04:00:00Z,180.06,180.86,178.04,180.07,259920128
2023-09-03T08:00:00Z,180.07,182.02,177.74,178.54,291605195
2023-09-03T12:00:00Z,178.54,179.59,173.17,174.11,277124585
2023-09-03T16:00:00Z,174.11,175.50,172.71,173.74,224619594
2023-09-03T20:00:00Z,173.74,176.37,172.08,175.33,238926249
2023-09-04T00:00:00Z,175.33,179.80,174.51,178.29,281770383
2023-09-04T04:00:00Z,178.29,178.91,175.51,176.91,283031519
2023-09-04T08:00:00Z,176.91,178.44,174.70,175.32,239569216
2023-09-04T12:00:00Z,175.32,176.28,171.78,173.19,184165627
2023-09-04T16:00:00Z,173.19,175.64,172.15,174.00,225682452
2023-09-04T20:00:00Z,174.00,175.20,171.94,174.16,270616809
2023-09-05T00:00:00Z,174.16,177.83,173.22,176.46,271990144
2023-09-05T04:00:00Z,176.46,178.28,174.69,177.33,232542255
2023-09-05T08:00:00Z,177.33,180.26,176.67,177.99,222129090
2023-09-05T12:00:00Z,177.99,178.83,174.12,175.27,278721553
2023-09-05T16:00:00Z,175.27,177.04,174.07,174.91,297165248
2023-09-05T20:00:00Z,174.91,177.32,173.07,176.33,269010200
2023-09-06T00:00:00Z,176.33,181.54,175.29,180.37,209619980
2023-09-06T04:00:00Z,180.37,181.32,178.46,180.01,227929084
2023-09-06T08:00:00Z,180.01,181.43,176.78,177.71,260850122
2023-09-06T12:00:00Z,177.71,178.39,172.82,174.10,256696227
2023-09-06T16:00:00Z,174.10,176.31,173.24,174.56,227296139
2023-09-06T20:00:00Z,174.56,175.74,172.46,174.88,199085174
2023-09-07T00:00:00Z,174.88,177.72,173.82,175.89,258525778
2023-09-07T04:00:00Z,175.89,176.91,172.83,174.39,293868897
2023-09-07T08:00:00Z,174.39,176.35,172.64,173.65,283128789
2023-09-07T12:00:00Z,173.65,174.36,169.47,170.64,232187984
2023-09-07T16:00:00Z,170.64,172.00,168.46,169.15,229081995
2023-09-07T20:00:00Z,169.15,170.00,166.10,168.20,274052743
2023-09-08T00:00:00Z,168.20,171.82,167.23,170.63,279529717
2023-09-08T04:00:00Z,170.63,171.65,168.73,170.26,240040334
2023-09-08T08:00:00Z,170.26,171.75,166.80,167.80,179573442
2023-09-08T12:00:00Z,167.80,168.63,161.87,162.80,224937935
2023-09-08T16:00:00Z,162.80,164.24,161.43,162.24,274131486
2023-09-08T20:00:00Z,162.24,163.99,160.41,163.35,280063679
2023-09-09T00:00:00Z,163.35,167.03,162.50,165.62,243288967
2023-09-09T04:00:00Z,165.62,166.58,162.91,164.19,219929822
2023-09-09T08:00:00Z,164.19,165.79,162.39,163.34,273466975
2023-09-09T12:00:00Z,163.34,164.26,160.21,161.87,295421824
2023-09-09T16:00:00Z,161.87,164.44,161.08,162.81,270913721
2023-09-09T20:00:00Z,162.81,163.96,160.64,163.18,208864997
2023-09-10T00:00:00Z,163.18,167.19,162.46,166.10,214855029
2023-09-10T04:00:00Z,166.10,168.09,164.67,167.36,251566406
2023-09-10T08:00:00Z,167.36,170.08,166.37,167.66,263551140
2023-09-10T12:00:00Z,167.66,168.65,163.34,164.45,239771297
2023-09-10T16:00:00Z,164.45,166.07,163.30,164.28,204034430
2023-09-10T20:00:00Z,164.28,167.19,162.67,166.27,255891553
2023-09-11T00:00:00Z,166.27,171.68,165.66,170.62,294536055
2023-09-11T04:00:00Z,170.62,171.39,168.84,170.62,287561043
2023-09-11T08:00:00Z,170.62,172.44,168.68,169.45,238552001
2023-09-11T12:00:00Z,169.45,170.45,165.91,167.51,218109588
2023-09-11T16:00:00Z,167.51,170.59,166.50,169.20,264985882
2023-09-11T20:00:00Z,169.20,171.19,167.55,170.18,274783266
2023-09-12T00:00:00Z,170.18,173.59,169.40,171.98,239725218
2023-09-12T04:00:00Z,171.98,172.58,169.58,171.48,185961572
2023-09-12T08:00:00Z,171.48,173.84,170.63,171.24,223748589
2023-09-12T12:00:00Z,171.24,172.18,167.17,168.02,276473156
2023-09-12T16:00:00Z,168.02,169.30,165.53,166.45,286770480
2023-09-12T20:00:00Z,166.45,167.43,163.85,166.11,252822007
2023-09-13T00:00:00Z,166.11,170.45,165.22,169.29,216621071
2023-09-13T04:00:00Z,169.29,170.18,167.47,169.28,266705849
2023-09-13T08:00:00Z,169.28,170.87,166.58,167.31,292056002
2023-09-13T12:00:00Z,167.31,168.10,162.40,163.47,271464134
2023-09-13T16:00:00Z,163.47,165.59,162.55,164.19,211580119
2023-09-13T20:00:00Z,164.19,166.77,162.71,165.84,201136048
2023-09-14T00:00:00Z,165.84,169.72,164.86,168.12,247060564
2023-09-14T04:00:00Z,168.12,169.00,165.43,166.93,270982499
2023-09-14T08:00:00Z,166.93,168.94,165.59,166.45,251358347
2023-09-14T12:00:00Z,166.45,167.09,163.24,164.77,208194975
2023-09-14T16:00:00Z,164.77,167.07,163.95,165.09,251973618
2023-09-14T20:00:00Z,165.09,166.20,162.79,165.38,293565879
2023-09-15T00:00:00Z,165.38,169.96,164.38,168.99,290383052
2023-09-15T04:00:00Z,168.99,172.00,167.85,170.98,243689556
2023-09-15T08:00:00Z,170.98,173.97,170.10,171.71,210380424
2023-09-15T12:00:00Z,171.71,172.40,167.86,169.28,254711384
2023-09-15T16:00:00Z,169.28,171.78,168.59,170.51,268920897
2023-09-15T20:00:00Z,170.51,174.45,169.24,173.74,241753715
2023-09-16T00:00:00Z,173.74,179.44,172.72,178.53,195983470
2023-09-16T04:00:00Z,178.53,179.73,176.92,178.70,221825100
2023-09-16T08:00:00Z,178.70,180.65,177.03,178.10,277536203
2023-09-16T12:00:00Z,178.10,178.98,174.95,176.78,291994105
2023-09-16T16:00:00Z,176.78,180.03,176.08,178.55,261030480
2023-09-16T20:00:00Z,178.55,180.20,176.72,179.50,216453970
2023-09-17T00:00:00Z,179.50,183.24,178.56,182.03,258504103
2023-09-17T04:00:00Z,182.03,183.81,180.26,182.85,287138127
2023-09-17T08:00:00Z,182.85,185.70,181.75,183.67,270728854
2023-09-17T12:00:00Z,183.67,184.69,179.82,181.14,213596598
2023-09-17T16:00:00Z,181.14,182.90,179.58,180.60,187955908
2023-09-17T20:00:00Z,180.60,182.44,178.37,181.57,247818897
2023-09-18T00:00:00Z,181.57,186.58,180.77,185.46,277378958
2023-09-18T04:00:00Z,185.46,186.44,183.53,185.27,261881413
2023-09-18T08:00:00Z,185.27,186.85,182.04,183.01,215703950
2023-09-18T12:00:00Z,183.01,184.10,177.97,179.28,246751937
2023-09-18T16:00:00Z,179.28,181.53,178.28,179.95,290945761
2023-09-18T20:00:00Z,179.95,182.02,178.12,181.02,291585087
2023-09-19T00:00:00Z,181.02,184.60,180.36,182.88,247603606
2023-09-19T04:00:00Z,182.88,183.70,180.26,182.07,201776122
2023-09-19T08:00:00Z,182.07,184.54,181.08,182.29,243390610
2023-09-19T12:00:00Z,182.29,183.36,179.25,180.80,262086478
2023-09-19T16:00:00Z,180.80,182.91,179.73,181.05,250076800
2023-09-19T20:00:00Z,181.05,182.69,178.79,181.62,209791592
2023-09-20T00:00:00Z,181.62,186.60,180.78,185.60,219085636
2023-09-20T04:00:00Z,185.60,188.06,184.40,187.22,277235024
2023-09-20T08:00:00Z,187.22,189.86,186.27,186.94,295642773
2023-09-20T12:00:00Z,186.94,187.97,182.65,183.81,267829134
2023-09-20T16:00:00Z,183.81,186.19,182.71,184.86,215193377
2023-09-20T20:00:00Z,184.86,188.89,183.47,187.76,248954536
2023-09-21T00:00:00Z,187.76,193.22,186.75,191.97,280764466
2023-09-21T04:00:00Z,191.97,193.06,189.94,192.04,268796400
2023-09-21T08:00:00Z,192.04,194.51,191.32,192.19,214999030
2023-09-21T12:00:00Z,192.19,193.11,189.37,191.65,184935977
2023-09-21T16:00:00Z,191.65,194.95,190.57,193.60,248545420
2023-09-21T20:00:00Z,193.60,195.69,191.78,194.59,282595804
2023-09-22T00:00:00Z,194.59,198.89,193.45,197.51,271182244
2023-09-22T04:00:00Z,197.51,199.72,195.84,198.56,222207149
2023-09-22T08:00:00Z,198.56,201.49,197.72,198.78,240231601
2023-09-22T12:00:00Z,198.78,199.55,194.13,195.29,286691860
2023-09-22T16:00:00Z,195.29,196.85,193.52,194.29,291185792
2023-09-22T20:00:00Z,194.29,196.20,192.00,195.22,250321154
2023-09-23T00:00:00Z,195.22,200.12,194.04,198.77,196677773
2023-09-23T04:00:00Z,198.77,199.91,196.44,198.03,231201385
2023-09-23T08:00:00Z,198.03,199.48,194.66,195.79,258882157
2023-09-23T12:00:00Z,195.79,196.58,191.05,192.59,260208836
2023-09-23T16:00:00Z,192.59,195.06,191.80,193.37,222944962
2023-09-23T20:00:00Z,193.37,194.60,191.20,193.80,215463336
2023-09-24T00:00:00Z,193.80,196.88,192.68,194.93,275506530
2023-09-24T04:00:00Z,194.93,196.10,191.95,193.64,297651369
2023-09-24T08:00:00Z,193.64,195.67,191.80,192.96,273159600
2023-09-24T12:00:00Z,192.96,193.91,188.61,189.82,217109470
2023-09-24T16:00:00Z,189.82,191.30,187.46,188.39,238175312
2023-09-24T20:00:00Z,188.39,189.18,185.46,188.01,273055018
2023-09-25T00:00:00Z,188.01,192.37,187.02,191.36,265773720
2023-09-25T04:00:00Z,191.36,193.03,189.75,192.02,217788480
2023-09-25T08:00:00Z,192.02,193.97,189.70,190.81,186941948
2023-09-25T12:00:00Z,190.81,191.88,186.01,187.43,248376981
2023-09-25T16:00:00Z,187.43,189.97,186.52,188.54,286505009
2023-09-25T20:00:00Z,188.54,191.81,187.19,190.90,279123380
2023-09-26T00:00:00Z,190.90,195.46,190.05,193.95,231853030
2023-09-26T04:00:00Z,193.95,194.98,191.39,193.09,232443585
2023-09-26T08:00:00Z,193.09,195.17,191.55,192.58,280849045
2023-09-26T12:00:00Z,192.58,193.73,189.24,190.98,289231376
2023-09-26T16:00:00Z,190.98,193.41,189.92,191.41,251891694
2023-09-26T20:00:00Z,191.41,192.36,188.82,191.31,190971249
2023-09-27T00:00:00Z,191.31,195.35,190.62,193.99,218756641
2023-09-27T04:00:00Z,193.99,195.65,192.28,194.96,261672393
2023-09-27T08:00:00Z,194.96,197.67,193.85,194.74,269401866
2023-09-27T12:00:00Z,194.74,195.89,189.92,190.97,235254874
2023-09-27T16:00:00Z,190.97,192.44,189.15,190.28,215149218
2023-09-27T20:00:00Z,190.28,192.57,188.25,191.44,272312217
2023-09-28T00:00:00Z,191.44,195.98,190.57,194.37,297982854
2023-09-28T04:00:00Z,194.37,195.07,191.25,192.53,276991063
2023-09-28T08:00:00Z,192.53,193.85,188.80,189.49,217985293
2023-09-28T12:00:00Z,189.49,190.53,184.55,185.62,226307907
2023-09-28T16:00:00Z,185.62,187.45,184.18,185.21,264150834
2023-09-28T20:00:00Z,185.21,186.30,182.37,184.17,261783132
2023-09-29T00:00:00Z,184.17,186.63,183.19,184.47,227043588
2023-09-29T04:00:00Z,184.47,185.27,181.38,183.02,192900035
2023-09-29T08:00:00Z,183.02,185.03,181.23,182.02,247217722
2023-09-29T12:00:00Z,182.02,182.89,177.26,178.11,288998387
2023-09-29T16:00:00Z,178.11,179.30,175.26,176.12,285590858
2023-09-29T20:00:00Z,176.12,177.17,173.29,175.58,240302758
2023-09-30T00:00:00Z,175.58,179.75,174.55,178.38,223444923
2023-09-30T04:00:00Z,178.38,179.30,176.19,177.62,273490227
2023-09-30T08:00:00Z,177.62,178.88,173.94,174.85,285794226
2023-09-30T12:00:00Z,174.85,175.53,169.34,170.40,252385161
2023-09-30T16:00:00Z,170.40,172.32,169.55,170.58,189035836
2023-09-30T20:00:00Z,170.58,172.48,168.77,171.62,211441815
2023-10-01T00:00:00Z,171.62,175.14,170.58,173.49,264908406
2023-10-01T04:00:00Z,173.49,174.48,170.72,172.32,277489808
2023-10-01T08:00:00Z,172.32,174.45,171.10,172.09,246548274
2023-10-01T12:00:00Z,172.09,172.78,168.87,170.44,213842933
2023-10-01T16:00:00Z,170.44,172.64,169.74,170.52,267639693
2023-10-01T20:00:00Z,170.52,171.38,167.98,170.43,296629094
2023-10-02T00:00:00Z,170.43,174.44,169.43,173.39,279320278
2023-10-02T04:00:00Z,173.39,175.11,171.94,174.10,222107406
2023-10-02T08:00:00Z,174.10,176.12,171.91,172.95,213514517
2023-10-02T12:00:00Z,172.95,173.79,167.50,168.46,254210903
2023-10-02T16:00:00Z,168.46,169.85,166.85,167.67,260206910
2023-10-02T20:00:00Z,167.67,169.41,165.73,168.77,239407102
2023-10-03T00:00:00Z,168.77,172.69,167.88,171.31,198342657
2023-10-03T04:00:00Z,171.31,172.30,168.33,169.43,244987614
2023-10-03T08:00:00Z,169.43,170.74,166.19,167.17,289990324
2023-10-03T12:00:00Z,167.17,168.09,162.88,164.24,290496443
2023-10-03T16:00:00Z,164.24,166.30,163.24,164.15,247483061
2023-10-03T20:00:00Z,164.15,164.76,161.39,163.11,217558570
2023-10-04T00:00:00Z,163.11,165.60,162.38,163.69,264715071
2023-10-04T04:00:00Z,163.69,164.56,161.00,162.49,280970946
2023-10-04T08:00:00Z,162.49,164.19,160.12,160.99,251889437
2023-10-04T12:00:00Z,160.99,161.93,155.16,156.08,187843445
2023-10-04T16:00:00Z,156.08,156.94,152.64,153.56,209532683
2023-10-04T20:00:00Z,153.56,154.26,150.72,153.05,267149605
2023-10-05T00:00:00Z,153.05,157.03,152.51,155.74,284322326
2023-10-05T04:00:00Z,155.74,156.45,153.47,154.65,256671070
2023-10-05T08:00:00Z,154.65,155.91,151.34,152.04,215746477
2023-10-05T12:00:00Z,152.04,152.93,147.33,148.45,261503636
2023-10-05T16:00:00Z,148.45,150.69,147.57,149.31,293611054
2023-10-05T20:00:00Z,149.31,151.22,147.73,150.33,280171004
2023-10-06T00:00:00Z,150.33,153.62,149.65,152.06,225272528
2023-10-06T04:00:00Z,152.06,152.61,149.58,151.15,199975009
2023-10-06T08:00:00Z,151.15,153.33,150.43,151.06,243408681
2023-10-06T12:00:00Z,151.06,151.89,147.82,148.91,264791990
2023-10-06T16:00:00Z,148.91,150.58,147.62,148.45,250999922
2023-10-06T20:00:00Z,148.45,149.51,146.23,148.63,207375490
2023-10-07T00:00:00Z,148.63,153.33,147.83,152.43,241625201
2023-10-07T04:00:00Z,152.43,154.61,151.31,153.80,289420067
2023-10-07T08:00:00Z,153.80,156.07,152.59,153.25,293779270
2023-10-07T12:00:00Z,153.25,153.99,148.95,150.01,253346764
2023-10-07T16:00:00Z,150.01,152.12,149.16,150.93,210620924
2023-10-07T20:00:00Z,150.93,154.11,149.64,153.24,254648143
2023-10-08T00:00:00Z,153.24,157.67,152.34,156.29,274879903
2023-10-08T04:00:00Z,156.29,157.09,153.68,154.98,250507472
2023-10-08T08:00:00Z,154.98,156.51,152.84,153.63,196957807
2023-10-08T12:00:00Z,153.63,154.24,149.98,151.32,207750522
2023-10-08T16:00:00Z,151.32,153.38,150.56,151.28,268281466
2023-10-08T20:00:00Z,151.28,152.14,148.66,150.50,289768157
2023-10-09T00:00:00Z,150.50,153.52,149.59,152.18,265491025
2023-10-09T04:00:00Z,152.18,153.25,150.39,152.33,216573891
2023-10-09T08:00:00Z,152.33,154.53,150.88,151.75,253946143
2023-10-09T12:00:00Z,151.75,152.35,146.90,147.71,288978378
2023-10-09T16:00:00Z,147.71,148.83,145.98,146.56,279592841
2023-10-09T20:00:00Z,146.56,148.07,144.51,147.45,227537074
2023-10-10T00:00:00Z,147.45,151.81,146.59,150.72,190123774
2023-10-10T04:00:00Z,150.72,151.62,148.39,149.58,236713426
2023-10-10T08:00:00Z,149.58,150.77,146.26,147.15,270850057
2023-10-10T12:00:00Z,147.15,147.86,142.77,144.02,261637547
2023-10-10T16:00:00Z,144.02,146.34,143.46,144.95,215606930
2023-10-10T20:00:00Z,144.95,146.26,143.20,145.70,237089945
2023-10-11T00:00:00Z,145.70,148.94,144.93,147.73,287253468
2023-10-11T04:00:00Z,147.73,148.73,145.81,147.95,295406920
2023-10-11T08:00:00Z,147.95,150.68,147.06,149.01,257873025
2023-10-11T12:00:00Z,149.01,149.84,146.16,147.58,206972175
2023-10-11T16:00:00Z,147.58,149.68,146.87,147.95,243436498
2023-10-11T20:00:00Z,147.95,150.15,146.18,149.44,267658315
2023-10-12T00:00:00Z,149.44,154.96,148.77,154.37,250486755
2023-10-12T04:00:00Z,154.37,156.74,153.38,156.04,210833125
2023-10-12T08:00:00Z,156.04,158.26,154.67,155.51,205363697
2023-10-12T12:00:00Z,155.51,156.43,151.44,152.81,268205739
2023-10-12T16:00:00Z,152.81,155.66,151.97,154.55,293718080
2023-10-12T20:00:00Z,154.55,158.19,153.62,157.33,272900175
2023-10-13T00:00:00Z,157.33,162.06,156.78,160.81,220544111
2023-10-13T04:00:00Z,160.81,161.55,158.78,160.70,245036500
2023-10-13T08:00:00Z,160.70,163.15,159.81,161.17,282808342
2023-10-13T12:00:00Z,161.17,162.12,158.61,160.35,277659501
2023-10-13T16:00:00Z,160.35,162.92,159.40,161.28,228974506
2023-10-13T20:00:00Z,161.28,162.57,159.15,161.62,180430082
2023-10-14T00:00:00Z,161.62,165.78,160.89,164.65,235944987
2023-10-14T04:00:00Z,164.65,166.34,163.18,165.61,275888730
2023-10-14T08:00:00Z,165.61,167.96,164.36,164.97,271149706
2023-10-14T12:00:00Z,164.97,165.88,160.07,160.84,227143026
2023-10-14T16:00:00Z,160.84,162.12,159.24,160.14,231364106
2023-10-14T20:00:00Z,160.14,162.53,158.47,161.56,283484173
2023-10-15T00:00:00Z,161.56,166.20,160.70,164.92,295375863
2023-10-15T04:00:00Z,164.92,165.62,162.56,163.96,261066951
2023-10-15T08:00:00Z,163.96,165.46,161.76,162.45,202462623
2023-10-15T12:00:00Z,162.45,163.24,158.98,160.48,231246798
2023-10-15T16:00:00Z,160.48,163.20,159.56,161.92,259458985
2023-10-15T20:00:00Z,161.92,163.61,160.20,162.69,256696864
2023-10-16T00:00:00Z,162.69,166.32,161.73,164.93,224162216
2023-10-16T04:00:00Z,164.93,166.41,163.09,165.46,206532901
2023-10-16T08:00:00Z,165.46,168.29,164.77,166.16,266843358
2023-10-16T12:00:00Z,166.16,166.82,162.55,163.79,296087418
2023-10-16T16:00:00Z,163.79,165.63,162.94,163.60,278816685
2023-10-16T20:00:00Z,163.60,166.06,161.78,165.23,223389775
2023-10-17T00:00:00Z,165.23,171.28,164.22,170.30,234870299
2023-10-17T04:00:00Z,170.30,172.86,169.23,171.83,275204219
2023-10-17T08:00:00Z,171.83,174.21,170.58,171.56,274466572
2023-10-17T12:00:00Z,171.56,172.23,168.07,169.83,229672603
2023-10-17T16:00:00Z,169.83,173.50,169.12,172.51,180498220
2023-10-17T20:00:00Z,172.51,176.22,171.37,175.48,235690755
2023-10-18T00:00:00Z,175.48,180.09,174.45,178.85,279772104
2023-10-18T04:00:00Z,178.85,180.01,176.96,178.97,279383887
2023-10-18T08:00:00Z,178.97,181.56,177.95,179.64,237598553
2023-10-18T12:00:00Z,179.64,180.51,176.72,178.36,224454114
2023-10-18T16:00:00Z,178.36,180.70,177.68,178.57,278134207
2023-10-18T20:00:00Z,178.57,179.49,176.13,178.82,293711282
2023-10-19T00:00:00Z,178.82,183.24,177.87,182.36,262958639
2023-10-19T04:00:00Z,182.36,184.58,181.02,183.60,201442175
2023-10-19T08:00:00Z,183.60,185.84,181.89,182.97,218261998
2023-10-19T12:00:00Z,182.97,183.98,178.05,179.22,253920348
2023-10-19T16:00:00Z,179.22,181.11,178.33,179.33,265572247
2023-10-19T20:00:00Z,179.33,181.91,177.65,181.06,236747015
2023-10-20T00:00:00Z,181.06,185.36,180.24,183.83,206921388
2023-10-20T04:00:00Z,183.83,184.82,181.00,182.10,264136975
2023-10-20T08:00:00Z,182.10,183.54,179.14,180.12,296818025
2023-10-20T12:00:00Z,180.12,181.18,175.97,177.45,283186145
2023-10-20T16:00:00Z,177.45,179.60,176.48,177.56,229349100
2023-10-20T20:00:00Z,177.56,178.37,174.91,177.03,223567988
2023-10-21T00:00:00Z,177.03,180.29,176.40,178.77,266293094
2023-10-21T04:00:00Z,178.77,179.82,176.76,179.18,270128821
2023-10-21T08:00:00Z,179.18,181.89,178.18,179.38,230937904
2023-10-21T12:00:00Z,179.38,180.44,175.20,176.32,186079698
2023-10-21T16:00:00Z,176.32,177.82,174.86,175.91,234648549
2023-10-21T20:00:00Z,175.91,178.57,174.08,177.52,282380455
2023-10-22T00:00:00Z,177.52,182.98,176.73,181.90,286208495
2023-10-22T04:00:00Z,181.90,182.84,180.15,182.04,246851018
2023-10-22T08:00:00Z,182.04,183.84,179.88,180.56,220631662
2023-10-22T12:00:00Z,180.56,181.56,176.64,178.07,271253939
2023-10-22T16:00:00Z,178.07,181.10,177.00,179.80,290466283
2023-10-22T20:00:00Z,179.80,182.55,178.32,181.46,263601658
2023-10-23T00:00:00Z,181.46,185.49,180.50,183.99,199765942
2023-10-23T04:00:00Z,183.99,185.12,181.81,184.16,204677699
2023-10-23T08:00:00Z,184.16,187.05,183.44,185.07,254587755
2023-10-23T12:00:00Z,185.07,185.97,182.08,183.56,273484668
2023-10-23T16:00:00Z,183.56,185.72,182.52,183.49,248401736
2023-10-23T20:00:00Z,183.49,184.96,181.19,183.91,210689562
2023-10-24T00:00:00Z,183.91,188.70,182.83,187.52,260053017
2023-10-24T04:00:00Z,187.52,189.10,185.89,188.01,295879718
2023-10-24T08:00:00Z,188.01,189.87,185.19,186.14,285982247
2023-10-24T12:00:00Z,186.14,186.88,180.55,181.55,234173718
2023-10-24T16:00:00Z,181.55,183.24,180.44,181.18,211272841
2023-10-24T20:00:00Z,181.18,183.03,179.20,182.10,256223175
2023-10-25T00:00:00Z,182.10,185.65,181.00,183.84,264777120
2023-10-25T04:00:00Z,183.84,184.88,180.35,181.67,238186824
2023-10-25T08:00:00Z,181.67,183.09,178.89,179.92,196080338
2023-10-25T12:00:00Z,179.92,180.62,175.81,177.23,232727766
2023-10-25T16:00:00Z,177.23,179.17,176.00,176.69,283613363
2023-10-25T20:00:00Z,176.69,177.60,173.66,175.49,291515576
2023-10-26T00:00:00Z,175.49,178.32,174.46,176.85,254802396
2023-10-26T04:00:00Z,176.85,177.91,174.77,176.51,215682503
2023-10-26T08:00:00Z,176.51,178.37,174.08,175.13,262921430
2023-10-26T12:00:00Z,175.13,175.97,169.39,170.35,285720498
2023-10-26T16:00:00Z,170.35,171.40,168.03,168.85,263071009
2023-10-26T20:00:00Z,168.85,170.32,166.64,169.69,201783108
2023-10-27T00:00:00Z,169.69,174.11,168.78,172.99,195821566
2023-10-27T04:00:00Z,172.99,174.00,170.78,172.12,256571657
2023-10-27T08:00:00Z,172.12,173.63,169.41,170.42,280276361
2023-10-27T12:00:00Z,170.42,171.35,166.57,168.20,258956552
2023-10-27T16:00:00Z,168.20,171.16,167.40,169.74,213505705
2023-10-27T20:00:00Z,169.74,171.50,167.97,170.71,254583223
2023-10-28T00:00:00Z,170.71,174.20,169.93,172.75,293271100
2023-10-28T04:00:00Z,172.75,173.68,170.56,172.73,287206850
2023-10-28T08:00:00Z,172.73,175.28,171.70,173.02,237879322
2023-10-28T12:00:00Z,173.02,174.04,169.11,170.32,202388712
2023-10-28T16:00:00Z,170.32,171.79,168.35,169.36,245160661
2023-10-28T20:00:00Z,169.36,170.62,166.87,169.70,260913865
2023-10-29T00:00:00Z,169.70,174.51,169.09,173.44,249557490
2023-10-29T04:00:00Z,173.44,174.38,171.78,173.76,205556772
2023-10-29T08:00:00Z,173.76,175.47,171.14,171.95,229852486
2023-10-29T12:00:00Z,171.95,172.96,167.01,168.14,283392427
2023-10-29T16:00:00Z,168.14,170.19,167.15,168.65,295223030
2023-10-29T20:00:00Z,168.65,170.69,166.94,169.69,261380609
2023-10-30T00:00:00Z,169.69,172.95,168.94,171.08,213898031
2023-10-30T04:00:00Z,171.08,171.71,167.58,168.82,253241175
2023-10-30T08:00:00Z,168.82,170.23,166.42,167.05,279578137
2023-10-30T12:00:00Z,167.05,167.98,162.83,163.76,261460641
2023-10-30T16:00:00Z,163.76,165.11,161.30,162.21,203990898
2023-10-30T20:00:00Z,162.21,163.15,158.85,160.54,192959204
2023-10-31T00:00:00Z,160.54,163.55,159.70,162.14,257635334
2023-10-31T04:00:00Z,162.14,162.83,160.08,161.95,285805083
2023-10-31T08:00:00Z,161.95,163.75,159.71,160.38,268260920
2023-10-31T12:00:00Z,160.38,161.16,155.05,155.71,219539949
2023-10-31T16:00:00Z,155.71,156.94,154.08,154.85,247745643
2023-10-31T20:00:00Z,154.85,156.95,153.11,156.05,289019776
2023-11-01T00:00:00Z,156.05,160.30,155.14,158.88,286889424
2023-11-01T04:00:00Z,158.88,159.69,156.12,157.30,240504006
2023-11-01T08:00:00Z,157.30,158.54,154.53,155.32,192825566
2023-11-01T12:00:00Z,155.32,155.94,151.46,152.87,233286250
2023-11-01T16:00:00Z,152.87,155.28,152.09,153.70,263206846
2023-11-01T20:00:00Z,153.70,154.76,151.65,153.97,260099141
2023-11-02T00:00:00Z,153.97,157.46,153.04,156.19,218584498
2023-11-02T04:00:00Z,156.19,157.93,154.60,156.99,225964235
2023-11-02T08:00:00Z,156.99,159.86,156.20,157.89,281663548
2023-11-02T12:00:00Z,157.89,158.50,154.32,155.57,297276290
2023-11-02T16:00:00Z,155.57,157.35,154.83,155.43,266540408
2023-11-02T20:00:00Z,155.43,157.64,153.63,156.97,211082786
2023-11-03T00:00:00Z,156.97,162.24,156.04,161.39,242342251
2023-11-03T04:00:00Z,161.39,162.59,160.01,161.65,272165514
2023-11-03T08:00:00Z,161.65,163.15,158.89,159.84,258880546
2023-11-03T12:00:00Z,159.84,160.61,155.29,156.56,211665756
2023-11-03T16:00:00Z,156.56,158.93,155.97,157.52,195044086
2023-11-03T20:00:00Z,157.52,159.20,155.88,158.61,257671761
2023-11-04T00:00:00Z,158.61,161.86,157.76,160.31,289947407
2023-11-04T04:00:00Z,160.31,161.25,157.75,159.21,276186499
2023-11-04T08:00:00Z,159.21,161.12,157.95,158.89,224474279
2023-11-04T12:00:00Z,158.89,159.76,155.27,156.52,239585021
2023-11-04T16:00:00Z,156.52,158.14,154.75,155.61,283181933
2023-11-04T20:00:00Z,155.61,156.16,152.81,154.92,285085900
2023-11-05T00:00:00Z,154.92,158.63,154.21,157.50,242106416
2023-11-05T04:00:00Z,157.50,158.35,155.68,157.47,186988026
2023-11-05T08:00:00Z,157.47,159.03,154.58,155.43,224490581
2023-11-05T12:00:00Z,155.43,156.34,149.68,150.57,267888606
2023-11-05T16:00:00Z,150.57,151.85,149.11,150.00,269634002
2023-11-05T20:00:00Z,150.00,152.09,148.26,151.28,230741689
2023-11-06T00:00:00Z,151.28,155.31,150.73,153.88,221024345
2023-11-06T04:00:00Z,153.88,154.60,151.34,152.58,278398675
2023-11-06T08:00:00Z,152.58,154.24,150.93,151.64,297649389
2023-11-06T12:00:00Z,151.64,152.54,148.63,150.19,270263647
2023-11-06T16:00:00Z,150.19,152.87,149.30,151.39,211545106
2023-11-06T20:00:00Z,151.39,152.82,149.46,151.92,230375942
2023-11-07T00:00:00Z,151.92,155.89,151.25,154.78,263628128
2023-11-07T04:00:00Z,154.78,156.73,153.41,156.06,256774146
2023-11-07T08:00:00Z,156.06,158.91,155.30,156.69,224513907
2023-11-07T12:00:00Z,156.69,157.56,152.90,153.87,196630192
2023-11-07T16:00:00Z,153.87,155.53,152.95,153.89,256589262
2023-11-07T20:00:00Z,153.89,157.03,152.42,156.09,292601679
2023-11-08T00:00:00Z,156.09,161.89,155.27,160.95,282629575
2023-11-08T04:00:00Z,160.95,162.42,159.54,161.59,232495656
2023-11-08T08:00:00Z,161.59,163.57,160.17,160.84,230172587
2023-11-08T12:00:00Z,160.84,161.63,157.54,159.18,275841311
2023-11-08T16:00:00Z,159.18,162.41,158.26,161.37,281876953
2023-11-08T20:00:00Z,161.37,163.94,160.01,163.00,242763410
2023-11-09T00:00:00Z,163.00,166.75,162.05,165.25,180869793
2023-11-09T04:00:00Z,165.25,166.09,163.04,164.99,222112222
2023-11-09T08:00:00Z,164.99,167.45,164.26,165.10,271586975
2023-11-09T12:00:00Z,165.10,165.77,161.29,162.43,277998556
2023-11-09T16:00:00Z,162.43,163.91,160.61,161.28,241864087
2023-11-09T20:00:00Z,161.28,162.20,158.63,161.06,219256164
2023-11-10T00:00:00Z,161.06,165.42,160.09,164.35,273597011
2023-11-10T04:00:00Z,164.35,165.63,162.83,164.64,296345426
2023-11-10T08:00:00Z,164.64,166.33,161.96,162.88,272558951
2023-11-10T12:00:00Z,162.88,163.51,157.80,158.89,211103708
2023-11-10T16:00:00Z,158.89,160.82,158.21,159.32,217512850
2023-11-10T20:00:00Z,159.32,161.54,157.77,160.85,254127346
2023-11-11T00:00:00Z,160.85,164.53,159.91,163.04,260692664
2023-11-11T04:00:00Z,163.04,164.01,160.11,161.45,237146906
2023-11-11T08:00:00Z,161.45,163.03,159.45,160.41,201848533
2023-11-11T12:00:00Z,160.41,161.17,156.92,158.36,254314410
2023-11-11T16:00:00Z,158.36,160.51,157.72,158.47,293690509
2023-11-11T20:00:00Z,158.47,159.17,156.03,158.36,287512949
2023-11-12T00:00:00Z,158.36,162.23,157.51,161.37,239305108
2023-11-12T04:00:00Z,161.37,163.78,160.11,162.91,219605239
2023-11-12T08:00:00Z,162.91,165.55,161.93,163.41,267107577
2023-11-12T12:00:00Z,163.41,164.31,159.41,160.66,277365752
2023-11-12T16:00:00Z,160.66,162.74,159.91,161.32,242567347
2023-11-12T20:00:00Z,161.32,164.81,160.05,164.05,184054801
2023-11-13T00:00:00Z,164.05,169.58,163.29,168.64,221054270
2023-11-13T04:00:00Z,168.64,169.55,166.84,168.61,274174775
2023-11-13T08:00:00Z,168.61,170.38,166.68,167.60,285047058
2023-11-13T12:00:00Z,167.60,168.59,164.17,165.87,251807778
2023-11-13T16:00:00Z,165.87,168.94,164.97,167.53,216395033
2023-11-13T20:00:00Z,167.53,169.39,165.76,168.49,267285607
2023-11-14T00:00:00Z,168.49,172.19,167.87,170.77,293396401
2023-11-14T04:00:00Z,170.77,171.86,168.82,171.23,273460771
2023-11-14T08:00:00Z,171.23,174.05,170.27,171.86,214077476
2023-11-14T12:00:00Z,171.86,172.88,168.12,169.28,203939610
2023-11-14T16:00:00Z,169.28,170.72,167.42,168.43,246421674
2023-11-14T20:00:00Z,168.43,169.83,166.07,168.84,268228471
2023-11-15T00:00:00Z,168.84,173.46,168.10,172.25,248956200
2023-11-15T04:00:00Z,172.25,172.90,170.26,171.76,206331808
2023-11-15T08:00:00Z,171.76,173.19,168.38,169.03,250794552
2023-11-15T12:00:00Z,169.03,169.97,163.67,164.52,293162752
2023-11-15T16:00:00Z,164.52,166.16,163.50,164.43,290787262
2023-11-15T20:00:00Z,164.43,165.94,162.57,164.95,244869619
2023-11-16T00:00:00Z,164.95,167.97,164.09,166.18,212244427
2023-11-16T04:00:00Z,166.18,166.87,163.01,164.41,257114142
2023-11-16T08:00:00Z,164.41,166.21,162.90,163.58,271675259
2023-11-16T12:00:00Z,163.58,164.39,160.05,161.25,242385120
2023-11-16T16:00:00Z,161.25,163.04,159.85,160.66,193180178
2023-11-16T20:00:00Z,160.66,161.62,158.07,160.12,219328295
2023-11-17T00:00:00Z,160.12,164.04,159.19,162.86,275540359
2023-11-17T04:00:00Z,162.86,164.40,161.28,163.46,290654677
2023-11-17T08:00:00Z,163.46,165.55,161.54,162.35,260451794
2023-11-17T12:00:00Z,162.35,163.01,157.30,158.23,216681099
2023-11-17T16:00:00Z,158.23,159.88,157.41,158.15,259519357
2023-11-17T20:00:00Z,158.15,160.97,156.68,160.14,288862429
2023-11-18T00:00:00Z,160.14,164.94,159.17,163.71,273027899
2023-11-18T04:00:00Z,163.71,164.64,161.56,163.09,216291313
2023-11-18T08:00:00Z,163.09,164.93,161.42,162.34,189855224
2023-11-18T12:00:00Z,162.34,162.96,159.27,161.01,244976974
2023-11-18T16:00:00Z,161.01,163.91,160.32,162.47,274796966
2023-11-18T20:00:00Z,162.47,163.68,160.48,162.98,259760460
2023-11-19T00:00:00Z,162.98,166.45,162.02,165.19,214209237
2023-11-19T04:00:00Z,165.19,166.53,163.48,165.56,245999884
2023-11-19T08:00:00Z,165.56,167.95,164.41,165.40,290994948
2023-11-19T12:00:00Z,165.40,166.18,160.73,161.63,292431679
2023-11-19T16:00:00Z,161.63,162.76,159.38,160.14,249181666
2023-11-19T20:00:00Z,160.14,161.07,157.72,160.48,203962735
2023-11-20T00:00:00Z,160.48,164.72,159.61,163.67,246015462
2023-11-20T04:00:00Z,163.67,164.64,161.49,162.71,264945122
2023-11-20T08:00:00Z,162.71,164.02,159.06,160.01,247508436
2023-11-20T12:00:00Z,160.01,160.88,154.98,156.12,207134204
2023-11-20T16:00:00Z,156.12,158.08,155.39,156.33,216847618
2023-11-20T20:00:00Z,156.33,157.06,154.18,156.35,275590693
2023-11-21T00:00:00Z,156.35,158.99,155.62,156.90,294720209
2023-11-21T04:00:00Z,156.90,157.75,153.70,154.76,267700190
2023-11-21T08:00:00Z,154.76,156.21,152.45,153.29,215868099
2023-11-21T12:00:00Z,153.29,154.19,148.73,149.62,250380369
2023-11-21T16:00:00Z,149.62,150.63,146.75,147.62,282830355
2023-11-21T20:00:00Z,147.62,148.27,144.53,146.42,271341432
2023-11-22T00:00:00Z,146.42,150.09,145.88,148.95,217824977
2023-11-22T04:00:00Z,148.95,149.65,147.23,149.06,183632156
2023-11-22T08:00:00Z,149.06,150.72,146.68,147.39,245822712
2023-11-22T12:00:00Z,147.39,148.26,142.40,143.30,280249208
2023-11-22T16:00:00Z,143.30,145.00,142.45,143.63,269394536
2023-11-22T20:00:00Z,143.63,146.35,142.33,145.49,221117568
2023-11-23T00:00:00Z,145.49,149.65,144.86,148.26,239925016
2023-11-23T04:00:00Z,148.26,148.83,145.69,146.98,287192151
2023-11-23T08:00:00Z,146.98,148.61,145.41,145.97,292453992
2023-11-23T12:00:00Z,145.97,146.79,142.84,144.14,252258485
2023-11-23T16:00:00Z,144.14,146.31,143.28,144.67,199133334
2023-11-23T20:00:00Z,144.67,145.50,142.55,144.63,233983917
2023-11-24T00:00:00Z,144.63,148.30,143.87,147.22,258796752
2023-11-24T04:00:00Z,147.22,149.03,145.78,148.27,257431137
2023-11-24T08:00:00Z,148.27,150.85,147.68,148.45,220498688
2023-11-24T12:00:00Z,148.45,149.19,144.26,145.08,213539028
2023-11-24T16:00:00Z,145.08,146.51,143.83,144.56,274254067
2023-11-24T20:00:00Z,144.56,146.77,142.92,145.92,297168308
2023-11-25T00:00:00Z,145.92,150.54,145.08,149.34,273483566
2023-11-25T04:00:00Z,149.34,150.09,146.95,148.07,218215227
2023-11-25T08:00:00Z,148.07,149.12,144.65,145.37,239976735
2023-11-25T12:00:00Z,145.37,145.97,140.69,141.76,275411796
2023-11-25T16:00:00Z,141.76,143.68,141.03,141.87,268502284
2023-11-25T20:00:00Z,141.87,142.69,139.63,141.49,218972878
2023-11-26T00:00:00Z,141.49,143.88,140.64,142.22,184119788
2023-11-26T04:00:00Z,142.22,143.02,139.56,141.01,245840305
2023-11-26T08:00:00Z,141.01,142.93,139.60,140.39,284451397
2023-11-26T12:00:00Z,140.39,140.92,136.17,137.04,277712785
2023-11-26T16:00:00Z,137.04,138.11,134.92,135.43,231195323
2023-11-26T20:00:00Z,135.43,136.14,132.78,135.01,232589993
2023-11-27T00:00:00Z,135.01,138.96,134.21,138.01,281788165
2023-11-27T04:00:00Z,138.01,138.83,136.37,137.71,290890060
2023-11-27T08:00:00Z,137.71,138.98,134.56,135.37,254140750
2023-11-27T12:00:00Z,135.37,136.00,130.25,131.13,193635499
2023-11-27T16:00:00Z,131.13,132.91,130.65,131.57,221206288
2023-11-27T20:00:00Z,131.57,133.68,130.23,133.20,258816480
2023-11-28T00:00:00Z,133.20,136.88,132.47,135.75,266784410
2023-11-28T04:00:00Z,135.75,136.55,133.60,135.07,233079749
2023-11-28T08:00:00Z,135.07,137.05,134.27,135.30,213585841
2023-11-28T12:00:00Z,135.30,136.03,132.82,134.40,271482357
2023-11-28T16:00:00Z,134.40,136.88,133.77,135.41,297951151
2023-11-28T20:00:00Z,135.41,136.72,133.50,136.10,277759986
2023-11-29T00:00:00Z,136.10,140.49,135.47,139.76,219494949
2023-11-29T04:00:00Z,139.76,142.07,138.72,141.42,228440711
2023-11-29T08:00:00Z,141.42,143.90,140.57,141.50,266740663
2023-11-29T12:00:00Z,141.50,142.32,137.19,138.18,264628268
2023-11-29T16:00:00Z,138.18,139.84,137.43,138.41,225025177
2023-11-29T20:00:00Z,138.41,141.43,137.15,140.68,190211727
2023-11-30T00:00:00Z,140.68,145.71,140.15,144.69,244929332
2023-11-30T04:00:00Z,144.69,145.37,142.78,144.24,287288156
2023-11-30T08:00:00Z,144.24,145.86,142.46,143.15,284591996
2023-11-30T12:00:00Z,143.15,143.99,139.90,141.38,240093065
2023-11-30T16:00:00Z,141.38,144.07,140.54,142.68,224040731
2023-11-30T20:00:00Z,142.68,143.86,140.81,143.02,274845128
2023-12-01T00:00:00Z,143.02,146.13,142.41,144.70,287802692
2023-12-01T04:00:00Z,144.70,145.26,142.61,144.48,254890751
2023-12-01T08:00:00Z,144.48,146.71,143.59,144.15,191843390
2023-12-01T12:00:00Z,144.15,144.96,139.82,140.52,210690823
2023-12-01T16:00:00Z,140.52,141.59,138.22,139.01,262159438
2023-12-01T20:00:00Z,139.01,140.16,136.80,139.33,275096832
2023-12-02T00:00:00Z,139.33,143.91,138.61,142.98,244697676
2023-12-02T04:00:00Z,142.98,143.73,141.35,143.00,212678856
2023-12-02T08:00:00Z,143.00,144.47,140.73,141.30,267252803
2023-12-02T12:00:00Z,141.30,142.01,137.19,138.35,297049526
2023-12-02T16:00:00Z,138.35,140.90,137.55,139.91,280515287
2023-12-02T20:00:00Z,139.91,142.66,138.69,141.84,223983913
2023-12-03T00:00:00Z,141.84,145.75,141.02,144.42,215926363
2023-12-03T04:00:00Z,144.42,145.13,142.31,144.10,256970231
2023-12-03T08:00:00Z,144.10,146.53,143.52,144.64,260726190
2023-12-03T12:00:00Z,144.64,145.24,141.98,143.43,236607901
2023-12-03T16:00:00Z,143.43,145.69,142.68,143.97,195854170
2023-12-03T20:00:00Z,143.97,145.71,142.08,144.95,243003667
2023-12-04T00:00:00Z,144.95,150.40,144.07,149.52,288665445
2023-12-04T04:00:00Z,149.52,152.84,148.68,151.93,289933826
2023-12-04T08:00:00Z,151.93,154.80,151.19,152.57,247726525
2023-12-04T12:00:00Z,152.57,153.14,148.91,150.31,218589155
2023-12-04T16:00:00Z,150.31,153.07,149.65,152.05,266452506
2023-12-04T20:00:00Z,152.05,156.06,150.98,155.38,283279902
2023-12-05T00:00:00Z,155.38,160.65,154.46,159.65,254590072
2023-12-05T04:00:00Z,159.65,160.60,157.84,159.41,189631054
2023-12-05T08:00:00Z,159.41,161.31,157.97,158.91,206693865
2023-12-05T12:00:00Z,158.91,159.66,155.90,157.56,264575044
2023-12-05T16:00:00Z,157.56,160.26,156.98,158.70,282212554
2023-12-05T20:00:00Z,158.70,159.58,156.60,159.01,255190413
2023-12-06T00:00:00Z,159.01,162.51,158.15,161.47,215010264
2023-12-06T04:00:00Z,161.47,163.23,159.91,162.35,261569208
2023-12-06T08:00:00Z,162.35,164.85,161.38,162.67,294473307
2023-12-06T12:00:00Z,162.67,163.55,158.42,159.46,281762776
2023-12-06T16:00:00Z,159.46,160.95,157.91,158.77,227469837
2023-12-06T20:00:00Z,158.77,160.68,156.80,159.96,202606709
2023-12-07T00:00:00Z,159.96,164.73,159.21,163.67,246269791
2023-12-07T04:00:00Z,163.67,164.57,161.62,162.99,262112421
2023-12-07T08:00:00Z,162.99,164.38,159.84,160.73,248349053
2023-12-07T12:00:00Z,160.73,161.66,156.21,157.55,205147894
2023-12-07T16:00:00Z,157.55,159.98,156.70,158.57,239994384
2023-12-07T20:00:00Z,158.57,160.41,156.84,159.56,288513052
2023-12-08T00:00:00Z,159.56,163.09,158.97,161.62,293666704
2023-12-08T04:00:00Z,161.62,162.39,159.46,161.59,254037415
2023-12-08T08:00:00Z,161.59,164.34,160.68,162.49,212060996
2023-12-08T12:00:00Z,162.49,163.45,159.63,161.09,256725472
2023-12-08T16:00:00Z,161.09,163.10,160.14,161.38,277432686
2023-12-08T20:00:00Z,161.38,163.48,159.43,162.53,253336877
2023-12-09T00:00:00Z,162.53,168.00,161.83,167.14,195510882
2023-12-09T04:00:00Z,167.14,169.47,166.08,168.75,205033396
2023-12-09T08:00:00Z,168.75,171.15,167.57,168.23,265944494
2023-12-09T12:00:00Z,168.23,169.17,164.08,165.29,287993363
2023-12-09T16:00:00Z,165.29,167.96,164.30,166.77,264416647
2023-12-09T20:00:00Z,166.77,170.58,165.56,169.57,216283610
2023-12-10T00:00:00Z,169.57,174.45,168.69,173.18,254462573
2023-12-10T04:00:00Z,173.18,173.89,171.05,172.97,290261290
2023-12-10T08:00:00Z,172.97,175.34,172.27,173.18,281542312
2023-12-10T12:00:00Z,173.18,174.05,170.39,172.28,230001261
2023-12-10T16:00:00Z,172.28,174.97,171.28,173.26,192910744
2023-12-10T20:00:00Z,173.26,174.44,171.12,173.44,236515851
2023-12-11T00:00:00Z,173.44,177.36,172.44,176.04,268076979
2023-12-11T04:00:00Z,176.04,177.66,174.32,176.65,259200060
2023-12-11T08:00:00Z,176.65,178.99,174.99,175.86,213694890
2023-12-11T12:00:00Z,175.86,176.59,170.61,171.42,235852278
2023-12-11T16:00:00Z,171.42,172.62,169.39,170.11,286786576
2023-12-11T20:00:00Z,170.11,171.78,167.94,170.89,295747167
2023-12-12T00:00:00Z,170.89,175.23,169.86,173.79,258993910
2023-12-12T04:00:00Z,173.79,174.77,171.01,172.29,208786395
2023-12-12T08:00:00Z,172.29,173.44,168.93,169.89,245802742
2023-12-12T12:00:00Z,169.89,170.52,165.45,166.86,270392281
2023-12-12T16:00:00Z,166.86,169.16,166.13,167.41,251559162
2023-12-12T20:00:00Z,167.41,168.30,165.12,167.30,208014612
2023-12-13T00:00:00Z,167.30,170.07,166.31,168.37,202834942
2023-12-13T04:00:00Z,168.37,169.37,165.86,167.54,266163704
2023-12-13T08:00:00Z,167.54,169.65,166.07,167.06,292321818
2023-12-13T12:00:00Z,167.06,167.84,162.68,163.69,272258440
2023-12-13T16:00:00Z,163.69,164.96,161.57,162.32,220706888
2023-12-13T20:00:00Z,162.32,163.16,159.81,162.58,245991109
2023-12-14T00:00:00Z,162.58,167.21,161.69,166.43,284480429
2023-12-14T04:00:00Z,166.43,167.91,165.01,167.00,279918829
2023-12-14T08:00:00Z,167.00,168.73,164.69,165.68,231645098
2023-12-14T12:00:00Z,165.68,166.57,161.29,162.67,182768357
2023-12-14T16:00:00Z,162.67,165.41,161.93,164.14,233091728
2023-12-14T20:00:00Z,164.14,166.95,162.88,166.20,273278297
2023-12-15T00:00:00Z,166.20,170.14,165.41,168.69,268985421
2023-12-15T04:00:00Z,168.69,169.62,166.16,167.70,225593464
2023-12-15T08:00:00Z,167.70,169.69,166.35,167.28,230549963
2023-12-15T12:00:00Z,167.28,168.26,163.80,165.22,283468861
2023-12-15T16:00:00Z,165.22,167.09,163.81,164.78,296160574
2023-12-15T20:00:00Z,164.78,165.49,162.01,164.18,262590565
2023-12-16T00:00:00Z,164.18,167.97,163.56,166.74,204606466
2023-12-16T04:00:00Z,166.74,167.86,165.04,167.23,233843889
2023-12-16T08:00:00Z,167.23,169.27,165.17,165.98,262307039
2023-12-16T12:00:00Z,165.98,166.96,160.50,161.41,254566874
2023-12-16T16:00:00Z,161.41,162.59,159.48,160.44,221480004
2023-12-16T20:00:00Z,160.44,162.13,158.41,161.19,204254574
2023-12-17T00:00:00Z,161.19,164.87,160.50,163.17,265146374
2023-12-17T04:00:00Z,163.17,163.81,159.59,160.52,295103955
2023-12-17T08:00:00Z,160.52,161.55,156.70,157.32,278623343
2023-12-17T12:00:00Z,157.32,158.21,152.54,153.47,224001613
2023-12-17T16:00:00Z,153.47,154.93,151.75,152.63,236239661
2023-12-17T20:00:00Z,152.63,153.50,149.59,151.12,277224447
2023-12-18T00:00:00Z,151.12,153.41,150.35,151.59,276980312
2023-12-18T04:00:00Z,151.59,152.20,149.05,150.66,232484062
2023-12-18T08:00:00Z,150.66,152.60,149.15,149.76,179635146
2023-12-18T12:00:00Z,149.76,150.51,145.05,145.66,232946935
2023-12-18T16:00:00Z,145.66,146.65,143.22,143.95,277388375
2023-12-18T20:00:00Z,143.95,144.99,141.68,144.15,277545917
2023-12-19T00:00:00Z,144.15,148.49,143.32,147.35,236449498
2023-12-19T04:00:00Z,147.35,148.08,145.30,146.54,224083473
2023-12-19T08:00:00Z,146.54,147.67,143.27,143.98,278570851
2023-12-19T12:00:00Z,143.98,144.58,139.23,140.30,294921198
2023-12-19T16:00:00Z,140.30,142.40,139.56,141.06,264847592
2023-12-19T20:00:00Z,141.06,142.84,139.50,142.09,203863033
2023-12-20T00:00:00Z,142.09,145.41,141.23,143.96,221026201
2023-12-20T04:00:00Z,143.96,144.76,141.72,143.30,254327486
2023-12-20T08:00:00Z,143.30,145.57,142.61,143.52,262777227
2023-12-20T12:00:00Z,143.52,144.05,140.36,141.64,234266924
2023-12-20T16:00:00Z,141.64,143.42,140.71,141.23,204949401
2023-12-20T20:00:00Z,141.23,141.98,138.79,141.12,262826688
2023-12-21T00:00:00Z,141.12,145.15,140.27,144.22,296271494
2023-12-21T04:00:00Z,144.22,145.35,142.84,144.50,283445939
2023-12-21T08:00:00Z,144.50,145.99,141.71,142.56,230394984
2023-12-21T12:00:00Z,142.56,143.22,136.96,137.72,225318499
2023-12-21T16:00:00Z,137.72,138.95,136.37,137.00,268611886
2023-12-21T20:00:00Z,137.00,138.31,135.17,137.82,272835285
2023-12-22T00:00:00Z,137.82,141.09,137.07,139.64,232613748
2023-12-22T04:00:00Z,139.64,140.46,136.43,137.35,183244076
2023-12-22T08:00:00Z,137.35,138.47,134.44,135.24,232081505
2023-12-22T12:00:00Z,135.24,135.97,131.22,132.33,280281931
2023-12-22T16:00:00Z,132.33,134.00,131.04,131.75,284741944
2023-12-22T20:00:00Z,131.75,132.22,128.90,130.36,246130668
2023-12-23T00:00:00Z,130.36,132.76,129.74,131.26,220713622
2023-12-23T04:00:00Z,131.26,131.98,129.03,130.51,272131823
2023-12-23T08:00:00Z,130.51,132.05,128.27,128.99,292071715
2023-12-23T12:00:00Z,128.99,129.74,123.32,124.06,265809592
2023-12-23T16:00:00Z,124.06,124.75,121.45,122.17,202404402
2023-12-23T20:00:00Z,122.17,123.27,120.00,122.62,207541181
2023-12-24T00:00:00Z,122.62,126.85,122.15,125.82,251797068
2023-12-24T04:00:00Z,125.82,126.43,123.84,124.96,270840401
2023-12-24T08:00:00Z,124.96,126.14,122.44,123.04,246184632
2023-12-24T12:00:00Z,123.04,123.77,119.28,120.53,209072308
2023-12-24T16:00:00Z,120.53,123.17,119.82,122.05,259161579
2023-12-24T20:00:00Z,122.05,123.93,120.69,123.21,295783532
2023-12-25T00:00:00Z,123.21,126.58,122.69,125.33,286688803
2023-12-25T04:00:00Z,125.33,125.82,123.42,125.27,235627983
2023-12-25T08:00:00Z,125.27,127.69,124.65,125.78,213361543
2023-12-25T12:00:00Z,125.78,126.49,122.66,123.62,258783627
2023-12-25T16:00:00Z,123.62,125.08,122.47,123.18,267609893
2023-12-25T20:00:00Z,123.18,124.63,121.27,123.89,236608080
2023-12-26T00:00:00Z,123.89,128.88,123.25,128.15,193368880
2023-12-26T04:00:00Z,128.15,129.95,127.14,129.30,230400491
2023-12-26T08:00:00Z,129.30,131.18,127.82,128.33,281851540
2023-12-26T12:00:00Z,128.33,128.98,124.18,125.14,290456433
2023-12-26T16:00:00Z,125.14,127.25,124.41,126.24,254528429
2023-12-26T20:00:00Z,126.24,128.89,125.06,128.15,216215051
2023-12-27T00:00:00Z,128.15,131.86,127.41,130.47,264219012
2023-12-27T04:00:00Z,130.47,131.10,127.75,128.89,287682046
2023-12-27T08:00:00Z,128.89,130.33,127.07,127.69,265543743
2023-12-27T12:00:00Z,127.69,128.23,124.12,125.19,204574427
2023-12-27T16:00:00Z,125.19,126.80,124.03,124.57,195511827
2023-12-27T20:00:00Z,124.57,125.29,121.94,123.60,253803288
2023-12-28T00:00:00Z,123.60,126.77,122.86,125.68,277847742
2023-12-28T04:00:00Z,125.68,126.85,124.20,126.10,257056842
2023-12-28T08:00:00Z,126.10,128.08,124.59,125.29,212282871
2023-12-28T12:00:00Z,125.29,125.74,120.50,121.20,254132513
2023-12-28T16:00:00Z,121.20,122.41,120.18,120.63,293627619
2023-12-28T20:00:00Z,120.63,122.70,119.10,122.15,288342827
2023-12-29T00:00:00Z,122.15,126.53,121.42,125.54,239706278
2023-12-29T04:00:00Z,125.54,126.28,123.36,124.48,204764347
2023-12-29T08:00:00Z,124.48,125.62,122.02,122.75,247899939
2023-12-29T12:00:00Z,122.75,123.31,119.24,120.58,261874248
2023-12-29T16:00:00Z,120.58,123.16,120.15,121.97,246742711
2023-12-29T20:00:00Z,121.97,123.35,120.43,122.92,203036017
2023-12-30T00:00:00Z,122.92,126.44,122.24,125.59,227822094
2023-12-30T04:00:00Z,125.59,127.48,124.31,126.78,282010543
2023-12-30T08:00:00Z,126.78,129.83,126.02,128.33,294597287
2023-12-30T12:00:00Z,128.33,129.02,125.58,126.84,261559746
2023-12-30T16:00:00Z,126.84,128.84,126.27,127.36,214868095
2023-12-30T20:00:00Z,127.36,129.99,125.99,129.41,254926609
2023-12-31T00:00:00Z,129.41,135.05,128.79,134.55,281847665
2023-12-31T04:00:00Z,134.55,136.44,133.63,135.79,264137490
2023-12-31T08:00:00Z,135.79,137.62,134.13,134.88,206217727
2023-12-31T12:00:00Z,134.88,135.67,130.99,132.31,190108692
2023-12-31T16:00:00Z,132.31,135.10,131.60,134.09,255032004
2023-12-31T20:00:00Z,134.09,136.99,133.08,136.27,283651708
